Distance/um, Current/A

-149.955, -3.198e-9
-149.905, -3.199e-9
-149.855, -3.199e-9
-149.805, -3.199e-9
-149.755, -3.199e-9
-149.705, -3.199e-9
-149.655, -3.198e-9
-149.605, -3.198e-9
-149.555, -3.198e-9
-149.505, -3.197e-9
-149.455, -3.197e-9
-149.405, -3.196e-9
-149.355, -3.196e-9
-149.305, -3.196e-9
-149.255, -3.196e-9
-149.205, -3.196e-9
-149.155, -3.196e-9
-149.105, -3.196e-9
-149.055, -3.196e-9
-149.005, -3.196e-9
-148.955, -3.196e-9
-148.905, -3.196e-9
-148.855, -3.196e-9
-148.805, -3.195e-9
-148.755, -3.195e-9
-148.705, -3.195e-9
-148.655, -3.195e-9
-148.605, -3.195e-9
-148.555, -3.195e-9
-148.505, -3.195e-9
-148.455, -3.195e-9
-148.405, -3.195e-9
-148.355, -3.195e-9
-148.305, -3.195e-9
-148.255, -3.195e-9
-148.205, -3.195e-9
-148.155, -3.195e-9
-148.105, -3.194e-9
-148.055, -3.194e-9
-148.005, -3.194e-9
-147.955, -3.194e-9
-147.905, -3.194e-9
-147.855, -3.193e-9
-147.805, -3.193e-9
-147.755, -3.193e-9
-147.705, -3.193e-9
-147.655, -3.192e-9
-147.605, -3.193e-9
-147.555, -3.192e-9
-147.505, -3.193e-9
-147.455, -3.193e-9
-147.405, -3.192e-9
-147.355, -3.192e-9
-147.305, -3.192e-9
-147.255, -3.191e-9
-147.205, -3.191e-9
-147.155, -3.191e-9
-147.105, -3.191e-9
-147.055, -3.191e-9
-147.005, -3.190e-9
-146.955, -3.191e-9
-146.905, -3.191e-9
-146.855, -3.190e-9
-146.805, -3.190e-9
-146.755, -3.190e-9
-146.705, -3.189e-9
-146.655, -3.189e-9
-146.605, -3.189e-9
-146.555, -3.189e-9
-146.505, -3.189e-9
-146.455, -3.189e-9
-146.405, -3.189e-9
-146.355, -3.189e-9
-146.305, -3.188e-9
-146.255, -3.188e-9
-146.205, -3.188e-9
-146.155, -3.188e-9
-146.105, -3.188e-9
-146.055, -3.188e-9
-146.005, -3.188e-9
-145.955, -3.188e-9
-145.905, -3.188e-9
-145.855, -3.188e-9
-145.805, -3.187e-9
-145.755, -3.187e-9
-145.705, -3.187e-9
-145.655, -3.187e-9
-145.605, -3.187e-9
-145.555, -3.187e-9
-145.505, -3.187e-9
-145.455, -3.187e-9
-145.405, -3.187e-9
-145.355, -3.186e-9
-145.305, -3.186e-9
-145.255, -3.186e-9
-145.205, -3.186e-9
-145.155, -3.186e-9
-145.105, -3.186e-9
-145.055, -3.186e-9
-145.005, -3.185e-9
-144.955, -3.185e-9
-144.905, -3.186e-9
-144.855, -3.186e-9
-144.805, -3.185e-9
-144.755, -3.185e-9
-144.705, -3.185e-9
-144.655, -3.185e-9
-144.605, -3.185e-9
-144.555, -3.184e-9
-144.505, -3.184e-9
-144.455, -3.184e-9
-144.405, -3.184e-9
-144.355, -3.184e-9
-144.305, -3.184e-9
-144.255, -3.184e-9
-144.205, -3.184e-9
-144.155, -3.183e-9
-144.105, -3.183e-9
-144.055, -3.183e-9
-144.005, -3.183e-9
-143.955, -3.183e-9
-143.905, -3.183e-9
-143.855, -3.183e-9
-143.805, -3.183e-9
-143.755, -3.183e-9
-143.705, -3.182e-9
-143.655, -3.182e-9
-143.605, -3.183e-9
-143.555, -3.183e-9
-143.505, -3.183e-9
-143.455, -3.182e-9
-143.405, -3.182e-9
-143.355, -3.182e-9
-143.305, -3.182e-9
-143.255, -3.182e-9
-143.205, -3.182e-9
-143.155, -3.182e-9
-143.105, -3.182e-9
-143.055, -3.182e-9
-143.005, -3.182e-9
-142.955, -3.181e-9
-142.905, -3.181e-9
-142.855, -3.180e-9
-142.805, -3.180e-9
-142.755, -3.181e-9
-142.705, -3.180e-9
-142.655, -3.181e-9
-142.605, -3.181e-9
-142.555, -3.181e-9
-142.505, -3.180e-9
-142.455, -3.180e-9
-142.405, -3.180e-9
-142.355, -3.180e-9
-142.305, -3.180e-9
-142.255, -3.180e-9
-142.205, -3.180e-9
-142.155, -3.178e-9
-142.105, -3.179e-9
-142.055, -3.179e-9
-142.005, -3.179e-9
-141.955, -3.179e-9
-141.905, -3.179e-9
-141.855, -3.179e-9
-141.805, -3.179e-9
-141.755, -3.179e-9
-141.704, -3.179e-9
-141.654, -3.178e-9
-141.604, -3.178e-9
-141.554, -3.178e-9
-141.504, -3.178e-9
-141.454, -3.178e-9
-141.404, -3.178e-9
-141.354, -3.178e-9
-141.304, -3.178e-9
-141.254, -3.178e-9
-141.204, -3.177e-9
-141.154, -3.178e-9
-141.104, -3.178e-9
-141.054, -3.178e-9
-141.004, -3.178e-9
-140.954, -3.177e-9
-140.904, -3.177e-9
-140.854, -3.177e-9
-140.804, -3.177e-9
-140.754, -3.177e-9
-140.704, -3.177e-9
-140.654, -3.177e-9
-140.604, -3.177e-9
-140.554, -3.176e-9
-140.504, -3.176e-9
-140.454, -3.176e-9
-140.404, -3.176e-9
-140.354, -3.176e-9
-140.304, -3.177e-9
-140.254, -3.176e-9
-140.204, -3.176e-9
-140.154, -3.176e-9
-140.104, -3.175e-9
-140.054, -3.175e-9
-140.004, -3.175e-9
-139.954, -3.175e-9
-139.904, -3.175e-9
-139.854, -3.175e-9
-139.804, -3.175e-9
-139.754, -3.175e-9
-139.704, -3.175e-9
-139.654, -3.175e-9
-139.604, -3.175e-9
-139.554, -3.175e-9
-139.504, -3.174e-9
-139.454, -3.175e-9
-139.404, -3.174e-9
-139.354, -3.174e-9
-139.304, -3.174e-9
-139.254, -3.174e-9
-139.204, -3.174e-9
-139.154, -3.174e-9
-139.104, -3.174e-9
-139.054, -3.174e-9
-139.004, -3.174e-9
-138.954, -3.174e-9
-138.904, -3.174e-9
-138.854, -3.174e-9
-138.804, -3.173e-9
-138.754, -3.172e-9
-138.704, -3.172e-9
-138.654, -3.172e-9
-138.604, -3.173e-9
-138.554, -3.172e-9
-138.504, -3.172e-9
-138.454, -3.173e-9
-138.404, -3.173e-9
-138.354, -3.173e-9
-138.304, -3.173e-9
-138.254, -3.173e-9
-138.204, -3.173e-9
-138.154, -3.172e-9
-138.104, -3.172e-9
-138.054, -3.172e-9
-138.004, -3.172e-9
-137.954, -3.172e-9
-137.904, -3.172e-9
-137.854, -3.172e-9
-137.804, -3.172e-9
-137.754, -3.171e-9
-137.704, -3.171e-9
-137.654, -3.171e-9
-137.604, -3.171e-9
-137.554, -3.172e-9
-137.504, -3.172e-9
-137.454, -3.172e-9
-137.404, -3.172e-9
-137.354, -3.170e-9
-137.304, -3.171e-9
-137.254, -3.171e-9
-137.204, -3.171e-9
-137.154, -3.171e-9
-137.104, -3.171e-9
-137.054, -3.170e-9
-137.004, -3.170e-9
-136.954, -3.170e-9
-136.904, -3.170e-9
-136.854, -3.170e-9
-136.804, -3.170e-9
-136.754, -3.170e-9
-136.704, -3.170e-9
-136.654, -3.170e-9
-136.604, -3.170e-9
-136.554, -3.169e-9
-136.504, -3.169e-9
-136.454, -3.170e-9
-136.404, -3.169e-9
-136.354, -3.169e-9
-136.304, -3.169e-9
-136.254, -3.169e-9
-136.204, -3.169e-9
-136.154, -3.169e-9
-136.104, -3.169e-9
-136.054, -3.169e-9
-136.004, -3.169e-9
-135.954, -3.168e-9
-135.904, -3.169e-9
-135.854, -3.168e-9
-135.804, -3.168e-9
-135.754, -3.168e-9
-135.704, -3.169e-9
-135.654, -3.169e-9
-135.604, -3.169e-9
-135.554, -3.168e-9
-135.504, -3.169e-9
-135.454, -3.168e-9
-135.404, -3.168e-9
-135.354, -3.168e-9
-135.304, -3.168e-9
-135.254, -3.168e-9
-135.204, -3.168e-9
-135.154, -3.167e-9
-135.104, -3.167e-9
-135.054, -3.167e-9
-135.004, -3.167e-9
-134.954, -3.167e-9
-134.904, -3.168e-9
-134.854, -3.168e-9
-134.804, -3.168e-9
-134.754, -3.168e-9
-134.704, -3.167e-9
-134.654, -3.167e-9
-134.604, -3.167e-9
-134.554, -3.167e-9
-134.504, -3.167e-9
-134.454, -3.167e-9
-134.404, -3.166e-9
-134.354, -3.167e-9
-134.304, -3.167e-9
-134.254, -3.167e-9
-134.204, -3.166e-9
-134.154, -3.167e-9
-134.104, -3.166e-9
-134.054, -3.166e-9
-134.004, -3.167e-9
-133.954, -3.167e-9
-133.904, -3.167e-9
-133.854, -3.166e-9
-133.804, -3.166e-9
-133.754, -3.165e-9
-133.704, -3.166e-9
-133.654, -3.166e-9
-133.604, -3.166e-9
-133.554, -3.165e-9
-133.504, -3.166e-9
-133.454, -3.166e-9
-133.404, -3.165e-9
-133.354, -3.164e-9
-133.304, -3.164e-9
-133.254, -3.165e-9
-133.204, -3.166e-9
-133.154, -3.165e-9
-133.104, -3.165e-9
-133.054, -3.165e-9
-133.004, -3.164e-9
-132.954, -3.165e-9
-132.904, -3.165e-9
-132.854, -3.165e-9
-132.804, -3.165e-9
-132.754, -3.165e-9
-132.704, -3.164e-9
-132.654, -3.164e-9
-132.604, -3.164e-9
-132.554, -3.165e-9
-132.504, -3.164e-9
-132.454, -3.164e-9
-132.404, -3.164e-9
-132.354, -3.164e-9
-132.304, -3.164e-9
-132.254, -3.164e-9
-132.204, -3.164e-9
-132.154, -3.164e-9
-132.104, -3.164e-9
-132.054, -3.164e-9
-132.004, -3.163e-9
-131.954, -3.163e-9
-131.904, -3.163e-9
-131.854, -3.164e-9
-131.804, -3.164e-9
-131.754, -3.163e-9
-131.704, -3.163e-9
-131.654, -3.163e-9
-131.604, -3.163e-9
-131.554, -3.163e-9
-131.504, -3.163e-9
-131.454, -3.163e-9
-131.404, -3.163e-9
-131.354, -3.163e-9
-131.304, -3.163e-9
-131.254, -3.164e-9
-131.204, -3.163e-9
-131.154, -3.163e-9
-131.104, -3.163e-9
-131.054, -3.163e-9
-131.004, -3.163e-9
-130.954, -3.162e-9
-130.904, -3.162e-9
-130.854, -3.162e-9
-130.804, -3.162e-9
-130.754, -3.162e-9
-130.704, -3.162e-9
-130.654, -3.162e-9
-130.604, -3.162e-9
-130.554, -3.162e-9
-130.504, -3.162e-9
-130.454, -3.162e-9
-130.404, -3.162e-9
-130.354, -3.162e-9
-130.304, -3.161e-9
-130.254, -3.162e-9
-130.204, -3.162e-9
-130.154, -3.162e-9
-130.104, -3.161e-9
-130.054, -3.161e-9
-130.004, -3.161e-9
-129.954, -3.161e-9
-129.904, -3.162e-9
-129.854, -3.161e-9
-129.804, -3.162e-9
-129.754, -3.161e-9
-129.704, -3.161e-9
-129.654, -3.161e-9
-129.604, -3.161e-9
-129.554, -3.161e-9
-129.504, -3.161e-9
-129.454, -3.161e-9
-129.404, -3.160e-9
-129.354, -3.160e-9
-129.304, -3.160e-9
-129.254, -3.161e-9
-129.204, -3.161e-9
-129.154, -3.160e-9
-129.104, -3.161e-9
-129.054, -3.160e-9
-129.004, -3.160e-9
-128.954, -3.160e-9
-128.904, -3.161e-9
-128.854, -3.161e-9
-128.804, -3.160e-9
-128.754, -3.160e-9
-128.704, -3.160e-9
-128.654, -3.160e-9
-128.604, -3.160e-9
-128.554, -3.160e-9
-128.504, -3.160e-9
-128.454, -3.160e-9
-128.404, -3.160e-9
-128.354, -3.160e-9
-128.304, -3.159e-9
-128.254, -3.160e-9
-128.204, -3.159e-9
-128.154, -3.160e-9
-128.104, -3.160e-9
-128.054, -3.160e-9
-128.004, -3.159e-9
-127.954, -3.159e-9
-127.904, -3.159e-9
-127.854, -3.159e-9
-127.804, -3.159e-9
-127.754, -3.159e-9
-127.704, -3.159e-9
-127.654, -3.159e-9
-127.604, -3.159e-9
-127.554, -3.159e-9
-127.504, -3.159e-9
-127.454, -3.159e-9
-127.404, -3.159e-9
-127.354, -3.159e-9
-127.304, -3.159e-9
-127.254, -3.159e-9
-127.204, -3.159e-9
-127.154, -3.159e-9
-127.104, -3.159e-9
-127.054, -3.159e-9
-127.004, -3.159e-9
-126.954, -3.158e-9
-126.904, -3.159e-9
-126.854, -3.158e-9
-126.804, -3.158e-9
-126.754, -3.158e-9
-126.704, -3.158e-9
-126.654, -3.159e-9
-126.604, -3.159e-9
-126.554, -3.158e-9
-126.504, -3.158e-9
-126.454, -3.158e-9
-126.404, -3.158e-9
-126.354, -3.158e-9
-126.304, -3.158e-9
-126.254, -3.158e-9
-126.204, -3.158e-9
-126.154, -3.157e-9
-126.104, -3.157e-9
-126.054, -3.157e-9
-126.004, -3.157e-9
-125.954, -3.157e-9
-125.904, -3.157e-9
-125.854, -3.157e-9
-125.804, -3.157e-9
-125.754, -3.157e-9
-125.704, -3.157e-9
-125.654, -3.157e-9
-125.604, -3.157e-9
-125.554, -3.157e-9
-125.504, -3.157e-9
-125.454, -3.157e-9
-125.404, -3.157e-9
-125.354, -3.157e-9
-125.303, -3.157e-9
-125.253, -3.157e-9
-125.203, -3.157e-9
-125.153, -3.157e-9
-125.103, -3.156e-9
-125.053, -3.156e-9
-125.003, -3.157e-9
-124.953, -3.156e-9
-124.903, -3.156e-9
-124.853, -3.156e-9
-124.803, -3.157e-9
-124.753, -3.157e-9
-124.703, -3.157e-9
-124.653, -3.156e-9
-124.603, -3.156e-9
-124.553, -3.156e-9
-124.503, -3.156e-9
-124.453, -3.156e-9
-124.403, -3.157e-9
-124.353, -3.156e-9
-124.303, -3.156e-9
-124.253, -3.156e-9
-124.203, -3.156e-9
-124.153, -3.155e-9
-124.103, -3.156e-9
-124.053, -3.156e-9
-124.003, -3.155e-9
-123.953, -3.155e-9
-123.903, -3.155e-9
-123.853, -3.156e-9
-123.803, -3.155e-9
-123.753, -3.156e-9
-123.703, -3.156e-9
-123.653, -3.155e-9
-123.603, -3.155e-9
-123.553, -3.155e-9
-123.503, -3.156e-9
-123.453, -3.155e-9
-123.403, -3.155e-9
-123.353, -3.155e-9
-123.303, -3.155e-9
-123.253, -3.155e-9
-123.203, -3.155e-9
-123.153, -3.155e-9
-123.103, -3.155e-9
-123.053, -3.155e-9
-123.003, -3.155e-9
-122.953, -3.155e-9
-122.903, -3.155e-9
-122.853, -3.154e-9
-122.803, -3.154e-9
-122.753, -3.154e-9
-122.703, -3.154e-9
-122.653, -3.154e-9
-122.603, -3.154e-9
-122.553, -3.155e-9
-122.503, -3.154e-9
-122.453, -3.154e-9
-122.403, -3.154e-9
-122.353, -3.154e-9
-122.303, -3.154e-9
-122.253, -3.154e-9
-122.203, -3.154e-9
-122.153, -3.154e-9
-122.103, -3.154e-9
-122.053, -3.154e-9
-122.003, -3.154e-9
-121.953, -3.154e-9
-121.903, -3.153e-9
-121.853, -3.154e-9
-121.803, -3.153e-9
-121.753, -3.153e-9
-121.703, -3.154e-9
-121.653, -3.154e-9
-121.603, -3.154e-9
-121.553, -3.153e-9
-121.503, -3.153e-9
-121.453, -3.154e-9
-121.403, -3.153e-9
-121.353, -3.153e-9
-121.303, -3.153e-9
-121.253, -3.153e-9
-121.203, -3.154e-9
-121.153, -3.154e-9
-121.103, -3.153e-9
-121.053, -3.153e-9
-121.003, -3.153e-9
-120.953, -3.154e-9
-120.903, -3.153e-9
-120.853, -3.154e-9
-120.803, -3.153e-9
-120.753, -3.153e-9
-120.703, -3.153e-9
-120.653, -3.153e-9
-120.603, -3.153e-9
-120.553, -3.152e-9
-120.503, -3.153e-9
-120.453, -3.153e-9
-120.403, -3.153e-9
-120.353, -3.153e-9
-120.303, -3.153e-9
-120.253, -3.153e-9
-120.203, -3.153e-9
-120.153, -3.152e-9
-120.103, -3.152e-9
-120.053, -3.152e-9
-120.003, -3.152e-9
-119.953, -3.152e-9
-119.903, -3.152e-9
-119.853, -3.153e-9
-119.803, -3.152e-9
-119.753, -3.152e-9
-119.703, -3.152e-9
-119.653, -3.152e-9
-119.603, -3.152e-9
-119.553, -3.152e-9
-119.503, -3.152e-9
-119.453, -3.152e-9
-119.403, -3.152e-9
-119.353, -3.152e-9
-119.303, -3.152e-9
-119.253, -3.151e-9
-119.203, -3.152e-9
-119.153, -3.152e-9
-119.103, -3.152e-9
-119.053, -3.152e-9
-119.003, -3.152e-9
-118.953, -3.152e-9
-118.903, -3.152e-9
-118.853, -3.151e-9
-118.803, -3.151e-9
-118.753, -3.151e-9
-118.703, -3.152e-9
-118.653, -3.151e-9
-118.603, -3.151e-9
-118.553, -3.151e-9
-118.503, -3.151e-9
-118.453, -3.151e-9
-118.403, -3.151e-9
-118.353, -3.151e-9
-118.303, -3.151e-9
-118.253, -3.151e-9
-118.203, -3.151e-9
-118.153, -3.151e-9
-118.103, -3.151e-9
-118.053, -3.151e-9
-118.003, -3.151e-9
-117.953, -3.151e-9
-117.903, -3.150e-9
-117.853, -3.150e-9
-117.803, -3.151e-9
-117.753, -3.150e-9
-117.703, -3.150e-9
-117.653, -3.150e-9
-117.603, -3.151e-9
-117.553, -3.150e-9
-117.503, -3.150e-9
-117.453, -3.150e-9
-117.403, -3.150e-9
-117.353, -3.150e-9
-117.303, -3.151e-9
-117.253, -3.150e-9
-117.203, -3.150e-9
-117.153, -3.150e-9
-117.103, -3.150e-9
-117.053, -3.150e-9
-117.003, -3.151e-9
-116.953, -3.150e-9
-116.903, -3.150e-9
-116.853, -3.150e-9
-116.803, -3.150e-9
-116.753, -3.150e-9
-116.703, -3.150e-9
-116.653, -3.150e-9
-116.603, -3.150e-9
-116.553, -3.150e-9
-116.503, -3.150e-9
-116.453, -3.150e-9
-116.403, -3.150e-9
-116.353, -3.150e-9
-116.303, -3.150e-9
-116.253, -3.149e-9
-116.203, -3.150e-9
-116.153, -3.150e-9
-116.103, -3.149e-9
-116.053, -3.149e-9
-116.003, -3.149e-9
-115.953, -3.150e-9
-115.903, -3.149e-9
-115.853, -3.149e-9
-115.803, -3.149e-9
-115.753, -3.149e-9
-115.703, -3.149e-9
-115.653, -3.149e-9
-115.603, -3.149e-9
-115.553, -3.149e-9
-115.503, -3.149e-9
-115.453, -3.149e-9
-115.403, -3.149e-9
-115.353, -3.149e-9
-115.303, -3.149e-9
-115.253, -3.149e-9
-115.203, -3.149e-9
-115.153, -3.149e-9
-115.103, -3.148e-9
-115.053, -3.149e-9
-115.003, -3.149e-9
-114.953, -3.149e-9
-114.903, -3.149e-9
-114.853, -3.149e-9
-114.803, -3.149e-9
-114.753, -3.149e-9
-114.703, -3.149e-9
-114.653, -3.148e-9
-114.603, -3.148e-9
-114.553, -3.149e-9
-114.503, -3.148e-9
-114.453, -3.149e-9
-114.403, -3.148e-9
-114.353, -3.148e-9
-114.303, -3.149e-9
-114.253, -3.149e-9
-114.203, -3.148e-9
-114.153, -3.148e-9
-114.103, -3.148e-9
-114.053, -3.148e-9
-114.003, -3.148e-9
-113.953, -3.148e-9
-113.903, -3.148e-9
-113.853, -3.148e-9
-113.803, -3.148e-9
-113.753, -3.148e-9
-113.703, -3.148e-9
-113.653, -3.148e-9
-113.603, -3.149e-9
-113.553, -3.148e-9
-113.503, -3.148e-9
-113.453, -3.148e-9
-113.403, -3.148e-9
-113.353, -3.147e-9
-113.303, -3.147e-9
-113.253, -3.148e-9
-113.203, -3.147e-9
-113.153, -3.147e-9
-113.103, -3.148e-9
-113.053, -3.148e-9
-113.003, -3.148e-9
-112.953, -3.148e-9
-112.903, -3.148e-9
-112.853, -3.148e-9
-112.803, -3.148e-9
-112.753, -3.147e-9
-112.703, -3.148e-9
-112.653, -3.147e-9
-112.603, -3.147e-9
-112.553, -3.148e-9
-112.503, -3.148e-9
-112.453, -3.147e-9
-112.403, -3.147e-9
-112.353, -3.148e-9
-112.303, -3.148e-9
-112.253, -3.147e-9
-112.203, -3.147e-9
-112.153, -3.148e-9
-112.103, -3.147e-9
-112.053, -3.147e-9
-112.003, -3.147e-9
-111.953, -3.147e-9
-111.903, -3.147e-9
-111.853, -3.147e-9
-111.803, -3.147e-9
-111.753, -3.147e-9
-111.703, -3.147e-9
-111.653, -3.147e-9
-111.603, -3.147e-9
-111.553, -3.147e-9
-111.503, -3.147e-9
-111.453, -3.147e-9
-111.403, -3.147e-9
-111.353, -3.147e-9
-111.303, -3.147e-9
-111.253, -3.146e-9
-111.203, -3.146e-9
-111.153, -3.146e-9
-111.103, -3.146e-9
-111.053, -3.146e-9
-111.003, -3.146e-9
-110.953, -3.146e-9
-110.903, -3.146e-9
-110.853, -3.147e-9
-110.803, -3.146e-9
-110.753, -3.146e-9
-110.703, -3.146e-9
-110.653, -3.146e-9
-110.603, -3.146e-9
-110.553, -3.146e-9
-110.503, -3.146e-9
-110.453, -3.146e-9
-110.403, -3.146e-9
-110.353, -3.146e-9
-110.303, -3.146e-9
-110.253, -3.146e-9
-110.203, -3.146e-9
-110.153, -3.146e-9
-110.103, -3.145e-9
-110.053, -3.146e-9
-110.003, -3.146e-9
-109.953, -3.146e-9
-109.903, -3.146e-9
-109.853, -3.146e-9
-109.803, -3.147e-9
-109.753, -3.146e-9
-109.703, -3.145e-9
-109.653, -3.146e-9
-109.603, -3.146e-9
-109.553, -3.145e-9
-109.503, -3.145e-9
-109.453, -3.145e-9
-109.403, -3.145e-9
-109.353, -3.146e-9
-109.303, -3.146e-9
-109.253, -3.145e-9
-109.203, -3.146e-9
-109.153, -3.146e-9
-109.103, -3.146e-9
-109.053, -3.145e-9
-109.003, -3.145e-9
-108.952, -3.146e-9
-108.902, -3.145e-9
-108.852, -3.145e-9
-108.802, -3.146e-9
-108.752, -3.146e-9
-108.702, -3.146e-9
-108.652, -3.146e-9
-108.602, -3.145e-9
-108.552, -3.145e-9
-108.502, -3.145e-9
-108.452, -3.145e-9
-108.402, -3.145e-9
-108.352, -3.146e-9
-108.302, -3.145e-9
-108.252, -3.145e-9
-108.202, -3.145e-9
-108.152, -3.145e-9
-108.102, -3.145e-9
-108.052, -3.145e-9
-108.002, -3.145e-9
-107.952, -3.145e-9
-107.902, -3.144e-9
-107.852, -3.145e-9
-107.802, -3.145e-9
-107.752, -3.144e-9
-107.702, -3.145e-9
-107.652, -3.145e-9
-107.602, -3.145e-9
-107.552, -3.145e-9
-107.502, -3.145e-9
-107.452, -3.145e-9
-107.402, -3.144e-9
-107.352, -3.145e-9
-107.302, -3.145e-9
-107.252, -3.145e-9
-107.202, -3.144e-9
-107.152, -3.144e-9
-107.102, -3.144e-9
-107.052, -3.144e-9
-107.002, -3.145e-9
-106.952, -3.145e-9
-106.902, -3.145e-9
-106.852, -3.145e-9
-106.802, -3.144e-9
-106.752, -3.145e-9
-106.702, -3.144e-9
-106.652, -3.144e-9
-106.602, -3.144e-9
-106.552, -3.144e-9
-106.502, -3.144e-9
-106.452, -3.144e-9
-106.402, -3.144e-9
-106.352, -3.144e-9
-106.302, -3.144e-9
-106.252, -3.144e-9
-106.202, -3.144e-9
-106.152, -3.144e-9
-106.102, -3.144e-9
-106.052, -3.144e-9
-106.002, -3.144e-9
-105.952, -3.144e-9
-105.902, -3.144e-9
-105.852, -3.144e-9
-105.802, -3.144e-9
-105.752, -3.144e-9
-105.702, -3.144e-9
-105.652, -3.143e-9
-105.602, -3.144e-9
-105.552, -3.144e-9
-105.502, -3.144e-9
-105.452, -3.143e-9
-105.402, -3.144e-9
-105.352, -3.144e-9
-105.302, -3.144e-9
-105.252, -3.143e-9
-105.202, -3.143e-9
-105.152, -3.143e-9
-105.102, -3.143e-9
-105.052, -3.143e-9
-105.002, -3.144e-9
-104.952, -3.144e-9
-104.902, -3.144e-9
-104.852, -3.143e-9
-104.802, -3.143e-9
-104.752, -3.144e-9
-104.702, -3.144e-9
-104.652, -3.143e-9
-104.602, -3.143e-9
-104.552, -3.143e-9
-104.502, -3.143e-9
-104.452, -3.143e-9
-104.402, -3.143e-9
-104.352, -3.143e-9
-104.302, -3.144e-9
-104.252, -3.144e-9
-104.202, -3.144e-9
-104.152, -3.143e-9
-104.102, -3.144e-9
-104.052, -3.143e-9
-104.002, -3.143e-9
-103.952, -3.143e-9
-103.902, -3.143e-9
-103.852, -3.143e-9
-103.802, -3.144e-9
-103.752, -3.143e-9
-103.702, -3.142e-9
-103.652, -3.142e-9
-103.602, -3.143e-9
-103.552, -3.144e-9
-103.502, -3.143e-9
-103.452, -3.143e-9
-103.402, -3.143e-9
-103.352, -3.143e-9
-103.302, -3.142e-9
-103.252, -3.142e-9
-103.202, -3.142e-9
-103.152, -3.142e-9
-103.102, -3.143e-9
-103.052, -3.143e-9
-103.002, -3.143e-9
-102.952, -3.143e-9
-102.902, -3.142e-9
-102.852, -3.142e-9
-102.802, -3.143e-9
-102.752, -3.143e-9
-102.702, -3.143e-9
-102.652, -3.142e-9
-102.602, -3.142e-9
-102.552, -3.142e-9
-102.502, -3.142e-9
-102.452, -3.143e-9
-102.402, -3.143e-9
-102.352, -3.142e-9
-102.302, -3.143e-9
-102.252, -3.143e-9
-102.202, -3.142e-9
-102.152, -3.142e-9
-102.102, -3.142e-9
-102.052, -3.142e-9
-102.002, -3.142e-9
-101.952, -3.142e-9
-101.902, -3.142e-9
-101.852, -3.142e-9
-101.802, -3.142e-9
-101.752, -3.142e-9
-101.702, -3.142e-9
-101.652, -3.142e-9
-101.602, -3.143e-9
-101.552, -3.143e-9
-101.502, -3.142e-9
-101.452, -3.142e-9
-101.402, -3.142e-9
-101.352, -3.142e-9
-101.302, -3.142e-9
-101.252, -3.142e-9
-101.202, -3.143e-9
-101.152, -3.143e-9
-101.102, -3.142e-9
-101.052, -3.142e-9
-101.002, -3.142e-9
-100.952, -3.141e-9
-100.902, -3.142e-9
-100.852, -3.142e-9
-100.802, -3.142e-9
-100.752, -3.141e-9
-100.702, -3.141e-9
-100.652, -3.141e-9
-100.602, -3.142e-9
-100.552, -3.141e-9
-100.502, -3.142e-9
-100.452, -3.142e-9
-100.402, -3.142e-9
-100.352, -3.142e-9
-100.302, -3.142e-9
-100.252, -3.141e-9
-100.202, -3.141e-9
-100.152, -3.142e-9
-100.102, -3.141e-9
-100.052, -3.142e-9
-100.002, -3.142e-9
-99.952, -3.142e-9
-99.902, -3.141e-9
-99.852, -3.142e-9
-99.802, -3.142e-9
-99.752, -3.142e-9
-99.702, -3.142e-9
-99.652, -3.141e-9
-99.602, -3.142e-9
-99.552, -3.142e-9
-99.502, -3.141e-9
-99.452, -3.141e-9
-99.402, -3.141e-9
-99.352, -3.143e-9
-99.302, -3.142e-9
-99.252, -3.142e-9
-99.202, -3.141e-9
-99.152, -3.141e-9
-99.102, -3.141e-9
-99.052, -3.142e-9
-99.002, -3.141e-9
-98.952, -3.141e-9
-98.902, -3.142e-9
-98.852, -3.142e-9
-98.802, -3.141e-9
-98.752, -3.141e-9
-98.702, -3.141e-9
-98.652, -3.142e-9
-98.602, -3.141e-9
-98.552, -3.142e-9
-98.502, -3.143e-9
-98.452, -3.143e-9
-98.402, -3.142e-9
-98.352, -3.142e-9
-98.302, -3.142e-9
-98.252, -3.142e-9
-98.202, -3.142e-9
-98.152, -3.142e-9
-98.102, -3.141e-9
-98.052, -3.141e-9
-98.002, -3.141e-9
-97.952, -3.141e-9
-97.902, -3.140e-9
-97.852, -3.140e-9
-97.802, -3.140e-9
-97.752, -3.140e-9
-97.702, -3.140e-9
-97.652, -3.140e-9
-97.602, -3.141e-9
-97.552, -3.142e-9
-97.502, -3.142e-9
-97.452, -3.142e-9
-97.402, -3.142e-9
-97.352, -3.141e-9
-97.302, -3.140e-9
-97.252, -3.140e-9
-97.202, -3.140e-9
-97.152, -3.140e-9
-97.102, -3.139e-9
-97.052, -3.140e-9
-97.002, -3.139e-9
-96.952, -3.140e-9
-96.902, -3.140e-9
-96.852, -3.140e-9
-96.802, -3.139e-9
-96.752, -3.140e-9
-96.702, -3.139e-9
-96.652, -3.139e-9
-96.602, -3.140e-9
-96.552, -3.140e-9
-96.502, -3.140e-9
-96.452, -3.140e-9
-96.402, -3.139e-9
-96.352, -3.139e-9
-96.302, -3.138e-9
-96.252, -3.139e-9
-96.202, -3.139e-9
-96.152, -3.140e-9
-96.102, -3.140e-9
-96.052, -3.139e-9
-96.002, -3.140e-9
-95.952, -3.139e-9
-95.902, -3.139e-9
-95.852, -3.140e-9
-95.802, -3.140e-9
-95.752, -3.140e-9
-95.702, -3.140e-9
-95.652, -3.140e-9
-95.602, -3.139e-9
-95.552, -3.139e-9
-95.502, -3.139e-9
-95.452, -3.139e-9
-95.402, -3.139e-9
-95.352, -3.140e-9
-95.302, -3.140e-9
-95.252, -3.140e-9
-95.202, -3.140e-9
-95.152, -3.140e-9
-95.102, -3.140e-9
-95.052, -3.140e-9
-95.002, -3.140e-9
-94.952, -3.140e-9
-94.902, -3.140e-9
-94.852, -3.140e-9
-94.802, -3.140e-9
-94.752, -3.140e-9
-94.702, -3.140e-9
-94.652, -3.140e-9
-94.602, -3.140e-9
-94.552, -3.139e-9
-94.502, -3.139e-9
-94.452, -3.139e-9
-94.402, -3.139e-9
-94.352, -3.139e-9
-94.302, -3.139e-9
-94.252, -3.139e-9
-94.202, -3.139e-9
-94.152, -3.139e-9
-94.102, -3.138e-9
-94.052, -3.139e-9
-94.002, -3.139e-9
-93.952, -3.139e-9
-93.902, -3.139e-9
-93.852, -3.139e-9
-93.802, -3.139e-9
-93.752, -3.139e-9
-93.702, -3.139e-9
-93.652, -3.139e-9
-93.602, -3.139e-9
-93.552, -3.139e-9
-93.502, -3.139e-9
-93.452, -3.139e-9
-93.402, -3.140e-9
-93.352, -3.139e-9
-93.302, -3.140e-9
-93.252, -3.140e-9
-93.202, -3.140e-9
-93.152, -3.141e-9
-93.102, -3.141e-9
-93.052, -3.141e-9
-93.002, -3.141e-9
-92.952, -3.140e-9
-92.902, -3.139e-9
-92.852, -3.139e-9
-92.802, -3.140e-9
-92.752, -3.140e-9
-92.702, -3.139e-9
-92.652, -3.139e-9
-92.602, -3.140e-9
-92.551, -3.139e-9
-92.501, -3.139e-9
-92.451, -3.139e-9
-92.401, -3.140e-9
-92.351, -3.140e-9
-92.301, -3.140e-9
-92.251, -3.140e-9
-92.201, -3.140e-9
-92.151, -3.140e-9
-92.101, -3.140e-9
-92.051, -3.140e-9
-92.001, -3.141e-9
-91.951, -3.139e-9
-91.901, -3.138e-9
-91.851, -3.138e-9
-91.801, -3.137e-9
-91.751, -3.137e-9
-91.701, -3.139e-9
-91.651, -3.140e-9
-91.601, -3.140e-9
-91.551, -3.139e-9
-91.501, -3.137e-9
-91.451, -3.137e-9
-91.401, -3.137e-9
-91.351, -3.137e-9
-91.301, -3.138e-9
-91.251, -3.138e-9
-91.201, -3.138e-9
-91.151, -3.138e-9
-91.101, -3.136e-9
-91.051, -3.135e-9
-91.001, -3.135e-9
-90.951, -3.134e-9
-90.901, -3.136e-9
-90.851, -3.137e-9
-90.801, -3.137e-9
-90.751, -3.138e-9
-90.701, -3.137e-9
-90.651, -3.137e-9
-90.601, -3.137e-9
-90.551, -3.137e-9
-90.501, -3.138e-9
-90.451, -3.139e-9
-90.401, -3.138e-9
-90.351, -3.138e-9
-90.301, -3.139e-9
-90.251, -3.138e-9
-90.201, -3.139e-9
-90.151, -3.139e-9
-90.101, -3.138e-9
-90.051, -3.138e-9
-90.001, -3.138e-9
-89.951, -3.137e-9
-89.901, -3.138e-9
-89.851, -3.138e-9
-89.801, -3.138e-9
-89.751, -3.138e-9
-89.701, -3.138e-9
-89.651, -3.137e-9
-89.601, -3.138e-9
-89.551, -3.138e-9
-89.501, -3.138e-9
-89.451, -3.138e-9
-89.401, -3.138e-9
-89.351, -3.138e-9
-89.301, -3.138e-9
-89.251, -3.138e-9
-89.201, -3.138e-9
-89.151, -3.138e-9
-89.101, -3.138e-9
-89.051, -3.138e-9
-89.001, -3.138e-9
-88.951, -3.138e-9
-88.901, -3.138e-9
-88.851, -3.138e-9
-88.801, -3.139e-9
-88.751, -3.139e-9
-88.701, -3.139e-9
-88.651, -3.139e-9
-88.601, -3.138e-9
-88.551, -3.138e-9
-88.501, -3.138e-9
-88.451, -3.138e-9
-88.401, -3.138e-9
-88.351, -3.138e-9
-88.301, -3.137e-9
-88.251, -3.137e-9
-88.201, -3.137e-9
-88.151, -3.137e-9
-88.101, -3.138e-9
-88.051, -3.138e-9
-88.001, -3.139e-9
-87.951, -3.138e-9
-87.901, -3.138e-9
-87.851, -3.137e-9
-87.801, -3.138e-9
-87.751, -3.138e-9
-87.701, -3.138e-9
-87.651, -3.138e-9
-87.601, -3.138e-9
-87.551, -3.136e-9
-87.501, -3.134e-9
-87.451, -3.134e-9
-87.401, -3.136e-9
-87.351, -3.137e-9
-87.301, -3.136e-9
-87.251, -3.136e-9
-87.201, -3.136e-9
-87.151, -3.136e-9
-87.101, -3.136e-9
-87.051, -3.136e-9
-87.001, -3.136e-9
-86.951, -3.136e-9
-86.901, -3.137e-9
-86.851, -3.137e-9
-86.801, -3.137e-9
-86.751, -3.136e-9
-86.701, -3.136e-9
-86.651, -3.136e-9
-86.601, -3.137e-9
-86.551, -3.138e-9
-86.501, -3.138e-9
-86.451, -3.138e-9
-86.401, -3.138e-9
-86.351, -3.137e-9
-86.301, -3.137e-9
-86.251, -3.137e-9
-86.201, -3.138e-9
-86.151, -3.137e-9
-86.101, -3.137e-9
-86.051, -3.137e-9
-86.001, -3.137e-9
-85.951, -3.138e-9
-85.901, -3.139e-9
-85.851, -3.137e-9
-85.801, -3.135e-9
-85.751, -3.135e-9
-85.701, -3.136e-9
-85.651, -3.137e-9
-85.601, -3.137e-9
-85.551, -3.137e-9
-85.501, -3.138e-9
-85.451, -3.139e-9
-85.401, -3.139e-9
-85.351, -3.140e-9
-85.301, -3.141e-9
-85.251, -3.141e-9
-85.201, -3.139e-9
-85.151, -3.138e-9
-85.101, -3.136e-9
-85.051, -3.136e-9
-85.001, -3.136e-9
-84.951, -3.137e-9
-84.901, -3.139e-9
-84.851, -3.139e-9
-84.801, -3.140e-9
-84.751, -3.138e-9
-84.701, -3.138e-9
-84.651, -3.137e-9
-84.601, -3.137e-9
-84.551, -3.135e-9
-84.501, -3.136e-9
-84.451, -3.136e-9
-84.401, -3.135e-9
-84.351, -3.134e-9
-84.301, -3.134e-9
-84.251, -3.134e-9
-84.201, -3.132e-9
-84.151, -3.132e-9
-84.101, -3.133e-9
-84.051, -3.133e-9
-84.001, -3.132e-9
-83.951, -3.131e-9
-83.901, -3.132e-9
-83.851, -3.133e-9
-83.801, -3.134e-9
-83.751, -3.135e-9
-83.701, -3.137e-9
-83.651, -3.137e-9
-83.601, -3.138e-9
-83.551, -3.138e-9
-83.501, -3.137e-9
-83.451, -3.137e-9
-83.401, -3.136e-9
-83.351, -3.136e-9
-83.301, -3.137e-9
-83.251, -3.136e-9
-83.201, -3.135e-9
-83.151, -3.135e-9
-83.101, -3.135e-9
-83.051, -3.135e-9
-83.001, -3.136e-9
-82.951, -3.136e-9
-82.901, -3.137e-9
-82.851, -3.137e-9
-82.801, -3.136e-9
-82.751, -3.137e-9
-82.701, -3.137e-9
-82.651, -3.136e-9
-82.601, -3.137e-9
-82.551, -3.136e-9
-82.501, -3.136e-9
-82.451, -3.136e-9
-82.401, -3.136e-9
-82.351, -3.136e-9
-82.301, -3.137e-9
-82.251, -3.136e-9
-82.201, -3.136e-9
-82.151, -3.136e-9
-82.101, -3.136e-9
-82.051, -3.136e-9
-82.001, -3.136e-9
-81.951, -3.136e-9
-81.901, -3.135e-9
-81.851, -3.136e-9
-81.801, -3.136e-9
-81.751, -3.136e-9
-81.701, -3.137e-9
-81.651, -3.136e-9
-81.601, -3.136e-9
-81.551, -3.136e-9
-81.501, -3.136e-9
-81.451, -3.136e-9
-81.401, -3.136e-9
-81.351, -3.136e-9
-81.301, -3.136e-9
-81.251, -3.135e-9
-81.201, -3.135e-9
-81.151, -3.136e-9
-81.101, -3.136e-9
-81.051, -3.136e-9
-81.001, -3.136e-9
-80.951, -3.136e-9
-80.901, -3.136e-9
-80.851, -3.136e-9
-80.801, -3.136e-9
-80.751, -3.136e-9
-80.701, -3.135e-9
-80.651, -3.135e-9
-80.601, -3.135e-9
-80.551, -3.135e-9
-80.501, -3.136e-9
-80.451, -3.136e-9
-80.401, -3.136e-9
-80.351, -3.135e-9
-80.301, -3.135e-9
-80.251, -3.135e-9
-80.201, -3.135e-9
-80.151, -3.135e-9
-80.101, -3.135e-9
-80.051, -3.135e-9
-80.001, -3.135e-9
-79.951, -3.135e-9
-79.901, -3.135e-9
-79.851, -3.135e-9
-79.801, -3.135e-9
-79.751, -3.135e-9
-79.701, -3.136e-9
-79.651, -3.136e-9
-79.601, -3.136e-9
-79.551, -3.135e-9
-79.501, -3.135e-9
-79.451, -3.135e-9
-79.401, -3.136e-9
-79.351, -3.135e-9
-79.301, -3.135e-9
-79.251, -3.135e-9
-79.201, -3.135e-9
-79.151, -3.135e-9
-79.101, -3.136e-9
-79.051, -3.136e-9
-79.001, -3.136e-9
-78.951, -3.135e-9
-78.901, -3.135e-9
-78.851, -3.136e-9
-78.801, -3.135e-9
-78.751, -3.135e-9
-78.701, -3.135e-9
-78.651, -3.135e-9
-78.601, -3.135e-9
-78.551, -3.135e-9
-78.501, -3.135e-9
-78.451, -3.135e-9
-78.401, -3.135e-9
-78.351, -3.135e-9
-78.301, -3.135e-9
-78.251, -3.135e-9
-78.201, -3.135e-9
-78.151, -3.135e-9
-78.101, -3.135e-9
-78.051, -3.135e-9
-78.001, -3.135e-9
-77.951, -3.135e-9
-77.901, -3.135e-9
-77.851, -3.134e-9
-77.801, -3.134e-9
-77.751, -3.135e-9
-77.701, -3.135e-9
-77.651, -3.135e-9
-77.601, -3.135e-9
-77.551, -3.135e-9
-77.501, -3.135e-9
-77.451, -3.135e-9
-77.401, -3.135e-9
-77.351, -3.135e-9
-77.301, -3.135e-9
-77.251, -3.135e-9
-77.201, -3.135e-9
-77.151, -3.135e-9
-77.101, -3.135e-9
-77.051, -3.135e-9
-77.001, -3.135e-9
-76.951, -3.135e-9
-76.901, -3.135e-9
-76.851, -3.135e-9
-76.801, -3.135e-9
-76.751, -3.135e-9
-76.701, -3.135e-9
-76.651, -3.135e-9
-76.601, -3.135e-9
-76.551, -3.135e-9
-76.501, -3.135e-9
-76.451, -3.136e-9
-76.401, -3.135e-9
-76.351, -3.134e-9
-76.301, -3.134e-9
-76.251, -3.134e-9
-76.201, -3.135e-9
-76.150, -3.134e-9
-76.100, -3.135e-9
-76.050, -3.135e-9
-76.000, -3.135e-9
-75.950, -3.135e-9
-75.900, -3.135e-9
-75.850, -3.135e-9
-75.800, -3.135e-9
-75.750, -3.135e-9
-75.700, -3.135e-9
-75.650, -3.135e-9
-75.600, -3.135e-9
-75.550, -3.135e-9
-75.500, -3.134e-9
-75.450, -3.134e-9
-75.400, -3.134e-9
-75.350, -3.135e-9
-75.300, -3.136e-9
-75.250, -3.137e-9
-75.200, -3.139e-9
-75.150, -3.139e-9
-75.100, -3.137e-9
-75.050, -3.134e-9
-75.000, -3.131e-9
-74.950, -3.130e-9
-74.900, -3.131e-9
-74.850, -3.132e-9
-74.800, -3.132e-9
-74.750, -3.132e-9
-74.700, -3.133e-9
-74.650, -3.134e-9
-74.600, -3.135e-9
-74.550, -3.134e-9
-74.500, -3.131e-9
-74.450, -3.126e-9
-74.400, -3.129e-9
-74.350, -3.134e-9
-74.300, -3.136e-9
-74.250, -3.137e-9
-74.200, -3.137e-9
-74.150, -3.137e-9
-74.100, -3.136e-9
-74.050, -3.134e-9
-74.000, -3.134e-9
-73.950, -3.135e-9
-73.900, -3.135e-9
-73.850, -3.135e-9
-73.800, -3.135e-9
-73.750, -3.135e-9
-73.700, -3.135e-9
-73.650, -3.135e-9
-73.600, -3.135e-9
-73.550, -3.134e-9
-73.500, -3.134e-9
-73.450, -3.134e-9
-73.400, -3.134e-9
-73.350, -3.134e-9
-73.300, -3.134e-9
-73.250, -3.134e-9
-73.200, -3.134e-9
-73.150, -3.135e-9
-73.100, -3.135e-9
-73.050, -3.135e-9
-73.000, -3.135e-9
-72.950, -3.134e-9
-72.900, -3.134e-9
-72.850, -3.135e-9
-72.800, -3.135e-9
-72.750, -3.134e-9
-72.700, -3.135e-9
-72.650, -3.135e-9
-72.600, -3.134e-9
-72.550, -3.134e-9
-72.500, -3.135e-9
-72.450, -3.135e-9
-72.400, -3.134e-9
-72.350, -3.134e-9
-72.300, -3.134e-9
-72.250, -3.134e-9
-72.200, -3.134e-9
-72.150, -3.134e-9
-72.100, -3.134e-9
-72.050, -3.133e-9
-72.000, -3.134e-9
-71.950, -3.134e-9
-71.900, -3.134e-9
-71.850, -3.134e-9
-71.800, -3.134e-9
-71.750, -3.135e-9
-71.700, -3.135e-9
-71.650, -3.134e-9
-71.600, -3.134e-9
-71.550, -3.134e-9
-71.500, -3.134e-9
-71.450, -3.134e-9
-71.400, -3.134e-9
-71.350, -3.134e-9
-71.300, -3.133e-9
-71.250, -3.134e-9
-71.200, -3.133e-9
-71.150, -3.134e-9
-71.100, -3.134e-9
-71.050, -3.133e-9
-71.000, -3.134e-9
-70.950, -3.134e-9
-70.900, -3.134e-9
-70.850, -3.134e-9
-70.800, -3.134e-9
-70.750, -3.134e-9
-70.700, -3.133e-9
-70.650, -3.134e-9
-70.600, -3.134e-9
-70.550, -3.134e-9
-70.500, -3.134e-9
-70.450, -3.134e-9
-70.400, -3.134e-9
-70.350, -3.133e-9
-70.300, -3.134e-9
-70.250, -3.133e-9
-70.200, -3.134e-9
-70.150, -3.134e-9
-70.100, -3.134e-9
-70.050, -3.133e-9
-70.000, -3.133e-9
-69.950, -3.134e-9
-69.900, -3.133e-9
-69.850, -3.133e-9
-69.800, -3.134e-9
-69.750, -3.133e-9
-69.700, -3.134e-9
-69.650, -3.134e-9
-69.600, -3.134e-9
-69.550, -3.134e-9
-69.500, -3.133e-9
-69.450, -3.133e-9
-69.400, -3.134e-9
-69.350, -3.134e-9
-69.300, -3.133e-9
-69.250, -3.133e-9
-69.200, -3.134e-9
-69.150, -3.134e-9
-69.100, -3.133e-9
-69.050, -3.133e-9
-69.000, -3.134e-9
-68.950, -3.133e-9
-68.900, -3.133e-9
-68.850, -3.134e-9
-68.800, -3.134e-9
-68.750, -3.134e-9
-68.700, -3.134e-9
-68.650, -3.134e-9
-68.600, -3.133e-9
-68.550, -3.134e-9
-68.500, -3.133e-9
-68.450, -3.134e-9
-68.400, -3.133e-9
-68.350, -3.133e-9
-68.300, -3.133e-9
-68.250, -3.133e-9
-68.200, -3.134e-9
-68.150, -3.133e-9
-68.100, -3.133e-9
-68.050, -3.133e-9
-68.000, -3.134e-9
-67.950, -3.133e-9
-67.900, -3.134e-9
-67.850, -3.133e-9
-67.800, -3.134e-9
-67.750, -3.133e-9
-67.700, -3.134e-9
-67.650, -3.133e-9
-67.600, -3.133e-9
-67.550, -3.133e-9
-67.500, -3.133e-9
-67.450, -3.133e-9
-67.400, -3.133e-9
-67.350, -3.133e-9
-67.300, -3.133e-9
-67.250, -3.133e-9
-67.200, -3.134e-9
-67.150, -3.134e-9
-67.100, -3.133e-9
-67.050, -3.133e-9
-67.000, -3.133e-9
-66.950, -3.133e-9
-66.900, -3.134e-9
-66.850, -3.133e-9
-66.800, -3.133e-9
-66.750, -3.133e-9
-66.700, -3.133e-9
-66.650, -3.134e-9
-66.600, -3.134e-9
-66.550, -3.134e-9
-66.500, -3.133e-9
-66.450, -3.133e-9
-66.400, -3.133e-9
-66.350, -3.133e-9
-66.300, -3.133e-9
-66.250, -3.133e-9
-66.200, -3.133e-9
-66.150, -3.134e-9
-66.100, -3.134e-9
-66.050, -3.133e-9
-66.000, -3.133e-9
-65.950, -3.133e-9
-65.900, -3.133e-9
-65.850, -3.133e-9
-65.800, -3.133e-9
-65.750, -3.133e-9
-65.700, -3.133e-9
-65.650, -3.133e-9
-65.600, -3.133e-9
-65.550, -3.133e-9
-65.500, -3.134e-9
-65.450, -3.133e-9
-65.400, -3.133e-9
-65.350, -3.133e-9
-65.300, -3.133e-9
-65.250, -3.133e-9
-65.200, -3.133e-9
-65.150, -3.133e-9
-65.100, -3.133e-9
-65.050, -3.133e-9
-65.000, -3.133e-9
-64.950, -3.133e-9
-64.900, -3.133e-9
-64.850, -3.133e-9
-64.800, -3.134e-9
-64.750, -3.133e-9
-64.700, -3.133e-9
-64.650, -3.133e-9
-64.600, -3.133e-9
-64.550, -3.133e-9
-64.500, -3.133e-9
-64.450, -3.133e-9
-64.400, -3.133e-9
-64.350, -3.133e-9
-64.300, -3.133e-9
-64.250, -3.133e-9
-64.200, -3.133e-9
-64.150, -3.133e-9
-64.100, -3.133e-9
-64.050, -3.133e-9
-64.000, -3.133e-9
-63.950, -3.133e-9
-63.900, -3.132e-9
-63.850, -3.133e-9
-63.800, -3.132e-9
-63.750, -3.133e-9
-63.700, -3.133e-9
-63.650, -3.133e-9
-63.600, -3.133e-9
-63.550, -3.132e-9
-63.500, -3.133e-9
-63.450, -3.133e-9
-63.400, -3.133e-9
-63.350, -3.133e-9
-63.300, -3.133e-9
-63.250, -3.133e-9
-63.200, -3.133e-9
-63.150, -3.133e-9
-63.100, -3.133e-9
-63.050, -3.133e-9
-63.000, -3.133e-9
-62.950, -3.133e-9
-62.900, -3.133e-9
-62.850, -3.133e-9
-62.800, -3.133e-9
-62.750, -3.133e-9
-62.700, -3.133e-9
-62.650, -3.132e-9
-62.600, -3.133e-9
-62.550, -3.133e-9
-62.500, -3.132e-9
-62.450, -3.133e-9
-62.400, -3.132e-9
-62.350, -3.133e-9
-62.300, -3.133e-9
-62.250, -3.133e-9
-62.200, -3.133e-9
-62.150, -3.133e-9
-62.100, -3.132e-9
-62.050, -3.132e-9
-62.000, -3.132e-9
-61.950, -3.133e-9
-61.900, -3.133e-9
-61.850, -3.132e-9
-61.800, -3.133e-9
-61.750, -3.132e-9
-61.700, -3.133e-9
-61.650, -3.133e-9
-61.600, -3.133e-9
-61.550, -3.133e-9
-61.500, -3.133e-9
-61.450, -3.133e-9
-61.400, -3.132e-9
-61.350, -3.133e-9
-61.300, -3.132e-9
-61.250, -3.132e-9
-61.200, -3.132e-9
-61.150, -3.132e-9
-61.100, -3.133e-9
-61.050, -3.132e-9
-61.000, -3.133e-9
-60.950, -3.133e-9
-60.900, -3.133e-9
-60.850, -3.132e-9
-60.800, -3.132e-9
-60.750, -3.132e-9
-60.700, -3.132e-9
-60.650, -3.132e-9
-60.600, -3.132e-9
-60.550, -3.132e-9
-60.500, -3.133e-9
-60.450, -3.133e-9
-60.400, -3.133e-9
-60.350, -3.132e-9
-60.300, -3.132e-9
-60.250, -3.132e-9
-60.200, -3.133e-9
-60.150, -3.132e-9
-60.100, -3.132e-9
-60.050, -3.132e-9
-60.000, -3.132e-9
-59.950, -3.132e-9
-59.900, -3.133e-9
-59.850, -3.133e-9
-59.800, -3.132e-9
-59.750, -3.132e-9
-59.700, -3.132e-9
-59.650, -3.132e-9
-59.600, -3.132e-9
-59.550, -3.133e-9
-59.500, -3.132e-9
-59.450, -3.132e-9
-59.400, -3.133e-9
-59.350, -3.132e-9
-59.300, -3.132e-9
-59.250, -3.132e-9
-59.200, -3.132e-9
-59.150, -3.132e-9
-59.100, -3.133e-9
-59.050, -3.132e-9
-59.000, -3.133e-9
-58.950, -3.132e-9
-58.900, -3.132e-9
-58.850, -3.132e-9
-58.800, -3.132e-9
-58.750, -3.132e-9
-58.700, -3.132e-9
-58.650, -3.133e-9
-58.600, -3.132e-9
-58.550, -3.132e-9
-58.500, -3.132e-9
-58.450, -3.132e-9
-58.400, -3.132e-9
-58.350, -3.132e-9
-58.300, -3.132e-9
-58.250, -3.132e-9
-58.200, -3.132e-9
-58.150, -3.132e-9
-58.100, -3.132e-9
-58.050, -3.133e-9
-58.000, -3.133e-9
-57.950, -3.132e-9
-57.900, -3.132e-9
-57.850, -3.132e-9
-57.800, -3.132e-9
-57.750, -3.132e-9
-57.700, -3.132e-9
-57.650, -3.132e-9
-57.600, -3.133e-9
-57.550, -3.132e-9
-57.500, -3.133e-9
-57.450, -3.132e-9
-57.400, -3.132e-9
-57.350, -3.132e-9
-57.300, -3.132e-9
-57.250, -3.132e-9
-57.200, -3.132e-9
-57.150, -3.132e-9
-57.100, -3.132e-9
-57.050, -3.132e-9
-57.000, -3.132e-9
-56.950, -3.132e-9
-56.900, -3.132e-9
-56.850, -3.132e-9
-56.800, -3.132e-9
-56.750, -3.132e-9
-56.700, -3.131e-9
-56.650, -3.132e-9
-56.600, -3.132e-9
-56.550, -3.133e-9
-56.500, -3.132e-9
-56.450, -3.132e-9
-56.400, -3.132e-9
-56.350, -3.132e-9
-56.300, -3.132e-9
-56.250, -3.132e-9
-56.200, -3.132e-9
-56.150, -3.132e-9
-56.100, -3.132e-9
-56.050, -3.132e-9
-56.000, -3.131e-9
-55.950, -3.132e-9
-55.900, -3.132e-9
-55.850, -3.132e-9
-55.800, -3.132e-9
-55.750, -3.132e-9
-55.700, -3.132e-9
-55.650, -3.132e-9
-55.600, -3.132e-9
-55.550, -3.132e-9
-55.500, -3.132e-9
-55.450, -3.131e-9
-55.400, -3.131e-9
-55.350, -3.132e-9
-55.300, -3.132e-9
-55.250, -3.132e-9
-55.200, -3.132e-9
-55.150, -3.131e-9
-55.100, -3.132e-9
-55.050, -3.133e-9
-55.000, -3.132e-9
-54.950, -3.132e-9
-54.900, -3.132e-9
-54.850, -3.133e-9
-54.800, -3.132e-9
-54.750, -3.132e-9
-54.700, -3.132e-9
-54.650, -3.132e-9
-54.600, -3.132e-9
-54.550, -3.132e-9
-54.500, -3.132e-9
-54.450, -3.132e-9
-54.400, -3.132e-9
-54.350, -3.132e-9
-54.300, -3.132e-9
-54.250, -3.132e-9
-54.200, -3.132e-9
-54.150, -3.131e-9
-54.100, -3.132e-9
-54.050, -3.132e-9
-54.000, -3.132e-9
-53.950, -3.132e-9
-53.900, -3.132e-9
-53.850, -3.132e-9
-53.800, -3.131e-9
-53.750, -3.131e-9
-53.700, -3.132e-9
-53.650, -3.132e-9
-53.600, -3.132e-9
-53.550, -3.132e-9
-53.500, -3.132e-9
-53.450, -3.132e-9
-53.400, -3.131e-9
-53.350, -3.131e-9
-53.300, -3.132e-9
-53.250, -3.131e-9
-53.200, -3.131e-9
-53.150, -3.131e-9
-53.100, -3.131e-9
-53.050, -3.132e-9
-53.000, -3.132e-9
-52.950, -3.131e-9
-52.900, -3.131e-9
-52.850, -3.131e-9
-52.800, -3.132e-9
-52.750, -3.131e-9
-52.700, -3.131e-9
-52.650, -3.131e-9
-52.600, -3.132e-9
-52.550, -3.132e-9
-52.500, -3.132e-9
-52.450, -3.131e-9
-52.400, -3.131e-9
-52.350, -3.132e-9
-52.300, -3.132e-9
-52.250, -3.132e-9
-52.200, -3.131e-9
-52.150, -3.131e-9
-52.100, -3.131e-9
-52.050, -3.132e-9
-52.000, -3.132e-9
-51.950, -3.132e-9
-51.900, -3.131e-9
-51.850, -3.131e-9
-51.800, -3.132e-9
-51.750, -3.132e-9
-51.700, -3.132e-9
-51.650, -3.131e-9
-51.600, -3.131e-9
-51.550, -3.131e-9
-51.500, -3.131e-9
-51.450, -3.131e-9
-51.400, -3.131e-9
-51.350, -3.132e-9
-51.300, -3.132e-9
-51.250, -3.131e-9
-51.200, -3.132e-9
-51.150, -3.132e-9
-51.100, -3.131e-9
-51.050, -3.131e-9
-51.000, -3.132e-9
-50.950, -3.131e-9
-50.900, -3.131e-9
-50.850, -3.132e-9
-50.800, -3.131e-9
-50.750, -3.132e-9
-50.700, -3.132e-9
-50.650, -3.131e-9
-50.600, -3.131e-9
-50.550, -3.132e-9
-50.500, -3.131e-9
-50.450, -3.131e-9
-50.400, -3.131e-9
-50.350, -3.131e-9
-50.300, -3.131e-9
-50.250, -3.131e-9
-50.200, -3.131e-9
-50.150, -3.131e-9
-50.100, -3.131e-9
-50.050, -3.131e-9
-50.000, -3.132e-9
-49.950, -3.131e-9
-49.900, -3.131e-9
-49.850, -3.131e-9
-49.800, -3.132e-9
-49.750, -3.131e-9
-49.700, -3.131e-9
-49.650, -3.131e-9
-49.600, -3.131e-9
-49.550, -3.131e-9
-49.500, -3.131e-9
-49.450, -3.131e-9
-49.400, -3.131e-9
-49.350, -3.131e-9
-49.300, -3.131e-9
-49.250, -3.131e-9
-49.200, -3.132e-9
-49.150, -3.132e-9
-49.100, -3.131e-9
-49.050, -3.131e-9
-49.000, -3.131e-9
-48.950, -3.131e-9
-48.900, -3.131e-9
-48.850, -3.131e-9
-48.800, -3.132e-9
-48.750, -3.132e-9
-48.700, -3.131e-9
-48.650, -3.130e-9
-48.600, -3.131e-9
-48.550, -3.132e-9
-48.500, -3.131e-9
-48.450, -3.131e-9
-48.400, -3.130e-9
-48.350, -3.131e-9
-48.300, -3.131e-9
-48.250, -3.131e-9
-48.200, -3.131e-9
-48.150, -3.131e-9
-48.100, -3.131e-9
-48.050, -3.131e-9
-48.000, -3.131e-9
-47.950, -3.131e-9
-47.900, -3.131e-9
-47.850, -3.131e-9
-47.800, -3.131e-9
-47.750, -3.131e-9
-47.700, -3.131e-9
-47.650, -3.131e-9
-47.600, -3.131e-9
-47.550, -3.132e-9
-47.500, -3.131e-9
-47.450, -3.131e-9
-47.400, -3.131e-9
-47.350, -3.131e-9
-47.300, -3.131e-9
-47.250, -3.131e-9
-47.200, -3.131e-9
-47.150, -3.131e-9
-47.100, -3.131e-9
-47.050, -3.131e-9
-47.000, -3.131e-9
-46.950, -3.131e-9
-46.900, -3.131e-9
-46.850, -3.131e-9
-46.800, -3.131e-9
-46.750, -3.131e-9
-46.700, -3.131e-9
-46.650, -3.131e-9
-46.600, -3.131e-9
-46.550, -3.131e-9
-46.500, -3.131e-9
-46.450, -3.131e-9
-46.400, -3.131e-9
-46.350, -3.131e-9
-46.300, -3.131e-9
-46.250, -3.131e-9
-46.200, -3.131e-9
-46.150, -3.131e-9
-46.100, -3.131e-9
-46.050, -3.131e-9
-46.000, -3.131e-9
-45.950, -3.131e-9
-45.900, -3.131e-9
-45.850, -3.131e-9
-45.800, -3.131e-9
-45.750, -3.131e-9
-45.700, -3.131e-9
-45.650, -3.131e-9
-45.600, -3.131e-9
-45.550, -3.131e-9
-45.500, -3.131e-9
-45.450, -3.130e-9
-45.400, -3.131e-9
-45.350, -3.131e-9
-45.300, -3.131e-9
-45.250, -3.131e-9
-45.200, -3.131e-9
-45.150, -3.131e-9
-45.100, -3.131e-9
-45.050, -3.131e-9
-45.000, -3.131e-9
-44.950, -3.131e-9
-44.900, -3.131e-9
-44.850, -3.131e-9
-44.800, -3.131e-9
-44.750, -3.131e-9
-44.700, -3.131e-9
-44.650, -3.131e-9
-44.600, -3.131e-9
-44.550, -3.131e-9
-44.500, -3.131e-9
-44.450, -3.131e-9
-44.400, -3.131e-9
-44.350, -3.131e-9
-44.300, -3.131e-9
-44.250, -3.131e-9
-44.200, -3.130e-9
-44.150, -3.131e-9
-44.100, -3.131e-9
-44.050, -3.131e-9
-44.000, -3.131e-9
-43.950, -3.131e-9
-43.900, -3.131e-9
-43.850, -3.131e-9
-43.800, -3.131e-9
-43.750, -3.131e-9
-43.700, -3.131e-9
-43.650, -3.131e-9
-43.600, -3.131e-9
-43.550, -3.131e-9
-43.500, -3.131e-9
-43.450, -3.131e-9
-43.400, -3.131e-9
-43.350, -3.130e-9
-43.300, -3.130e-9
-43.250, -3.130e-9
-43.200, -3.131e-9
-43.150, -3.131e-9
-43.100, -3.131e-9
-43.050, -3.131e-9
-43.000, -3.131e-9
-42.950, -3.131e-9
-42.900, -3.130e-9
-42.850, -3.131e-9
-42.800, -3.131e-9
-42.750, -3.131e-9
-42.700, -3.131e-9
-42.650, -3.131e-9
-42.600, -3.131e-9
-42.550, -3.131e-9
-42.500, -3.130e-9
-42.450, -3.131e-9
-42.400, -3.131e-9
-42.350, -3.131e-9
-42.300, -3.130e-9
-42.250, -3.131e-9
-42.200, -3.131e-9
-42.150, -3.130e-9
-42.100, -3.130e-9
-42.050, -3.131e-9
-42.000, -3.131e-9
-41.950, -3.131e-9
-41.900, -3.131e-9
-41.850, -3.131e-9
-41.800, -3.130e-9
-41.750, -3.131e-9
-41.700, -3.131e-9
-41.650, -3.131e-9
-41.600, -3.130e-9
-41.550, -3.131e-9
-41.500, -3.131e-9
-41.450, -3.131e-9
-41.400, -3.131e-9
-41.350, -3.131e-9
-41.300, -3.131e-9
-41.250, -3.131e-9
-41.200, -3.130e-9
-41.150, -3.131e-9
-41.100, -3.131e-9
-41.050, -3.131e-9
-41.000, -3.131e-9
-40.950, -3.131e-9
-40.900, -3.131e-9
-40.850, -3.131e-9
-40.800, -3.131e-9
-40.750, -3.131e-9
-40.700, -3.130e-9
-40.650, -3.131e-9
-40.600, -3.131e-9
-40.550, -3.131e-9
-40.500, -3.131e-9
-40.450, -3.130e-9
-40.400, -3.131e-9
-40.350, -3.130e-9
-40.300, -3.130e-9
-40.250, -3.130e-9
-40.200, -3.131e-9
-40.150, -3.131e-9
-40.100, -3.131e-9
-40.050, -3.130e-9
-40.000, -3.130e-9
-39.950, -3.130e-9
-39.900, -3.130e-9
-39.850, -3.130e-9
-39.800, -3.130e-9
-39.750, -3.131e-9
-39.700, -3.130e-9
-39.650, -3.130e-9
-39.600, -3.130e-9
-39.550, -3.131e-9
-39.500, -3.130e-9
-39.450, -3.130e-9
-39.400, -3.130e-9
-39.350, -3.131e-9
-39.300, -3.131e-9
-39.250, -3.130e-9
-39.200, -3.131e-9
-39.150, -3.130e-9
-39.100, -3.130e-9
-39.050, -3.131e-9
-39.000, -3.131e-9
-38.950, -3.130e-9
-38.900, -3.130e-9
-38.850, -3.131e-9
-38.800, -3.131e-9
-38.750, -3.130e-9
-38.700, -3.130e-9
-38.650, -3.131e-9
-38.600, -3.131e-9
-38.550, -3.130e-9
-38.500, -3.130e-9
-38.450, -3.130e-9
-38.400, -3.130e-9
-38.350, -3.130e-9
-38.300, -3.130e-9
-38.250, -3.130e-9
-38.200, -3.130e-9
-38.150, -3.131e-9
-38.100, -3.131e-9
-38.050, -3.130e-9
-38.000, -3.131e-9
-37.950, -3.131e-9
-37.900, -3.130e-9
-37.850, -3.130e-9
-37.800, -3.131e-9
-37.750, -3.131e-9
-37.700, -3.130e-9
-37.650, -3.131e-9
-37.600, -3.130e-9
-37.550, -3.130e-9
-37.500, -3.130e-9
-37.450, -3.130e-9
-37.400, -3.130e-9
-37.350, -3.130e-9
-37.300, -3.130e-9
-37.250, -3.130e-9
-37.200, -3.131e-9
-37.150, -3.131e-9
-37.100, -3.130e-9
-37.050, -3.130e-9
-37.000, -3.131e-9
-36.950, -3.130e-9
-36.900, -3.131e-9
-36.850, -3.131e-9
-36.800, -3.130e-9
-36.750, -3.130e-9
-36.700, -3.130e-9
-36.650, -3.130e-9
-36.600, -3.131e-9
-36.550, -3.131e-9
-36.500, -3.130e-9
-36.450, -3.130e-9
-36.400, -3.130e-9
-36.350, -3.130e-9
-36.300, -3.130e-9
-36.250, -3.130e-9
-36.200, -3.130e-9
-36.150, -3.130e-9
-36.100, -3.130e-9
-36.050, -3.130e-9
-36.000, -3.130e-9
-35.950, -3.130e-9
-35.900, -3.130e-9
-35.850, -3.130e-9
-35.800, -3.130e-9
-35.750, -3.130e-9
-35.700, -3.130e-9
-35.650, -3.130e-9
-35.600, -3.131e-9
-35.550, -3.130e-9
-35.500, -3.131e-9
-35.450, -3.131e-9
-35.400, -3.131e-9
-35.350, -3.130e-9
-35.300, -3.130e-9
-35.250, -3.130e-9
-35.200, -3.130e-9
-35.150, -3.130e-9
-35.100, -3.130e-9
-35.050, -3.130e-9
-35.000, -3.130e-9
-34.950, -3.130e-9
-34.900, -3.130e-9
-34.850, -3.130e-9
-34.800, -3.130e-9
-34.750, -3.130e-9
-34.700, -3.130e-9
-34.650, -3.130e-9
-34.600, -3.130e-9
-34.550, -3.130e-9
-34.500, -3.130e-9
-34.450, -3.130e-9
-34.400, -3.131e-9
-34.350, -3.130e-9
-34.300, -3.131e-9
-34.250, -3.130e-9
-34.200, -3.130e-9
-34.150, -3.130e-9
-34.100, -3.130e-9
-34.050, -3.130e-9
-34.000, -3.130e-9
-33.950, -3.130e-9
-33.900, -3.130e-9
-33.850, -3.130e-9
-33.800, -3.130e-9
-33.750, -3.130e-9
-33.700, -3.130e-9
-33.650, -3.130e-9
-33.600, -3.130e-9
-33.550, -3.130e-9
-33.500, -3.130e-9
-33.450, -3.130e-9
-33.400, -3.131e-9
-33.350, -3.130e-9
-33.300, -3.130e-9
-33.250, -3.129e-9
-33.200, -3.130e-9
-33.150, -3.130e-9
-33.100, -3.130e-9
-33.050, -3.130e-9
-33.000, -3.130e-9
-32.950, -3.130e-9
-32.900, -3.130e-9
-32.850, -3.130e-9
-32.800, -3.130e-9
-32.750, -3.131e-9
-32.700, -3.130e-9
-32.650, -3.130e-9
-32.600, -3.130e-9
-32.550, -3.130e-9
-32.500, -3.130e-9
-32.450, -3.130e-9
-32.400, -3.130e-9
-32.350, -3.130e-9
-32.300, -3.130e-9
-32.250, -3.129e-9
-32.200, -3.129e-9
-32.150, -3.130e-9
-32.100, -3.130e-9
-32.050, -3.130e-9
-32.000, -3.130e-9
-31.950, -3.130e-9
-31.900, -3.130e-9
-31.850, -3.131e-9
-31.800, -3.130e-9
-31.750, -3.130e-9
-31.700, -3.130e-9
-31.650, -3.130e-9
-31.600, -3.130e-9
-31.550, -3.130e-9
-31.500, -3.130e-9
-31.450, -3.130e-9
-31.400, -3.130e-9
-31.350, -3.129e-9
-31.300, -3.130e-9
-31.250, -3.130e-9
-31.200, -3.130e-9
-31.150, -3.130e-9
-31.100, -3.129e-9
-31.050, -3.130e-9
-31.000, -3.130e-9
-30.950, -3.130e-9
-30.900, -3.131e-9
-30.850, -3.131e-9
-30.800, -3.131e-9
-30.750, -3.130e-9
-30.700, -3.130e-9
-30.650, -3.130e-9
-30.600, -3.130e-9
-30.550, -3.129e-9
-30.500, -3.130e-9
-30.450, -3.130e-9
-30.400, -3.130e-9
-30.350, -3.130e-9
-30.300, -3.130e-9
-30.250, -3.130e-9
-30.200, -3.130e-9
-30.150, -3.130e-9
-30.100, -3.130e-9
-30.050, -3.129e-9
-30.000, -3.129e-9
-29.950, -3.129e-9
-29.900, -3.129e-9
-29.850, -3.130e-9
-29.800, -3.130e-9
-29.750, -3.130e-9
-29.700, -3.130e-9
-29.650, -3.130e-9
-29.600, -3.130e-9
-29.550, -3.130e-9
-29.500, -3.130e-9
-29.450, -3.129e-9
-29.400, -3.129e-9
-29.350, -3.129e-9
-29.300, -3.129e-9
-29.250, -3.130e-9
-29.200, -3.130e-9
-29.150, -3.130e-9
-29.100, -3.130e-9
-29.050, -3.130e-9
-29.000, -3.130e-9
-28.950, -3.130e-9
-28.900, -3.130e-9
-28.850, -3.129e-9
-28.800, -3.130e-9
-28.750, -3.130e-9
-28.700, -3.129e-9
-28.650, -3.129e-9
-28.600, -3.129e-9
-28.550, -3.129e-9
-28.500, -3.129e-9
-28.450, -3.130e-9
-28.400, -3.129e-9
-28.350, -3.130e-9
-28.300, -3.130e-9
-28.250, -3.130e-9
-28.200, -3.130e-9
-28.150, -3.130e-9
-28.100, -3.129e-9
-28.050, -3.130e-9
-28.000, -3.130e-9
-27.950, -3.130e-9
-27.900, -3.129e-9
-27.850, -3.129e-9
-27.800, -3.130e-9
-27.750, -3.130e-9
-27.700, -3.129e-9
-27.650, -3.130e-9
-27.600, -3.130e-9
-27.550, -3.130e-9
-27.500, -3.130e-9
-27.450, -3.130e-9
-27.400, -3.130e-9
-27.350, -3.129e-9
-27.300, -3.130e-9
-27.250, -3.130e-9
-27.200, -3.130e-9
-27.150, -3.130e-9
-27.100, -3.130e-9
-27.050, -3.129e-9
-27.000, -3.130e-9
-26.950, -3.130e-9
-26.900, -3.129e-9
-26.850, -3.129e-9
-26.800, -3.130e-9
-26.750, -3.130e-9
-26.700, -3.129e-9
-26.650, -3.129e-9
-26.600, -3.130e-9
-26.550, -3.129e-9
-26.500, -3.130e-9
-26.450, -3.130e-9
-26.400, -3.130e-9
-26.350, -3.130e-9
-26.300, -3.129e-9
-26.250, -3.130e-9
-26.200, -3.130e-9
-26.150, -3.130e-9
-26.100, -3.130e-9
-26.050, -3.129e-9
-26.000, -3.130e-9
-25.950, -3.129e-9
-25.900, -3.130e-9
-25.850, -3.129e-9
-25.800, -3.130e-9
-25.750, -3.129e-9
-25.700, -3.129e-9
-25.650, -3.130e-9
-25.600, -3.130e-9
-25.550, -3.130e-9
-25.500, -3.129e-9
-25.450, -3.129e-9
-25.400, -3.129e-9
-25.350, -3.129e-9
-25.300, -3.129e-9
-25.250, -3.129e-9
-25.200, -3.130e-9
-25.150, -3.129e-9
-25.100, -3.129e-9
-25.050, -3.129e-9
-25.000, -3.129e-9
-24.950, -3.129e-9
-24.900, -3.130e-9
-24.850, -3.130e-9
-24.800, -3.129e-9
-24.750, -3.130e-9
-24.700, -3.130e-9
-24.650, -3.129e-9
-24.600, -3.129e-9
-24.550, -3.129e-9
-24.500, -3.129e-9
-24.450, -3.130e-9
-24.400, -3.129e-9
-24.350, -3.129e-9
-24.300, -3.129e-9
-24.250, -3.130e-9
-24.200, -3.130e-9
-24.150, -3.130e-9
-24.100, -3.130e-9
-24.050, -3.129e-9
-24.000, -3.129e-9
-23.950, -3.129e-9
-23.900, -3.129e-9
-23.850, -3.129e-9
-23.800, -3.129e-9
-23.750, -3.129e-9
-23.700, -3.129e-9
-23.650, -3.129e-9
-23.600, -3.129e-9
-23.550, -3.129e-9
-23.500, -3.129e-9
-23.450, -3.130e-9
-23.400, -3.129e-9
-23.350, -3.129e-9
-23.300, -3.129e-9
-23.250, -3.129e-9
-23.200, -3.129e-9
-23.150, -3.129e-9
-23.100, -3.129e-9
-23.050, -3.129e-9
-23.000, -3.129e-9
-22.950, -3.129e-9
-22.900, -3.129e-9
-22.850, -3.129e-9
-22.800, -3.129e-9
-22.750, -3.129e-9
-22.700, -3.129e-9
-22.650, -3.129e-9
-22.600, -3.129e-9
-22.550, -3.129e-9
-22.500, -3.130e-9
-22.450, -3.129e-9
-22.400, -3.130e-9
-22.350, -3.129e-9
-22.300, -3.129e-9
-22.250, -3.129e-9
-22.200, -3.129e-9
-22.150, -3.129e-9
-22.100, -3.129e-9
-22.050, -3.129e-9
-22.000, -3.129e-9
-21.950, -3.130e-9
-21.900, -3.130e-9
-21.850, -3.129e-9
-21.800, -3.129e-9
-21.750, -3.129e-9
-21.700, -3.129e-9
-21.650, -3.129e-9
-21.600, -3.129e-9
-21.550, -3.130e-9
-21.500, -3.129e-9
-21.450, -3.129e-9
-21.400, -3.129e-9
-21.350, -3.129e-9
-21.300, -3.129e-9
-21.250, -3.129e-9
-21.200, -3.130e-9
-21.150, -3.129e-9
-21.100, -3.129e-9
-21.050, -3.129e-9
-21.000, -3.129e-9
-20.950, -3.129e-9
-20.900, -3.129e-9
-20.850, -3.129e-9
-20.800, -3.130e-9
-20.750, -3.129e-9
-20.700, -3.130e-9
-20.650, -3.129e-9
-20.600, -3.129e-9
-20.550, -3.129e-9
-20.500, -3.129e-9
-20.450, -3.129e-9
-20.400, -3.129e-9
-20.350, -3.129e-9
-20.300, -3.129e-9
-20.250, -3.129e-9
-20.200, -3.129e-9
-20.150, -3.129e-9
-20.100, -3.129e-9
-20.050, -3.129e-9
-20.000, -3.129e-9
-19.950, -3.129e-9
-19.900, -3.130e-9
-19.850, -3.130e-9
-19.800, -3.129e-9
-19.750, -3.129e-9
-19.700, -3.129e-9
-19.650, -3.129e-9
-19.600, -3.129e-9
-19.550, -3.129e-9
-19.500, -3.129e-9
-19.450, -3.130e-9
-19.400, -3.129e-9
-19.350, -3.129e-9
-19.300, -3.129e-9
-19.250, -3.129e-9
-19.200, -3.129e-9
-19.150, -3.129e-9
-19.100, -3.129e-9
-19.050, -3.129e-9
-19.000, -3.129e-9
-18.950, -3.129e-9
-18.900, -3.129e-9
-18.850, -3.129e-9
-18.800, -3.129e-9
-18.750, -3.129e-9
-18.700, -3.129e-9
-18.650, -3.129e-9
-18.600, -3.129e-9
-18.550, -3.129e-9
-18.500, -3.129e-9
-18.450, -3.129e-9
-18.400, -3.129e-9
-18.350, -3.129e-9
-18.300, -3.129e-9
-18.250, -3.129e-9
-18.200, -3.129e-9
-18.150, -3.129e-9
-18.100, -3.129e-9
-18.050, -3.129e-9
-18.000, -3.130e-9
-17.950, -3.128e-9
-17.900, -3.129e-9
-17.850, -3.129e-9
-17.800, -3.129e-9
-17.750, -3.129e-9
-17.700, -3.129e-9
-17.650, -3.129e-9
-17.600, -3.129e-9
-17.550, -3.129e-9
-17.500, -3.129e-9
-17.450, -3.129e-9
-17.400, -3.129e-9
-17.350, -3.128e-9
-17.300, -3.129e-9
-17.250, -3.129e-9
-17.200, -3.129e-9
-17.150, -3.129e-9
-17.100, -3.129e-9
-17.050, -3.129e-9
-17.000, -3.129e-9
-16.950, -3.128e-9
-16.900, -3.129e-9
-16.850, -3.129e-9
-16.800, -3.129e-9
-16.750, -3.129e-9
-16.700, -3.129e-9
-16.650, -3.129e-9
-16.600, -3.129e-9
-16.550, -3.128e-9
-16.500, -3.129e-9
-16.450, -3.129e-9
-16.400, -3.128e-9
-16.350, -3.129e-9
-16.300, -3.129e-9
-16.250, -3.128e-9
-16.200, -3.128e-9
-16.150, -3.128e-9
-16.100, -3.129e-9
-16.050, -3.128e-9
-16.000, -3.128e-9
-15.950, -3.128e-9
-15.900, -3.129e-9
-15.850, -3.129e-9
-15.800, -3.129e-9
-15.750, -3.129e-9
-15.700, -3.129e-9
-15.650, -3.128e-9
-15.600, -3.129e-9
-15.550, -3.129e-9
-15.500, -3.129e-9
-15.450, -3.129e-9
-15.400, -3.129e-9
-15.350, -3.129e-9
-15.300, -3.128e-9
-15.250, -3.129e-9
-15.200, -3.129e-9
-15.150, -3.129e-9
-15.100, -3.128e-9
-15.050, -3.128e-9
-15.000, -3.128e-9
-14.950, -3.129e-9
-14.900, -3.129e-9
-14.850, -3.129e-9
-14.800, -3.128e-9
-14.750, -3.128e-9
-14.700, -3.129e-9
-14.650, -3.129e-9
-14.600, -3.129e-9
-14.550, -3.129e-9
-14.500, -3.129e-9
-14.450, -3.128e-9
-14.400, -3.128e-9
-14.350, -3.128e-9
-14.300, -3.129e-9
-14.250, -3.129e-9
-14.200, -3.129e-9
-14.150, -3.129e-9
-14.100, -3.129e-9
-14.050, -3.128e-9
-14.000, -3.128e-9
-13.950, -3.129e-9
-13.900, -3.128e-9
-13.850, -3.129e-9
-13.800, -3.128e-9
-13.750, -3.129e-9
-13.700, -3.129e-9
-13.650, -3.129e-9
-13.600, -3.129e-9
-13.550, -3.128e-9
-13.500, -3.128e-9
-13.450, -3.129e-9
-13.400, -3.129e-9
-13.350, -3.128e-9
-13.300, -3.128e-9
-13.250, -3.128e-9
-13.200, -3.128e-9
-13.150, -3.129e-9
-13.100, -3.129e-9
-13.050, -3.129e-9
-13.000, -3.128e-9
-12.950, -3.128e-9
-12.900, -3.129e-9
-12.850, -3.129e-9
-12.800, -3.128e-9
-12.750, -3.129e-9
-12.700, -3.129e-9
-12.650, -3.129e-9
-12.600, -3.128e-9
-12.550, -3.128e-9
-12.500, -3.129e-9
-12.450, -3.129e-9
-12.400, -3.129e-9
-12.350, -3.128e-9
-12.300, -3.128e-9
-12.250, -3.128e-9
-12.200, -3.128e-9
-12.150, -3.129e-9
-12.100, -3.128e-9
-12.050, -3.129e-9
-12.000, -3.128e-9
-11.950, -3.128e-9
-11.900, -3.129e-9
-11.850, -3.129e-9
-11.800, -3.129e-9
-11.750, -3.128e-9
-11.700, -3.129e-9
-11.650, -3.129e-9
-11.600, -3.129e-9
-11.550, -3.129e-9
-11.500, -3.129e-9
-11.450, -3.128e-9
-11.400, -3.129e-9
-11.350, -3.128e-9
-11.300, -3.128e-9
-11.250, -3.128e-9
-11.200, -3.128e-9
-11.150, -3.128e-9
-11.100, -3.129e-9
-11.050, -3.128e-9
-11.000, -3.128e-9
-10.950, -3.129e-9
-10.900, -3.128e-9
-10.850, -3.128e-9
-10.800, -3.129e-9
-10.750, -3.128e-9
-10.700, -3.129e-9
-10.650, -3.129e-9
-10.600, -3.129e-9
-10.550, -3.129e-9
-10.500, -3.129e-9
-10.450, -3.128e-9
-10.400, -3.128e-9
-10.350, -3.128e-9
-10.300, -3.128e-9
-10.250, -3.128e-9
-10.200, -3.128e-9
-10.150, -3.129e-9
-10.100, -3.128e-9
-10.050, -3.128e-9
-10.000, -3.128e-9
-9.950, -3.129e-9
-9.900, -3.128e-9
-9.850, -3.128e-9
-9.800, -3.128e-9
-9.750, -3.129e-9
-9.700, -3.128e-9
-9.650, -3.128e-9
-9.600, -3.128e-9
-9.550, -3.128e-9
-9.500, -3.128e-9
-9.450, -3.128e-9
-9.400, -3.128e-9
-9.350, -3.129e-9
-9.300, -3.128e-9
-9.250, -3.128e-9
-9.200, -3.128e-9
-9.150, -3.128e-9
-9.100, -3.128e-9
-9.050, -3.129e-9
-9.000, -3.128e-9
-8.950, -3.128e-9
-8.900, -3.128e-9
-8.850, -3.128e-9
-8.800, -3.128e-9
-8.750, -3.128e-9
-8.700, -3.128e-9
-8.650, -3.128e-9
-8.600, -3.128e-9
-8.550, -3.128e-9
-8.500, -3.128e-9
-8.450, -3.128e-9
-8.400, -3.128e-9
-8.350, -3.128e-9
-8.300, -3.128e-9
-8.250, -3.128e-9
-8.200, -3.129e-9
-8.150, -3.128e-9
-8.100, -3.128e-9
-8.050, -3.129e-9
-8.000, -3.128e-9
-7.950, -3.128e-9
-7.900, -3.128e-9
-7.850, -3.128e-9
-7.800, -3.128e-9
-7.750, -3.128e-9
-7.700, -3.128e-9
-7.650, -3.129e-9
-7.600, -3.128e-9
-7.550, -3.128e-9
-7.500, -3.128e-9
-7.450, -3.128e-9
-7.400, -3.128e-9
-7.350, -3.128e-9
-7.300, -3.128e-9
-7.250, -3.128e-9
-7.200, -3.128e-9
-7.150, -3.128e-9
-7.100, -3.128e-9
-7.050, -3.128e-9
-7.000, -3.128e-9
-6.950, -3.128e-9
-6.900, -3.128e-9
-6.850, -3.128e-9
-6.800, -3.128e-9
-6.750, -3.128e-9
-6.700, -3.128e-9
-6.650, -3.128e-9
-6.600, -3.128e-9
-6.550, -3.128e-9
-6.500, -3.128e-9
-6.450, -3.128e-9
-6.400, -3.128e-9
-6.350, -3.128e-9
-6.300, -3.128e-9
-6.250, -3.128e-9
-6.200, -3.128e-9
-6.150, -3.128e-9
-6.100, -3.128e-9
-6.050, -3.128e-9
-6.000, -3.128e-9
-5.950, -3.128e-9
-5.900, -3.128e-9
-5.850, -3.128e-9
-5.800, -3.128e-9
-5.750, -3.128e-9
-5.700, -3.128e-9
-5.650, -3.128e-9
-5.600, -3.128e-9
-5.550, -3.128e-9
-5.500, -3.128e-9
-5.450, -3.128e-9
-5.400, -3.129e-9
-5.350, -3.128e-9
-5.300, -3.128e-9
-5.250, -3.128e-9
-5.200, -3.128e-9
-5.150, -3.128e-9
-5.100, -3.128e-9
-5.050, -3.128e-9
-5.000, -3.128e-9
-4.950, -3.128e-9
-4.900, -3.128e-9
-4.850, -3.128e-9
-4.800, -3.128e-9
-4.750, -3.128e-9
-4.700, -3.128e-9
-4.650, -3.128e-9
-4.600, -3.128e-9
-4.550, -3.128e-9
-4.500, -3.128e-9
-4.450, -3.128e-9
-4.400, -3.128e-9
-4.350, -3.128e-9
-4.300, -3.128e-9
-4.250, -3.128e-9
-4.200, -3.128e-9
-4.150, -3.128e-9
-4.100, -3.128e-9
-4.050, -3.128e-9
-4.000, -3.128e-9
-3.950, -3.128e-9
-3.900, -3.128e-9
-3.850, -3.128e-9
-3.800, -3.128e-9
-3.750, -3.128e-9
-3.700, -3.128e-9
-3.650, -3.127e-9
-3.600, -3.128e-9
-3.550, -3.128e-9
-3.500, -3.128e-9
-3.450, -3.128e-9
-3.400, -3.128e-9
-3.350, -3.128e-9
-3.300, -3.128e-9
-3.250, -3.128e-9
-3.200, -3.128e-9
-3.150, -3.127e-9
-3.100, -3.127e-9
-3.050, -3.127e-9
-3.000, -3.128e-9
-2.950, -3.128e-9
-2.900, -3.128e-9
-2.850, -3.128e-9
-2.800, -3.128e-9
-2.750, -3.127e-9
-2.700, -3.127e-9
-2.650, -3.127e-9
-2.600, -3.128e-9
-2.550, -3.128e-9
-2.500, -3.128e-9
-2.450, -3.128e-9
-2.400, -3.128e-9
-2.350, -3.128e-9
-2.300, -3.128e-9
-2.250, -3.128e-9
-2.200, -3.128e-9
-2.150, -3.128e-9
-2.100, -3.128e-9
-2.050, -3.128e-9
-2.000, -3.127e-9
-1.950, -3.128e-9
-1.900, -3.128e-9
-1.850, -3.128e-9
-1.800, -3.128e-9
-1.750, -3.128e-9
-1.700, -3.128e-9
-1.650, -3.128e-9
-1.600, -3.127e-9
-1.550, -3.128e-9
-1.500, -3.128e-9
-1.450, -3.128e-9
-1.400, -3.128e-9
-1.350, -3.128e-9
-1.300, -3.128e-9
-1.250, -3.128e-9
-1.200, -3.128e-9
-1.150, -3.128e-9
-1.100, -3.128e-9
-1.050, -3.127e-9
-1.000, -3.128e-9
-0.950, -3.128e-9
-0.900, -3.128e-9
-0.850, -3.127e-9
-0.800, -3.127e-9
-0.750, -3.128e-9
-0.700, -3.128e-9
-0.650, -3.128e-9
-0.600, -3.128e-9
-0.550, -3.128e-9
-0.500, -3.128e-9
-0.450, -3.128e-9
-0.400, -3.127e-9
-0.350, -3.128e-9
-0.300, -3.127e-9
-0.250, -3.127e-9
-0.200, -3.128e-9
-0.150, -3.128e-9
-0.100, -3.128e-9
-0.050, -3.128e-9
-0.000, -3.127e-9
0.050, -3.127e-9
0.100, -3.128e-9
0.150, -3.127e-9
0.200, -3.128e-9
0.250, -3.128e-9
0.300, -3.128e-9
0.350, -3.128e-9
0.400, -3.127e-9
0.450, -3.127e-9
0.500, -3.128e-9
0.550, -3.128e-9
0.600, -3.128e-9
0.650, -3.127e-9
0.700, -3.127e-9
0.750, -3.128e-9
0.800, -3.128e-9
0.850, -3.128e-9
0.900, -3.127e-9
0.950, -3.127e-9
1.000, -3.128e-9
1.050, -3.128e-9
1.100, -3.127e-9
1.150, -3.127e-9
1.200, -3.127e-9
1.250, -3.128e-9
1.300, -3.128e-9
1.350, -3.127e-9
1.400, -3.127e-9
1.450, -3.127e-9
1.500, -3.127e-9
1.550, -3.128e-9
1.600, -3.128e-9
1.650, -3.128e-9
1.700, -3.128e-9
1.750, -3.128e-9
1.800, -3.127e-9
1.850, -3.127e-9
1.900, -3.127e-9
1.950, -3.128e-9
2.000, -3.127e-9
2.050, -3.127e-9
2.100, -3.127e-9
2.150, -3.127e-9
2.200, -3.127e-9
2.250, -3.128e-9
2.300, -3.128e-9
2.350, -3.128e-9
2.400, -3.128e-9
2.450, -3.127e-9
2.500, -3.127e-9
2.550, -3.128e-9
2.600, -3.127e-9
2.650, -3.127e-9
2.700, -3.127e-9
2.750, -3.127e-9
2.800, -3.127e-9
2.850, -3.127e-9
2.900, -3.127e-9
2.950, -3.127e-9
3.000, -3.128e-9
3.050, -3.128e-9
3.100, -3.127e-9
3.150, -3.128e-9
3.200, -3.128e-9
3.250, -3.127e-9
3.300, -3.127e-9
3.350, -3.128e-9
3.400, -3.128e-9
3.450, -3.128e-9
3.500, -3.128e-9
3.550, -3.127e-9
3.600, -3.127e-9
3.650, -3.128e-9
3.700, -3.127e-9
3.750, -3.128e-9
3.800, -3.127e-9
3.850, -3.127e-9
3.900, -3.128e-9
3.950, -3.127e-9
4.000, -3.127e-9
4.050, -3.127e-9
4.100, -3.127e-9
4.150, -3.127e-9
4.200, -3.127e-9
4.250, -3.127e-9
4.300, -3.127e-9
4.350, -3.127e-9
4.400, -3.127e-9
4.450, -3.127e-9
4.500, -3.127e-9
4.550, -3.127e-9
4.600, -3.127e-9
4.650, -3.127e-9
4.700, -3.127e-9
4.750, -3.127e-9
4.800, -3.127e-9
4.850, -3.127e-9
4.900, -3.127e-9
4.950, -3.127e-9
5.000, -3.127e-9
5.050, -3.127e-9
5.100, -3.127e-9
5.150, -3.127e-9
5.200, -3.128e-9
5.250, -3.127e-9
5.300, -3.127e-9
5.350, -3.127e-9
5.400, -3.127e-9
5.450, -3.127e-9
5.500, -3.127e-9
5.550, -3.127e-9
5.600, -3.127e-9
5.650, -3.127e-9
5.700, -3.127e-9
5.750, -3.127e-9
5.800, -3.127e-9
5.850, -3.127e-9
5.900, -3.127e-9
5.950, -3.128e-9
6.000, -3.127e-9
6.050, -3.127e-9
6.100, -3.128e-9
6.150, -3.128e-9
6.200, -3.127e-9
6.250, -3.127e-9
6.300, -3.127e-9
6.350, -3.127e-9
6.400, -3.127e-9
6.450, -3.127e-9
6.500, -3.127e-9
6.550, -3.127e-9
6.600, -3.127e-9
6.650, -3.127e-9
6.700, -3.127e-9
6.750, -3.127e-9
6.800, -3.127e-9
6.850, -3.127e-9
6.900, -3.127e-9
6.950, -3.127e-9
7.000, -3.127e-9
7.050, -3.126e-9
7.100, -3.127e-9
7.150, -3.127e-9
7.200, -3.127e-9
7.250, -3.127e-9
7.300, -3.127e-9
7.350, -3.127e-9
7.400, -3.127e-9
7.450, -3.127e-9
7.500, -3.127e-9
7.550, -3.127e-9
7.600, -3.127e-9
7.650, -3.127e-9
7.700, -3.127e-9
7.750, -3.127e-9
7.800, -3.127e-9
7.850, -3.127e-9
7.900, -3.127e-9
7.950, -3.127e-9
8.000, -3.127e-9
8.050, -3.127e-9
8.100, -3.127e-9
8.150, -3.127e-9
8.200, -3.128e-9
8.250, -3.128e-9
8.300, -3.128e-9
8.350, -3.127e-9
8.400, -3.128e-9
8.450, -3.128e-9
8.500, -3.128e-9
8.550, -3.127e-9
8.600, -3.127e-9
8.650, -3.127e-9
8.700, -3.127e-9
8.750, -3.127e-9
8.800, -3.127e-9
8.850, -3.127e-9
8.900, -3.127e-9
8.950, -3.127e-9
9.000, -3.127e-9
9.050, -3.127e-9
9.100, -3.128e-9
9.150, -3.128e-9
9.200, -3.127e-9
9.250, -3.127e-9
9.300, -3.127e-9
9.350, -3.127e-9
9.400, -3.127e-9
9.450, -3.127e-9
9.500, -3.127e-9
9.550, -3.127e-9
9.600, -3.127e-9
9.650, -3.127e-9
9.700, -3.127e-9
9.750, -3.127e-9
9.800, -3.127e-9
9.850, -3.127e-9
9.900, -3.127e-9
9.950, -3.127e-9
10.000, -3.127e-9
10.050, -3.127e-9
10.100, -3.127e-9
10.150, -3.127e-9
10.200, -3.127e-9
10.250, -3.127e-9
10.300, -3.127e-9
10.350, -3.127e-9
10.400, -3.127e-9
10.450, -3.127e-9
10.500, -3.126e-9
10.550, -3.126e-9
10.600, -3.126e-9
10.650, -3.127e-9
10.700, -3.127e-9
10.750, -3.128e-9
10.800, -3.128e-9
10.850, -3.128e-9
10.900, -3.127e-9
10.950, -3.127e-9
11.000, -3.127e-9
11.050, -3.127e-9
11.100, -3.127e-9
11.150, -3.127e-9
11.200, -3.127e-9
11.250, -3.126e-9
11.300, -3.126e-9
11.350, -3.127e-9
11.400, -3.127e-9
11.450, -3.127e-9
11.500, -3.127e-9
11.550, -3.127e-9
11.600, -3.126e-9
11.650, -3.127e-9
11.700, -3.127e-9
11.750, -3.126e-9
11.800, -3.127e-9
11.850, -3.127e-9
11.900, -3.127e-9
11.950, -3.127e-9
12.000, -3.128e-9
12.050, -3.127e-9
12.100, -3.127e-9
12.150, -3.128e-9
12.200, -3.128e-9
12.250, -3.127e-9
12.300, -3.127e-9
12.350, -3.127e-9
12.400, -3.127e-9
12.450, -3.127e-9
12.500, -3.126e-9
12.550, -3.127e-9
12.600, -3.127e-9
12.650, -3.127e-9
12.700, -3.127e-9
12.750, -3.126e-9
12.800, -3.126e-9
12.850, -3.127e-9
12.900, -3.126e-9
12.950, -3.127e-9
13.000, -3.127e-9
13.050, -3.127e-9
13.100, -3.127e-9
13.150, -3.127e-9
13.200, -3.127e-9
13.250, -3.127e-9
13.300, -3.127e-9
13.350, -3.127e-9
13.400, -3.127e-9
13.450, -3.127e-9
13.500, -3.126e-9
13.550, -3.127e-9
13.600, -3.127e-9
13.650, -3.126e-9
13.700, -3.126e-9
13.750, -3.126e-9
13.800, -3.126e-9
13.850, -3.127e-9
13.900, -3.127e-9
13.950, -3.127e-9
14.000, -3.127e-9
14.050, -3.127e-9
14.100, -3.127e-9
14.150, -3.127e-9
14.200, -3.127e-9
14.250, -3.127e-9
14.300, -3.126e-9
14.350, -3.127e-9
14.400, -3.127e-9
14.450, -3.127e-9
14.500, -3.127e-9
14.550, -3.127e-9
14.600, -3.127e-9
14.650, -3.127e-9
14.700, -3.126e-9
14.750, -3.127e-9
14.800, -3.126e-9
14.850, -3.126e-9
14.900, -3.126e-9
14.950, -3.126e-9
15.000, -3.126e-9
15.050, -3.126e-9
15.100, -3.126e-9
15.150, -3.126e-9
15.200, -3.126e-9
15.250, -3.126e-9
15.300, -3.126e-9
15.350, -3.126e-9
15.400, -3.126e-9
15.450, -3.127e-9
15.500, -3.127e-9
15.550, -3.127e-9
15.600, -3.127e-9
15.650, -3.127e-9
15.700, -3.127e-9
15.750, -3.127e-9
15.800, -3.126e-9
15.850, -3.126e-9
15.900, -3.127e-9
15.950, -3.126e-9
16.000, -3.127e-9
16.050, -3.126e-9
16.100, -3.126e-9
16.150, -3.126e-9
16.200, -3.127e-9
16.250, -3.127e-9
16.300, -3.126e-9
16.350, -3.126e-9
16.400, -3.126e-9
16.450, -3.126e-9
16.500, -3.126e-9
16.550, -3.127e-9
16.600, -3.127e-9
16.650, -3.126e-9
16.700, -3.126e-9
16.750, -3.127e-9
16.800, -3.127e-9
16.850, -3.127e-9
16.900, -3.126e-9
16.950, -3.126e-9
17.000, -3.126e-9
17.050, -3.126e-9
17.100, -3.126e-9
17.150, -3.126e-9
17.200, -3.126e-9
17.250, -3.126e-9
17.300, -3.127e-9
17.350, -3.127e-9
17.400, -3.127e-9
17.450, -3.126e-9
17.500, -3.126e-9
17.550, -3.126e-9
17.600, -3.127e-9
17.650, -3.126e-9
17.700, -3.127e-9
17.750, -3.127e-9
17.800, -3.127e-9
17.850, -3.126e-9
17.900, -3.126e-9
17.950, -3.126e-9
18.000, -3.126e-9
18.050, -3.126e-9
18.100, -3.126e-9
18.150, -3.126e-9
18.200, -3.126e-9
18.250, -3.126e-9
18.300, -3.127e-9
18.350, -3.126e-9
18.400, -3.127e-9
18.450, -3.127e-9
18.500, -3.127e-9
18.550, -3.127e-9
18.600, -3.126e-9
18.650, -3.126e-9
18.700, -3.126e-9
18.750, -3.127e-9
18.800, -3.127e-9
18.850, -3.126e-9
18.900, -3.126e-9
18.950, -3.126e-9
19.000, -3.126e-9
19.050, -3.126e-9
19.100, -3.126e-9
19.150, -3.127e-9
19.200, -3.127e-9
19.250, -3.126e-9
19.300, -3.126e-9
19.350, -3.127e-9
19.400, -3.127e-9
19.450, -3.127e-9
19.500, -3.126e-9
19.550, -3.126e-9
19.600, -3.127e-9
19.650, -3.126e-9
19.700, -3.126e-9
19.750, -3.126e-9
19.800, -3.126e-9
19.850, -3.126e-9
19.900, -3.126e-9
19.950, -3.126e-9
20.000, -3.126e-9
20.050, -3.126e-9
20.100, -3.126e-9
20.150, -3.126e-9
20.200, -3.126e-9
20.250, -3.126e-9
20.300, -3.126e-9
20.350, -3.126e-9
20.400, -3.126e-9
20.450, -3.126e-9
20.500, -3.126e-9
20.550, -3.126e-9
20.600, -3.126e-9
20.650, -3.126e-9
20.700, -3.126e-9
20.750, -3.127e-9
20.800, -3.126e-9
20.850, -3.126e-9
20.900, -3.126e-9
20.950, -3.126e-9
21.000, -3.126e-9
21.050, -3.126e-9
21.100, -3.125e-9
21.150, -3.126e-9
21.200, -3.126e-9
21.250, -3.126e-9
21.300, -3.126e-9
21.350, -3.126e-9
21.400, -3.126e-9
21.450, -3.126e-9
21.500, -3.126e-9
21.550, -3.126e-9
21.600, -3.126e-9
21.650, -3.126e-9
21.700, -3.126e-9
21.750, -3.126e-9
21.800, -3.126e-9
21.850, -3.126e-9
21.900, -3.126e-9
21.950, -3.126e-9
22.000, -3.126e-9
22.050, -3.125e-9
22.100, -3.126e-9
22.149, -3.126e-9
22.199, -3.126e-9
22.249, -3.126e-9
22.299, -3.126e-9
22.349, -3.126e-9
22.399, -3.126e-9
22.449, -3.126e-9
22.499, -3.126e-9
22.549, -3.126e-9
22.599, -3.126e-9
22.649, -3.126e-9
22.699, -3.126e-9
22.749, -3.126e-9
22.799, -3.126e-9
22.849, -3.126e-9
22.899, -3.126e-9
22.949, -3.126e-9
22.999, -3.126e-9
23.049, -3.126e-9
23.099, -3.126e-9
23.149, -3.126e-9
23.199, -3.126e-9
23.249, -3.126e-9
23.299, -3.127e-9
23.349, -3.126e-9
23.399, -3.126e-9
23.449, -3.126e-9
23.499, -3.126e-9
23.549, -3.126e-9
23.599, -3.127e-9
23.649, -3.126e-9
23.699, -3.126e-9
23.749, -3.126e-9
23.799, -3.126e-9
23.849, -3.126e-9
23.899, -3.126e-9
23.949, -3.126e-9
23.999, -3.127e-9
24.049, -3.126e-9
24.099, -3.126e-9
24.149, -3.126e-9
24.199, -3.126e-9
24.249, -3.126e-9
24.299, -3.126e-9
24.349, -3.126e-9
24.399, -3.126e-9
24.449, -3.125e-9
24.499, -3.126e-9
24.549, -3.126e-9
24.599, -3.126e-9
24.649, -3.125e-9
24.699, -3.126e-9
24.749, -3.126e-9
24.799, -3.126e-9
24.849, -3.126e-9
24.899, -3.126e-9
24.949, -3.126e-9
24.999, -3.126e-9
25.049, -3.126e-9
25.099, -3.126e-9
25.149, -3.126e-9
25.199, -3.126e-9
25.249, -3.126e-9
25.299, -3.126e-9
25.349, -3.125e-9
25.399, -3.126e-9
25.449, -3.126e-9
25.499, -3.126e-9
25.549, -3.126e-9
25.599, -3.126e-9
25.649, -3.126e-9
25.699, -3.126e-9
25.749, -3.127e-9
25.799, -3.126e-9
25.849, -3.126e-9
25.899, -3.126e-9
25.949, -3.126e-9
25.999, -3.126e-9
26.049, -3.126e-9
26.099, -3.126e-9
26.149, -3.126e-9
26.199, -3.126e-9
26.249, -3.126e-9
26.299, -3.126e-9
26.349, -3.126e-9
26.399, -3.127e-9
26.449, -3.126e-9
26.499, -3.126e-9
26.549, -3.126e-9
26.599, -3.126e-9
26.649, -3.126e-9
26.699, -3.126e-9
26.749, -3.126e-9
26.799, -3.126e-9
26.849, -3.126e-9
26.899, -3.126e-9
26.949, -3.126e-9
26.999, -3.125e-9
27.049, -3.126e-9
27.099, -3.126e-9
27.149, -3.126e-9
27.199, -3.126e-9
27.249, -3.125e-9
27.299, -3.126e-9
27.349, -3.126e-9
27.399, -3.125e-9
27.449, -3.126e-9
27.499, -3.126e-9
27.549, -3.126e-9
27.599, -3.126e-9
27.649, -3.126e-9
27.699, -3.127e-9
27.749, -3.127e-9
27.799, -3.127e-9
27.849, -3.126e-9
27.899, -3.126e-9
27.949, -3.125e-9
27.999, -3.126e-9
28.049, -3.125e-9
28.099, -3.126e-9
28.149, -3.125e-9
28.199, -3.125e-9
28.249, -3.126e-9
28.299, -3.126e-9
28.349, -3.126e-9
28.399, -3.125e-9
28.449, -3.126e-9
28.499, -3.126e-9
28.549, -3.126e-9
28.599, -3.126e-9
28.649, -3.126e-9
28.699, -3.126e-9
28.749, -3.125e-9
28.799, -3.125e-9
28.849, -3.125e-9
28.899, -3.125e-9
28.949, -3.125e-9
28.999, -3.125e-9
29.049, -3.125e-9
29.099, -3.126e-9
29.149, -3.126e-9
29.199, -3.125e-9
29.249, -3.125e-9
29.299, -3.126e-9
29.349, -3.126e-9
29.399, -3.126e-9
29.449, -3.125e-9
29.499, -3.126e-9
29.549, -3.125e-9
29.599, -3.126e-9
29.649, -3.126e-9
29.699, -3.125e-9
29.749, -3.126e-9
29.799, -3.125e-9
29.849, -3.125e-9
29.899, -3.126e-9
29.949, -3.126e-9
29.999, -3.125e-9
30.049, -3.125e-9
30.099, -3.126e-9
30.149, -3.126e-9
30.199, -3.126e-9
30.249, -3.125e-9
30.299, -3.126e-9
30.349, -3.126e-9
30.399, -3.125e-9
30.449, -3.125e-9
30.499, -3.125e-9
30.549, -3.126e-9
30.599, -3.126e-9
30.649, -3.125e-9
30.699, -3.126e-9
30.749, -3.126e-9
30.799, -3.126e-9
30.849, -3.125e-9
30.899, -3.126e-9
30.949, -3.126e-9
30.999, -3.126e-9
31.049, -3.126e-9
31.099, -3.126e-9
31.149, -3.126e-9
31.199, -3.125e-9
31.249, -3.125e-9
31.299, -3.126e-9
31.349, -3.125e-9
31.399, -3.125e-9
31.449, -3.126e-9
31.499, -3.126e-9
31.549, -3.126e-9
31.599, -3.125e-9
31.649, -3.126e-9
31.699, -3.126e-9
31.749, -3.125e-9
31.799, -3.125e-9
31.849, -3.126e-9
31.899, -3.126e-9
31.949, -3.126e-9
31.999, -3.126e-9
32.049, -3.125e-9
32.099, -3.126e-9
32.149, -3.126e-9
32.199, -3.125e-9
32.249, -3.125e-9
32.299, -3.125e-9
32.349, -3.125e-9
32.399, -3.125e-9
32.449, -3.125e-9
32.499, -3.126e-9
32.549, -3.126e-9
32.599, -3.126e-9
32.649, -3.126e-9
32.699, -3.125e-9
32.749, -3.125e-9
32.799, -3.126e-9
32.849, -3.125e-9
32.899, -3.126e-9
32.949, -3.125e-9
32.999, -3.125e-9
33.049, -3.126e-9
33.099, -3.125e-9
33.149, -3.125e-9
33.199, -3.125e-9
33.249, -3.126e-9
33.299, -3.125e-9
33.349, -3.126e-9
33.399, -3.125e-9
33.449, -3.125e-9
33.499, -3.126e-9
33.549, -3.125e-9
33.599, -3.125e-9
33.649, -3.125e-9
33.699, -3.125e-9
33.749, -3.125e-9
33.799, -3.125e-9
33.849, -3.126e-9
33.899, -3.125e-9
33.949, -3.125e-9
33.999, -3.125e-9
34.049, -3.125e-9
34.099, -3.125e-9
34.149, -3.125e-9
34.199, -3.125e-9
34.249, -3.126e-9
34.299, -3.125e-9
34.349, -3.125e-9
34.399, -3.125e-9
34.449, -3.126e-9
34.499, -3.126e-9
34.549, -3.125e-9
34.599, -3.125e-9
34.649, -3.125e-9
34.699, -3.126e-9
34.749, -3.125e-9
34.799, -3.125e-9
34.849, -3.125e-9
34.899, -3.126e-9
34.949, -3.125e-9
34.999, -3.125e-9
35.049, -3.125e-9
35.099, -3.125e-9
35.149, -3.125e-9
35.199, -3.125e-9
35.249, -3.125e-9
35.299, -3.125e-9
35.349, -3.125e-9
35.399, -3.125e-9
35.449, -3.125e-9
35.499, -3.126e-9
35.549, -3.125e-9
35.599, -3.125e-9
35.649, -3.125e-9
35.699, -3.124e-9
35.749, -3.125e-9
35.799, -3.125e-9
35.849, -3.126e-9
35.899, -3.125e-9
35.949, -3.125e-9
35.999, -3.125e-9
36.049, -3.126e-9
36.099, -3.125e-9
36.149, -3.125e-9
36.199, -3.125e-9
36.249, -3.125e-9
36.299, -3.125e-9
36.349, -3.125e-9
36.399, -3.126e-9
36.449, -3.125e-9
36.499, -3.126e-9
36.549, -3.125e-9
36.599, -3.125e-9
36.649, -3.125e-9
36.699, -3.125e-9
36.749, -3.125e-9
36.799, -3.125e-9
36.849, -3.125e-9
36.899, -3.125e-9
36.949, -3.124e-9
36.999, -3.125e-9
37.049, -3.125e-9
37.099, -3.125e-9
37.149, -3.125e-9
37.199, -3.125e-9
37.249, -3.125e-9
37.299, -3.125e-9
37.349, -3.125e-9
37.399, -3.125e-9
37.449, -3.125e-9
37.499, -3.125e-9
37.549, -3.125e-9
37.599, -3.125e-9
37.649, -3.125e-9
37.699, -3.125e-9
37.749, -3.125e-9
37.799, -3.125e-9
37.849, -3.126e-9
37.899, -3.125e-9
37.949, -3.125e-9
37.999, -3.125e-9
38.049, -3.125e-9
38.099, -3.125e-9
38.149, -3.125e-9
38.199, -3.125e-9
38.249, -3.125e-9
38.299, -3.125e-9
38.349, -3.125e-9
38.399, -3.125e-9
38.449, -3.125e-9
38.499, -3.125e-9
38.549, -3.125e-9
38.599, -3.125e-9
38.649, -3.125e-9
38.699, -3.125e-9
38.749, -3.125e-9
38.799, -3.126e-9
38.849, -3.125e-9
38.899, -3.125e-9
38.949, -3.125e-9
38.999, -3.125e-9
39.049, -3.124e-9
39.099, -3.125e-9
39.149, -3.125e-9
39.199, -3.125e-9
39.249, -3.124e-9
39.299, -3.125e-9
39.349, -3.125e-9
39.399, -3.125e-9
39.449, -3.125e-9
39.499, -3.125e-9
39.549, -3.125e-9
39.599, -3.125e-9
39.649, -3.125e-9
39.699, -3.125e-9
39.749, -3.125e-9
39.799, -3.125e-9
39.849, -3.125e-9
39.899, -3.125e-9
39.949, -3.125e-9
39.999, -3.125e-9
40.049, -3.125e-9
40.099, -3.125e-9
40.149, -3.124e-9
40.199, -3.125e-9
40.249, -3.125e-9
40.299, -3.125e-9
40.349, -3.125e-9
40.399, -3.124e-9
40.449, -3.125e-9
40.499, -3.125e-9
40.549, -3.125e-9
40.599, -3.125e-9
40.649, -3.125e-9
40.699, -3.125e-9
40.749, -3.125e-9
40.799, -3.124e-9
40.849, -3.125e-9
40.899, -3.124e-9
40.949, -3.125e-9
40.999, -3.125e-9
41.049, -3.125e-9
41.099, -3.125e-9
41.149, -3.125e-9
41.199, -3.125e-9
41.249, -3.125e-9
41.299, -3.125e-9
41.349, -3.124e-9
41.399, -3.125e-9
41.449, -3.125e-9
41.499, -3.124e-9
41.549, -3.124e-9
41.599, -3.125e-9
41.649, -3.125e-9
41.699, -3.125e-9
41.749, -3.125e-9
41.799, -3.125e-9
41.849, -3.125e-9
41.899, -3.125e-9
41.949, -3.125e-9
41.999, -3.124e-9
42.049, -3.124e-9
42.099, -3.125e-9
42.149, -3.125e-9
42.199, -3.124e-9
42.249, -3.125e-9
42.299, -3.124e-9
42.349, -3.125e-9
42.399, -3.125e-9
42.449, -3.125e-9
42.499, -3.124e-9
42.549, -3.125e-9
42.599, -3.125e-9
42.649, -3.125e-9
42.699, -3.124e-9
42.749, -3.125e-9
42.799, -3.125e-9
42.849, -3.125e-9
42.899, -3.125e-9
42.949, -3.124e-9
42.999, -3.125e-9
43.049, -3.125e-9
43.099, -3.125e-9
43.149, -3.125e-9
43.199, -3.124e-9
43.249, -3.125e-9
43.299, -3.125e-9
43.349, -3.125e-9
43.399, -3.125e-9
43.449, -3.125e-9
43.499, -3.124e-9
43.549, -3.124e-9
43.599, -3.125e-9
43.649, -3.125e-9
43.699, -3.125e-9
43.749, -3.125e-9
43.799, -3.125e-9
43.849, -3.125e-9
43.899, -3.125e-9
43.949, -3.125e-9
43.999, -3.125e-9
44.049, -3.125e-9
44.099, -3.125e-9
44.149, -3.124e-9
44.199, -3.125e-9
44.249, -3.125e-9
44.299, -3.124e-9
44.349, -3.124e-9
44.399, -3.124e-9
44.449, -3.124e-9
44.499, -3.124e-9
44.549, -3.125e-9
44.599, -3.124e-9
44.649, -3.125e-9
44.699, -3.124e-9
44.749, -3.124e-9
44.799, -3.125e-9
44.849, -3.125e-9
44.899, -3.125e-9
44.949, -3.125e-9
44.999, -3.124e-9
45.049, -3.124e-9
45.099, -3.124e-9
45.149, -3.125e-9
45.199, -3.125e-9
45.249, -3.124e-9
45.299, -3.124e-9
45.349, -3.124e-9
45.399, -3.124e-9
45.449, -3.124e-9
45.499, -3.125e-9
45.549, -3.124e-9
45.599, -3.124e-9
45.649, -3.125e-9
45.699, -3.124e-9
45.749, -3.124e-9
45.799, -3.124e-9
45.849, -3.124e-9
45.899, -3.125e-9
45.949, -3.125e-9
45.999, -3.125e-9
46.049, -3.125e-9
46.099, -3.125e-9
46.149, -3.125e-9
46.199, -3.124e-9
46.249, -3.124e-9
46.299, -3.125e-9
46.349, -3.124e-9
46.399, -3.125e-9
46.449, -3.125e-9
46.499, -3.124e-9
46.549, -3.124e-9
46.599, -3.124e-9
46.649, -3.124e-9
46.699, -3.124e-9
46.749, -3.124e-9
46.799, -3.124e-9
46.849, -3.124e-9
46.899, -3.124e-9
46.949, -3.124e-9
46.999, -3.124e-9
47.049, -3.124e-9
47.099, -3.124e-9
47.149, -3.124e-9
47.199, -3.124e-9
47.249, -3.124e-9
47.299, -3.124e-9
47.349, -3.125e-9
47.399, -3.124e-9
47.449, -3.124e-9
47.499, -3.124e-9
47.549, -3.124e-9
47.599, -3.124e-9
47.649, -3.124e-9
47.699, -3.124e-9
47.749, -3.124e-9
47.799, -3.124e-9
47.849, -3.124e-9
47.899, -3.124e-9
47.949, -3.124e-9
47.999, -3.124e-9
48.049, -3.124e-9
48.099, -3.125e-9
48.149, -3.124e-9
48.199, -3.124e-9
48.249, -3.125e-9
48.299, -3.124e-9
48.349, -3.125e-9
48.399, -3.125e-9
48.449, -3.124e-9
48.499, -3.124e-9
48.549, -3.124e-9
48.599, -3.125e-9
48.649, -3.124e-9
48.699, -3.124e-9
48.749, -3.125e-9
48.799, -3.124e-9
48.849, -3.124e-9
48.899, -3.124e-9
48.949, -3.124e-9
48.999, -3.124e-9
49.049, -3.124e-9
49.099, -3.125e-9
49.149, -3.124e-9
49.199, -3.124e-9
49.249, -3.124e-9
49.299, -3.124e-9
49.349, -3.124e-9
49.399, -3.125e-9
49.449, -3.124e-9
49.499, -3.124e-9
49.549, -3.124e-9
49.599, -3.124e-9
49.649, -3.124e-9
49.699, -3.124e-9
49.749, -3.124e-9
49.799, -3.124e-9
49.849, -3.124e-9
49.899, -3.124e-9
49.949, -3.124e-9
49.999, -3.124e-9
50.049, -3.124e-9
50.099, -3.124e-9
50.149, -3.124e-9
50.199, -3.124e-9
50.249, -3.124e-9
50.299, -3.125e-9
50.349, -3.125e-9
50.399, -3.125e-9
50.449, -3.125e-9
50.499, -3.126e-9
50.549, -3.125e-9
50.599, -3.125e-9
50.649, -3.125e-9
50.699, -3.124e-9
50.749, -3.125e-9
50.799, -3.124e-9
50.849, -3.124e-9
50.899, -3.124e-9
50.949, -3.124e-9
50.999, -3.124e-9
51.049, -3.124e-9
51.099, -3.124e-9
51.149, -3.124e-9
51.199, -3.124e-9
51.249, -3.124e-9
51.299, -3.124e-9
51.349, -3.124e-9
51.399, -3.124e-9
51.449, -3.124e-9
51.499, -3.124e-9
51.549, -3.124e-9
51.599, -3.124e-9
51.649, -3.124e-9
51.699, -3.124e-9
51.749, -3.124e-9
51.799, -3.124e-9
51.849, -3.124e-9
51.899, -3.123e-9
51.949, -3.123e-9
51.999, -3.123e-9
52.049, -3.124e-9
52.099, -3.124e-9
52.149, -3.124e-9
52.199, -3.124e-9
52.249, -3.123e-9
52.299, -3.123e-9
52.349, -3.124e-9
52.399, -3.124e-9
52.449, -3.124e-9
52.499, -3.124e-9
52.549, -3.124e-9
52.599, -3.124e-9
52.649, -3.124e-9
52.699, -3.123e-9
52.749, -3.124e-9
52.799, -3.124e-9
52.849, -3.124e-9
52.899, -3.124e-9
52.949, -3.124e-9
52.999, -3.124e-9
53.049, -3.124e-9
53.099, -3.124e-9
53.149, -3.124e-9
53.199, -3.124e-9
53.249, -3.124e-9
53.299, -3.124e-9
53.349, -3.124e-9
53.399, -3.124e-9
53.449, -3.125e-9
53.499, -3.124e-9
53.549, -3.124e-9
53.599, -3.123e-9
53.649, -3.123e-9
53.699, -3.123e-9
53.749, -3.124e-9
53.799, -3.124e-9
53.849, -3.124e-9
53.899, -3.124e-9
53.949, -3.124e-9
53.999, -3.124e-9
54.049, -3.124e-9
54.099, -3.124e-9
54.149, -3.124e-9
54.199, -3.124e-9
54.249, -3.123e-9
54.299, -3.123e-9
54.349, -3.124e-9
54.399, -3.124e-9
54.449, -3.124e-9
54.499, -3.124e-9
54.549, -3.124e-9
54.599, -3.124e-9
54.649, -3.123e-9
54.699, -3.124e-9
54.749, -3.123e-9
54.799, -3.124e-9
54.849, -3.124e-9
54.899, -3.124e-9
54.949, -3.124e-9
54.999, -3.124e-9
55.049, -3.124e-9
55.099, -3.124e-9
55.149, -3.124e-9
55.199, -3.124e-9
55.249, -3.123e-9
55.299, -3.124e-9
55.349, -3.124e-9
55.399, -3.124e-9
55.449, -3.124e-9
55.499, -3.124e-9
55.549, -3.124e-9
55.599, -3.124e-9
55.649, -3.123e-9
55.699, -3.123e-9
55.749, -3.123e-9
55.799, -3.124e-9
55.849, -3.123e-9
55.899, -3.124e-9
55.949, -3.124e-9
55.999, -3.124e-9
56.049, -3.124e-9
56.099, -3.124e-9
56.149, -3.124e-9
56.199, -3.124e-9
56.249, -3.123e-9
56.299, -3.124e-9
56.349, -3.124e-9
56.399, -3.124e-9
56.449, -3.124e-9
56.499, -3.124e-9
56.549, -3.124e-9
56.599, -3.124e-9
56.649, -3.124e-9
56.699, -3.124e-9
56.749, -3.124e-9
56.799, -3.123e-9
56.849, -3.124e-9
56.899, -3.123e-9
56.949, -3.123e-9
56.999, -3.123e-9
57.049, -3.124e-9
57.099, -3.123e-9
57.149, -3.124e-9
57.199, -3.124e-9
57.249, -3.124e-9
57.299, -3.123e-9
57.349, -3.124e-9
57.399, -3.123e-9
57.449, -3.124e-9
57.499, -3.124e-9
57.549, -3.124e-9
57.599, -3.124e-9
57.649, -3.124e-9
57.699, -3.124e-9
57.749, -3.124e-9
57.799, -3.124e-9
57.849, -3.123e-9
57.899, -3.123e-9
57.949, -3.123e-9
57.999, -3.123e-9
58.049, -3.124e-9
58.099, -3.124e-9
58.149, -3.124e-9
58.199, -3.124e-9
58.249, -3.124e-9
58.299, -3.124e-9
58.349, -3.124e-9
58.399, -3.123e-9
58.449, -3.124e-9
58.499, -3.124e-9
58.549, -3.123e-9
58.599, -3.124e-9
58.649, -3.123e-9
58.699, -3.123e-9
58.749, -3.123e-9
58.799, -3.123e-9
58.849, -3.123e-9
58.899, -3.124e-9
58.949, -3.124e-9
58.999, -3.123e-9
59.049, -3.124e-9
59.099, -3.124e-9
59.149, -3.124e-9
59.199, -3.124e-9
59.249, -3.124e-9
59.299, -3.123e-9
59.349, -3.123e-9
59.399, -3.123e-9
59.449, -3.123e-9
59.499, -3.123e-9
59.549, -3.123e-9
59.599, -3.123e-9
59.649, -3.124e-9
59.699, -3.124e-9
59.749, -3.124e-9
59.799, -3.124e-9
59.849, -3.123e-9
59.899, -3.123e-9
59.949, -3.124e-9
59.999, -3.123e-9
60.049, -3.124e-9
60.099, -3.123e-9
60.149, -3.124e-9
60.199, -3.123e-9
60.249, -3.123e-9
60.299, -3.123e-9
60.349, -3.124e-9
60.399, -3.124e-9
60.449, -3.123e-9
60.499, -3.123e-9
60.549, -3.124e-9
60.599, -3.124e-9
60.649, -3.124e-9
60.699, -3.124e-9
60.749, -3.124e-9
60.799, -3.123e-9
60.849, -3.123e-9
60.899, -3.123e-9
60.949, -3.123e-9
60.999, -3.124e-9
61.049, -3.124e-9
61.099, -3.123e-9
61.149, -3.124e-9
61.199, -3.124e-9
61.249, -3.123e-9
61.299, -3.123e-9
61.349, -3.123e-9
61.399, -3.123e-9
61.449, -3.123e-9
61.499, -3.123e-9
61.549, -3.123e-9
61.599, -3.123e-9
61.649, -3.123e-9
61.699, -3.123e-9
61.749, -3.124e-9
61.799, -3.123e-9
61.849, -3.123e-9
61.899, -3.123e-9
61.949, -3.123e-9
61.999, -3.124e-9
62.049, -3.123e-9
62.099, -3.124e-9
62.149, -3.124e-9
62.199, -3.124e-9
62.249, -3.123e-9
62.299, -3.124e-9
62.349, -3.124e-9
62.399, -3.123e-9
62.449, -3.123e-9
62.499, -3.124e-9
62.549, -3.123e-9
62.599, -3.124e-9
62.649, -3.123e-9
62.699, -3.123e-9
62.749, -3.124e-9
62.799, -3.123e-9
62.849, -3.123e-9
62.899, -3.123e-9
62.949, -3.123e-9
62.999, -3.123e-9
63.049, -3.123e-9
63.099, -3.123e-9
63.149, -3.123e-9
63.199, -3.123e-9
63.249, -3.123e-9
63.299, -3.123e-9
63.349, -3.123e-9
63.399, -3.123e-9
63.449, -3.123e-9
63.499, -3.123e-9
63.549, -3.123e-9
63.599, -3.123e-9
63.649, -3.123e-9
63.699, -3.123e-9
63.749, -3.123e-9
63.799, -3.123e-9
63.849, -3.123e-9
63.899, -3.123e-9
63.949, -3.123e-9
63.999, -3.123e-9
64.049, -3.123e-9
64.099, -3.123e-9
64.149, -3.123e-9
64.199, -3.123e-9
64.249, -3.123e-9
64.299, -3.123e-9
64.349, -3.123e-9
64.399, -3.123e-9
64.449, -3.123e-9
64.499, -3.123e-9
64.549, -3.123e-9
64.599, -3.123e-9
64.649, -3.123e-9
64.699, -3.123e-9
64.749, -3.123e-9
64.799, -3.123e-9
64.849, -3.123e-9
64.899, -3.123e-9
64.949, -3.123e-9
64.999, -3.123e-9
65.049, -3.123e-9
65.099, -3.123e-9
65.149, -3.123e-9
65.199, -3.123e-9
65.249, -3.123e-9
65.299, -3.123e-9
65.349, -3.123e-9
65.399, -3.123e-9
65.449, -3.123e-9
65.499, -3.123e-9
65.549, -3.123e-9
65.599, -3.123e-9
65.649, -3.123e-9
65.699, -3.123e-9
65.749, -3.123e-9
65.799, -3.123e-9
65.849, -3.123e-9
65.899, -3.123e-9
65.949, -3.123e-9
65.999, -3.123e-9
66.049, -3.123e-9
66.099, -3.123e-9
66.149, -3.123e-9
66.199, -3.123e-9
66.249, -3.123e-9
66.299, -3.123e-9
66.349, -3.122e-9
66.399, -3.123e-9
66.449, -3.123e-9
66.499, -3.123e-9
66.549, -3.123e-9
66.599, -3.123e-9
66.649, -3.124e-9
66.699, -3.123e-9
66.749, -3.123e-9
66.799, -3.123e-9
66.849, -3.123e-9
66.899, -3.123e-9
66.949, -3.123e-9
66.999, -3.123e-9
67.049, -3.123e-9
67.099, -3.123e-9
67.149, -3.123e-9
67.199, -3.123e-9
67.249, -3.123e-9
67.299, -3.123e-9
67.349, -3.123e-9
67.399, -3.123e-9
67.449, -3.123e-9
67.499, -3.123e-9
67.549, -3.123e-9
67.599, -3.123e-9
67.649, -3.123e-9
67.699, -3.122e-9
67.749, -3.123e-9
67.799, -3.123e-9
67.849, -3.123e-9
67.899, -3.123e-9
67.949, -3.123e-9
67.999, -3.123e-9
68.049, -3.123e-9
68.099, -3.123e-9
68.149, -3.123e-9
68.199, -3.123e-9
68.249, -3.123e-9
68.299, -3.123e-9
68.349, -3.122e-9
68.399, -3.123e-9
68.449, -3.123e-9
68.499, -3.123e-9
68.549, -3.123e-9
68.599, -3.123e-9
68.649, -3.123e-9
68.699, -3.123e-9
68.749, -3.123e-9
68.799, -3.123e-9
68.849, -3.123e-9
68.899, -3.123e-9
68.949, -3.123e-9
68.999, -3.123e-9
69.049, -3.123e-9
69.099, -3.122e-9
69.149, -3.123e-9
69.199, -3.123e-9
69.249, -3.123e-9
69.299, -3.123e-9
69.349, -3.123e-9
69.399, -3.123e-9
69.449, -3.123e-9
69.499, -3.123e-9
69.549, -3.123e-9
69.599, -3.123e-9
69.649, -3.123e-9
69.699, -3.123e-9
69.749, -3.122e-9
69.799, -3.123e-9
69.849, -3.122e-9
69.899, -3.123e-9
69.949, -3.123e-9
69.999, -3.123e-9
70.049, -3.123e-9
70.099, -3.123e-9
70.149, -3.123e-9
70.199, -3.123e-9
70.249, -3.123e-9
70.299, -3.123e-9
70.349, -3.123e-9
70.399, -3.123e-9
70.449, -3.122e-9
70.499, -3.123e-9
70.549, -3.123e-9
70.599, -3.123e-9
70.649, -3.123e-9
70.699, -3.123e-9
70.749, -3.122e-9
70.799, -3.123e-9
70.849, -3.123e-9
70.899, -3.123e-9
70.949, -3.123e-9
70.999, -3.123e-9
71.049, -3.123e-9
71.099, -3.122e-9
71.149, -3.122e-9
71.199, -3.123e-9
71.249, -3.123e-9
71.299, -3.122e-9
71.349, -3.123e-9
71.399, -3.123e-9
71.449, -3.122e-9
71.499, -3.122e-9
71.549, -3.122e-9
71.599, -3.123e-9
71.649, -3.122e-9
71.699, -3.122e-9
71.749, -3.123e-9
71.799, -3.123e-9
71.849, -3.123e-9
71.899, -3.122e-9
71.949, -3.122e-9
71.999, -3.122e-9
72.049, -3.123e-9
72.099, -3.123e-9
72.149, -3.122e-9
72.199, -3.122e-9
72.249, -3.122e-9
72.299, -3.122e-9
72.349, -3.123e-9
72.399, -3.123e-9
72.449, -3.122e-9
72.499, -3.123e-9
72.549, -3.122e-9
72.599, -3.122e-9
72.649, -3.123e-9
72.699, -3.123e-9
72.749, -3.123e-9
72.799, -3.122e-9
72.849, -3.122e-9
72.899, -3.123e-9
72.949, -3.122e-9
72.999, -3.122e-9
73.049, -3.122e-9
73.099, -3.123e-9
73.149, -3.122e-9
73.199, -3.123e-9
73.249, -3.123e-9
73.299, -3.123e-9
73.349, -3.123e-9
73.399, -3.122e-9
73.449, -3.122e-9
73.499, -3.123e-9
73.549, -3.123e-9
73.599, -3.123e-9
73.649, -3.123e-9
73.699, -3.122e-9
73.749, -3.123e-9
73.799, -3.123e-9
73.849, -3.123e-9
73.899, -3.123e-9
73.949, -3.122e-9
73.999, -3.122e-9
74.049, -3.122e-9
74.099, -3.122e-9
74.149, -3.123e-9
74.199, -3.122e-9
74.249, -3.122e-9
74.299, -3.122e-9
74.349, -3.122e-9
74.399, -3.122e-9
74.450, -3.122e-9
74.500, -3.122e-9
74.550, -3.123e-9
74.600, -3.123e-9
74.650, -3.123e-9
74.700, -3.122e-9
74.750, -3.122e-9
74.800, -3.122e-9
74.850, -3.123e-9
74.900, -3.123e-9
74.950, -3.122e-9
75.000, -3.122e-9
75.050, -3.122e-9
75.100, -3.123e-9
75.150, -3.122e-9
75.200, -3.122e-9
75.250, -3.123e-9
75.300, -3.122e-9
75.350, -3.122e-9
75.400, -3.123e-9
75.450, -3.122e-9
75.500, -3.122e-9
75.550, -3.122e-9
75.600, -3.122e-9
75.650, -3.122e-9
75.700, -3.122e-9
75.750, -3.122e-9
75.800, -3.123e-9
75.850, -3.123e-9
75.900, -3.122e-9
75.950, -3.122e-9
76.000, -3.122e-9
76.050, -3.122e-9
76.100, -3.122e-9
76.150, -3.122e-9
76.200, -3.122e-9
76.250, -3.122e-9
76.300, -3.122e-9
76.350, -3.122e-9
76.400, -3.122e-9
76.450, -3.122e-9
76.500, -3.122e-9
76.550, -3.122e-9
76.600, -3.122e-9
76.650, -3.122e-9
76.700, -3.122e-9
76.750, -3.122e-9
76.800, -3.122e-9
76.850, -3.123e-9
76.900, -3.122e-9
76.950, -3.122e-9
77.000, -3.122e-9
77.050, -3.122e-9
77.100, -3.122e-9
77.150, -3.122e-9
77.200, -3.123e-9
77.250, -3.122e-9
77.300, -3.122e-9
77.350, -3.122e-9
77.400, -3.122e-9
77.450, -3.122e-9
77.500, -3.122e-9
77.550, -3.122e-9
77.600, -3.122e-9
77.650, -3.122e-9
77.700, -3.123e-9
77.750, -3.122e-9
77.800, -3.122e-9
77.850, -3.122e-9
77.900, -3.122e-9
77.950, -3.122e-9
78.000, -3.122e-9
78.050, -3.122e-9
78.100, -3.122e-9
78.150, -3.122e-9
78.200, -3.122e-9
78.250, -3.122e-9
78.300, -3.122e-9
78.350, -3.122e-9
78.400, -3.122e-9
78.450, -3.122e-9
78.500, -3.122e-9
78.550, -3.123e-9
78.600, -3.123e-9
78.650, -3.123e-9
78.700, -3.122e-9
78.750, -3.122e-9
78.800, -3.122e-9
78.850, -3.122e-9
78.900, -3.122e-9
78.950, -3.122e-9
79.000, -3.121e-9
79.050, -3.122e-9
79.100, -3.122e-9
79.150, -3.122e-9
79.200, -3.122e-9
79.250, -3.122e-9
79.300, -3.122e-9
79.350, -3.122e-9
79.400, -3.122e-9
79.450, -3.122e-9
79.500, -3.122e-9
79.550, -3.122e-9
79.600, -3.122e-9
79.650, -3.122e-9
79.700, -3.122e-9
79.750, -3.122e-9
79.800, -3.122e-9
79.850, -3.122e-9
79.900, -3.122e-9
79.950, -3.122e-9
80.000, -3.122e-9
80.050, -3.122e-9
80.100, -3.122e-9
80.150, -3.122e-9
80.200, -3.122e-9
80.250, -3.122e-9
80.300, -3.121e-9
80.350, -3.122e-9
80.400, -3.122e-9
80.450, -3.122e-9
80.500, -3.122e-9
80.550, -3.122e-9
80.600, -3.123e-9
80.650, -3.123e-9
80.700, -3.122e-9
80.750, -3.122e-9
80.800, -3.122e-9
80.850, -3.121e-9
80.900, -3.122e-9
80.950, -3.122e-9
81.000, -3.122e-9
81.050, -3.122e-9
81.100, -3.122e-9
81.150, -3.123e-9
81.200, -3.122e-9
81.250, -3.122e-9
81.300, -3.121e-9
81.350, -3.122e-9
81.400, -3.122e-9
81.450, -3.122e-9
81.500, -3.121e-9
81.550, -3.122e-9
81.600, -3.122e-9
81.650, -3.122e-9
81.700, -3.122e-9
81.750, -3.121e-9
81.800, -3.122e-9
81.850, -3.122e-9
81.900, -3.121e-9
81.950, -3.121e-9
82.000, -3.122e-9
82.050, -3.121e-9
82.100, -3.121e-9
82.150, -3.122e-9
82.200, -3.121e-9
82.250, -3.121e-9
82.300, -3.122e-9
82.350, -3.122e-9
82.400, -3.122e-9
82.450, -3.122e-9
82.500, -3.122e-9
82.550, -3.122e-9
82.600, -3.122e-9
82.650, -3.122e-9
82.700, -3.122e-9
82.750, -3.121e-9
82.800, -3.122e-9
82.850, -3.122e-9
82.900, -3.122e-9
82.950, -3.122e-9
83.000, -3.121e-9
83.050, -3.122e-9
83.100, -3.122e-9
83.150, -3.122e-9
83.200, -3.122e-9
83.250, -3.122e-9
83.300, -3.121e-9
83.350, -3.122e-9
83.400, -3.122e-9
83.450, -3.122e-9
83.500, -3.122e-9
83.550, -3.122e-9
83.600, -3.122e-9
83.650, -3.122e-9
83.700, -3.122e-9
83.750, -3.121e-9
83.800, -3.121e-9
83.850, -3.121e-9
83.900, -3.122e-9
83.950, -3.122e-9
84.000, -3.121e-9
84.050, -3.121e-9
84.100, -3.122e-9
84.150, -3.121e-9
84.200, -3.121e-9
84.250, -3.122e-9
84.300, -3.121e-9
84.350, -3.122e-9
84.400, -3.122e-9
84.450, -3.121e-9
84.500, -3.121e-9
84.550, -3.121e-9
84.600, -3.121e-9
84.650, -3.121e-9
84.700, -3.122e-9
84.750, -3.121e-9
84.800, -3.121e-9
84.850, -3.121e-9
84.900, -3.122e-9
84.950, -3.121e-9
85.000, -3.122e-9
85.050, -3.122e-9
85.100, -3.122e-9
85.150, -3.122e-9
85.200, -3.122e-9
85.250, -3.122e-9
85.300, -3.122e-9
85.350, -3.122e-9
85.400, -3.122e-9
85.450, -3.122e-9
85.500, -3.121e-9
85.550, -3.121e-9
85.600, -3.122e-9
85.650, -3.122e-9
85.700, -3.122e-9
85.750, -3.122e-9
85.800, -3.122e-9
85.850, -3.122e-9
85.900, -3.121e-9
85.950, -3.122e-9
86.000, -3.122e-9
86.050, -3.121e-9
86.100, -3.121e-9
86.150, -3.121e-9
86.200, -3.122e-9
86.250, -3.121e-9
86.300, -3.121e-9
86.350, -3.122e-9
86.400, -3.121e-9
86.450, -3.122e-9
86.500, -3.121e-9
86.550, -3.121e-9
86.600, -3.122e-9
86.650, -3.122e-9
86.700, -3.122e-9
86.750, -3.121e-9
86.800, -3.121e-9
86.850, -3.121e-9
86.900, -3.122e-9
86.950, -3.122e-9
87.000, -3.121e-9
87.050, -3.121e-9
87.100, -3.121e-9
87.150, -3.121e-9
87.200, -3.121e-9
87.250, -3.122e-9
87.300, -3.122e-9
87.350, -3.122e-9
87.400, -3.121e-9
87.450, -3.121e-9
87.500, -3.121e-9
87.550, -3.121e-9
87.600, -3.121e-9
87.650, -3.122e-9
87.700, -3.122e-9
87.750, -3.121e-9
87.800, -3.121e-9
87.850, -3.121e-9
87.900, -3.122e-9
87.950, -3.122e-9
88.000, -3.122e-9
88.050, -3.122e-9
88.100, -3.122e-9
88.150, -3.121e-9
88.200, -3.121e-9
88.250, -3.121e-9
88.300, -3.121e-9
88.350, -3.121e-9
88.400, -3.122e-9
88.450, -3.122e-9
88.500, -3.122e-9
88.550, -3.121e-9
88.600, -3.121e-9
88.650, -3.121e-9
88.700, -3.121e-9
88.750, -3.122e-9
88.800, -3.121e-9
88.850, -3.121e-9
88.900, -3.121e-9
88.950, -3.121e-9
89.000, -3.121e-9
89.050, -3.121e-9
89.100, -3.121e-9
89.150, -3.121e-9
89.200, -3.121e-9
89.250, -3.121e-9
89.300, -3.121e-9
89.350, -3.121e-9
89.400, -3.121e-9
89.450, -3.121e-9
89.500, -3.121e-9
89.550, -3.122e-9
89.600, -3.122e-9
89.650, -3.121e-9
89.700, -3.122e-9
89.750, -3.122e-9
89.800, -3.122e-9
89.850, -3.121e-9
89.900, -3.121e-9
89.950, -3.121e-9
90.000, -3.121e-9
90.050, -3.121e-9
90.100, -3.121e-9
90.150, -3.121e-9
90.200, -3.121e-9
90.250, -3.121e-9
90.300, -3.121e-9
90.350, -3.121e-9
90.400, -3.121e-9
90.450, -3.121e-9
90.500, -3.121e-9
90.550, -3.121e-9
90.600, -3.121e-9
90.650, -3.121e-9
90.700, -3.121e-9
90.750, -3.121e-9
90.800, -3.121e-9
90.851, -3.121e-9
90.901, -3.121e-9
90.951, -3.121e-9
91.001, -3.121e-9
91.051, -3.121e-9
91.101, -3.121e-9
91.151, -3.122e-9
91.201, -3.122e-9
91.251, -3.121e-9
91.301, -3.121e-9
91.351, -3.122e-9
91.401, -3.121e-9
91.451, -3.121e-9
91.501, -3.121e-9
91.551, -3.121e-9
91.601, -3.121e-9
91.651, -3.121e-9
91.701, -3.121e-9
91.751, -3.121e-9
91.801, -3.121e-9
91.851, -3.121e-9
91.901, -3.121e-9
91.951, -3.121e-9
92.001, -3.121e-9
92.051, -3.121e-9
92.101, -3.121e-9
92.151, -3.121e-9
92.201, -3.121e-9
92.251, -3.121e-9
92.301, -3.121e-9
92.351, -3.121e-9
92.401, -3.121e-9
92.451, -3.121e-9
92.501, -3.121e-9
92.551, -3.121e-9
92.601, -3.121e-9
92.651, -3.121e-9
92.701, -3.121e-9
92.751, -3.121e-9
92.801, -3.121e-9
92.851, -3.121e-9
92.901, -3.121e-9
92.951, -3.122e-9
93.001, -3.121e-9
93.051, -3.121e-9
93.101, -3.121e-9
93.151, -3.122e-9
93.201, -3.121e-9
93.251, -3.121e-9
93.301, -3.121e-9
93.351, -3.121e-9
93.401, -3.122e-9
93.451, -3.121e-9
93.501, -3.121e-9
93.551, -3.121e-9
93.601, -3.120e-9
93.651, -3.120e-9
93.701, -3.120e-9
93.751, -3.121e-9
93.801, -3.121e-9
93.851, -3.121e-9
93.901, -3.121e-9
93.951, -3.121e-9
94.001, -3.121e-9
94.051, -3.121e-9
94.101, -3.121e-9
94.151, -3.121e-9
94.201, -3.121e-9
94.251, -3.121e-9
94.301, -3.121e-9
94.351, -3.121e-9
94.401, -3.121e-9
94.451, -3.121e-9
94.501, -3.121e-9
94.551, -3.121e-9
94.601, -3.121e-9
94.651, -3.121e-9
94.701, -3.121e-9
94.751, -3.121e-9
94.801, -3.121e-9
94.851, -3.121e-9
94.901, -3.121e-9
94.951, -3.121e-9
95.001, -3.121e-9
95.051, -3.121e-9
95.101, -3.121e-9
95.151, -3.121e-9
95.201, -3.121e-9
95.251, -3.121e-9
95.301, -3.121e-9
95.351, -3.121e-9
95.401, -3.121e-9
95.451, -3.121e-9
95.501, -3.121e-9
95.551, -3.121e-9
95.601, -3.121e-9
95.651, -3.121e-9
95.701, -3.120e-9
95.751, -3.120e-9
95.801, -3.121e-9
95.851, -3.121e-9
95.901, -3.121e-9
95.951, -3.121e-9
96.001, -3.121e-9
96.051, -3.121e-9
96.101, -3.121e-9
96.151, -3.121e-9
96.201, -3.121e-9
96.251, -3.121e-9
96.301, -3.121e-9
96.351, -3.121e-9
96.401, -3.121e-9
96.451, -3.121e-9
96.501, -3.121e-9
96.551, -3.121e-9
96.601, -3.121e-9
96.651, -3.121e-9
96.701, -3.121e-9
96.751, -3.121e-9
96.801, -3.121e-9
96.851, -3.121e-9
96.901, -3.121e-9
96.951, -3.121e-9
97.001, -3.121e-9
97.051, -3.121e-9
97.101, -3.121e-9
97.151, -3.121e-9
97.201, -3.120e-9
97.251, -3.121e-9
97.301, -3.121e-9
97.351, -3.121e-9
97.401, -3.121e-9
97.451, -3.121e-9
97.501, -3.121e-9
97.551, -3.121e-9
97.601, -3.121e-9
97.651, -3.121e-9
97.701, -3.121e-9
97.751, -3.121e-9
97.801, -3.121e-9
97.851, -3.121e-9
97.901, -3.121e-9
97.951, -3.121e-9
98.001, -3.121e-9
98.051, -3.121e-9
98.101, -3.121e-9
98.151, -3.120e-9
98.201, -3.120e-9
98.251, -3.121e-9
98.301, -3.121e-9
98.351, -3.121e-9
98.401, -3.121e-9
98.451, -3.121e-9
98.501, -3.120e-9
98.551, -3.121e-9
98.601, -3.121e-9
98.651, -3.121e-9
98.701, -3.121e-9
98.751, -3.121e-9
98.801, -3.121e-9
98.851, -3.121e-9
98.901, -3.121e-9
98.951, -3.121e-9
99.001, -3.121e-9
99.051, -3.121e-9
99.101, -3.121e-9
99.151, -3.121e-9
99.201, -3.121e-9
99.251, -3.120e-9
99.301, -3.121e-9
99.351, -3.121e-9
99.401, -3.121e-9
99.451, -3.121e-9
99.501, -3.121e-9
99.551, -3.120e-9
99.601, -3.121e-9
99.651, -3.121e-9
99.701, -3.120e-9
99.751, -3.120e-9
99.801, -3.121e-9
99.851, -3.120e-9
99.901, -3.121e-9
99.951, -3.121e-9
100.001, -3.121e-9
100.051, -3.120e-9
100.101, -3.121e-9
100.151, -3.120e-9
100.201, -3.120e-9
100.251, -3.120e-9
100.301, -3.120e-9
100.351, -3.120e-9
100.401, -3.120e-9
100.451, -3.120e-9
100.501, -3.121e-9
100.551, -3.121e-9
100.601, -3.121e-9
100.651, -3.120e-9
100.701, -3.120e-9
100.751, -3.120e-9
100.801, -3.121e-9
100.851, -3.121e-9
100.901, -3.121e-9
100.951, -3.120e-9
101.001, -3.121e-9
101.051, -3.120e-9
101.101, -3.121e-9
101.151, -3.121e-9
101.201, -3.121e-9
101.251, -3.121e-9
101.301, -3.121e-9
101.351, -3.120e-9
101.401, -3.121e-9
101.451, -3.121e-9
101.501, -3.121e-9
101.551, -3.120e-9
101.601, -3.120e-9
101.651, -3.120e-9
101.701, -3.121e-9
101.751, -3.121e-9
101.801, -3.121e-9
101.851, -3.120e-9
101.901, -3.120e-9
101.951, -3.120e-9
102.001, -3.120e-9
102.051, -3.121e-9
102.101, -3.121e-9
102.151, -3.121e-9
102.201, -3.120e-9
102.251, -3.120e-9
102.301, -3.120e-9
102.351, -3.121e-9
102.401, -3.121e-9
102.451, -3.120e-9
102.501, -3.121e-9
102.551, -3.120e-9
102.601, -3.120e-9
102.651, -3.120e-9
102.701, -3.120e-9
102.751, -3.120e-9
102.801, -3.121e-9
102.851, -3.121e-9
102.901, -3.120e-9
102.951, -3.120e-9
103.001, -3.120e-9
103.051, -3.121e-9
103.101, -3.120e-9
103.151, -3.120e-9
103.201, -3.120e-9
103.251, -3.120e-9
103.301, -3.120e-9
103.351, -3.121e-9
103.401, -3.121e-9
103.451, -3.120e-9
103.501, -3.120e-9
103.551, -3.120e-9
103.601, -3.120e-9
103.651, -3.121e-9
103.701, -3.121e-9
103.751, -3.120e-9
103.801, -3.120e-9
103.851, -3.120e-9
103.901, -3.120e-9
103.951, -3.120e-9
104.001, -3.120e-9
104.051, -3.121e-9
104.101, -3.120e-9
104.151, -3.120e-9
104.201, -3.120e-9
104.251, -3.120e-9
104.301, -3.120e-9
104.351, -3.120e-9
104.401, -3.120e-9
104.451, -3.120e-9
104.501, -3.120e-9
104.551, -3.120e-9
104.601, -3.120e-9
104.651, -3.120e-9
104.701, -3.120e-9
104.751, -3.120e-9
104.801, -3.120e-9
104.851, -3.121e-9
104.901, -3.120e-9
104.951, -3.120e-9
105.001, -3.120e-9
105.051, -3.120e-9
105.101, -3.120e-9
105.151, -3.120e-9
105.201, -3.120e-9
105.251, -3.120e-9
105.301, -3.120e-9
105.351, -3.120e-9
105.401, -3.120e-9
105.451, -3.120e-9
105.501, -3.120e-9
105.551, -3.120e-9
105.601, -3.120e-9
105.651, -3.120e-9
105.701, -3.120e-9
105.751, -3.120e-9
105.801, -3.120e-9
105.851, -3.120e-9
105.901, -3.121e-9
105.951, -3.120e-9
106.001, -3.120e-9
106.051, -3.120e-9
106.101, -3.120e-9
106.151, -3.120e-9
106.201, -3.120e-9
106.251, -3.120e-9
106.301, -3.120e-9
106.351, -3.120e-9
106.401, -3.120e-9
106.451, -3.119e-9
106.501, -3.120e-9
106.551, -3.120e-9
106.601, -3.120e-9
106.651, -3.120e-9
106.701, -3.120e-9
106.751, -3.120e-9
106.801, -3.120e-9
106.851, -3.120e-9
106.901, -3.120e-9
106.951, -3.120e-9
107.001, -3.120e-9
107.051, -3.120e-9
107.101, -3.120e-9
107.151, -3.120e-9
107.201, -3.120e-9
107.252, -3.120e-9
107.302, -3.120e-9
107.352, -3.120e-9
107.402, -3.120e-9
107.452, -3.120e-9
107.502, -3.120e-9
107.552, -3.120e-9
107.602, -3.120e-9
107.652, -3.120e-9
107.702, -3.121e-9
107.752, -3.120e-9
107.802, -3.120e-9
107.852, -3.120e-9
107.902, -3.120e-9
107.952, -3.120e-9
108.002, -3.120e-9
108.052, -3.120e-9
108.102, -3.120e-9
108.152, -3.120e-9
108.202, -3.120e-9
108.252, -3.120e-9
108.302, -3.120e-9
108.352, -3.120e-9
108.402, -3.120e-9
108.452, -3.121e-9
108.502, -3.120e-9
108.552, -3.120e-9
108.602, -3.120e-9
108.652, -3.120e-9
108.702, -3.120e-9
108.752, -3.120e-9
108.802, -3.120e-9
108.852, -3.120e-9
108.902, -3.120e-9
108.952, -3.120e-9
109.002, -3.120e-9
109.052, -3.120e-9
109.102, -3.120e-9
109.152, -3.120e-9
109.202, -3.120e-9
109.252, -3.120e-9
109.302, -3.120e-9
109.352, -3.120e-9
109.402, -3.120e-9
109.452, -3.120e-9
109.502, -3.120e-9
109.552, -3.120e-9
109.602, -3.120e-9
109.652, -3.120e-9
109.702, -3.120e-9
109.752, -3.120e-9
109.802, -3.120e-9
109.852, -3.120e-9
109.902, -3.120e-9
109.952, -3.120e-9
110.002, -3.120e-9
110.052, -3.120e-9
110.102, -3.120e-9
110.152, -3.120e-9
110.202, -3.120e-9
110.252, -3.120e-9
110.302, -3.120e-9
110.352, -3.120e-9
110.402, -3.119e-9
110.452, -3.119e-9
110.502, -3.120e-9
110.552, -3.120e-9
110.602, -3.120e-9
110.652, -3.120e-9
110.702, -3.120e-9
110.752, -3.120e-9
110.802, -3.120e-9
110.852, -3.120e-9
110.902, -3.119e-9
110.952, -3.119e-9
111.002, -3.120e-9
111.052, -3.119e-9
111.102, -3.119e-9
111.152, -3.120e-9
111.202, -3.120e-9
111.252, -3.120e-9
111.302, -3.120e-9
111.352, -3.120e-9
111.402, -3.120e-9
111.452, -3.120e-9
111.502, -3.120e-9
111.552, -3.120e-9
111.602, -3.120e-9
111.652, -3.120e-9
111.702, -3.120e-9
111.752, -3.120e-9
111.802, -3.119e-9
111.852, -3.119e-9
111.902, -3.120e-9
111.952, -3.120e-9
112.002, -3.120e-9
112.052, -3.120e-9
112.102, -3.120e-9
112.152, -3.119e-9
112.202, -3.119e-9
112.252, -3.120e-9
112.302, -3.120e-9
112.352, -3.119e-9
112.402, -3.119e-9
112.452, -3.120e-9
112.502, -3.120e-9
112.552, -3.120e-9
112.602, -3.121e-9
112.652, -3.120e-9
112.702, -3.120e-9
112.752, -3.120e-9
112.802, -3.120e-9
112.852, -3.120e-9
112.902, -3.119e-9
112.952, -3.119e-9
113.002, -3.119e-9
113.052, -3.120e-9
113.102, -3.120e-9
113.152, -3.120e-9
113.202, -3.119e-9
113.252, -3.119e-9
113.302, -3.120e-9
113.352, -3.120e-9
113.402, -3.120e-9
113.452, -3.120e-9
113.502, -3.120e-9
113.552, -3.120e-9
113.602, -3.120e-9
113.652, -3.120e-9
113.702, -3.120e-9
113.752, -3.119e-9
113.802, -3.120e-9
113.852, -3.119e-9
113.902, -3.119e-9
113.952, -3.120e-9
114.002, -3.120e-9
114.052, -3.119e-9
114.102, -3.119e-9
114.152, -3.119e-9
114.202, -3.120e-9
114.252, -3.120e-9
114.302, -3.120e-9
114.352, -3.120e-9
114.402, -3.119e-9
114.452, -3.119e-9
114.502, -3.120e-9
114.552, -3.120e-9
114.602, -3.120e-9
114.652, -3.120e-9
114.702, -3.120e-9
114.752, -3.119e-9
114.802, -3.120e-9
114.852, -3.120e-9
114.902, -3.119e-9
114.952, -3.119e-9
115.002, -3.119e-9
115.052, -3.120e-9
115.102, -3.120e-9
115.152, -3.120e-9
115.202, -3.119e-9
115.252, -3.120e-9
115.302, -3.120e-9
115.352, -3.120e-9
115.402, -3.120e-9
115.452, -3.119e-9
115.502, -3.119e-9
115.552, -3.119e-9
115.602, -3.120e-9
115.652, -3.120e-9
115.702, -3.119e-9
115.752, -3.120e-9
115.802, -3.119e-9
115.852, -3.120e-9
115.902, -3.119e-9
115.952, -3.120e-9
116.002, -3.120e-9
116.052, -3.120e-9
116.102, -3.119e-9
116.152, -3.119e-9
116.202, -3.120e-9
116.252, -3.120e-9
116.302, -3.120e-9
116.352, -3.120e-9
116.402, -3.119e-9
116.452, -3.119e-9
116.502, -3.119e-9
116.552, -3.119e-9
116.602, -3.119e-9
116.652, -3.119e-9
116.702, -3.120e-9
116.752, -3.120e-9
116.802, -3.120e-9
116.852, -3.120e-9
116.902, -3.120e-9
116.952, -3.120e-9
117.002, -3.119e-9
117.052, -3.120e-9
117.102, -3.120e-9
117.152, -3.119e-9
117.202, -3.119e-9
117.252, -3.119e-9
117.302, -3.120e-9
117.352, -3.120e-9
117.402, -3.119e-9
117.452, -3.119e-9
117.502, -3.119e-9
117.552, -3.120e-9
117.602, -3.120e-9
117.652, -3.119e-9
117.702, -3.119e-9
117.752, -3.120e-9
117.802, -3.120e-9
117.852, -3.120e-9
117.902, -3.120e-9
117.952, -3.120e-9
118.002, -3.119e-9
118.052, -3.119e-9
118.102, -3.119e-9
118.152, -3.119e-9
118.202, -3.120e-9
118.252, -3.119e-9
118.302, -3.119e-9
118.352, -3.119e-9
118.402, -3.120e-9
118.452, -3.120e-9
118.502, -3.119e-9
118.552, -3.119e-9
118.602, -3.119e-9
118.652, -3.119e-9
118.702, -3.120e-9
118.752, -3.119e-9
118.802, -3.119e-9
118.852, -3.120e-9
118.902, -3.119e-9
118.952, -3.119e-9
119.002, -3.119e-9
119.052, -3.119e-9
119.102, -3.119e-9
119.152, -3.119e-9
119.202, -3.120e-9
119.252, -3.119e-9
119.302, -3.120e-9
119.352, -3.119e-9
119.402, -3.119e-9
119.452, -3.119e-9
119.502, -3.119e-9
119.552, -3.120e-9
119.602, -3.119e-9
119.652, -3.119e-9
119.702, -3.119e-9
119.752, -3.119e-9
119.802, -3.120e-9
119.852, -3.120e-9
119.902, -3.119e-9
119.952, -3.119e-9
120.002, -3.119e-9
120.052, -3.120e-9
120.102, -3.120e-9
120.152, -3.119e-9
120.202, -3.119e-9
120.252, -3.119e-9
120.302, -3.119e-9
120.352, -3.119e-9
120.402, -3.120e-9
120.452, -3.119e-9
120.502, -3.120e-9
120.552, -3.120e-9
120.602, -3.120e-9
120.652, -3.119e-9
120.702, -3.119e-9
120.752, -3.119e-9
120.802, -3.119e-9
120.852, -3.120e-9
120.902, -3.120e-9
120.952, -3.119e-9
121.002, -3.119e-9
121.052, -3.120e-9
121.102, -3.120e-9
121.152, -3.119e-9
121.202, -3.119e-9
121.252, -3.119e-9
121.302, -3.119e-9
121.352, -3.119e-9
121.402, -3.119e-9
121.452, -3.119e-9
121.502, -3.119e-9
121.552, -3.119e-9
121.602, -3.119e-9
121.652, -3.119e-9
121.702, -3.120e-9
121.752, -3.119e-9
121.802, -3.119e-9
121.852, -3.120e-9
121.902, -3.119e-9
121.952, -3.119e-9
122.002, -3.120e-9
122.052, -3.119e-9
122.102, -3.119e-9
122.152, -3.119e-9
122.202, -3.120e-9
122.252, -3.119e-9
122.302, -3.119e-9
122.352, -3.119e-9
122.402, -3.119e-9
122.452, -3.119e-9
122.502, -3.119e-9
122.552, -3.119e-9
122.602, -3.119e-9
122.652, -3.119e-9
122.702, -3.120e-9
122.752, -3.119e-9
122.802, -3.119e-9
122.852, -3.120e-9
122.902, -3.120e-9
122.952, -3.119e-9
123.002, -3.119e-9
123.052, -3.119e-9
123.102, -3.119e-9
123.152, -3.119e-9
123.202, -3.119e-9
123.252, -3.119e-9
123.302, -3.119e-9
123.352, -3.119e-9
123.402, -3.120e-9
123.452, -3.120e-9
123.502, -3.119e-9
123.552, -3.119e-9
123.603, -3.119e-9
123.653, -3.119e-9
123.703, -3.119e-9
123.753, -3.119e-9
123.803, -3.119e-9
123.853, -3.119e-9
123.903, -3.119e-9
123.953, -3.119e-9
124.003, -3.120e-9
124.053, -3.120e-9
124.103, -3.119e-9
124.153, -3.119e-9
124.203, -3.119e-9
124.253, -3.119e-9
124.303, -3.119e-9
124.353, -3.119e-9
124.403, -3.119e-9
124.453, -3.119e-9
124.503, -3.119e-9
124.553, -3.119e-9
124.603, -3.118e-9
124.653, -3.118e-9
124.703, -3.118e-9
124.753, -3.119e-9
124.803, -3.119e-9
124.853, -3.119e-9
124.903, -3.120e-9
124.953, -3.119e-9
125.003, -3.119e-9
125.053, -3.119e-9
125.103, -3.119e-9
125.153, -3.119e-9
125.203, -3.120e-9
125.253, -3.120e-9
125.303, -3.121e-9
125.353, -3.120e-9
125.403, -3.121e-9
125.453, -3.122e-9
125.503, -3.121e-9
125.553, -3.121e-9
125.603, -3.121e-9
125.653, -3.121e-9
125.703, -3.121e-9
125.753, -3.121e-9
125.803, -3.121e-9
125.853, -3.120e-9
125.903, -3.119e-9
125.953, -3.118e-9
126.003, -3.117e-9
126.053, -3.116e-9
126.103, -3.117e-9
126.153, -3.117e-9
126.203, -3.117e-9
126.253, -3.118e-9
126.303, -3.119e-9
126.353, -3.119e-9
126.403, -3.118e-9
126.453, -3.119e-9
126.503, -3.119e-9
126.553, -3.119e-9
126.603, -3.119e-9
126.653, -3.119e-9
126.703, -3.119e-9
126.753, -3.119e-9
126.803, -3.119e-9
126.853, -3.120e-9
126.903, -3.120e-9
126.953, -3.119e-9
127.003, -3.119e-9
127.053, -3.119e-9
127.103, -3.119e-9
127.153, -3.119e-9
127.203, -3.119e-9
127.253, -3.119e-9
127.303, -3.118e-9
127.353, -3.119e-9
127.403, -3.119e-9
127.453, -3.119e-9
127.503, -3.119e-9
127.553, -3.118e-9
127.603, -3.119e-9
127.653, -3.119e-9
127.703, -3.119e-9
127.753, -3.119e-9
127.803, -3.118e-9
127.853, -3.119e-9
127.903, -3.119e-9
127.953, -3.119e-9
128.003, -3.119e-9
128.053, -3.119e-9
128.103, -3.119e-9
128.153, -3.119e-9
128.203, -3.119e-9
128.253, -3.119e-9
128.303, -3.119e-9
128.353, -3.119e-9
128.403, -3.119e-9
128.453, -3.119e-9
128.503, -3.119e-9
128.553, -3.119e-9
128.603, -3.119e-9
128.653, -3.119e-9
128.703, -3.119e-9
128.753, -3.119e-9
128.803, -3.119e-9
128.853, -3.119e-9
128.903, -3.119e-9
128.953, -3.119e-9
129.003, -3.120e-9
129.053, -3.120e-9
129.103, -3.118e-9
129.153, -3.118e-9
129.203, -3.119e-9
129.253, -3.119e-9
129.303, -3.118e-9
129.353, -3.118e-9
129.403, -3.119e-9
129.453, -3.118e-9
129.503, -3.117e-9
129.553, -3.118e-9
129.603, -3.118e-9
129.653, -3.118e-9
129.703, -3.117e-9
129.753, -3.118e-9
129.803, -3.118e-9
129.853, -3.119e-9
129.903, -3.120e-9
129.953, -3.119e-9
130.003, -3.118e-9
130.053, -3.118e-9
130.103, -3.117e-9
130.153, -3.116e-9
130.203, -3.117e-9
130.253, -3.117e-9
130.303, -3.116e-9
130.353, -3.116e-9
130.403, -3.117e-9
130.453, -3.118e-9
130.503, -3.119e-9
130.553, -3.119e-9
130.603, -3.119e-9
130.653, -3.119e-9
130.703, -3.119e-9
130.753, -3.119e-9
130.803, -3.119e-9
130.853, -3.119e-9
130.903, -3.119e-9
130.953, -3.119e-9
131.003, -3.119e-9
131.053, -3.119e-9
131.103, -3.118e-9
131.153, -3.119e-9
131.203, -3.119e-9
131.253, -3.119e-9
131.303, -3.119e-9
131.353, -3.119e-9
131.403, -3.119e-9
131.453, -3.119e-9
131.503, -3.119e-9
131.553, -3.119e-9
131.603, -3.119e-9
131.653, -3.119e-9
131.703, -3.119e-9
131.753, -3.119e-9
131.803, -3.119e-9
131.853, -3.119e-9
131.903, -3.118e-9
131.953, -3.118e-9
132.003, -3.118e-9
132.053, -3.119e-9
132.103, -3.119e-9
132.153, -3.119e-9
132.203, -3.119e-9
132.253, -3.119e-9
132.303, -3.119e-9
132.353, -3.119e-9
132.403, -3.119e-9
132.453, -3.119e-9
132.503, -3.119e-9
132.553, -3.119e-9
132.603, -3.119e-9
132.653, -3.119e-9
132.703, -3.119e-9
132.753, -3.119e-9
132.803, -3.119e-9
132.853, -3.119e-9
132.903, -3.119e-9
132.953, -3.119e-9
133.003, -3.118e-9
133.053, -3.119e-9
133.103, -3.119e-9
133.153, -3.119e-9
133.203, -3.118e-9
133.253, -3.118e-9
133.303, -3.119e-9
133.353, -3.119e-9
133.403, -3.119e-9
133.453, -3.118e-9
133.503, -3.118e-9
133.553, -3.118e-9
133.603, -3.118e-9
133.653, -3.119e-9
133.703, -3.118e-9
133.753, -3.119e-9
133.803, -3.119e-9
133.853, -3.119e-9
133.903, -3.119e-9
133.953, -3.119e-9
134.003, -3.119e-9
134.053, -3.118e-9
134.103, -3.118e-9
134.153, -3.118e-9
134.203, -3.118e-9
134.253, -3.119e-9
134.303, -3.119e-9
134.353, -3.119e-9
134.403, -3.118e-9
134.453, -3.118e-9
134.503, -3.118e-9
134.553, -3.119e-9
134.603, -3.119e-9
134.653, -3.118e-9
134.703, -3.118e-9
134.753, -3.118e-9
134.803, -3.118e-9
134.853, -3.119e-9
134.903, -3.118e-9
134.953, -3.118e-9
135.003, -3.118e-9
135.053, -3.119e-9
135.103, -3.118e-9
135.153, -3.118e-9
135.203, -3.118e-9
135.253, -3.119e-9
135.303, -3.119e-9
135.353, -3.119e-9
135.403, -3.119e-9
135.453, -3.119e-9
135.503, -3.118e-9
135.553, -3.118e-9
135.603, -3.119e-9
135.653, -3.119e-9
135.703, -3.118e-9
135.753, -3.118e-9
135.803, -3.119e-9
135.853, -3.119e-9
135.903, -3.119e-9
135.953, -3.119e-9
136.003, -3.119e-9
136.053, -3.118e-9
136.103, -3.118e-9
136.153, -3.118e-9
136.203, -3.118e-9
136.253, -3.118e-9
136.303, -3.118e-9
136.353, -3.119e-9
136.403, -3.118e-9
136.453, -3.119e-9
136.503, -3.119e-9
136.553, -3.118e-9
136.603, -3.118e-9
136.653, -3.119e-9
136.703, -3.119e-9
136.753, -3.119e-9
136.803, -3.118e-9
136.853, -3.118e-9
136.903, -3.118e-9
136.953, -3.118e-9
137.003, -3.118e-9
137.053, -3.118e-9
137.103, -3.118e-9
137.153, -3.118e-9
137.203, -3.119e-9
137.253, -3.119e-9
137.303, -3.118e-9
137.353, -3.118e-9
137.403, -3.118e-9
137.453, -3.118e-9
137.503, -3.118e-9
137.553, -3.118e-9
137.603, -3.118e-9
137.653, -3.118e-9
137.703, -3.118e-9
137.753, -3.118e-9
137.803, -3.119e-9
137.853, -3.118e-9
137.903, -3.119e-9
137.953, -3.119e-9
138.003, -3.119e-9
138.053, -3.118e-9
138.103, -3.119e-9
138.153, -3.119e-9
138.203, -3.119e-9
138.253, -3.118e-9
138.303, -3.119e-9
138.353, -3.118e-9
138.403, -3.118e-9
138.453, -3.118e-9
138.503, -3.118e-9
138.553, -3.118e-9
138.603, -3.118e-9
138.653, -3.118e-9
138.703, -3.119e-9
138.753, -3.119e-9
138.803, -3.118e-9
138.853, -3.118e-9
138.903, -3.118e-9
138.953, -3.118e-9
139.003, -3.119e-9
139.053, -3.118e-9
139.103, -3.118e-9
139.153, -3.118e-9
139.203, -3.118e-9
139.253, -3.119e-9
139.303, -3.118e-9
139.353, -3.118e-9
139.403, -3.118e-9
139.453, -3.119e-9
139.503, -3.118e-9
139.553, -3.119e-9
139.603, -3.118e-9
139.653, -3.118e-9
139.703, -3.118e-9
139.753, -3.119e-9
139.803, -3.118e-9
139.853, -3.118e-9
139.903, -3.119e-9
139.953, -3.119e-9
140.003, -3.119e-9
140.053, -3.118e-9
140.104, -3.119e-9
140.154, -3.118e-9
140.204, -3.118e-9
140.254, -3.118e-9
140.304, -3.118e-9
140.354, -3.118e-9
140.404, -3.118e-9
140.454, -3.118e-9
140.504, -3.119e-9
140.554, -3.119e-9
140.604, -3.119e-9
140.654, -3.118e-9
140.704, -3.119e-9
140.754, -3.118e-9
140.804, -3.118e-9
140.854, -3.118e-9
140.904, -3.119e-9
140.954, -3.118e-9
141.004, -3.119e-9
141.054, -3.118e-9
141.104, -3.118e-9
141.154, -3.118e-9
141.204, -3.118e-9
141.254, -3.119e-9
141.304, -3.119e-9
141.354, -3.118e-9
141.404, -3.119e-9
141.454, -3.118e-9
141.504, -3.117e-9
141.554, -3.118e-9
141.604, -3.118e-9
141.654, -3.118e-9
141.704, -3.118e-9
141.754, -3.118e-9
141.804, -3.118e-9
141.854, -3.118e-9
141.904, -3.118e-9
141.954, -3.118e-9
142.004, -3.118e-9
142.054, -3.118e-9
142.104, -3.118e-9
142.154, -3.118e-9
142.204, -3.118e-9
142.254, -3.118e-9
142.304, -3.118e-9
142.354, -3.118e-9
142.404, -3.118e-9
142.454, -3.118e-9
142.504, -3.118e-9
142.554, -3.118e-9
142.604, -3.118e-9
142.654, -3.118e-9
142.704, -3.118e-9
142.754, -3.118e-9
142.804, -3.118e-9
142.854, -3.118e-9
142.904, -3.118e-9
142.954, -3.118e-9
143.004, -3.119e-9
143.054, -3.118e-9
143.104, -3.118e-9
143.154, -3.119e-9
143.204, -3.118e-9
143.254, -3.118e-9
143.304, -3.119e-9
143.354, -3.118e-9
143.404, -3.118e-9
143.454, -3.118e-9
143.504, -3.118e-9
143.554, -3.118e-9
143.604, -3.118e-9
143.654, -3.118e-9
143.704, -3.118e-9
143.754, -3.118e-9
143.804, -3.118e-9
143.854, -3.118e-9
143.904, -3.119e-9
143.954, -3.118e-9
144.004, -3.118e-9
144.054, -3.118e-9
144.104, -3.118e-9
144.154, -3.118e-9
144.204, -3.118e-9
144.254, -3.118e-9
144.304, -3.118e-9
144.354, -3.118e-9
144.404, -3.118e-9
144.454, -3.118e-9
144.504, -3.118e-9
144.554, -3.118e-9
144.604, -3.118e-9
144.654, -3.118e-9
144.704, -3.118e-9
144.754, -3.118e-9
144.804, -3.118e-9
144.854, -3.118e-9
144.904, -3.118e-9
144.954, -3.118e-9
145.004, -3.118e-9
145.054, -3.118e-9
145.104, -3.118e-9
145.154, -3.118e-9
145.204, -3.118e-9
145.254, -3.118e-9
145.304, -3.118e-9
145.354, -3.118e-9
145.404, -3.118e-9
145.454, -3.118e-9
145.504, -3.118e-9
145.554, -3.118e-9
145.604, -3.118e-9
145.654, -3.118e-9
145.704, -3.119e-9
145.754, -3.119e-9
145.804, -3.118e-9
145.854, -3.118e-9
145.904, -3.118e-9
145.954, -3.118e-9
146.004, -3.118e-9
146.054, -3.118e-9
146.104, -3.118e-9
146.154, -3.118e-9
146.204, -3.118e-9
146.254, -3.117e-9
146.304, -3.118e-9
146.354, -3.118e-9
146.404, -3.118e-9
146.454, -3.118e-9
146.504, -3.118e-9
146.554, -3.118e-9
146.604, -3.118e-9
146.654, -3.118e-9
146.704, -3.118e-9
146.754, -3.118e-9
146.804, -3.118e-9
146.854, -3.118e-9
146.904, -3.118e-9
146.954, -3.118e-9
147.004, -3.118e-9
147.054, -3.118e-9
147.104, -3.118e-9
147.154, -3.117e-9
147.204, -3.118e-9
147.254, -3.118e-9
147.304, -3.118e-9
147.354, -3.118e-9
147.404, -3.118e-9
147.454, -3.118e-9
147.504, -3.118e-9
147.554, -3.118e-9
147.604, -3.118e-9
147.654, -3.118e-9
147.704, -3.118e-9
147.754, -3.118e-9
147.804, -3.118e-9
147.854, -3.118e-9
147.904, -3.117e-9
147.954, -3.118e-9
148.004, -3.118e-9
148.054, -3.118e-9
148.104, -3.118e-9
148.154, -3.118e-9
148.204, -3.118e-9
148.254, -3.118e-9
148.304, -3.118e-9
148.354, -3.118e-9
148.404, -3.118e-9
148.454, -3.118e-9
148.504, -3.118e-9
148.554, -3.118e-9
148.604, -3.118e-9
148.654, -3.118e-9
148.704, -3.118e-9
148.754, -3.118e-9
148.804, -3.118e-9
148.854, -3.118e-9
148.904, -3.118e-9
148.954, -3.118e-9
149.004, -3.118e-9
149.054, -3.118e-9
149.104, -3.118e-9
149.154, -3.118e-9
149.204, -3.117e-9
149.254, -3.118e-9
149.304, -3.118e-9
149.354, -3.118e-9
149.404, -3.118e-9
149.454, -3.118e-9
149.504, -3.118e-9
149.554, -3.118e-9
149.604, -3.118e-9
149.654, -3.118e-9
149.704, -3.118e-9
149.754, -3.117e-9
149.804, -3.118e-9
149.854, -3.117e-9
149.904, -3.117e-9
149.954, -3.118e-9
150.004, -3.118e-9
150.054, -3.118e-9
150.104, -3.118e-9
150.154, -3.118e-9
150.204, -3.117e-9
150.254, -3.117e-9
150.304, -3.118e-9
150.354, -3.118e-9
150.404, -3.118e-9
150.454, -3.117e-9
150.504, -3.117e-9
150.554, -3.118e-9
150.604, -3.118e-9
150.654, -3.118e-9
150.704, -3.118e-9
150.754, -3.118e-9
150.804, -3.118e-9
150.854, -3.118e-9
150.904, -3.118e-9
150.954, -3.118e-9
151.004, -3.118e-9
151.054, -3.117e-9
151.104, -3.118e-9
151.154, -3.118e-9
151.204, -3.118e-9
151.254, -3.118e-9
151.304, -3.118e-9
151.354, -3.118e-9
151.404, -3.117e-9
151.454, -3.117e-9
151.504, -3.118e-9
151.554, -3.118e-9
151.604, -3.118e-9
151.654, -3.118e-9
151.704, -3.118e-9
151.754, -3.118e-9
151.804, -3.118e-9
151.854, -3.118e-9
151.904, -3.118e-9
151.954, -3.117e-9
152.004, -3.117e-9
152.054, -3.117e-9
152.104, -3.118e-9
152.154, -3.118e-9
152.204, -3.118e-9
152.254, -3.118e-9
152.304, -3.118e-9
152.354, -3.118e-9
152.404, -3.118e-9
152.454, -3.118e-9
152.504, -3.118e-9
152.554, -3.118e-9
152.604, -3.118e-9
152.654, -3.118e-9
152.704, -3.118e-9
152.754, -3.118e-9
152.804, -3.118e-9
152.854, -3.118e-9
152.904, -3.118e-9
152.954, -3.118e-9
153.004, -3.117e-9
153.054, -3.118e-9
153.104, -3.117e-9
153.154, -3.118e-9
153.204, -3.118e-9
153.254, -3.118e-9
153.304, -3.117e-9
153.354, -3.117e-9
153.404, -3.118e-9
153.454, -3.118e-9
153.504, -3.118e-9
153.554, -3.118e-9
153.604, -3.117e-9
153.654, -3.118e-9
153.704, -3.118e-9
153.754, -3.118e-9
153.804, -3.118e-9
153.854, -3.118e-9
153.904, -3.118e-9
153.954, -3.118e-9
154.004, -3.117e-9
154.054, -3.118e-9
154.104, -3.118e-9
154.154, -3.118e-9
154.204, -3.117e-9
154.254, -3.118e-9
154.304, -3.118e-9
154.354, -3.118e-9
154.404, -3.118e-9
154.454, -3.118e-9
154.504, -3.118e-9
154.554, -3.118e-9
154.604, -3.118e-9
154.654, -3.118e-9
154.704, -3.118e-9
154.754, -3.118e-9
154.804, -3.118e-9
154.854, -3.118e-9
154.904, -3.117e-9
154.954, -3.117e-9
155.004, -3.118e-9
155.054, -3.118e-9
155.104, -3.118e-9
155.154, -3.118e-9
155.204, -3.117e-9
155.254, -3.118e-9
155.304, -3.117e-9
155.354, -3.117e-9
155.404, -3.118e-9
155.454, -3.118e-9
155.504, -3.118e-9
155.554, -3.118e-9
155.604, -3.118e-9
155.654, -3.118e-9
155.704, -3.118e-9
155.754, -3.117e-9
155.804, -3.118e-9
155.854, -3.118e-9
155.904, -3.117e-9
155.954, -3.117e-9
156.004, -3.117e-9
156.054, -3.117e-9
156.104, -3.117e-9
156.154, -3.118e-9
156.204, -3.117e-9
156.254, -3.118e-9
156.304, -3.118e-9
156.354, -3.117e-9
156.404, -3.117e-9
156.454, -3.118e-9
156.505, -3.118e-9
156.555, -3.117e-9
156.605, -3.118e-9
156.655, -3.118e-9
156.705, -3.118e-9
156.755, -3.118e-9
156.805, -3.118e-9
156.855, -3.118e-9
156.905, -3.118e-9
156.955, -3.118e-9
157.005, -3.118e-9
157.055, -3.117e-9
157.105, -3.118e-9
157.155, -3.118e-9
157.205, -3.117e-9
157.255, -3.118e-9
157.305, -3.118e-9
157.355, -3.117e-9
157.405, -3.117e-9
157.455, -3.117e-9
157.505, -3.118e-9
157.555, -3.117e-9
157.605, -3.118e-9
157.655, -3.118e-9
157.705, -3.118e-9
157.755, -3.117e-9
157.805, -3.117e-9
157.855, -3.117e-9
157.905, -3.118e-9
157.955, -3.118e-9
158.005, -3.118e-9
158.055, -3.118e-9
158.105, -3.118e-9
158.155, -3.117e-9
158.205, -3.118e-9
158.255, -3.117e-9
158.305, -3.118e-9
158.355, -3.118e-9
158.405, -3.118e-9
158.455, -3.117e-9
158.505, -3.117e-9
158.555, -3.117e-9
158.605, -3.117e-9
158.655, -3.117e-9
158.705, -3.118e-9
158.755, -3.118e-9
158.805, -3.118e-9
158.855, -3.118e-9
158.905, -3.118e-9
158.955, -3.118e-9
159.005, -3.117e-9
159.055, -3.117e-9
159.105, -3.117e-9
159.155, -3.118e-9
159.205, -3.118e-9
159.255, -3.118e-9
159.305, -3.117e-9
159.355, -3.118e-9
159.405, -3.118e-9
159.455, -3.118e-9
159.505, -3.118e-9
159.555, -3.118e-9
159.605, -3.117e-9
159.655, -3.117e-9
159.705, -3.118e-9
159.755, -3.118e-9
159.805, -3.117e-9
159.855, -3.117e-9
159.905, -3.117e-9
159.955, -3.118e-9
160.005, -3.118e-9
160.055, -3.118e-9
160.105, -3.118e-9
160.155, -3.118e-9
160.205, -3.117e-9
160.255, -3.117e-9
160.305, -3.117e-9
160.355, -3.118e-9
160.405, -3.117e-9
160.455, -3.117e-9
160.505, -3.118e-9
160.555, -3.118e-9
160.605, -3.117e-9
160.655, -3.118e-9
160.705, -3.117e-9
160.755, -3.118e-9
160.805, -3.117e-9
160.855, -3.117e-9
160.905, -3.118e-9
160.955, -3.118e-9
161.005, -3.117e-9
161.055, -3.118e-9
161.105, -3.118e-9
161.155, -3.118e-9
161.205, -3.117e-9
161.255, -3.118e-9
161.305, -3.118e-9
161.355, -3.118e-9
161.405, -3.118e-9
161.455, -3.117e-9
161.505, -3.118e-9
161.555, -3.117e-9
161.605, -3.117e-9
161.655, -3.118e-9
161.705, -3.118e-9
161.755, -3.117e-9
161.805, -3.118e-9
161.855, -3.118e-9
161.905, -3.118e-9
161.955, -3.117e-9
162.005, -3.117e-9
162.055, -3.117e-9
162.105, -3.117e-9
162.155, -3.117e-9
162.205, -3.117e-9
162.255, -3.118e-9
162.305, -3.117e-9
162.355, -3.118e-9
162.405, -3.118e-9
162.455, -3.117e-9
162.505, -3.118e-9
162.555, -3.117e-9
162.605, -3.117e-9
162.655, -3.117e-9
162.705, -3.118e-9
162.755, -3.118e-9
162.805, -3.118e-9
162.855, -3.117e-9
162.905, -3.117e-9
162.955, -3.117e-9
163.005, -3.117e-9
163.055, -3.117e-9
163.105, -3.117e-9
163.155, -3.118e-9
163.205, -3.118e-9
163.255, -3.118e-9
163.305, -3.118e-9
163.355, -3.118e-9
163.405, -3.118e-9
163.455, -3.117e-9
163.505, -3.117e-9
163.555, -3.117e-9
163.605, -3.118e-9
163.655, -3.118e-9
163.705, -3.118e-9
163.755, -3.117e-9
163.805, -3.118e-9
163.855, -3.117e-9
163.905, -3.117e-9
163.955, -3.117e-9
164.005, -3.117e-9
164.055, -3.117e-9
164.105, -3.117e-9
164.155, -3.117e-9
164.205, -3.117e-9
164.255, -3.117e-9
164.305, -3.118e-9
164.355, -3.118e-9
164.405, -3.118e-9
164.455, -3.118e-9
164.505, -3.118e-9
164.555, -3.118e-9
164.605, -3.117e-9
164.655, -3.118e-9
164.705, -3.117e-9
164.755, -3.118e-9
164.805, -3.118e-9
164.855, -3.117e-9
164.905, -3.117e-9
164.955, -3.118e-9
165.005, -3.117e-9
165.055, -3.117e-9
165.105, -3.118e-9
165.155, -3.117e-9
165.205, -3.117e-9
165.255, -3.118e-9
165.305, -3.118e-9
165.355, -3.118e-9
165.405, -3.117e-9
165.455, -3.117e-9
165.505, -3.117e-9
165.555, -3.117e-9
165.605, -3.117e-9
165.655, -3.118e-9
165.705, -3.118e-9
165.755, -3.118e-9
165.805, -3.118e-9
165.855, -3.117e-9
165.905, -3.118e-9
165.955, -3.117e-9
166.005, -3.118e-9
166.055, -3.118e-9
166.105, -3.118e-9
166.155, -3.118e-9
166.205, -3.117e-9
166.255, -3.117e-9
166.305, -3.117e-9
166.355, -3.117e-9
166.405, -3.118e-9
166.455, -3.117e-9
166.505, -3.118e-9
166.555, -3.117e-9
166.605, -3.118e-9
166.655, -3.117e-9
166.705, -3.118e-9
166.755, -3.118e-9
166.805, -3.118e-9
166.855, -3.117e-9
166.905, -3.118e-9
166.955, -3.117e-9
167.005, -3.118e-9
167.055, -3.117e-9
167.105, -3.118e-9
167.155, -3.118e-9
167.205, -3.118e-9
167.255, -3.118e-9
167.305, -3.117e-9
167.355, -3.117e-9
167.405, -3.117e-9
167.455, -3.118e-9
167.505, -3.118e-9
167.555, -3.117e-9
167.605, -3.117e-9
167.655, -3.117e-9
167.705, -3.117e-9
167.755, -3.117e-9
167.805, -3.117e-9
167.855, -3.118e-9
167.905, -3.117e-9
167.955, -3.118e-9
168.005, -3.117e-9
168.055, -3.117e-9
168.105, -3.117e-9
168.155, -3.118e-9
168.205, -3.118e-9
168.255, -3.117e-9
168.305, -3.118e-9
168.355, -3.118e-9
168.405, -3.118e-9
168.455, -3.117e-9
168.505, -3.117e-9
168.555, -3.117e-9
168.605, -3.117e-9
168.655, -3.117e-9
168.705, -3.117e-9
168.755, -3.117e-9
168.805, -3.117e-9
168.855, -3.118e-9
168.905, -3.117e-9
168.955, -3.117e-9
169.005, -3.117e-9
169.055, -3.117e-9
169.105, -3.117e-9
169.155, -3.117e-9
169.205, -3.117e-9
169.255, -3.118e-9
169.305, -3.117e-9
169.355, -3.118e-9
169.405, -3.117e-9
169.455, -3.117e-9
169.505, -3.117e-9
169.555, -3.117e-9
169.605, -3.117e-9
169.655, -3.117e-9
169.705, -3.118e-9
169.755, -3.117e-9
169.805, -3.117e-9
169.855, -3.118e-9
169.905, -3.117e-9
169.955, -3.117e-9
170.005, -3.117e-9
170.055, -3.117e-9
170.105, -3.117e-9
170.155, -3.117e-9
170.205, -3.117e-9
170.255, -3.117e-9
170.305, -3.117e-9
170.355, -3.117e-9
170.405, -3.117e-9
170.455, -3.117e-9
170.505, -3.117e-9
170.555, -3.117e-9
170.605, -3.117e-9
170.655, -3.117e-9
170.705, -3.117e-9
170.755, -3.118e-9
170.805, -3.117e-9
170.855, -3.117e-9
170.905, -3.117e-9
170.955, -3.118e-9
171.005, -3.118e-9
171.055, -3.118e-9
171.105, -3.118e-9
171.155, -3.118e-9
171.205, -3.117e-9
171.255, -3.117e-9
171.305, -3.117e-9
171.355, -3.118e-9
171.405, -3.118e-9
171.455, -3.117e-9
171.505, -3.117e-9
171.555, -3.117e-9
171.605, -3.118e-9
171.655, -3.117e-9
171.705, -3.118e-9
171.755, -3.118e-9
171.805, -3.117e-9
171.855, -3.117e-9
171.905, -3.117e-9
171.955, -3.117e-9
172.005, -3.117e-9
172.055, -3.118e-9
172.105, -3.118e-9
172.155, -3.118e-9
172.205, -3.118e-9
172.255, -3.117e-9
172.305, -3.117e-9
172.355, -3.117e-9
172.405, -3.117e-9
172.455, -3.117e-9
172.505, -3.117e-9
172.555, -3.117e-9
172.605, -3.117e-9
172.655, -3.118e-9
172.705, -3.118e-9
172.755, -3.117e-9
172.805, -3.117e-9
172.855, -3.117e-9
172.906, -3.117e-9
172.956, -3.118e-9
173.006, -3.118e-9
173.056, -3.118e-9
173.106, -3.118e-9
173.156, -3.117e-9
173.206, -3.117e-9
173.256, -3.117e-9
173.306, -3.117e-9
173.356, -3.118e-9
173.406, -3.117e-9
173.456, -3.118e-9
173.506, -3.118e-9
173.556, -3.118e-9
173.606, -3.118e-9
173.656, -3.117e-9
173.706, -3.117e-9
173.756, -3.117e-9
173.806, -3.118e-9
173.856, -3.117e-9
173.906, -3.117e-9
173.956, -3.117e-9
174.006, -3.117e-9
174.056, -3.117e-9
174.106, -3.117e-9
174.156, -3.118e-9
174.206, -3.118e-9
174.256, -3.118e-9
174.306, -3.117e-9
174.356, -3.117e-9
174.406, -3.117e-9
174.456, -3.117e-9
174.506, -3.117e-9
174.556, -3.118e-9
174.606, -3.118e-9
174.656, -3.117e-9
174.706, -3.116e-9
174.756, -3.117e-9
174.806, -3.117e-9
174.856, -3.117e-9
174.906, -3.117e-9
174.956, -3.117e-9
175.006, -3.117e-9
175.056, -3.118e-9
175.106, -3.118e-9
175.156, -3.117e-9
175.206, -3.117e-9
175.256, -3.117e-9
175.306, -3.118e-9
175.356, -3.117e-9
175.406, -3.117e-9
175.456, -3.118e-9
175.506, -3.118e-9
175.556, -3.118e-9
175.606, -3.117e-9
175.656, -3.117e-9
175.706, -3.117e-9
175.756, -3.118e-9
175.806, -3.118e-9
175.856, -3.118e-9
175.906, -3.117e-9
175.956, -3.117e-9
176.006, -3.117e-9
176.056, -3.118e-9
176.106, -3.118e-9
176.156, -3.117e-9
176.206, -3.117e-9
176.256, -3.117e-9
176.306, -3.117e-9
176.356, -3.117e-9
176.406, -3.117e-9
176.456, -3.117e-9
176.506, -3.117e-9
176.556, -3.117e-9
176.606, -3.117e-9
176.656, -3.117e-9
176.706, -3.117e-9
176.756, -3.118e-9
176.806, -3.117e-9
176.856, -3.117e-9
176.906, -3.117e-9
176.956, -3.117e-9
177.006, -3.118e-9
177.056, -3.117e-9
177.106, -3.117e-9
177.156, -3.117e-9
177.206, -3.117e-9
177.256, -3.117e-9
177.306, -3.117e-9
177.356, -3.117e-9
177.406, -3.117e-9
177.456, -3.117e-9
177.506, -3.117e-9
177.556, -3.117e-9
177.606, -3.118e-9
177.656, -3.117e-9
177.706, -3.117e-9
177.756, -3.117e-9
177.806, -3.118e-9
177.856, -3.117e-9
177.906, -3.117e-9
177.956, -3.117e-9
178.006, -3.117e-9
178.056, -3.118e-9
178.106, -3.117e-9
178.156, -3.117e-9
178.206, -3.117e-9
178.256, -3.117e-9
178.306, -3.117e-9
178.356, -3.117e-9
178.406, -3.117e-9
178.456, -3.117e-9
178.506, -3.118e-9
178.556, -3.118e-9
178.606, -3.118e-9
178.656, -3.117e-9
178.706, -3.117e-9
178.756, -3.118e-9
178.806, -3.117e-9
178.856, -3.117e-9
178.906, -3.117e-9
178.956, -3.118e-9
179.006, -3.118e-9
179.056, -3.117e-9
179.106, -3.117e-9
179.156, -3.117e-9
179.206, -3.117e-9
179.256, -3.117e-9
179.306, -3.117e-9
179.356, -3.117e-9
179.406, -3.118e-9
179.456, -3.117e-9
179.506, -3.117e-9
179.556, -3.118e-9
179.606, -3.118e-9
179.656, -3.117e-9
179.706, -3.117e-9
179.756, -3.117e-9
179.806, -3.118e-9
179.856, -3.117e-9
179.906, -3.118e-9
179.956, -3.117e-9
180.006, -3.117e-9
180.056, -3.117e-9
180.106, -3.117e-9
180.156, -3.117e-9
180.206, -3.118e-9
180.256, -3.118e-9
180.306, -3.118e-9
180.356, -3.117e-9
180.406, -3.117e-9
180.456, -3.117e-9
180.506, -3.117e-9
180.556, -3.118e-9
180.606, -3.118e-9
180.656, -3.117e-9
180.706, -3.117e-9
180.756, -3.117e-9
180.806, -3.117e-9
180.856, -3.117e-9
180.906, -3.117e-9
180.956, -3.118e-9
181.006, -3.117e-9
181.056, -3.117e-9
181.106, -3.118e-9
181.156, -3.118e-9
181.206, -3.117e-9
181.256, -3.117e-9
181.306, -3.118e-9
181.356, -3.117e-9
181.406, -3.117e-9
181.456, -3.117e-9
181.506, -3.118e-9
181.556, -3.117e-9
181.606, -3.118e-9
181.656, -3.118e-9
181.706, -3.118e-9
181.756, -3.117e-9
181.806, -3.117e-9
181.856, -3.118e-9
181.906, -3.118e-9
181.956, -3.117e-9
182.006, -3.117e-9
182.056, -3.118e-9
182.106, -3.117e-9
182.156, -3.118e-9
182.206, -3.118e-9
182.256, -3.118e-9
182.306, -3.118e-9
182.356, -3.118e-9
182.406, -3.118e-9
182.456, -3.118e-9
182.506, -3.118e-9
182.556, -3.118e-9
182.606, -3.117e-9
182.656, -3.117e-9
182.706, -3.118e-9
182.756, -3.117e-9
182.806, -3.117e-9
182.856, -3.118e-9
182.906, -3.117e-9
182.956, -3.117e-9
183.006, -3.118e-9
183.056, -3.118e-9
183.106, -3.117e-9
183.156, -3.117e-9
183.206, -3.117e-9
183.256, -3.118e-9
183.306, -3.118e-9
183.356, -3.117e-9
183.406, -3.118e-9
183.456, -3.117e-9
183.506, -3.117e-9
183.556, -3.118e-9
183.606, -3.118e-9
183.656, -3.118e-9
183.706, -3.117e-9
183.756, -3.117e-9
183.806, -3.117e-9
183.856, -3.118e-9
183.906, -3.118e-9
183.956, -3.118e-9
184.006, -3.118e-9
184.056, -3.117e-9
184.106, -3.117e-9
184.156, -3.118e-9
184.206, -3.118e-9
184.256, -3.118e-9
184.306, -3.118e-9
184.356, -3.118e-9
184.406, -3.117e-9
184.456, -3.118e-9
184.506, -3.117e-9
184.556, -3.117e-9
184.606, -3.117e-9
184.656, -3.118e-9
184.706, -3.117e-9
184.756, -3.118e-9
184.806, -3.118e-9
184.856, -3.117e-9
184.906, -3.117e-9
184.956, -3.118e-9
185.006, -3.118e-9
185.056, -3.117e-9
185.106, -3.118e-9
185.156, -3.118e-9
185.206, -3.118e-9
185.256, -3.117e-9
185.306, -3.117e-9
185.356, -3.117e-9
185.406, -3.117e-9
185.456, -3.118e-9
185.506, -3.118e-9
185.556, -3.118e-9
185.606, -3.117e-9
185.656, -3.117e-9
185.706, -3.117e-9
185.756, -3.118e-9
185.806, -3.118e-9
185.856, -3.118e-9
185.906, -3.118e-9
185.956, -3.117e-9
186.006, -3.117e-9
186.056, -3.117e-9
186.106, -3.117e-9
186.156, -3.117e-9
186.206, -3.117e-9
186.256, -3.118e-9
186.306, -3.117e-9
186.356, -3.117e-9
186.406, -3.118e-9
186.456, -3.118e-9
186.506, -3.118e-9
186.556, -3.117e-9
186.606, -3.118e-9
186.656, -3.118e-9
186.706, -3.117e-9
186.756, -3.118e-9
186.806, -3.117e-9
186.856, -3.117e-9
186.906, -3.118e-9
186.956, -3.118e-9
187.006, -3.118e-9
187.056, -3.118e-9
187.106, -3.118e-9
187.156, -3.118e-9
187.206, -3.118e-9
187.256, -3.117e-9
187.306, -3.117e-9
187.356, -3.118e-9
187.406, -3.117e-9
187.456, -3.117e-9
187.506, -3.117e-9
187.556, -3.118e-9
187.606, -3.118e-9
187.656, -3.118e-9
187.706, -3.117e-9
187.756, -3.117e-9
187.806, -3.118e-9
187.856, -3.118e-9
187.906, -3.118e-9
187.956, -3.118e-9
188.006, -3.118e-9
188.056, -3.118e-9
188.106, -3.118e-9
188.156, -3.118e-9
188.206, -3.117e-9
188.256, -3.118e-9
188.306, -3.118e-9
188.356, -3.118e-9
188.406, -3.117e-9
188.456, -3.118e-9
188.506, -3.118e-9
188.556, -3.118e-9
188.606, -3.117e-9
188.656, -3.117e-9
188.706, -3.118e-9
188.756, -3.118e-9
188.806, -3.118e-9
188.856, -3.117e-9
188.906, -3.118e-9
188.956, -3.118e-9
189.006, -3.118e-9
189.056, -3.117e-9
189.106, -3.117e-9
189.156, -3.117e-9
189.206, -3.118e-9
189.257, -3.118e-9
189.307, -3.117e-9
189.357, -3.118e-9
189.407, -3.118e-9
189.457, -3.118e-9
189.507, -3.117e-9
189.557, -3.117e-9
189.607, -3.118e-9
189.657, -3.117e-9
189.707, -3.117e-9
189.757, -3.118e-9
189.807, -3.118e-9
189.857, -3.118e-9
189.907, -3.117e-9
189.957, -3.118e-9
190.007, -3.118e-9
190.057, -3.118e-9
190.107, -3.118e-9
190.157, -3.117e-9
190.207, -3.118e-9
190.257, -3.118e-9
190.307, -3.118e-9
190.357, -3.118e-9
190.407, -3.118e-9
190.457, -3.118e-9
190.507, -3.118e-9
190.557, -3.117e-9
190.607, -3.117e-9
190.657, -3.118e-9
190.707, -3.118e-9
190.757, -3.118e-9
190.807, -3.118e-9
190.857, -3.118e-9
190.907, -3.118e-9
190.957, -3.118e-9
191.007, -3.118e-9
191.057, -3.118e-9
191.107, -3.117e-9
191.157, -3.118e-9
191.207, -3.118e-9
191.257, -3.118e-9
191.307, -3.118e-9
191.357, -3.118e-9
191.407, -3.117e-9
191.457, -3.117e-9
191.507, -3.118e-9
191.557, -3.117e-9
191.607, -3.118e-9
191.657, -3.118e-9
191.707, -3.118e-9
191.757, -3.118e-9
191.807, -3.118e-9
191.857, -3.118e-9
191.907, -3.118e-9
191.957, -3.118e-9
192.007, -3.118e-9
192.057, -3.118e-9
192.107, -3.118e-9
192.157, -3.117e-9
192.207, -3.118e-9
192.257, -3.118e-9
192.307, -3.118e-9
192.357, -3.118e-9
192.407, -3.118e-9
192.457, -3.118e-9
192.507, -3.118e-9
192.557, -3.118e-9
192.607, -3.118e-9
192.657, -3.118e-9
192.707, -3.118e-9
192.757, -3.118e-9
192.807, -3.118e-9
192.857, -3.117e-9
192.907, -3.117e-9
192.957, -3.118e-9
193.007, -3.118e-9
193.057, -3.118e-9
193.107, -3.118e-9
193.157, -3.118e-9
193.207, -3.118e-9
193.257, -3.118e-9
193.307, -3.118e-9
193.357, -3.118e-9
193.407, -3.118e-9
193.457, -3.118e-9
193.507, -3.118e-9
193.557, -3.118e-9
193.607, -3.118e-9
193.657, -3.118e-9
193.707, -3.118e-9
193.757, -3.119e-9
193.807, -3.119e-9
193.857, -3.118e-9
193.907, -3.118e-9
193.957, -3.118e-9
194.007, -3.118e-9
194.057, -3.118e-9
194.107, -3.118e-9
194.157, -3.117e-9
194.207, -3.118e-9
194.257, -3.118e-9
194.307, -3.118e-9
194.357, -3.118e-9
194.407, -3.118e-9
194.457, -3.118e-9
194.507, -3.118e-9
194.557, -3.118e-9
194.607, -3.118e-9
194.657, -3.118e-9
194.707, -3.118e-9
194.757, -3.118e-9
194.807, -3.118e-9
194.857, -3.117e-9
194.907, -3.118e-9
194.957, -3.118e-9
195.007, -3.118e-9
195.057, -3.118e-9
195.107, -3.118e-9
195.157, -3.118e-9
195.207, -3.118e-9
195.257, -3.118e-9
195.307, -3.118e-9
195.357, -3.118e-9
195.407, -3.118e-9
195.457, -3.117e-9
195.507, -3.118e-9
195.557, -3.118e-9
195.607, -3.119e-9
195.657, -3.118e-9
195.707, -3.118e-9
195.757, -3.118e-9
195.807, -3.118e-9
195.857, -3.118e-9
195.907, -3.118e-9
195.957, -3.118e-9
196.007, -3.118e-9
196.057, -3.118e-9
196.107, -3.119e-9
196.157, -3.119e-9
196.207, -3.118e-9
196.257, -3.118e-9
196.307, -3.118e-9
196.357, -3.118e-9
196.407, -3.118e-9
196.457, -3.118e-9
196.507, -3.118e-9
196.557, -3.119e-9
196.607, -3.118e-9
196.657, -3.118e-9
196.707, -3.118e-9
196.757, -3.118e-9
196.807, -3.118e-9
196.857, -3.118e-9
196.907, -3.118e-9
196.957, -3.118e-9
197.007, -3.119e-9
197.057, -3.118e-9
197.107, -3.118e-9
197.157, -3.118e-9
197.207, -3.118e-9
197.257, -3.119e-9
197.307, -3.119e-9
197.357, -3.119e-9
197.407, -3.118e-9
197.457, -3.119e-9
197.507, -3.118e-9
197.557, -3.118e-9
197.607, -3.118e-9
197.657, -3.118e-9
197.707, -3.118e-9
197.757, -3.118e-9
197.807, -3.118e-9
197.857, -3.118e-9
197.907, -3.118e-9
197.957, -3.118e-9
198.007, -3.119e-9
198.057, -3.118e-9
198.107, -3.118e-9
198.157, -3.118e-9
198.207, -3.118e-9
198.257, -3.118e-9
198.307, -3.118e-9
198.357, -3.118e-9
198.407, -3.119e-9
198.457, -3.118e-9
198.507, -3.118e-9
198.557, -3.118e-9
198.607, -3.118e-9
198.657, -3.118e-9
198.707, -3.118e-9
198.757, -3.118e-9
198.807, -3.118e-9
198.857, -3.118e-9
198.907, -3.118e-9
198.957, -3.118e-9
199.007, -3.118e-9
199.057, -3.118e-9
199.107, -3.118e-9
199.157, -3.119e-9
199.207, -3.119e-9
199.257, -3.118e-9
199.307, -3.118e-9
199.357, -3.118e-9
199.407, -3.118e-9
199.457, -3.118e-9
199.507, -3.118e-9
199.557, -3.119e-9
199.607, -3.119e-9
199.657, -3.118e-9
199.707, -3.118e-9
199.757, -3.119e-9
199.807, -3.118e-9
199.857, -3.118e-9
199.907, -3.119e-9
199.957, -3.118e-9
200.007, -3.118e-9
200.057, -3.118e-9
200.107, -3.118e-9
200.157, -3.119e-9
200.207, -3.118e-9
200.257, -3.119e-9
200.307, -3.118e-9
200.357, -3.119e-9
200.407, -3.119e-9
200.457, -3.119e-9
200.507, -3.119e-9
200.557, -3.118e-9
200.607, -3.118e-9
200.657, -3.119e-9
200.707, -3.119e-9
200.757, -3.119e-9
200.807, -3.119e-9
200.857, -3.119e-9
200.907, -3.119e-9
200.957, -3.119e-9
201.007, -3.119e-9
201.057, -3.118e-9
201.107, -3.119e-9
201.157, -3.119e-9
201.207, -3.119e-9
201.257, -3.119e-9
201.307, -3.119e-9
201.357, -3.119e-9
201.407, -3.118e-9
201.457, -3.119e-9
201.507, -3.119e-9
201.557, -3.119e-9
201.607, -3.119e-9
201.657, -3.119e-9
201.707, -3.119e-9
201.757, -3.119e-9
201.807, -3.119e-9
201.857, -3.119e-9
201.907, -3.118e-9
201.957, -3.119e-9
202.007, -3.119e-9
202.057, -3.119e-9
202.107, -3.119e-9
202.157, -3.119e-9
202.207, -3.118e-9
202.257, -3.119e-9
202.307, -3.118e-9
202.357, -3.119e-9
202.407, -3.119e-9
202.457, -3.119e-9
202.507, -3.119e-9
202.557, -3.119e-9
202.607, -3.119e-9
202.657, -3.119e-9
202.707, -3.119e-9
202.757, -3.118e-9
202.807, -3.118e-9
202.857, -3.119e-9
202.907, -3.119e-9
202.957, -3.119e-9
203.007, -3.119e-9
203.057, -3.119e-9
203.107, -3.119e-9
203.157, -3.119e-9
203.207, -3.119e-9
203.257, -3.119e-9
203.307, -3.119e-9
203.357, -3.119e-9
203.407, -3.119e-9
203.457, -3.119e-9
203.507, -3.119e-9
203.557, -3.119e-9
203.607, -3.119e-9
203.657, -3.119e-9
203.707, -3.119e-9
203.757, -3.119e-9
203.807, -3.119e-9
203.857, -3.119e-9
203.907, -3.118e-9
203.957, -3.119e-9
204.007, -3.119e-9
204.057, -3.119e-9
204.107, -3.120e-9
204.157, -3.119e-9
204.207, -3.118e-9
204.257, -3.119e-9
204.307, -3.119e-9
204.357, -3.119e-9
204.407, -3.119e-9
204.457, -3.119e-9
204.507, -3.119e-9
204.557, -3.119e-9
204.607, -3.119e-9
204.657, -3.119e-9
204.707, -3.119e-9
204.757, -3.119e-9
204.807, -3.119e-9
204.857, -3.119e-9
204.907, -3.119e-9
204.957, -3.119e-9
205.007, -3.119e-9
205.057, -3.119e-9
205.107, -3.119e-9
205.157, -3.119e-9
205.207, -3.119e-9
205.257, -3.120e-9
205.307, -3.119e-9
205.357, -3.119e-9
205.407, -3.119e-9
205.457, -3.119e-9
205.507, -3.120e-9
205.557, -3.119e-9
205.607, -3.119e-9
205.658, -3.119e-9
205.708, -3.119e-9
205.758, -3.120e-9
205.808, -3.119e-9
205.858, -3.119e-9
205.908, -3.119e-9
205.958, -3.119e-9
206.008, -3.119e-9
206.058, -3.119e-9
206.108, -3.119e-9
206.158, -3.119e-9
206.208, -3.118e-9
206.258, -3.119e-9
206.308, -3.119e-9
206.358, -3.119e-9
206.408, -3.119e-9
206.458, -3.119e-9
206.508, -3.119e-9
206.558, -3.120e-9
206.608, -3.119e-9
206.658, -3.120e-9
206.708, -3.120e-9
206.758, -3.119e-9
206.808, -3.119e-9
206.858, -3.119e-9
206.908, -3.119e-9
206.958, -3.119e-9
207.008, -3.120e-9
207.058, -3.120e-9
207.108, -3.119e-9
207.158, -3.119e-9
207.208, -3.120e-9
207.258, -3.119e-9
207.308, -3.119e-9
207.358, -3.119e-9
207.408, -3.119e-9
207.458, -3.119e-9
207.508, -3.119e-9
207.558, -3.119e-9
207.608, -3.119e-9
207.658, -3.120e-9
207.708, -3.119e-9
207.758, -3.119e-9
207.808, -3.120e-9
207.858, -3.120e-9
207.908, -3.120e-9
207.958, -3.120e-9
208.008, -3.120e-9
208.058, -3.120e-9
208.108, -3.119e-9
208.158, -3.119e-9
208.208, -3.119e-9
208.258, -3.119e-9
208.308, -3.120e-9
208.358, -3.120e-9
208.408, -3.120e-9
208.458, -3.119e-9
208.508, -3.119e-9
208.558, -3.120e-9
208.608, -3.120e-9
208.658, -3.119e-9
208.708, -3.119e-9
208.758, -3.120e-9
208.808, -3.120e-9
208.858, -3.120e-9
208.908, -3.120e-9
208.958, -3.120e-9
209.008, -3.120e-9
209.058, -3.119e-9
209.108, -3.120e-9
209.158, -3.120e-9
209.208, -3.120e-9
209.258, -3.120e-9
209.308, -3.120e-9
209.358, -3.120e-9
209.408, -3.120e-9
209.458, -3.120e-9
209.508, -3.120e-9
209.558, -3.120e-9
209.608, -3.120e-9
209.658, -3.120e-9
209.708, -3.120e-9
209.758, -3.120e-9
209.808, -3.119e-9
209.858, -3.120e-9
209.908, -3.120e-9
209.958, -3.120e-9
210.008, -3.120e-9
210.058, -3.120e-9
210.108, -3.120e-9
210.158, -3.120e-9
210.208, -3.120e-9
210.258, -3.120e-9
210.308, -3.120e-9
210.358, -3.120e-9
210.408, -3.120e-9
210.458, -3.120e-9
210.508, -3.120e-9
210.558, -3.120e-9
210.608, -3.120e-9
210.658, -3.121e-9
210.708, -3.120e-9
210.758, -3.120e-9
210.808, -3.120e-9
210.858, -3.120e-9
210.908, -3.120e-9
210.958, -3.120e-9
211.008, -3.120e-9
211.058, -3.120e-9
211.108, -3.120e-9
211.158, -3.120e-9
211.208, -3.120e-9
211.258, -3.121e-9
211.308, -3.120e-9
211.358, -3.120e-9
211.408, -3.120e-9
211.458, -3.120e-9
211.508, -3.120e-9
211.558, -3.120e-9
211.608, -3.120e-9
211.658, -3.120e-9
211.708, -3.121e-9
211.758, -3.120e-9
211.808, -3.120e-9
211.858, -3.120e-9
211.908, -3.120e-9
211.958, -3.121e-9
212.008, -3.120e-9
212.058, -3.121e-9
212.108, -3.121e-9
212.158, -3.120e-9
212.208, -3.120e-9
212.258, -3.120e-9
212.308, -3.121e-9
212.358, -3.121e-9
212.408, -3.120e-9
212.458, -3.120e-9
212.508, -3.120e-9
212.558, -3.120e-9
212.608, -3.121e-9
212.658, -3.120e-9
212.708, -3.120e-9
212.758, -3.120e-9
212.808, -3.120e-9
212.858, -3.121e-9
212.908, -3.121e-9
212.958, -3.120e-9
213.008, -3.121e-9
213.058, -3.121e-9
213.108, -3.121e-9
213.158, -3.121e-9
213.208, -3.121e-9
213.258, -3.121e-9
213.308, -3.121e-9
213.358, -3.120e-9
213.408, -3.120e-9
213.458, -3.120e-9
213.508, -3.120e-9
213.558, -3.120e-9
213.608, -3.121e-9
213.658, -3.121e-9
213.708, -3.121e-9
213.758, -3.121e-9
213.808, -3.121e-9
213.858, -3.121e-9
213.908, -3.121e-9
213.958, -3.121e-9
214.008, -3.121e-9
214.058, -3.121e-9
214.108, -3.120e-9
214.158, -3.121e-9
214.208, -3.121e-9
214.258, -3.121e-9
214.308, -3.120e-9
214.358, -3.120e-9
214.408, -3.121e-9
214.458, -3.121e-9
214.508, -3.121e-9
214.558, -3.121e-9
214.608, -3.121e-9
214.658, -3.121e-9
214.708, -3.121e-9
214.758, -3.121e-9
214.808, -3.121e-9
214.858, -3.121e-9
214.908, -3.121e-9
214.958, -3.121e-9
215.008, -3.121e-9
215.058, -3.121e-9
215.108, -3.121e-9
215.158, -3.121e-9
215.208, -3.121e-9
215.258, -3.122e-9
215.308, -3.122e-9
215.358, -3.122e-9
215.408, -3.121e-9
215.458, -3.121e-9
215.508, -3.121e-9
215.558, -3.121e-9
215.608, -3.121e-9
215.658, -3.121e-9
215.708, -3.121e-9
215.758, -3.122e-9
215.808, -3.122e-9
215.858, -3.122e-9
215.908, -3.121e-9
215.958, -3.122e-9
216.008, -3.122e-9
216.058, -3.122e-9
216.108, -3.122e-9
216.158, -3.122e-9
216.208, -3.121e-9
216.258, -3.121e-9
216.308, -3.121e-9
216.358, -3.121e-9
216.408, -3.122e-9
216.458, -3.122e-9
216.508, -3.122e-9
216.558, -3.121e-9
216.608, -3.121e-9
216.658, -3.121e-9
216.708, -3.122e-9
216.758, -3.121e-9
216.808, -3.122e-9
216.858, -3.122e-9
216.908, -3.122e-9
216.958, -3.122e-9
217.008, -3.122e-9
217.058, -3.122e-9
217.108, -3.122e-9
217.158, -3.122e-9
217.208, -3.122e-9
217.258, -3.122e-9
217.308, -3.122e-9
217.358, -3.122e-9
217.408, -3.122e-9
217.458, -3.122e-9
217.508, -3.122e-9
217.558, -3.122e-9
217.608, -3.122e-9
217.658, -3.122e-9
217.708, -3.121e-9
217.758, -3.122e-9
217.808, -3.122e-9
217.858, -3.122e-9
217.908, -3.122e-9
217.958, -3.122e-9
218.008, -3.122e-9
218.058, -3.122e-9
218.108, -3.122e-9
218.158, -3.122e-9
218.208, -3.122e-9
218.258, -3.122e-9
218.308, -3.122e-9
218.358, -3.122e-9
218.408, -3.122e-9
218.458, -3.123e-9
218.508, -3.122e-9
218.558, -3.122e-9
218.608, -3.122e-9
218.658, -3.122e-9
218.708, -3.122e-9
218.758, -3.122e-9
218.808, -3.123e-9
218.858, -3.123e-9
218.908, -3.123e-9
218.958, -3.122e-9
219.008, -3.122e-9
219.058, -3.122e-9
219.108, -3.123e-9
219.158, -3.122e-9
219.208, -3.122e-9
219.258, -3.122e-9
219.308, -3.122e-9
219.358, -3.122e-9
219.408, -3.122e-9
219.458, -3.122e-9
219.508, -3.123e-9
219.558, -3.122e-9
219.608, -3.122e-9
219.658, -3.123e-9
219.708, -3.123e-9
219.758, -3.123e-9
219.808, -3.122e-9
219.858, -3.122e-9
219.908, -3.122e-9
219.958, -3.122e-9
220.008, -3.122e-9
220.058, -3.123e-9
220.108, -3.123e-9
220.158, -3.123e-9
220.208, -3.122e-9
220.258, -3.123e-9
220.308, -3.123e-9
220.358, -3.122e-9
220.408, -3.123e-9
220.458, -3.122e-9
220.508, -3.122e-9
220.558, -3.123e-9
220.608, -3.123e-9
220.658, -3.123e-9
220.708, -3.123e-9
220.758, -3.123e-9
220.808, -3.123e-9
220.858, -3.122e-9
220.908, -3.123e-9
220.958, -3.123e-9
221.008, -3.122e-9
221.058, -3.123e-9
221.108, -3.123e-9
221.158, -3.123e-9
221.208, -3.123e-9
221.258, -3.123e-9
221.308, -3.123e-9
221.358, -3.123e-9
221.408, -3.123e-9
221.458, -3.123e-9
221.508, -3.123e-9
221.558, -3.123e-9
221.608, -3.124e-9
221.658, -3.124e-9
221.708, -3.123e-9
221.758, -3.123e-9
221.808, -3.123e-9
221.858, -3.123e-9
221.908, -3.123e-9
221.958, -3.123e-9
222.008, -3.123e-9
222.059, -3.123e-9
222.109, -3.123e-9
222.159, -3.123e-9
222.209, -3.123e-9
222.259, -3.123e-9
222.309, -3.123e-9
222.359, -3.124e-9
222.409, -3.123e-9
222.459, -3.123e-9
222.509, -3.123e-9
222.559, -3.124e-9
222.609, -3.124e-9
222.659, -3.124e-9
222.709, -3.123e-9
222.759, -3.123e-9
222.809, -3.124e-9
222.859, -3.124e-9
222.909, -3.124e-9
222.959, -3.124e-9
223.009, -3.123e-9
223.059, -3.123e-9
223.109, -3.124e-9
223.159, -3.124e-9
223.209, -3.124e-9
223.259, -3.124e-9
223.309, -3.123e-9
223.359, -3.124e-9
223.409, -3.124e-9
223.459, -3.124e-9
223.509, -3.124e-9
223.559, -3.124e-9
223.609, -3.124e-9
223.659, -3.124e-9
223.709, -3.124e-9
223.759, -3.124e-9
223.809, -3.124e-9
223.859, -3.124e-9
223.909, -3.124e-9
223.959, -3.124e-9
224.009, -3.124e-9
224.059, -3.124e-9
224.109, -3.124e-9
224.159, -3.124e-9
224.209, -3.124e-9
224.259, -3.124e-9
224.309, -3.124e-9
224.359, -3.124e-9
224.409, -3.124e-9
224.459, -3.124e-9
224.509, -3.124e-9
224.559, -3.125e-9
224.609, -3.124e-9
224.659, -3.124e-9
224.709, -3.124e-9
224.759, -3.124e-9
224.809, -3.124e-9
224.859, -3.125e-9
224.909, -3.125e-9
224.959, -3.125e-9
225.009, -3.124e-9
225.059, -3.124e-9
225.109, -3.124e-9
225.159, -3.125e-9
225.209, -3.125e-9
225.259, -3.124e-9
225.309, -3.124e-9
225.359, -3.125e-9
225.409, -3.124e-9
225.459, -3.125e-9
225.509, -3.124e-9
225.559, -3.124e-9
225.609, -3.125e-9
225.659, -3.125e-9
225.709, -3.125e-9
225.759, -3.124e-9
225.809, -3.125e-9
225.859, -3.125e-9
225.909, -3.125e-9
225.959, -3.125e-9
226.009, -3.125e-9
226.059, -3.125e-9
226.109, -3.125e-9
226.159, -3.125e-9
226.209, -3.125e-9
226.259, -3.125e-9
226.309, -3.125e-9
226.359, -3.125e-9
226.409, -3.125e-9
226.459, -3.125e-9
226.509, -3.125e-9
226.559, -3.125e-9
226.609, -3.125e-9
226.659, -3.125e-9
226.709, -3.125e-9
226.759, -3.125e-9
226.809, -3.126e-9
226.859, -3.125e-9
226.909, -3.125e-9
226.959, -3.125e-9
227.009, -3.126e-9
227.059, -3.125e-9
227.109, -3.126e-9
227.159, -3.125e-9
227.209, -3.126e-9
227.259, -3.126e-9
227.309, -3.126e-9
227.359, -3.125e-9
227.409, -3.125e-9
227.459, -3.125e-9
227.509, -3.126e-9
227.559, -3.126e-9
227.609, -3.126e-9
227.659, -3.126e-9
227.709, -3.126e-9
227.759, -3.126e-9
227.809, -3.126e-9
227.859, -3.126e-9
227.909, -3.126e-9
227.959, -3.126e-9
228.009, -3.126e-9
228.059, -3.126e-9
228.109, -3.126e-9
228.159, -3.126e-9
228.209, -3.126e-9
228.259, -3.126e-9
228.309, -3.126e-9
228.359, -3.126e-9
228.409, -3.126e-9
228.459, -3.126e-9
228.509, -3.126e-9
228.559, -3.127e-9
228.609, -3.126e-9
228.659, -3.125e-9
228.709, -3.126e-9
228.759, -3.126e-9
228.809, -3.126e-9
228.859, -3.126e-9
228.909, -3.127e-9
228.959, -3.127e-9
229.009, -3.127e-9
229.059, -3.126e-9
229.109, -3.126e-9
229.159, -3.127e-9
229.209, -3.126e-9
229.259, -3.126e-9
229.309, -3.126e-9
229.359, -3.127e-9
229.409, -3.127e-9
229.459, -3.127e-9
229.509, -3.127e-9
229.559, -3.127e-9
229.609, -3.127e-9
229.659, -3.127e-9
229.709, -3.127e-9
229.759, -3.127e-9
229.809, -3.127e-9
229.859, -3.127e-9
229.909, -3.127e-9
229.959, -3.127e-9
230.009, -3.127e-9
230.059, -3.127e-9
230.109, -3.127e-9
230.159, -3.127e-9
230.209, -3.127e-9
230.259, -3.127e-9
230.309, -3.127e-9
230.359, -3.127e-9
230.409, -3.127e-9
230.459, -3.127e-9
230.509, -3.127e-9
230.559, -3.127e-9
230.609, -3.127e-9
230.659, -3.128e-9
230.709, -3.127e-9
230.759, -3.128e-9
230.809, -3.128e-9
230.859, -3.127e-9
230.909, -3.127e-9
230.959, -3.127e-9
231.009, -3.127e-9
231.059, -3.127e-9
231.109, -3.128e-9
231.159, -3.128e-9
231.209, -3.127e-9
231.259, -3.127e-9
231.309, -3.127e-9
231.359, -3.128e-9
231.409, -3.128e-9
231.459, -3.128e-9
231.509, -3.128e-9
231.559, -3.128e-9
231.609, -3.128e-9
231.659, -3.128e-9
231.709, -3.128e-9
231.759, -3.128e-9
231.809, -3.128e-9
231.859, -3.128e-9
231.909, -3.128e-9
231.959, -3.128e-9
232.009, -3.128e-9
232.059, -3.128e-9
232.109, -3.128e-9
232.159, -3.128e-9
232.209, -3.128e-9
232.259, -3.128e-9
232.309, -3.128e-9
232.359, -3.128e-9
232.409, -3.129e-9
232.459, -3.129e-9
232.509, -3.128e-9
232.559, -3.128e-9
232.609, -3.128e-9
232.659, -3.129e-9
232.709, -3.129e-9
232.759, -3.129e-9
232.809, -3.129e-9
232.859, -3.129e-9
232.909, -3.129e-9
232.959, -3.128e-9
233.009, -3.128e-9
233.059, -3.129e-9
233.109, -3.128e-9
233.159, -3.129e-9
233.209, -3.129e-9
233.259, -3.129e-9
233.309, -3.129e-9
233.359, -3.129e-9
233.409, -3.129e-9
233.459, -3.129e-9
233.509, -3.128e-9
233.559, -3.129e-9
233.609, -3.130e-9
233.659, -3.130e-9
233.709, -3.129e-9
233.759, -3.130e-9
233.809, -3.129e-9
233.859, -3.129e-9
233.909, -3.129e-9
233.959, -3.130e-9
234.009, -3.129e-9
234.059, -3.129e-9
234.109, -3.130e-9
234.159, -3.130e-9
234.209, -3.129e-9
234.259, -3.129e-9
234.309, -3.130e-9
234.359, -3.129e-9
234.409, -3.129e-9
234.459, -3.130e-9
234.509, -3.130e-9
234.559, -3.130e-9
234.609, -3.130e-9
234.659, -3.130e-9
234.709, -3.130e-9
234.759, -3.130e-9
234.809, -3.130e-9
234.859, -3.130e-9
234.909, -3.130e-9
234.959, -3.130e-9
235.009, -3.130e-9
235.059, -3.130e-9
235.109, -3.129e-9
235.159, -3.131e-9
235.209, -3.130e-9
235.259, -3.130e-9
235.309, -3.131e-9
235.359, -3.130e-9
235.409, -3.130e-9
235.459, -3.130e-9
235.509, -3.130e-9
235.559, -3.131e-9
235.609, -3.131e-9
235.659, -3.131e-9
235.709, -3.131e-9
235.759, -3.131e-9
235.809, -3.130e-9
235.859, -3.130e-9
235.909, -3.130e-9
235.959, -3.131e-9
236.009, -3.131e-9
236.059, -3.131e-9
236.109, -3.131e-9
236.159, -3.132e-9
236.209, -3.131e-9
236.259, -3.131e-9
236.309, -3.131e-9
236.359, -3.131e-9
236.409, -3.131e-9
236.459, -3.131e-9
236.509, -3.131e-9
236.559, -3.131e-9
236.609, -3.131e-9
236.659, -3.131e-9
236.709, -3.131e-9
236.759, -3.131e-9
236.809, -3.132e-9
236.859, -3.132e-9
236.909, -3.132e-9
236.959, -3.132e-9
237.009, -3.132e-9
237.059, -3.132e-9
237.109, -3.131e-9
237.159, -3.132e-9
237.209, -3.132e-9
237.259, -3.132e-9
237.309, -3.132e-9
237.359, -3.132e-9
237.409, -3.132e-9
237.459, -3.132e-9
237.509, -3.132e-9
237.559, -3.132e-9
237.609, -3.132e-9
237.659, -3.132e-9
237.709, -3.133e-9
237.759, -3.133e-9
237.809, -3.132e-9
237.859, -3.132e-9
237.909, -3.132e-9
237.959, -3.132e-9
238.009, -3.132e-9
238.059, -3.133e-9
238.109, -3.133e-9
238.159, -3.133e-9
238.209, -3.132e-9
238.259, -3.132e-9
238.309, -3.132e-9
238.359, -3.133e-9
238.410, -3.133e-9
238.460, -3.133e-9
238.510, -3.133e-9
238.560, -3.133e-9
238.610, -3.133e-9
238.660, -3.133e-9
238.710, -3.133e-9
238.760, -3.133e-9
238.810, -3.133e-9
238.860, -3.134e-9
238.910, -3.134e-9
238.960, -3.133e-9
239.010, -3.134e-9
239.060, -3.134e-9
239.110, -3.133e-9
239.160, -3.134e-9
239.210, -3.134e-9
239.260, -3.134e-9
239.310, -3.133e-9
239.360, -3.134e-9
239.410, -3.134e-9
239.460, -3.134e-9
239.510, -3.134e-9
239.560, -3.133e-9
239.610, -3.134e-9
239.660, -3.134e-9
239.710, -3.134e-9
239.760, -3.134e-9
239.810, -3.135e-9
239.860, -3.134e-9
239.910, -3.134e-9
239.960, -3.134e-9
240.010, -3.134e-9
240.060, -3.134e-9
240.110, -3.134e-9
240.160, -3.135e-9
240.210, -3.135e-9
240.260, -3.134e-9
240.310, -3.134e-9
240.360, -3.135e-9
240.410, -3.134e-9
240.460, -3.135e-9
240.510, -3.134e-9
240.560, -3.134e-9
240.610, -3.135e-9
240.660, -3.135e-9
240.710, -3.135e-9
240.760, -3.135e-9
240.810, -3.135e-9
240.860, -3.135e-9
240.910, -3.136e-9
240.960, -3.135e-9
241.010, -3.135e-9
241.060, -3.135e-9
241.110, -3.136e-9
241.160, -3.136e-9
241.210, -3.136e-9
241.260, -3.135e-9
241.310, -3.136e-9
241.360, -3.136e-9
241.410, -3.136e-9
241.460, -3.136e-9
241.510, -3.136e-9
241.560, -3.137e-9
241.610, -3.136e-9
241.660, -3.136e-9
241.710, -3.136e-9
241.760, -3.136e-9
241.810, -3.137e-9
241.860, -3.136e-9
241.910, -3.136e-9
241.960, -3.136e-9
242.010, -3.136e-9
242.060, -3.136e-9
242.110, -3.137e-9
242.160, -3.137e-9
242.210, -3.137e-9
242.260, -3.137e-9
242.310, -3.137e-9
242.360, -3.137e-9
242.410, -3.137e-9
242.460, -3.137e-9
242.510, -3.137e-9
242.560, -3.137e-9
242.610, -3.137e-9
242.660, -3.137e-9
242.710, -3.137e-9
242.760, -3.137e-9
242.810, -3.136e-9
242.860, -3.137e-9
242.910, -3.137e-9
242.960, -3.137e-9
243.010, -3.137e-9
243.060, -3.138e-9
243.110, -3.138e-9
243.160, -3.138e-9
243.210, -3.138e-9
243.260, -3.138e-9
243.310, -3.137e-9
243.360, -3.137e-9
243.410, -3.137e-9
243.460, -3.137e-9
243.510, -3.138e-9
243.560, -3.138e-9
243.610, -3.138e-9
243.660, -3.138e-9
243.710, -3.138e-9
243.760, -3.138e-9
243.810, -3.138e-9
243.860, -3.138e-9
243.910, -3.139e-9
243.960, -3.138e-9
244.010, -3.139e-9
244.060, -3.139e-9
244.110, -3.139e-9
244.160, -3.139e-9
244.210, -3.139e-9
244.260, -3.139e-9
244.310, -3.138e-9
244.360, -3.139e-9
244.410, -3.139e-9
244.460, -3.139e-9
244.510, -3.138e-9
244.560, -3.139e-9
244.610, -3.139e-9
244.660, -3.139e-9
244.710, -3.139e-9
244.760, -3.140e-9
244.810, -3.140e-9
244.860, -3.139e-9
244.910, -3.140e-9
244.960, -3.139e-9
245.010, -3.139e-9
245.060, -3.139e-9
245.110, -3.140e-9
245.160, -3.140e-9
245.210, -3.140e-9
245.260, -3.140e-9
245.310, -3.140e-9
245.360, -3.140e-9
245.410, -3.140e-9
245.460, -3.140e-9
245.510, -3.140e-9
245.560, -3.140e-9
245.610, -3.140e-9
245.660, -3.141e-9
245.710, -3.140e-9
245.760, -3.140e-9
245.810, -3.141e-9
245.860, -3.141e-9
245.910, -3.141e-9
245.960, -3.141e-9
246.010, -3.141e-9
246.060, -3.141e-9
246.110, -3.141e-9
246.160, -3.141e-9
246.210, -3.141e-9
246.260, -3.141e-9
246.310, -3.141e-9
246.360, -3.141e-9
246.410, -3.141e-9
246.460, -3.141e-9
246.510, -3.142e-9
246.560, -3.141e-9
246.610, -3.142e-9
246.660, -3.142e-9
246.710, -3.142e-9
246.760, -3.142e-9
246.810, -3.142e-9
246.860, -3.142e-9
246.910, -3.142e-9
246.960, -3.142e-9
247.010, -3.142e-9
247.060, -3.143e-9
247.110, -3.143e-9
247.160, -3.142e-9
247.210, -3.143e-9
247.260, -3.143e-9
247.310, -3.142e-9
247.360, -3.142e-9
247.410, -3.143e-9
247.460, -3.143e-9
247.510, -3.143e-9
247.560, -3.143e-9
247.610, -3.143e-9
247.660, -3.144e-9
247.710, -3.143e-9
247.760, -3.144e-9
247.810, -3.144e-9
247.860, -3.143e-9
247.910, -3.144e-9
247.960, -3.144e-9
248.010, -3.144e-9
248.060, -3.144e-9
248.110, -3.144e-9
248.160, -3.144e-9
248.210, -3.144e-9
248.260, -3.144e-9
248.310, -3.144e-9
248.360, -3.145e-9
248.410, -3.145e-9
248.460, -3.144e-9
248.510, -3.144e-9
248.560, -3.144e-9
248.610, -3.145e-9
248.660, -3.144e-9
248.710, -3.145e-9
248.760, -3.145e-9
248.810, -3.145e-9
248.860, -3.145e-9
248.910, -3.145e-9
248.960, -3.145e-9
249.010, -3.146e-9
249.060, -3.145e-9
249.110, -3.146e-9
249.160, -3.146e-9
249.210, -3.145e-9
249.260, -3.145e-9
249.310, -3.146e-9
249.360, -3.146e-9
249.410, -3.146e-9
249.460, -3.146e-9
249.510, -3.146e-9
249.560, -3.147e-9
249.610, -3.146e-9
249.660, -3.146e-9
249.710, -3.146e-9
249.760, -3.146e-9
249.810, -3.146e-9
249.860, -3.146e-9
249.910, -3.146e-9
249.960, -3.146e-9
250.010, -3.147e-9
250.060, -3.146e-9
250.110, -3.146e-9
250.160, -3.147e-9
250.210, -3.147e-9
250.260, -3.147e-9
250.310, -3.148e-9
250.360, -3.148e-9
250.410, -3.147e-9
250.460, -3.147e-9
250.510, -3.147e-9
250.560, -3.147e-9
250.610, -3.147e-9
250.660, -3.148e-9
250.710, -3.148e-9
250.760, -3.147e-9
250.810, -3.148e-9
250.860, -3.148e-9
250.910, -3.149e-9
250.960, -3.149e-9
251.010, -3.148e-9
251.060, -3.148e-9
251.110, -3.148e-9
251.160, -3.149e-9
251.210, -3.149e-9
251.260, -3.148e-9
251.310, -3.149e-9
251.360, -3.149e-9
251.410, -3.149e-9
251.460, -3.149e-9
251.510, -3.149e-9
251.560, -3.149e-9
251.610, -3.149e-9
251.660, -3.149e-9
251.710, -3.149e-9
251.760, -3.150e-9
251.810, -3.149e-9
251.860, -3.150e-9
251.910, -3.150e-9
251.960, -3.151e-9
252.010, -3.150e-9
252.060, -3.150e-9
252.110, -3.150e-9
252.160, -3.150e-9
252.210, -3.151e-9
252.260, -3.150e-9
252.310, -3.151e-9
252.360, -3.151e-9
252.410, -3.151e-9
252.460, -3.151e-9
252.510, -3.151e-9
252.560, -3.151e-9
252.610, -3.151e-9
252.660, -3.151e-9
252.710, -3.152e-9
252.760, -3.152e-9
252.810, -3.152e-9
252.860, -3.152e-9
252.910, -3.152e-9
252.960, -3.151e-9
253.010, -3.152e-9
253.060, -3.152e-9
253.110, -3.152e-9
253.160, -3.151e-9
253.210, -3.152e-9
253.260, -3.152e-9
253.310, -3.152e-9
253.360, -3.153e-9
253.410, -3.152e-9
253.460, -3.153e-9
253.510, -3.153e-9
253.560, -3.153e-9
253.610, -3.154e-9
253.660, -3.153e-9
253.710, -3.153e-9
253.760, -3.153e-9
253.810, -3.153e-9
253.860, -3.154e-9
253.910, -3.154e-9
253.960, -3.154e-9
254.010, -3.154e-9
254.060, -3.154e-9
254.110, -3.154e-9
254.160, -3.154e-9
254.210, -3.154e-9
254.260, -3.155e-9
254.310, -3.155e-9
254.360, -3.155e-9
254.410, -3.155e-9
254.460, -3.155e-9
254.510, -3.155e-9
254.560, -3.155e-9
254.610, -3.155e-9
254.660, -3.156e-9
254.710, -3.156e-9
254.760, -3.155e-9
254.811, -3.155e-9
254.861, -3.156e-9
254.911, -3.156e-9
254.961, -3.156e-9
255.011, -3.156e-9
255.061, -3.156e-9
255.111, -3.157e-9
255.161, -3.157e-9
255.211, -3.156e-9
255.261, -3.156e-9
255.311, -3.156e-9
255.361, -3.157e-9
255.411, -3.157e-9
255.461, -3.157e-9
255.511, -3.157e-9
255.561, -3.158e-9
255.611, -3.158e-9
255.661, -3.158e-9
255.711, -3.158e-9
255.761, -3.158e-9
255.811, -3.158e-9
255.861, -3.159e-9
255.911, -3.158e-9
255.961, -3.159e-9
256.011, -3.159e-9
256.061, -3.159e-9
256.111, -3.159e-9
256.161, -3.159e-9
256.211, -3.159e-9
256.260, -3.159e-9
256.310, -3.160e-9
256.360, -3.160e-9
256.410, -3.160e-9
256.460, -3.160e-9
256.510, -3.159e-9
256.560, -3.160e-9
256.610, -3.160e-9
256.660, -3.160e-9
256.710, -3.161e-9
256.760, -3.160e-9
256.810, -3.160e-9
256.860, -3.161e-9
256.910, -3.161e-9
256.960, -3.161e-9
257.010, -3.162e-9
257.060, -3.161e-9
257.110, -3.161e-9
257.160, -3.162e-9
257.210, -3.162e-9
257.260, -3.161e-9
257.310, -3.162e-9
257.360, -3.162e-9
257.410, -3.162e-9
257.460, -3.162e-9
257.510, -3.162e-9
257.560, -3.162e-9
257.610, -3.162e-9
257.660, -3.163e-9
257.710, -3.163e-9
257.760, -3.163e-9
257.810, -3.163e-9
257.860, -3.163e-9
257.910, -3.163e-9
257.960, -3.163e-9
258.010, -3.164e-9
258.060, -3.163e-9
258.110, -3.163e-9
258.160, -3.164e-9
258.210, -3.164e-9
258.260, -3.164e-9
258.310, -3.165e-9
258.360, -3.165e-9
258.410, -3.165e-9
258.460, -3.165e-9
258.510, -3.165e-9
258.560, -3.166e-9
258.610, -3.166e-9
258.660, -3.165e-9
258.710, -3.166e-9
258.760, -3.166e-9
258.810, -3.166e-9
258.860, -3.166e-9
258.910, -3.167e-9
258.960, -3.167e-9
259.010, -3.167e-9
259.060, -3.167e-9
259.110, -3.167e-9
259.160, -3.167e-9
259.210, -3.167e-9
259.260, -3.168e-9
259.310, -3.168e-9
259.360, -3.168e-9
259.410, -3.168e-9
259.460, -3.168e-9
259.510, -3.168e-9
259.560, -3.168e-9
259.610, -3.168e-9
259.660, -3.168e-9
259.710, -3.169e-9
259.760, -3.169e-9
259.810, -3.169e-9
259.860, -3.169e-9
259.910, -3.169e-9
259.960, -3.169e-9
260.010, -3.170e-9
260.060, -3.170e-9
260.110, -3.170e-9
260.160, -3.170e-9
260.210, -3.171e-9
260.260, -3.172e-9
260.310, -3.172e-9
260.359, -3.171e-9
260.409, -3.171e-9
260.459, -3.171e-9
260.509, -3.171e-9
260.559, -3.170e-9
260.609, -3.171e-9
260.659, -3.172e-9
260.709, -3.172e-9
260.759, -3.173e-9
260.809, -3.173e-9
260.859, -3.173e-9
260.909, -3.173e-9
260.959, -3.173e-9
261.009, -3.173e-9
261.059, -3.174e-9
261.109, -3.174e-9
261.159, -3.174e-9
261.209, -3.174e-9
261.259, -3.174e-9
261.309, -3.173e-9
261.359, -3.174e-9
261.409, -3.174e-9
261.459, -3.175e-9
261.509, -3.175e-9
261.559, -3.174e-9
261.609, -3.175e-9
261.659, -3.175e-9
261.709, -3.175e-9
261.759, -3.176e-9
261.809, -3.176e-9
261.859, -3.176e-9
261.909, -3.176e-9
261.959, -3.176e-9
262.009, -3.176e-9
262.059, -3.176e-9
262.109, -3.176e-9
262.159, -3.176e-9
262.209, -3.176e-9
262.259, -3.177e-9
262.309, -3.177e-9
262.359, -3.176e-9
262.409, -3.177e-9
262.459, -3.178e-9
262.509, -3.179e-9
262.559, -3.179e-9
262.609, -3.179e-9
262.659, -3.178e-9
262.709, -3.178e-9
262.759, -3.178e-9
262.809, -3.178e-9
262.859, -3.179e-9
262.909, -3.180e-9
262.959, -3.181e-9
263.009, -3.182e-9
263.059, -3.182e-9
263.109, -3.181e-9
263.159, -3.181e-9
263.209, -3.181e-9
263.259, -3.181e-9
263.309, -3.181e-9
263.359, -3.181e-9
263.409, -3.181e-9
263.459, -3.182e-9
263.509, -3.182e-9
263.559, -3.182e-9
263.609, -3.182e-9
263.659, -3.183e-9
263.709, -3.182e-9
263.759, -3.180e-9
263.809, -3.180e-9
263.859, -3.178e-9
263.909, -3.179e-9
263.959, -3.181e-9
264.009, -3.183e-9
264.059, -3.184e-9
264.109, -3.184e-9
264.159, -3.186e-9
264.209, -3.185e-9
264.259, -3.185e-9
264.309, -3.186e-9
264.359, -3.187e-9
264.409, -3.187e-9
264.458, -3.187e-9
264.508, -3.186e-9
264.558, -3.187e-9
264.608, -3.187e-9
264.658, -3.187e-9
264.708, -3.186e-9
264.758, -3.185e-9
264.808, -3.186e-9
264.858, -3.187e-9
264.908, -3.188e-9
264.958, -3.188e-9
265.008, -3.188e-9
265.058, -3.187e-9
265.108, -3.187e-9
265.158, -3.188e-9
265.208, -3.190e-9
265.258, -3.190e-9
265.308, -3.190e-9
265.358, -3.190e-9
265.408, -3.190e-9
265.458, -3.190e-9
265.508, -3.191e-9
265.558, -3.191e-9
265.608, -3.192e-9
265.658, -3.192e-9
265.708, -3.192e-9
265.758, -3.193e-9
265.808, -3.193e-9
265.858, -3.193e-9
265.908, -3.194e-9
265.958, -3.194e-9
266.008, -3.193e-9
266.058, -3.194e-9
266.108, -3.194e-9
266.158, -3.194e-9
266.208, -3.195e-9
266.258, -3.195e-9
266.308, -3.196e-9
266.358, -3.196e-9
266.408, -3.196e-9
266.458, -3.196e-9
266.508, -3.196e-9
266.558, -3.196e-9
266.608, -3.197e-9
266.658, -3.197e-9
266.708, -3.198e-9
266.758, -3.198e-9
266.808, -3.199e-9
266.858, -3.199e-9
266.908, -3.199e-9
266.958, -3.199e-9
267.008, -3.199e-9
267.058, -3.199e-9
267.108, -3.199e-9
267.158, -3.199e-9
267.208, -3.199e-9
267.258, -3.200e-9
267.308, -3.200e-9
267.358, -3.200e-9
267.408, -3.201e-9
267.458, -3.201e-9
267.508, -3.202e-9
267.558, -3.202e-9
267.608, -3.202e-9
267.658, -3.202e-9
267.708, -3.202e-9
267.758, -3.203e-9
267.808, -3.203e-9
267.858, -3.203e-9
267.908, -3.204e-9
267.958, -3.204e-9
268.008, -3.204e-9
268.058, -3.205e-9
268.108, -3.205e-9
268.158, -3.206e-9
268.208, -3.207e-9
268.258, -3.207e-9
268.308, -3.207e-9
268.358, -3.207e-9
268.408, -3.207e-9
268.458, -3.207e-9
268.508, -3.208e-9
268.557, -3.209e-9
268.607, -3.208e-9
268.657, -3.209e-9
268.707, -3.209e-9
268.757, -3.209e-9
268.807, -3.209e-9
268.857, -3.209e-9
268.907, -3.210e-9
268.957, -3.211e-9
269.007, -3.211e-9
269.057, -3.211e-9
269.107, -3.211e-9
269.157, -3.211e-9
269.207, -3.211e-9
269.257, -3.211e-9
269.307, -3.212e-9
269.357, -3.212e-9
269.407, -3.213e-9
269.457, -3.213e-9
269.507, -3.213e-9
269.557, -3.213e-9
269.607, -3.213e-9
269.657, -3.214e-9
269.707, -3.214e-9
269.757, -3.214e-9
269.807, -3.215e-9
269.857, -3.215e-9
269.907, -3.216e-9
269.957, -3.216e-9
270.007, -3.216e-9
270.057, -3.216e-9
270.107, -3.217e-9
270.157, -3.218e-9
270.207, -3.218e-9
270.257, -3.218e-9
270.307, -3.219e-9
270.357, -3.218e-9
270.407, -3.218e-9
270.457, -3.219e-9
270.507, -3.219e-9
270.557, -3.219e-9
270.607, -3.220e-9
270.657, -3.221e-9
270.707, -3.222e-9
270.757, -3.222e-9
270.807, -3.223e-9
270.857, -3.223e-9
270.907, -3.223e-9
270.957, -3.224e-9
271.007, -3.224e-9
271.057, -3.225e-9
271.107, -3.225e-9
271.157, -3.225e-9
271.207, -3.226e-9
271.257, -3.226e-9
271.307, -3.226e-9
271.357, -3.227e-9
271.407, -3.228e-9
271.457, -3.227e-9
271.507, -3.228e-9
271.557, -3.228e-9
271.607, -3.228e-9
271.657, -3.228e-9
271.707, -3.229e-9
271.757, -3.229e-9
271.807, -3.229e-9
271.857, -3.230e-9
271.907, -3.230e-9
271.957, -3.231e-9
272.007, -3.231e-9
272.057, -3.231e-9
272.107, -3.231e-9
272.157, -3.232e-9
272.207, -3.232e-9
272.257, -3.233e-9
272.307, -3.233e-9
272.357, -3.233e-9
272.407, -3.234e-9
272.457, -3.234e-9
272.507, -3.234e-9
272.557, -3.235e-9
272.607, -3.234e-9
272.656, -3.235e-9
272.706, -3.235e-9
272.756, -3.236e-9
272.806, -3.236e-9
272.856, -3.237e-9
272.906, -3.237e-9
272.956, -3.238e-9
273.006, -3.239e-9
273.056, -3.239e-9
273.106, -3.240e-9
273.156, -3.240e-9
273.206, -3.241e-9
273.256, -3.241e-9
273.306, -3.242e-9
273.356, -3.243e-9
273.406, -3.243e-9
273.456, -3.244e-9
273.506, -3.244e-9
273.556, -3.245e-9
273.606, -3.246e-9
273.656, -3.246e-9
273.706, -3.246e-9
273.756, -3.247e-9
273.806, -3.248e-9
273.856, -3.248e-9
273.906, -3.249e-9
273.956, -3.248e-9
274.006, -3.248e-9
274.056, -3.249e-9
274.106, -3.249e-9
274.156, -3.249e-9
274.206, -3.250e-9
274.256, -3.251e-9
274.306, -3.251e-9
274.356, -3.252e-9
274.406, -3.252e-9
274.456, -3.253e-9
274.506, -3.253e-9
274.556, -3.254e-9
274.606, -3.254e-9
274.656, -3.255e-9
274.706, -3.256e-9
274.756, -3.256e-9
274.806, -3.256e-9
274.856, -3.257e-9
274.906, -3.257e-9
274.956, -3.258e-9
275.006, -3.259e-9
275.056, -3.259e-9
275.106, -3.260e-9
275.156, -3.260e-9
275.206, -3.260e-9
275.256, -3.261e-9
275.306, -3.261e-9
275.356, -3.262e-9
275.406, -3.263e-9
275.456, -3.264e-9
275.506, -3.264e-9
275.556, -3.265e-9
275.606, -3.266e-9
275.656, -3.267e-9
275.706, -3.268e-9
275.756, -3.269e-9
275.806, -3.270e-9
275.856, -3.270e-9
275.906, -3.271e-9
275.956, -3.271e-9
276.006, -3.272e-9
276.056, -3.272e-9
276.106, -3.273e-9
276.156, -3.273e-9
276.206, -3.273e-9
276.256, -3.274e-9
276.306, -3.274e-9
276.356, -3.275e-9
276.406, -3.276e-9
276.456, -3.276e-9
276.506, -3.277e-9
276.556, -3.277e-9
276.606, -3.279e-9
276.656, -3.279e-9
276.706, -3.279e-9
276.755, -3.280e-9
276.805, -3.281e-9
276.855, -3.282e-9
276.905, -3.283e-9
276.955, -3.283e-9
277.005, -3.284e-9
277.055, -3.284e-9
277.105, -3.285e-9
277.155, -3.285e-9
277.205, -3.286e-9
277.255, -3.286e-9
277.305, -3.287e-9
277.355, -3.288e-9
277.405, -3.289e-9
277.455, -3.289e-9
277.505, -3.290e-9
277.555, -3.290e-9
277.605, -3.291e-9
277.655, -3.292e-9
277.705, -3.293e-9
277.755, -3.294e-9
277.805, -3.295e-9
277.855, -3.295e-9
277.905, -3.297e-9
277.955, -3.298e-9
278.005, -3.298e-9
278.055, -3.299e-9
278.105, -3.300e-9
278.155, -3.301e-9
278.205, -3.302e-9
278.255, -3.303e-9
278.305, -3.304e-9
278.355, -3.305e-9
278.405, -3.305e-9
278.455, -3.307e-9
278.505, -3.307e-9
278.555, -3.309e-9
278.605, -3.309e-9
278.655, -3.311e-9
278.705, -3.311e-9
278.755, -3.312e-9
278.805, -3.313e-9
278.855, -3.314e-9
278.905, -3.314e-9
278.955, -3.315e-9
279.005, -3.315e-9
279.055, -3.317e-9
279.105, -3.318e-9
279.155, -3.319e-9
279.205, -3.320e-9
279.255, -3.321e-9
279.305, -3.322e-9
279.355, -3.322e-9
279.405, -3.323e-9
279.455, -3.324e-9
279.505, -3.324e-9
279.555, -3.325e-9
279.605, -3.325e-9
279.655, -3.327e-9
279.705, -3.327e-9
279.755, -3.328e-9
279.805, -3.328e-9
279.855, -3.329e-9
279.905, -3.330e-9
279.955, -3.331e-9
280.005, -3.332e-9
280.055, -3.333e-9
280.105, -3.334e-9
280.155, -3.335e-9
280.205, -3.336e-9
280.255, -3.336e-9
280.305, -3.338e-9
280.355, -3.339e-9
280.405, -3.340e-9
280.455, -3.341e-9
280.505, -3.343e-9
280.555, -3.344e-9
280.605, -3.345e-9
280.655, -3.347e-9
280.705, -3.348e-9
280.755, -3.350e-9
280.805, -3.352e-9
280.854, -3.353e-9
280.904, -3.355e-9
280.954, -3.356e-9
281.004, -3.357e-9
281.054, -3.357e-9
281.104, -3.358e-9
281.154, -3.360e-9
281.204, -3.360e-9
281.254, -3.361e-9
281.304, -3.363e-9
281.354, -3.365e-9
281.404, -3.366e-9
281.454, -3.367e-9
281.504, -3.369e-9
281.554, -3.370e-9
281.604, -3.371e-9
281.654, -3.372e-9
281.704, -3.373e-9
281.754, -3.373e-9
281.804, -3.375e-9
281.854, -3.376e-9
281.904, -3.377e-9
281.954, -3.378e-9
282.004, -3.380e-9
282.054, -3.380e-9
282.104, -3.381e-9
282.154, -3.382e-9
282.204, -3.382e-9
282.254, -3.384e-9
282.304, -3.385e-9
282.354, -3.386e-9
282.404, -3.388e-9
282.454, -3.388e-9
282.504, -3.389e-9
282.554, -3.390e-9
282.604, -3.391e-9
282.654, -3.392e-9
282.704, -3.393e-9
282.754, -3.393e-9
282.804, -3.394e-9
282.854, -3.396e-9
282.904, -3.396e-9
282.954, -3.397e-9
283.004, -3.399e-9
283.054, -3.401e-9
283.104, -3.402e-9
283.154, -3.404e-9
283.204, -3.407e-9
283.254, -3.409e-9
283.304, -3.411e-9
283.354, -3.413e-9
283.404, -3.415e-9
283.454, -3.416e-9
283.504, -3.418e-9
283.554, -3.420e-9
283.604, -3.422e-9
283.654, -3.424e-9
283.704, -3.426e-9
283.754, -3.428e-9
283.804, -3.428e-9
283.854, -3.430e-9
283.904, -3.432e-9
283.954, -3.434e-9
284.004, -3.435e-9
284.054, -3.436e-9
284.104, -3.438e-9
284.154, -3.440e-9
284.204, -3.441e-9
284.254, -3.443e-9
284.304, -3.444e-9
284.354, -3.446e-9
284.404, -3.447e-9
284.454, -3.448e-9
284.504, -3.449e-9
284.554, -3.451e-9
284.604, -3.452e-9
284.654, -3.453e-9
284.704, -3.455e-9
284.754, -3.456e-9
284.804, -3.458e-9
284.854, -3.459e-9
284.904, -3.460e-9
284.953, -3.462e-9
285.003, -3.464e-9
285.053, -3.466e-9
285.103, -3.468e-9
285.153, -3.471e-9
285.203, -3.472e-9
285.253, -3.475e-9
285.303, -3.477e-9
285.353, -3.480e-9
285.403, -3.483e-9
285.453, -3.486e-9
285.503, -3.488e-9
285.553, -3.490e-9
285.603, -3.494e-9
285.653, -3.497e-9
285.703, -3.500e-9
285.753, -3.503e-9
285.803, -3.506e-9
285.853, -3.509e-9
285.903, -3.512e-9
285.953, -3.515e-9
286.003, -3.517e-9
286.033, -3.519e-9
286.062, -3.522e-9
286.092, -3.524e-9
286.121, -3.526e-9
286.150, -3.529e-9
286.179, -3.531e-9
286.208, -3.532e-9
286.237, -3.533e-9
286.266, -3.534e-9
286.295, -3.536e-9
286.323, -3.537e-9
286.352, -3.539e-9
286.380, -3.541e-9
286.409, -3.543e-9
286.437, -3.545e-9
286.465, -3.546e-9
286.493, -3.547e-9
286.521, -3.549e-9
286.549, -3.550e-9
286.576, -3.551e-9
286.604, -3.552e-9
286.632, -3.554e-9
286.659, -3.555e-9
286.687, -3.557e-9
286.714, -3.558e-9
286.741, -3.560e-9
286.768, -3.561e-9
286.796, -3.562e-9
286.823, -3.563e-9
286.850, -3.564e-9
286.877, -3.565e-9
286.903, -3.566e-9
286.930, -3.568e-9
286.957, -3.569e-9
286.983, -3.571e-9
287.010, -3.571e-9
287.036, -3.573e-9
287.063, -3.575e-9
287.089, -3.576e-9
287.115, -3.577e-9
287.141, -3.578e-9
287.167, -3.579e-9
287.193, -3.581e-9
287.219, -3.582e-9
287.245, -3.583e-9
287.271, -3.584e-9
287.296, -3.585e-9
287.322, -3.586e-9
287.347, -3.587e-9
287.373, -3.589e-9
287.398, -3.590e-9
287.423, -3.592e-9
287.448, -3.594e-9
287.473, -3.596e-9
287.498, -3.597e-9
287.523, -3.598e-9
287.548, -3.599e-9
287.573, -3.601e-9
287.597, -3.602e-9
287.622, -3.604e-9
287.646, -3.606e-9
287.670, -3.608e-9
287.694, -3.610e-9
287.718, -3.612e-9
287.742, -3.614e-9
287.766, -3.616e-9
287.789, -3.618e-9
287.813, -3.620e-9
287.836, -3.622e-9
287.859, -3.624e-9
287.882, -3.626e-9
287.905, -3.628e-9
287.928, -3.630e-9
287.951, -3.633e-9
287.973, -3.636e-9
287.995, -3.638e-9
288.017, -3.640e-9
288.039, -3.642e-9
288.061, -3.644e-9
288.083, -3.646e-9
288.105, -3.648e-9
288.126, -3.650e-9
288.148, -3.653e-9
288.169, -3.655e-9
288.190, -3.657e-9
288.211, -3.658e-9
288.232, -3.660e-9
288.253, -3.662e-9
288.274, -3.664e-9
288.294, -3.666e-9
288.315, -3.668e-9
288.335, -3.669e-9
288.355, -3.671e-9
288.376, -3.672e-9
288.396, -3.673e-9
288.416, -3.675e-9
288.436, -3.677e-9
288.455, -3.679e-9
288.475, -3.681e-9
288.494, -3.683e-9
288.514, -3.685e-9
288.533, -3.686e-9
288.552, -3.688e-9
288.571, -3.689e-9
288.591, -3.691e-9
288.609, -3.692e-9
288.628, -3.694e-9
288.647, -3.696e-9
288.666, -3.697e-9
288.684, -3.698e-9
288.703, -3.699e-9
288.721, -3.700e-9
288.740, -3.702e-9
288.758, -3.704e-9
288.776, -3.705e-9
288.794, -3.707e-9
288.812, -3.707e-9
288.830, -3.709e-9
288.848, -3.710e-9
288.866, -3.711e-9
288.883, -3.713e-9
288.901, -3.713e-9
288.919, -3.714e-9
288.936, -3.716e-9
288.953, -3.717e-9
288.971, -3.718e-9
288.988, -3.719e-9
289.005, -3.721e-9
289.022, -3.722e-9
289.039, -3.723e-9
289.056, -3.724e-9
289.073, -3.726e-9
289.090, -3.727e-9
289.107, -3.728e-9
289.123, -3.730e-9
289.140, -3.730e-9
289.157, -3.731e-9
289.173, -3.732e-9
289.189, -3.732e-9
289.206, -3.733e-9
289.222, -3.734e-9
289.239, -3.734e-9
289.255, -3.735e-9
289.271, -3.735e-9
289.288, -3.736e-9
289.304, -3.737e-9
289.320, -3.737e-9
289.336, -3.738e-9
289.352, -3.739e-9
289.368, -3.739e-9
289.384, -3.740e-9
289.400, -3.741e-9
289.416, -3.742e-9
289.432, -3.744e-9
289.447, -3.745e-9
289.463, -3.746e-9
289.479, -3.747e-9
289.494, -3.748e-9
289.510, -3.749e-9
289.525, -3.749e-9
289.540, -3.750e-9
289.556, -3.752e-9
289.571, -3.753e-9
289.586, -3.755e-9
289.601, -3.756e-9
289.616, -3.757e-9
289.631, -3.758e-9
289.645, -3.760e-9
289.660, -3.760e-9
289.675, -3.762e-9
289.689, -3.763e-9
289.704, -3.764e-9
289.718, -3.765e-9
289.733, -3.765e-9
289.747, -3.767e-9
289.761, -3.768e-9
289.775, -3.770e-9
289.789, -3.771e-9
289.803, -3.772e-9
289.817, -3.773e-9
289.831, -3.774e-9
289.845, -3.775e-9
289.859, -3.776e-9
289.872, -3.777e-9
289.886, -3.779e-9
289.899, -3.781e-9
289.913, -3.781e-9
289.926, -3.783e-9
289.939, -3.785e-9
289.952, -3.786e-9
289.965, -3.787e-9
289.978, -3.788e-9
289.991, -3.790e-9
290.004, -3.792e-9
290.016, -3.793e-9
290.029, -3.795e-9
290.041, -3.796e-9
290.054, -3.797e-9
290.066, -3.799e-9
290.078, -3.801e-9
290.090, -3.801e-9
290.102, -3.802e-9
290.114, -3.804e-9
290.126, -3.805e-9
290.138, -3.805e-9
290.150, -3.807e-9
290.162, -3.809e-9
290.173, -3.810e-9
290.185, -3.812e-9
290.196, -3.814e-9
290.207, -3.816e-9
290.218, -3.818e-9
290.229, -3.819e-9
290.240, -3.820e-9
290.251, -3.822e-9
290.262, -3.824e-9
290.272, -3.826e-9
290.283, -3.827e-9
290.293, -3.828e-9
290.303, -3.829e-9
290.314, -3.831e-9
290.324, -3.833e-9
290.334, -3.834e-9
290.344, -3.836e-9
290.354, -3.837e-9
290.364, -3.838e-9
290.373, -3.840e-9
290.383, -3.842e-9
290.392, -3.843e-9
290.402, -3.845e-9
290.411, -3.846e-9
290.420, -3.848e-9
290.430, -3.850e-9
290.438, -3.852e-9
290.447, -3.854e-9
290.456, -3.855e-9
290.465, -3.857e-9
290.473, -3.858e-9
290.482, -3.859e-9
290.490, -3.859e-9
290.499, -3.861e-9
290.507, -3.863e-9
290.515, -3.864e-9
290.523, -3.866e-9
290.531, -3.867e-9
290.539, -3.869e-9
290.547, -3.869e-9
290.555, -3.870e-9
290.563, -3.872e-9
290.570, -3.874e-9
290.578, -3.875e-9
290.585, -3.877e-9
290.592, -3.878e-9
290.600, -3.880e-9
290.607, -3.882e-9
290.614, -3.882e-9
290.621, -3.884e-9
290.628, -3.885e-9
290.634, -3.887e-9
290.641, -3.889e-9
290.647, -3.889e-9
290.654, -3.890e-9
290.661, -3.891e-9
290.667, -3.893e-9
290.673, -3.893e-9
290.680, -3.896e-9
290.686, -3.897e-9
290.692, -3.897e-9
290.698, -3.899e-9
290.704, -3.902e-9
290.710, -3.902e-9
290.715, -3.902e-9
290.721, -3.903e-9
290.727, -3.903e-9
290.733, -3.905e-9
290.738, -3.907e-9
290.744, -3.906e-9
290.749, -3.908e-9
290.755, -3.909e-9
290.760, -3.909e-9
290.765, -3.910e-9
290.771, -3.912e-9
290.776, -3.912e-9
290.781, -3.912e-9
290.786, -3.913e-9
290.791, -3.914e-9
290.796, -3.915e-9
290.801, -3.917e-9
290.806, -3.917e-9
290.811, -3.918e-9
290.816, -3.919e-9
290.821, -3.920e-9
290.826, -3.921e-9
290.831, -3.921e-9
290.836, -3.922e-9
290.841, -3.923e-9
290.846, -3.924e-9
290.852, -3.925e-9
290.857, -3.926e-9
290.862, -3.926e-9
290.867, -3.927e-9
290.872, -3.928e-9
290.877, -3.929e-9
290.882, -3.929e-9
290.887, -3.929e-9
290.892, -3.931e-9
290.897, -3.931e-9
290.902, -3.932e-9
290.907, -3.933e-9
290.912, -3.933e-9
290.917, -3.934e-9
290.922, -3.934e-9
290.927, -3.935e-9
290.932, -3.936e-9
290.937, -3.937e-9
290.942, -3.938e-9
290.947, -3.939e-9
290.952, -3.939e-9
290.957, -3.939e-9
290.962, -3.941e-9
290.967, -3.942e-9
290.972, -3.943e-9
290.977, -3.943e-9
290.982, -3.944e-9
290.987, -3.945e-9
290.992, -3.946e-9
290.997, -3.947e-9
291.002, -3.948e-9
291.007, -3.949e-9
291.012, -3.950e-9
291.017, -3.950e-9
291.022, -3.951e-9
291.027, -3.952e-9
291.032, -3.954e-9
291.037, -3.954e-9
291.042, -3.955e-9
291.047, -3.956e-9
291.052, -3.956e-9
291.057, -3.956e-9
291.062, -3.957e-9
291.067, -3.957e-9
291.072, -3.958e-9
291.077, -3.959e-9
291.082, -3.959e-9
291.087, -3.959e-9
291.092, -3.960e-9
291.097, -3.961e-9
291.102, -3.961e-9
291.107, -3.963e-9
291.112, -3.963e-9
291.117, -3.964e-9
291.122, -3.964e-9
291.127, -3.965e-9
291.132, -3.967e-9
291.137, -3.967e-9
291.142, -3.968e-9
291.147, -3.969e-9
291.152, -3.970e-9
291.157, -3.971e-9
291.162, -3.972e-9
291.167, -3.973e-9
291.172, -3.973e-9
291.177, -3.973e-9
291.182, -3.974e-9
291.187, -3.976e-9
291.192, -3.976e-9
291.197, -3.977e-9
291.202, -3.978e-9
291.207, -3.979e-9
291.212, -3.979e-9
291.217, -3.980e-9
291.222, -3.981e-9
291.227, -3.981e-9
291.232, -3.982e-9
291.237, -3.983e-9
291.242, -3.983e-9
291.247, -3.985e-9
291.252, -3.987e-9
291.257, -3.986e-9
291.262, -3.987e-9
291.267, -3.987e-9
291.272, -3.988e-9
291.277, -3.988e-9
291.282, -3.988e-9
291.287, -3.989e-9
291.292, -3.989e-9
291.297, -3.989e-9
291.302, -3.989e-9
291.307, -3.991e-9
291.312, -3.992e-9
291.317, -3.991e-9
291.322, -3.989e-9
291.327, -3.989e-9
291.332, -3.989e-9
291.337, -3.989e-9
291.342, -3.990e-9
291.347, -3.990e-9
291.352, -3.991e-9
291.357, -3.993e-9
291.362, -3.994e-9
291.367, -3.993e-9
291.372, -3.992e-9
291.377, -3.993e-9
291.382, -3.993e-9
291.387, -3.994e-9
291.392, -3.995e-9
291.397, -3.996e-9
291.402, -3.998e-9
