X/um, Y/um, Current/A
 
0.0000, 0.0000, 2.105e-9
2.0000, 0.0000, 1.965e-9
4.0000, 0.0000, 1.770e-9
6.0000, 0.0000, 1.598e-9
8.0000, 0.0000, 1.470e-9
10.0000, 0.0000, 1.382e-9
12.0000, 0.0000, 1.320e-9
14.0000, 0.0000, 1.272e-9
16.0000, 0.0000, 1.238e-9
18.0000, 0.0000, 1.215e-9
20.0000, 0.0000, 1.192e-9
22.0000, 0.0000, 1.173e-9
24.0000, 0.0000, 1.161e-9
26.0000, 0.0000, 1.149e-9
28.0000, 0.0000, 1.139e-9
30.0000, 0.0000, 1.132e-9
32.0000, 0.0000, 1.125e-9
34.0000, 0.0000, 1.118e-9
36.0000, 0.0000, 1.111e-9
38.0000, 0.0000, 1.106e-9
40.0000, 0.0000, 1.102e-9
42.0000, 0.0000, 1.097e-9
44.0000, 0.0000, 1.094e-9
46.0000, 0.0000, 1.092e-9
48.0000, 0.0000, 1.089e-9
50.0000, 0.0000, 1.086e-9
52.0000, 0.0000, 1.083e-9
54.0000, 0.0000, 1.080e-9
56.0000, 0.0000, 1.077e-9
58.0000, 0.0000, 1.075e-9
60.0000, 0.0000, 1.073e-9
62.0000, 0.0000, 1.073e-9
64.0000, 0.0000, 1.071e-9
66.0000, 0.0000, 1.070e-9
68.0000, 0.0000, 1.068e-9
70.0000, 0.0000, 1.065e-9
72.0000, 0.0000, 1.065e-9
74.0000, 0.0000, 1.063e-9
76.0000, 0.0000, 1.062e-9
78.0000, 0.0000, 1.062e-9
80.0000, 0.0000, 1.061e-9
82.0000, 0.0000, 1.060e-9
84.0000, 0.0000, 1.059e-9
86.0000, 0.0000, 1.058e-9
88.0000, 0.0000, 1.071e-9
90.0000, 0.0000, 1.173e-9
92.0000, 0.0000, 1.239e-9
94.0000, 0.0000, 1.222e-9
96.0000, 0.0000, 1.174e-9
98.0000, 0.0000, 1.131e-9
100.0000, 0.0000, 1.104e-9
102.0000, 0.0000, 1.150e-9
104.0000, 0.0000, 1.199e-9
106.0000, 0.0000, 1.191e-9
108.0000, 0.0000, 1.159e-9
110.0000, 0.0000, 1.126e-9
112.0000, 0.0000, 1.102e-9
114.0000, 0.0000, 1.085e-9
116.0000, 0.0000, 1.087e-9
118.0000, 0.0000, 1.162e-9
120.0000, 0.0000, 1.205e-9
122.0000, 0.0000, 1.192e-9
124.0000, 0.0000, 1.159e-9
126.0000, 0.0000, 1.128e-9
128.0000, 0.0000, 1.116e-9
130.0000, 0.0000, 1.199e-9
132.0000, 0.0000, 1.262e-9
134.0000, 0.0000, 1.249e-9
136.0000, 0.0000, 1.207e-9
138.0000, 0.0000, 1.170e-9
140.0000, 0.0000, 1.190e-9
142.0000, 0.0000, 1.218e-9
144.0000, 0.0000, 1.206e-9
146.0000, 0.0000, 1.176e-9
148.0000, 0.0000, 1.163e-9
150.0000, 0.0000, 1.229e-9
152.0000, 0.0000, 1.293e-9
154.0000, 0.0000, 1.310e-9
156.0000, 0.0000, 1.283e-9
158.0000, 0.0000, 1.249e-9
160.0000, 0.0000, 1.220e-9
162.0000, 0.0000, 1.205e-9
164.0000, 0.0000, 1.203e-9
166.0000, 0.0000, 1.191e-9
168.0000, 0.0000, 1.172e-9
170.0000, 0.0000, 1.151e-9
172.0000, 0.0000, 1.134e-9
174.0000, 0.0000, 1.119e-9
176.0000, 0.0000, 1.107e-9
178.0000, 0.0000, 1.099e-9
180.0000, 0.0000, 1.092e-9
182.0000, 0.0000, 1.086e-9
184.0000, 0.0000, 1.081e-9
186.0000, 0.0000, 1.076e-9
188.0000, 0.0000, 1.072e-9
190.0000, 0.0000, 1.067e-9
192.0000, 0.0000, 1.064e-9
194.0000, 0.0000, 1.064e-9
196.0000, 0.0000, 1.061e-9
198.0000, 0.0000, 1.059e-9
200.0000, 0.0000, 1.074e-9
202.0000, 0.0000, 1.089e-9
204.0000, 0.0000, 1.090e-9
206.0000, 0.0000, 1.083e-9
208.0000, 0.0000, 1.084e-9
210.0000, 0.0000, 1.102e-9
212.0000, 0.0000, 1.107e-9
214.0000, 0.0000, 1.113e-9
216.0000, 0.0000, 1.131e-9
218.0000, 0.0000, 1.133e-9
220.0000, 0.0000, 1.128e-9
222.0000, 0.0000, 1.142e-9
224.0000, 0.0000, 1.149e-9
226.0000, 0.0000, 1.140e-9
228.0000, 0.0000, 1.126e-9
230.0000, 0.0000, 1.114e-9
232.0000, 0.0000, 1.103e-9
234.0000, 0.0000, 1.093e-9
236.0000, 0.0000, 1.115e-9
238.0000, 0.0000, 1.165e-9
240.0000, 0.0000, 1.178e-9
242.0000, 0.0000, 1.163e-9
244.0000, 0.0000, 1.143e-9
246.0000, 0.0000, 1.124e-9
248.0000, 0.0000, 1.116e-9
0.0000, 2.0000, 1.583e-9
2.0000, 2.0000, 1.481e-9
4.0000, 2.0000, 1.395e-9
6.0000, 2.0000, 1.328e-9
8.0000, 2.0000, 1.275e-9
10.0000, 2.0000, 1.238e-9
12.0000, 2.0000, 1.210e-9
14.0000, 2.0000, 1.183e-9
16.0000, 2.0000, 1.164e-9
18.0000, 2.0000, 1.150e-9
20.0000, 2.0000, 1.136e-9
22.0000, 2.0000, 1.126e-9
24.0000, 2.0000, 1.119e-9
26.0000, 2.0000, 1.110e-9
28.0000, 2.0000, 1.101e-9
30.0000, 2.0000, 1.095e-9
32.0000, 2.0000, 1.089e-9
34.0000, 2.0000, 1.083e-9
36.0000, 2.0000, 1.078e-9
38.0000, 2.0000, 1.075e-9
40.0000, 2.0000, 1.073e-9
42.0000, 2.0000, 1.069e-9
44.0000, 2.0000, 1.066e-9
46.0000, 2.0000, 1.063e-9
48.0000, 2.0000, 1.059e-9
50.0000, 2.0000, 1.056e-9
52.0000, 2.0000, 1.055e-9
54.0000, 2.0000, 1.053e-9
56.0000, 2.0000, 1.051e-9
58.0000, 2.0000, 1.053e-9
60.0000, 2.0000, 1.087e-9
62.0000, 2.0000, 1.115e-9
64.0000, 2.0000, 1.106e-9
66.0000, 2.0000, 1.095e-9
68.0000, 2.0000, 1.115e-9
70.0000, 2.0000, 1.118e-9
72.0000, 2.0000, 1.100e-9
74.0000, 2.0000, 1.088e-9
76.0000, 2.0000, 1.091e-9
78.0000, 2.0000, 1.084e-9
80.0000, 2.0000, 1.070e-9
82.0000, 2.0000, 1.073e-9
84.0000, 2.0000, 1.080e-9
86.0000, 2.0000, 1.073e-9
88.0000, 2.0000, 1.060e-9
90.0000, 2.0000, 1.053e-9
92.0000, 2.0000, 1.092e-9
94.0000, 2.0000, 1.122e-9
96.0000, 2.0000, 1.116e-9
98.0000, 2.0000, 1.099e-9
100.0000, 2.0000, 1.119e-9
102.0000, 2.0000, 1.138e-9
104.0000, 2.0000, 1.150e-9
106.0000, 2.0000, 1.171e-9
108.0000, 2.0000, 1.164e-9
110.0000, 2.0000, 1.138e-9
112.0000, 2.0000, 1.109e-9
114.0000, 2.0000, 1.111e-9
116.0000, 2.0000, 1.150e-9
118.0000, 2.0000, 1.157e-9
120.0000, 2.0000, 1.137e-9
122.0000, 2.0000, 1.112e-9
124.0000, 2.0000, 1.124e-9
126.0000, 2.0000, 1.165e-9
128.0000, 2.0000, 1.169e-9
130.0000, 2.0000, 1.147e-9
132.0000, 2.0000, 1.136e-9
134.0000, 2.0000, 1.149e-9
136.0000, 2.0000, 1.162e-9
138.0000, 2.0000, 1.157e-9
140.0000, 2.0000, 1.159e-9
142.0000, 2.0000, 1.168e-9
144.0000, 2.0000, 1.166e-9
146.0000, 2.0000, 1.153e-9
148.0000, 2.0000, 1.154e-9
150.0000, 2.0000, 1.160e-9
152.0000, 2.0000, 1.157e-9
154.0000, 2.0000, 1.155e-9
156.0000, 2.0000, 1.171e-9
158.0000, 2.0000, 1.181e-9
160.0000, 2.0000, 1.174e-9
162.0000, 2.0000, 1.172e-9
164.0000, 2.0000, 1.187e-9
166.0000, 2.0000, 1.199e-9
168.0000, 2.0000, 1.189e-9
170.0000, 2.0000, 1.179e-9
172.0000, 2.0000, 1.174e-9
174.0000, 2.0000, 1.159e-9
176.0000, 2.0000, 1.140e-9
178.0000, 2.0000, 1.123e-9
180.0000, 2.0000, 1.107e-9
182.0000, 2.0000, 1.095e-9
184.0000, 2.0000, 1.085e-9
186.0000, 2.0000, 1.077e-9
188.0000, 2.0000, 1.072e-9
190.0000, 2.0000, 1.065e-9
192.0000, 2.0000, 1.061e-9
194.0000, 2.0000, 1.057e-9
196.0000, 2.0000, 1.052e-9
198.0000, 2.0000, 1.048e-9
200.0000, 2.0000, 1.047e-9
202.0000, 2.0000, 1.043e-9
204.0000, 2.0000, 1.041e-9
206.0000, 2.0000, 1.038e-9
208.0000, 2.0000, 1.038e-9
210.0000, 2.0000, 1.055e-9
212.0000, 2.0000, 1.066e-9
214.0000, 2.0000, 1.066e-9
216.0000, 2.0000, 1.061e-9
218.0000, 2.0000, 1.054e-9
220.0000, 2.0000, 1.065e-9
222.0000, 2.0000, 1.077e-9
224.0000, 2.0000, 1.076e-9
226.0000, 2.0000, 1.077e-9
228.0000, 2.0000, 1.089e-9
230.0000, 2.0000, 1.091e-9
232.0000, 2.0000, 1.096e-9
234.0000, 2.0000, 1.100e-9
236.0000, 2.0000, 1.110e-9
238.0000, 2.0000, 1.130e-9
240.0000, 2.0000, 1.131e-9
242.0000, 2.0000, 1.131e-9
244.0000, 2.0000, 1.131e-9
246.0000, 2.0000, 1.118e-9
248.0000, 2.0000, 1.102e-9
0.0000, 4.0000, 1.429e-9
2.0000, 4.0000, 1.354e-9
4.0000, 4.0000, 1.294e-9
6.0000, 4.0000, 1.245e-9
8.0000, 4.0000, 1.204e-9
10.0000, 4.0000, 1.178e-9
12.0000, 4.0000, 1.157e-9
14.0000, 4.0000, 1.133e-9
16.0000, 4.0000, 1.116e-9
18.0000, 4.0000, 1.107e-9
20.0000, 4.0000, 1.095e-9
22.0000, 4.0000, 1.085e-9
24.0000, 4.0000, 1.079e-9
26.0000, 4.0000, 1.073e-9
28.0000, 4.0000, 1.065e-9
30.0000, 4.0000, 1.057e-9
32.0000, 4.0000, 1.053e-9
34.0000, 4.0000, 1.049e-9
36.0000, 4.0000, 1.044e-9
38.0000, 4.0000, 1.042e-9
40.0000, 4.0000, 1.041e-9
42.0000, 4.0000, 1.037e-9
44.0000, 4.0000, 1.034e-9
46.0000, 4.0000, 1.031e-9
48.0000, 4.0000, 1.027e-9
50.0000, 4.0000, 1.025e-9
52.0000, 4.0000, 1.023e-9
54.0000, 4.0000, 1.021e-9
56.0000, 4.0000, 1.019e-9
58.0000, 4.0000, 1.033e-9
60.0000, 4.0000, 1.099e-9
62.0000, 4.0000, 1.133e-9
64.0000, 4.0000, 1.120e-9
66.0000, 4.0000, 1.100e-9
68.0000, 4.0000, 1.095e-9
70.0000, 4.0000, 1.080e-9
72.0000, 4.0000, 1.059e-9
74.0000, 4.0000, 1.048e-9
76.0000, 4.0000, 1.050e-9
78.0000, 4.0000, 1.047e-9
80.0000, 4.0000, 1.035e-9
82.0000, 4.0000, 1.038e-9
84.0000, 4.0000, 1.062e-9
86.0000, 4.0000, 1.075e-9
88.0000, 4.0000, 1.070e-9
90.0000, 4.0000, 1.072e-9
92.0000, 4.0000, 1.072e-9
94.0000, 4.0000, 1.061e-9
96.0000, 4.0000, 1.053e-9
98.0000, 4.0000, 1.078e-9
100.0000, 4.0000, 1.118e-9
102.0000, 4.0000, 1.127e-9
104.0000, 4.0000, 1.109e-9
106.0000, 4.0000, 1.103e-9
108.0000, 4.0000, 1.121e-9
110.0000, 4.0000, 1.120e-9
112.0000, 4.0000, 1.117e-9
114.0000, 4.0000, 1.116e-9
116.0000, 4.0000, 1.103e-9
118.0000, 4.0000, 1.095e-9
120.0000, 4.0000, 1.103e-9
122.0000, 4.0000, 1.122e-9
124.0000, 4.0000, 1.132e-9
126.0000, 4.0000, 1.122e-9
128.0000, 4.0000, 1.109e-9
130.0000, 4.0000, 1.128e-9
132.0000, 4.0000, 1.139e-9
134.0000, 4.0000, 1.132e-9
136.0000, 4.0000, 1.128e-9
138.0000, 4.0000, 1.123e-9
140.0000, 4.0000, 1.117e-9
142.0000, 4.0000, 1.114e-9
144.0000, 4.0000, 1.121e-9
146.0000, 4.0000, 1.131e-9
148.0000, 4.0000, 1.130e-9
150.0000, 4.0000, 1.143e-9
152.0000, 4.0000, 1.158e-9
154.0000, 4.0000, 1.164e-9
156.0000, 4.0000, 1.160e-9
158.0000, 4.0000, 1.149e-9
160.0000, 4.0000, 1.158e-9
162.0000, 4.0000, 1.170e-9
164.0000, 4.0000, 1.173e-9
166.0000, 4.0000, 1.172e-9
168.0000, 4.0000, 1.167e-9
170.0000, 4.0000, 1.155e-9
172.0000, 4.0000, 1.153e-9
174.0000, 4.0000, 1.155e-9
176.0000, 4.0000, 1.146e-9
178.0000, 4.0000, 1.127e-9
180.0000, 4.0000, 1.109e-9
182.0000, 4.0000, 1.094e-9
184.0000, 4.0000, 1.080e-9
186.0000, 4.0000, 1.070e-9
188.0000, 4.0000, 1.062e-9
190.0000, 4.0000, 1.055e-9
192.0000, 4.0000, 1.050e-9
194.0000, 4.0000, 1.044e-9
196.0000, 4.0000, 1.040e-9
198.0000, 4.0000, 1.036e-9
200.0000, 4.0000, 1.032e-9
202.0000, 4.0000, 1.029e-9
204.0000, 4.0000, 1.026e-9
206.0000, 4.0000, 1.022e-9
208.0000, 4.0000, 1.021e-9
210.0000, 4.0000, 1.019e-9
212.0000, 4.0000, 1.016e-9
214.0000, 4.0000, 1.020e-9
216.0000, 4.0000, 1.032e-9
218.0000, 4.0000, 1.038e-9
220.0000, 4.0000, 1.051e-9
222.0000, 4.0000, 1.058e-9
224.0000, 4.0000, 1.059e-9
226.0000, 4.0000, 1.062e-9
228.0000, 4.0000, 1.064e-9
230.0000, 4.0000, 1.078e-9
232.0000, 4.0000, 1.083e-9
234.0000, 4.0000, 1.079e-9
236.0000, 4.0000, 1.077e-9
238.0000, 4.0000, 1.076e-9
240.0000, 4.0000, 1.091e-9
242.0000, 4.0000, 1.098e-9
244.0000, 4.0000, 1.098e-9
246.0000, 4.0000, 1.099e-9
248.0000, 4.0000, 1.095e-9
0.0000, 6.0000, 1.585e-9
2.0000, 6.0000, 1.532e-9
4.0000, 6.0000, 1.492e-9
6.0000, 6.0000, 1.419e-9
8.0000, 6.0000, 1.350e-9
10.0000, 6.0000, 1.289e-9
12.0000, 6.0000, 1.242e-9
14.0000, 6.0000, 1.206e-9
16.0000, 6.0000, 1.172e-9
18.0000, 6.0000, 1.149e-9
20.0000, 6.0000, 1.134e-9
22.0000, 6.0000, 1.117e-9
24.0000, 6.0000, 1.105e-9
26.0000, 6.0000, 1.099e-9
28.0000, 6.0000, 1.087e-9
30.0000, 6.0000, 1.078e-9
32.0000, 6.0000, 1.072e-9
34.0000, 6.0000, 1.063e-9
36.0000, 6.0000, 1.057e-9
38.0000, 6.0000, 1.052e-9
40.0000, 6.0000, 1.049e-9
42.0000, 6.0000, 1.046e-9
44.0000, 6.0000, 1.050e-9
46.0000, 6.0000, 1.082e-9
48.0000, 6.0000, 1.091e-9
50.0000, 6.0000, 1.075e-9
52.0000, 6.0000, 1.083e-9
54.0000, 6.0000, 1.096e-9
56.0000, 6.0000, 1.084e-9
58.0000, 6.0000, 1.062e-9
60.0000, 6.0000, 1.055e-9
62.0000, 6.0000, 1.050e-9
64.0000, 6.0000, 1.043e-9
66.0000, 6.0000, 1.044e-9
68.0000, 6.0000, 1.040e-9
70.0000, 6.0000, 1.058e-9
72.0000, 6.0000, 1.075e-9
74.0000, 6.0000, 1.074e-9
76.0000, 6.0000, 1.088e-9
78.0000, 6.0000, 1.122e-9
80.0000, 6.0000, 1.150e-9
82.0000, 6.0000, 1.165e-9
84.0000, 6.0000, 1.155e-9
86.0000, 6.0000, 1.133e-9
88.0000, 6.0000, 1.133e-9
90.0000, 6.0000, 1.140e-9
92.0000, 6.0000, 1.129e-9
94.0000, 6.0000, 1.122e-9
96.0000, 6.0000, 1.128e-9
98.0000, 6.0000, 1.131e-9
100.0000, 6.0000, 1.123e-9
102.0000, 6.0000, 1.119e-9
104.0000, 6.0000, 1.125e-9
106.0000, 6.0000, 1.129e-9
108.0000, 6.0000, 1.125e-9
110.0000, 6.0000, 1.125e-9
112.0000, 6.0000, 1.142e-9
114.0000, 6.0000, 1.158e-9
116.0000, 6.0000, 1.166e-9
118.0000, 6.0000, 1.186e-9
120.0000, 6.0000, 1.194e-9
122.0000, 6.0000, 1.194e-9
124.0000, 6.0000, 1.203e-9
126.0000, 6.0000, 1.208e-9
128.0000, 6.0000, 1.210e-9
130.0000, 6.0000, 1.213e-9
132.0000, 6.0000, 1.206e-9
134.0000, 6.0000, 1.199e-9
136.0000, 6.0000, 1.191e-9
138.0000, 6.0000, 1.187e-9
140.0000, 6.0000, 1.204e-9
142.0000, 6.0000, 1.208e-9
144.0000, 6.0000, 1.199e-9
146.0000, 6.0000, 1.192e-9
148.0000, 6.0000, 1.186e-9
150.0000, 6.0000, 1.185e-9
152.0000, 6.0000, 1.181e-9
154.0000, 6.0000, 1.176e-9
156.0000, 6.0000, 1.175e-9
158.0000, 6.0000, 1.175e-9
160.0000, 6.0000, 1.183e-9
162.0000, 6.0000, 1.180e-9
164.0000, 6.0000, 1.167e-9
166.0000, 6.0000, 1.161e-9
168.0000, 6.0000, 1.161e-9
170.0000, 6.0000, 1.151e-9
172.0000, 6.0000, 1.141e-9
174.0000, 6.0000, 1.130e-9
176.0000, 6.0000, 1.114e-9
178.0000, 6.0000, 1.098e-9
180.0000, 6.0000, 1.083e-9
182.0000, 6.0000, 1.069e-9
184.0000, 6.0000, 1.058e-9
186.0000, 6.0000, 1.047e-9
188.0000, 6.0000, 1.037e-9
190.0000, 6.0000, 1.031e-9
192.0000, 6.0000, 1.026e-9
194.0000, 6.0000, 1.022e-9
196.0000, 6.0000, 1.017e-9
198.0000, 6.0000, 1.013e-9
200.0000, 6.0000, 1.010e-9
202.0000, 6.0000, 1.007e-9
204.0000, 6.0000, 1.003e-9
206.0000, 6.0000, 1.002e-9
208.0000, 6.0000, 9.997e-10
210.0000, 6.0000, 9.975e-10
212.0000, 6.0000, 9.967e-10
214.0000, 6.0000, 9.949e-10
216.0000, 6.0000, 9.930e-10
218.0000, 6.0000, 9.989e-10
220.0000, 6.0000, 1.007e-9
222.0000, 6.0000, 1.007e-9
224.0000, 6.0000, 1.007e-9
226.0000, 6.0000, 1.030e-9
228.0000, 6.0000, 1.072e-9
230.0000, 6.0000, 1.083e-9
232.0000, 6.0000, 1.072e-9
234.0000, 6.0000, 1.062e-9
236.0000, 6.0000, 1.055e-9
238.0000, 6.0000, 1.046e-9
240.0000, 6.0000, 1.039e-9
242.0000, 6.0000, 1.055e-9
244.0000, 6.0000, 1.084e-9
246.0000, 6.0000, 1.097e-9
248.0000, 6.0000, 1.098e-9
0.0000, 8.0000, 1.425e-9
2.0000, 8.0000, 1.350e-9
4.0000, 8.0000, 1.293e-9
6.0000, 8.0000, 1.246e-9
8.0000, 8.0000, 1.202e-9
10.0000, 8.0000, 1.181e-9
12.0000, 8.0000, 1.171e-9
14.0000, 8.0000, 1.150e-9
16.0000, 8.0000, 1.134e-9
18.0000, 8.0000, 1.122e-9
20.0000, 8.0000, 1.106e-9
22.0000, 8.0000, 1.094e-9
24.0000, 8.0000, 1.084e-9
26.0000, 8.0000, 1.076e-9
28.0000, 8.0000, 1.068e-9
30.0000, 8.0000, 1.060e-9
32.0000, 8.0000, 1.066e-9
34.0000, 8.0000, 1.069e-9
36.0000, 8.0000, 1.057e-9
38.0000, 8.0000, 1.045e-9
40.0000, 8.0000, 1.041e-9
42.0000, 8.0000, 1.032e-9
44.0000, 8.0000, 1.044e-9
46.0000, 8.0000, 1.069e-9
48.0000, 8.0000, 1.065e-9
50.0000, 8.0000, 1.049e-9
52.0000, 8.0000, 1.031e-9
54.0000, 8.0000, 1.021e-9
56.0000, 8.0000, 1.020e-9
58.0000, 8.0000, 1.019e-9
60.0000, 8.0000, 1.038e-9
62.0000, 8.0000, 1.049e-9
64.0000, 8.0000, 1.042e-9
66.0000, 8.0000, 1.050e-9
68.0000, 8.0000, 1.069e-9
70.0000, 8.0000, 1.071e-9
72.0000, 8.0000, 1.078e-9
74.0000, 8.0000, 1.081e-9
76.0000, 8.0000, 1.073e-9
78.0000, 8.0000, 1.072e-9
80.0000, 8.0000, 1.083e-9
82.0000, 8.0000, 1.093e-9
84.0000, 8.0000, 1.090e-9
86.0000, 8.0000, 1.082e-9
88.0000, 8.0000, 1.084e-9
90.0000, 8.0000, 1.083e-9
92.0000, 8.0000, 1.071e-9
94.0000, 8.0000, 1.060e-9
96.0000, 8.0000, 1.051e-9
98.0000, 8.0000, 1.043e-9
100.0000, 8.0000, 1.033e-9
102.0000, 8.0000, 1.023e-9
104.0000, 8.0000, 1.024e-9
106.0000, 8.0000, 1.026e-9
108.0000, 8.0000, 1.027e-9
110.0000, 8.0000, 1.038e-9
112.0000, 8.0000, 1.057e-9
114.0000, 8.0000, 1.076e-9
116.0000, 8.0000, 1.085e-9
118.0000, 8.0000, 1.094e-9
120.0000, 8.0000, 1.115e-9
122.0000, 8.0000, 1.150e-9
124.0000, 8.0000, 1.171e-9
126.0000, 8.0000, 1.176e-9
128.0000, 8.0000, 1.174e-9
130.0000, 8.0000, 1.165e-9
132.0000, 8.0000, 1.156e-9
134.0000, 8.0000, 1.151e-9
136.0000, 8.0000, 1.142e-9
138.0000, 8.0000, 1.136e-9
140.0000, 8.0000, 1.145e-9
142.0000, 8.0000, 1.149e-9
144.0000, 8.0000, 1.148e-9
146.0000, 8.0000, 1.146e-9
148.0000, 8.0000, 1.139e-9
150.0000, 8.0000, 1.146e-9
152.0000, 8.0000, 1.147e-9
154.0000, 8.0000, 1.146e-9
156.0000, 8.0000, 1.151e-9
158.0000, 8.0000, 1.152e-9
160.0000, 8.0000, 1.163e-9
162.0000, 8.0000, 1.163e-9
164.0000, 8.0000, 1.151e-9
166.0000, 8.0000, 1.148e-9
168.0000, 8.0000, 1.153e-9
170.0000, 8.0000, 1.151e-9
172.0000, 8.0000, 1.156e-9
174.0000, 8.0000, 1.159e-9
176.0000, 8.0000, 1.153e-9
178.0000, 8.0000, 1.142e-9
180.0000, 8.0000, 1.126e-9
182.0000, 8.0000, 1.117e-9
184.0000, 8.0000, 1.108e-9
186.0000, 8.0000, 1.093e-9
188.0000, 8.0000, 1.083e-9
190.0000, 8.0000, 1.071e-9
192.0000, 8.0000, 1.057e-9
194.0000, 8.0000, 1.049e-9
196.0000, 8.0000, 1.039e-9
198.0000, 8.0000, 1.031e-9
200.0000, 8.0000, 1.024e-9
202.0000, 8.0000, 1.018e-9
204.0000, 8.0000, 1.016e-9
206.0000, 8.0000, 1.012e-9
208.0000, 8.0000, 1.008e-9
210.0000, 8.0000, 1.011e-9
212.0000, 8.0000, 1.010e-9
214.0000, 8.0000, 1.006e-9
216.0000, 8.0000, 1.005e-9
218.0000, 8.0000, 1.003e-9
220.0000, 8.0000, 1.001e-9
222.0000, 8.0000, 1.002e-9
224.0000, 8.0000, 9.997e-10
226.0000, 8.0000, 1.003e-9
228.0000, 8.0000, 1.012e-9
230.0000, 8.0000, 1.014e-9
232.0000, 8.0000, 1.017e-9
234.0000, 8.0000, 1.019e-9
236.0000, 8.0000, 1.016e-9
238.0000, 8.0000, 1.019e-9
240.0000, 8.0000, 1.021e-9
242.0000, 8.0000, 1.034e-9
244.0000, 8.0000, 1.051e-9
246.0000, 8.0000, 1.055e-9
248.0000, 8.0000, 1.054e-9
0.0000, 10.0000, 1.486e-9
2.0000, 10.0000, 1.445e-9
4.0000, 10.0000, 1.438e-9
6.0000, 10.0000, 1.377e-9
8.0000, 10.0000, 1.304e-9
10.0000, 10.0000, 1.245e-9
12.0000, 10.0000, 1.201e-9
14.0000, 10.0000, 1.168e-9
16.0000, 10.0000, 1.138e-9
18.0000, 10.0000, 1.118e-9
20.0000, 10.0000, 1.107e-9
22.0000, 10.0000, 1.092e-9
24.0000, 10.0000, 1.080e-9
26.0000, 10.0000, 1.075e-9
28.0000, 10.0000, 1.062e-9
30.0000, 10.0000, 1.047e-9
32.0000, 10.0000, 1.037e-9
34.0000, 10.0000, 1.027e-9
36.0000, 10.0000, 1.018e-9
38.0000, 10.0000, 1.014e-9
40.0000, 10.0000, 1.016e-9
42.0000, 10.0000, 1.015e-9
44.0000, 10.0000, 1.020e-9
46.0000, 10.0000, 1.030e-9
48.0000, 10.0000, 1.026e-9
50.0000, 10.0000, 1.020e-9
52.0000, 10.0000, 1.024e-9
54.0000, 10.0000, 1.034e-9
56.0000, 10.0000, 1.036e-9
58.0000, 10.0000, 1.032e-9
60.0000, 10.0000, 1.043e-9
62.0000, 10.0000, 1.046e-9
64.0000, 10.0000, 1.038e-9
66.0000, 10.0000, 1.038e-9
68.0000, 10.0000, 1.037e-9
70.0000, 10.0000, 1.031e-9
72.0000, 10.0000, 1.040e-9
74.0000, 10.0000, 1.051e-9
76.0000, 10.0000, 1.056e-9
78.0000, 10.0000, 1.065e-9
80.0000, 10.0000, 1.077e-9
82.0000, 10.0000, 1.088e-9
84.0000, 10.0000, 1.090e-9
86.0000, 10.0000, 1.091e-9
88.0000, 10.0000, 1.094e-9
90.0000, 10.0000, 1.084e-9
92.0000, 10.0000, 1.073e-9
94.0000, 10.0000, 1.067e-9
96.0000, 10.0000, 1.059e-9
98.0000, 10.0000, 1.057e-9
100.0000, 10.0000, 1.070e-9
102.0000, 10.0000, 1.077e-9
104.0000, 10.0000, 1.083e-9
106.0000, 10.0000, 1.094e-9
108.0000, 10.0000, 1.106e-9
110.0000, 10.0000, 1.109e-9
112.0000, 10.0000, 1.113e-9
114.0000, 10.0000, 1.127e-9
116.0000, 10.0000, 1.134e-9
118.0000, 10.0000, 1.122e-9
120.0000, 10.0000, 1.130e-9
122.0000, 10.0000, 1.151e-9
124.0000, 10.0000, 1.153e-9
126.0000, 10.0000, 1.150e-9
128.0000, 10.0000, 1.159e-9
130.0000, 10.0000, 1.156e-9
132.0000, 10.0000, 1.144e-9
134.0000, 10.0000, 1.145e-9
136.0000, 10.0000, 1.144e-9
138.0000, 10.0000, 1.135e-9
140.0000, 10.0000, 1.138e-9
142.0000, 10.0000, 1.153e-9
144.0000, 10.0000, 1.158e-9
146.0000, 10.0000, 1.147e-9
148.0000, 10.0000, 1.141e-9
150.0000, 10.0000, 1.157e-9
152.0000, 10.0000, 1.159e-9
154.0000, 10.0000, 1.155e-9
156.0000, 10.0000, 1.159e-9
158.0000, 10.0000, 1.154e-9
160.0000, 10.0000, 1.155e-9
162.0000, 10.0000, 1.153e-9
164.0000, 10.0000, 1.147e-9
166.0000, 10.0000, 1.147e-9
168.0000, 10.0000, 1.150e-9
170.0000, 10.0000, 1.155e-9
172.0000, 10.0000, 1.158e-9
174.0000, 10.0000, 1.158e-9
176.0000, 10.0000, 1.157e-9
178.0000, 10.0000, 1.155e-9
180.0000, 10.0000, 1.146e-9
182.0000, 10.0000, 1.140e-9
184.0000, 10.0000, 1.133e-9
186.0000, 10.0000, 1.115e-9
188.0000, 10.0000, 1.095e-9
190.0000, 10.0000, 1.079e-9
192.0000, 10.0000, 1.064e-9
194.0000, 10.0000, 1.052e-9
196.0000, 10.0000, 1.042e-9
198.0000, 10.0000, 1.034e-9
200.0000, 10.0000, 1.027e-9
202.0000, 10.0000, 1.020e-9
204.0000, 10.0000, 1.016e-9
206.0000, 10.0000, 1.013e-9
208.0000, 10.0000, 1.009e-9
210.0000, 10.0000, 1.008e-9
212.0000, 10.0000, 1.009e-9
214.0000, 10.0000, 1.007e-9
216.0000, 10.0000, 1.006e-9
218.0000, 10.0000, 1.010e-9
220.0000, 10.0000, 1.016e-9
222.0000, 10.0000, 1.022e-9
224.0000, 10.0000, 1.023e-9
226.0000, 10.0000, 1.027e-9
228.0000, 10.0000, 1.039e-9
230.0000, 10.0000, 1.041e-9
232.0000, 10.0000, 1.040e-9
234.0000, 10.0000, 1.041e-9
236.0000, 10.0000, 1.042e-9
238.0000, 10.0000, 1.040e-9
240.0000, 10.0000, 1.040e-9
242.0000, 10.0000, 1.037e-9
244.0000, 10.0000, 1.038e-9
246.0000, 10.0000, 1.038e-9
248.0000, 10.0000, 1.036e-9
0.0000, 12.0000, 1.445e-9
2.0000, 12.0000, 1.369e-9
4.0000, 12.0000, 1.306e-9
6.0000, 12.0000, 1.261e-9
8.0000, 12.0000, 1.221e-9
10.0000, 12.0000, 1.195e-9
12.0000, 12.0000, 1.169e-9
14.0000, 12.0000, 1.135e-9
16.0000, 12.0000, 1.113e-9
18.0000, 12.0000, 1.099e-9
20.0000, 12.0000, 1.083e-9
22.0000, 12.0000, 1.072e-9
24.0000, 12.0000, 1.064e-9
26.0000, 12.0000, 1.056e-9
28.0000, 12.0000, 1.048e-9
30.0000, 12.0000, 1.041e-9
32.0000, 12.0000, 1.052e-9
34.0000, 12.0000, 1.058e-9
36.0000, 12.0000, 1.046e-9
38.0000, 12.0000, 1.037e-9
40.0000, 12.0000, 1.045e-9
42.0000, 12.0000, 1.042e-9
44.0000, 12.0000, 1.041e-9
46.0000, 12.0000, 1.043e-9
48.0000, 12.0000, 1.033e-9
50.0000, 12.0000, 1.028e-9
52.0000, 12.0000, 1.022e-9
54.0000, 12.0000, 1.019e-9
56.0000, 12.0000, 1.024e-9
58.0000, 12.0000, 1.022e-9
60.0000, 12.0000, 1.026e-9
62.0000, 12.0000, 1.024e-9
64.0000, 12.0000, 1.018e-9
66.0000, 12.0000, 1.023e-9
68.0000, 12.0000, 1.039e-9
70.0000, 12.0000, 1.039e-9
72.0000, 12.0000, 1.042e-9
74.0000, 12.0000, 1.056e-9
76.0000, 12.0000, 1.069e-9
78.0000, 12.0000, 1.073e-9
80.0000, 12.0000, 1.080e-9
82.0000, 12.0000, 1.085e-9
84.0000, 12.0000, 1.086e-9
86.0000, 12.0000, 1.085e-9
88.0000, 12.0000, 1.075e-9
90.0000, 12.0000, 1.064e-9
92.0000, 12.0000, 1.056e-9
94.0000, 12.0000, 1.050e-9
96.0000, 12.0000, 1.048e-9
98.0000, 12.0000, 1.049e-9
100.0000, 12.0000, 1.043e-9
102.0000, 12.0000, 1.043e-9
104.0000, 12.0000, 1.050e-9
106.0000, 12.0000, 1.070e-9
108.0000, 12.0000, 1.103e-9
110.0000, 12.0000, 1.128e-9
112.0000, 12.0000, 1.134e-9
114.0000, 12.0000, 1.144e-9
116.0000, 12.0000, 1.153e-9
118.0000, 12.0000, 1.153e-9
120.0000, 12.0000, 1.162e-9
122.0000, 12.0000, 1.165e-9
124.0000, 12.0000, 1.163e-9
126.0000, 12.0000, 1.165e-9
128.0000, 12.0000, 1.168e-9
130.0000, 12.0000, 1.166e-9
132.0000, 12.0000, 1.158e-9
134.0000, 12.0000, 1.160e-9
136.0000, 12.0000, 1.164e-9
138.0000, 12.0000, 1.160e-9
140.0000, 12.0000, 1.162e-9
142.0000, 12.0000, 1.171e-9
144.0000, 12.0000, 1.179e-9
146.0000, 12.0000, 1.174e-9
148.0000, 12.0000, 1.158e-9
150.0000, 12.0000, 1.154e-9
152.0000, 12.0000, 1.148e-9
154.0000, 12.0000, 1.147e-9
156.0000, 12.0000, 1.152e-9
158.0000, 12.0000, 1.150e-9
160.0000, 12.0000, 1.155e-9
162.0000, 12.0000, 1.161e-9
164.0000, 12.0000, 1.157e-9
166.0000, 12.0000, 1.155e-9
168.0000, 12.0000, 1.161e-9
170.0000, 12.0000, 1.164e-9
172.0000, 12.0000, 1.167e-9
174.0000, 12.0000, 1.167e-9
176.0000, 12.0000, 1.166e-9
178.0000, 12.0000, 1.161e-9
180.0000, 12.0000, 1.151e-9
182.0000, 12.0000, 1.140e-9
184.0000, 12.0000, 1.131e-9
186.0000, 12.0000, 1.123e-9
188.0000, 12.0000, 1.116e-9
190.0000, 12.0000, 1.104e-9
192.0000, 12.0000, 1.087e-9
194.0000, 12.0000, 1.072e-9
196.0000, 12.0000, 1.058e-9
198.0000, 12.0000, 1.046e-9
200.0000, 12.0000, 1.037e-9
202.0000, 12.0000, 1.028e-9
204.0000, 12.0000, 1.022e-9
206.0000, 12.0000, 1.017e-9
208.0000, 12.0000, 1.013e-9
210.0000, 12.0000, 1.019e-9
212.0000, 12.0000, 1.023e-9
214.0000, 12.0000, 1.022e-9
216.0000, 12.0000, 1.025e-9
218.0000, 12.0000, 1.030e-9
220.0000, 12.0000, 1.030e-9
222.0000, 12.0000, 1.032e-9
224.0000, 12.0000, 1.033e-9
226.0000, 12.0000, 1.032e-9
228.0000, 12.0000, 1.038e-9
230.0000, 12.0000, 1.044e-9
232.0000, 12.0000, 1.043e-9
234.0000, 12.0000, 1.036e-9
236.0000, 12.0000, 1.030e-9
238.0000, 12.0000, 1.038e-9
240.0000, 12.0000, 1.059e-9
242.0000, 12.0000, 1.063e-9
244.0000, 12.0000, 1.063e-9
246.0000, 12.0000, 1.064e-9
248.0000, 12.0000, 1.056e-9
0.0000, 14.0000, 1.387e-9
2.0000, 14.0000, 1.319e-9
4.0000, 14.0000, 1.270e-9
6.0000, 14.0000, 1.227e-9
8.0000, 14.0000, 1.186e-9
10.0000, 14.0000, 1.161e-9
12.0000, 14.0000, 1.139e-9
14.0000, 14.0000, 1.115e-9
16.0000, 14.0000, 1.098e-9
18.0000, 14.0000, 1.087e-9
20.0000, 14.0000, 1.075e-9
22.0000, 14.0000, 1.064e-9
24.0000, 14.0000, 1.057e-9
26.0000, 14.0000, 1.050e-9
28.0000, 14.0000, 1.040e-9
30.0000, 14.0000, 1.041e-9
32.0000, 14.0000, 1.065e-9
34.0000, 14.0000, 1.072e-9
36.0000, 14.0000, 1.057e-9
38.0000, 14.0000, 1.041e-9
40.0000, 14.0000, 1.034e-9
42.0000, 14.0000, 1.024e-9
44.0000, 14.0000, 1.018e-9
46.0000, 14.0000, 1.016e-9
48.0000, 14.0000, 1.010e-9
50.0000, 14.0000, 1.011e-9
52.0000, 14.0000, 1.012e-9
54.0000, 14.0000, 1.016e-9
56.0000, 14.0000, 1.024e-9
58.0000, 14.0000, 1.024e-9
60.0000, 14.0000, 1.033e-9
62.0000, 14.0000, 1.034e-9
64.0000, 14.0000, 1.030e-9
66.0000, 14.0000, 1.039e-9
68.0000, 14.0000, 1.052e-9
70.0000, 14.0000, 1.050e-9
72.0000, 14.0000, 1.050e-9
74.0000, 14.0000, 1.055e-9
76.0000, 14.0000, 1.059e-9
78.0000, 14.0000, 1.057e-9
80.0000, 14.0000, 1.055e-9
82.0000, 14.0000, 1.054e-9
84.0000, 14.0000, 1.056e-9
86.0000, 14.0000, 1.064e-9
88.0000, 14.0000, 1.069e-9
90.0000, 14.0000, 1.068e-9
92.0000, 14.0000, 1.079e-9
94.0000, 14.0000, 1.083e-9
96.0000, 14.0000, 1.078e-9
98.0000, 14.0000, 1.078e-9
100.0000, 14.0000, 1.086e-9
102.0000, 14.0000, 1.099e-9
104.0000, 14.0000, 1.106e-9
106.0000, 14.0000, 1.116e-9
108.0000, 14.0000, 1.144e-9
110.0000, 14.0000, 1.165e-9
112.0000, 14.0000, 1.151e-9
114.0000, 14.0000, 1.139e-9
116.0000, 14.0000, 1.141e-9
118.0000, 14.0000, 1.137e-9
120.0000, 14.0000, 1.141e-9
122.0000, 14.0000, 1.154e-9
124.0000, 14.0000, 1.169e-9
126.0000, 14.0000, 1.176e-9
128.0000, 14.0000, 1.177e-9
130.0000, 14.0000, 1.180e-9
132.0000, 14.0000, 1.178e-9
134.0000, 14.0000, 1.172e-9
136.0000, 14.0000, 1.165e-9
138.0000, 14.0000, 1.162e-9
140.0000, 14.0000, 1.166e-9
142.0000, 14.0000, 1.168e-9
144.0000, 14.0000, 1.169e-9
146.0000, 14.0000, 1.165e-9
148.0000, 14.0000, 1.151e-9
150.0000, 14.0000, 1.152e-9
152.0000, 14.0000, 1.151e-9
154.0000, 14.0000, 1.148e-9
156.0000, 14.0000, 1.154e-9
158.0000, 14.0000, 1.151e-9
160.0000, 14.0000, 1.151e-9
162.0000, 14.0000, 1.156e-9
164.0000, 14.0000, 1.154e-9
166.0000, 14.0000, 1.151e-9
168.0000, 14.0000, 1.156e-9
170.0000, 14.0000, 1.158e-9
172.0000, 14.0000, 1.159e-9
174.0000, 14.0000, 1.159e-9
176.0000, 14.0000, 1.159e-9
178.0000, 14.0000, 1.153e-9
180.0000, 14.0000, 1.145e-9
182.0000, 14.0000, 1.138e-9
184.0000, 14.0000, 1.135e-9
186.0000, 14.0000, 1.129e-9
188.0000, 14.0000, 1.121e-9
190.0000, 14.0000, 1.120e-9
192.0000, 14.0000, 1.113e-9
194.0000, 14.0000, 1.097e-9
196.0000, 14.0000, 1.080e-9
198.0000, 14.0000, 1.064e-9
200.0000, 14.0000, 1.050e-9
202.0000, 14.0000, 1.039e-9
204.0000, 14.0000, 1.031e-9
206.0000, 14.0000, 1.025e-9
208.0000, 14.0000, 1.019e-9
210.0000, 14.0000, 1.016e-9
212.0000, 14.0000, 1.014e-9
214.0000, 14.0000, 1.014e-9
216.0000, 14.0000, 1.017e-9
218.0000, 14.0000, 1.018e-9
220.0000, 14.0000, 1.023e-9
222.0000, 14.0000, 1.031e-9
224.0000, 14.0000, 1.033e-9
226.0000, 14.0000, 1.030e-9
228.0000, 14.0000, 1.035e-9
230.0000, 14.0000, 1.046e-9
232.0000, 14.0000, 1.050e-9
234.0000, 14.0000, 1.045e-9
236.0000, 14.0000, 1.037e-9
238.0000, 14.0000, 1.032e-9
240.0000, 14.0000, 1.030e-9
242.0000, 14.0000, 1.039e-9
244.0000, 14.0000, 1.053e-9
246.0000, 14.0000, 1.062e-9
248.0000, 14.0000, 1.060e-9
0.0000, 16.0000, 1.464e-9
2.0000, 16.0000, 1.387e-9
4.0000, 16.0000, 1.321e-9
6.0000, 16.0000, 1.265e-9
8.0000, 16.0000, 1.218e-9
10.0000, 16.0000, 1.180e-9
12.0000, 16.0000, 1.154e-9
14.0000, 16.0000, 1.134e-9
16.0000, 16.0000, 1.110e-9
18.0000, 16.0000, 1.093e-9
20.0000, 16.0000, 1.080e-9
22.0000, 16.0000, 1.060e-9
24.0000, 16.0000, 1.046e-9
26.0000, 16.0000, 1.037e-9
28.0000, 16.0000, 1.026e-9
30.0000, 16.0000, 1.018e-9
32.0000, 16.0000, 1.014e-9
34.0000, 16.0000, 1.010e-9
36.0000, 16.0000, 1.003e-9
38.0000, 16.0000, 9.980e-10
40.0000, 16.0000, 1.007e-9
42.0000, 16.0000, 1.017e-9
44.0000, 16.0000, 1.014e-9
46.0000, 16.0000, 1.011e-9
48.0000, 16.0000, 1.012e-9
50.0000, 16.0000, 1.007e-9
52.0000, 16.0000, 1.007e-9
54.0000, 16.0000, 1.014e-9
56.0000, 16.0000, 1.022e-9
58.0000, 16.0000, 1.025e-9
60.0000, 16.0000, 1.027e-9
62.0000, 16.0000, 1.033e-9
64.0000, 16.0000, 1.036e-9
66.0000, 16.0000, 1.039e-9
68.0000, 16.0000, 1.047e-9
70.0000, 16.0000, 1.047e-9
72.0000, 16.0000, 1.053e-9
74.0000, 16.0000, 1.061e-9
76.0000, 16.0000, 1.061e-9
78.0000, 16.0000, 1.059e-9
80.0000, 16.0000, 1.053e-9
82.0000, 16.0000, 1.052e-9
84.0000, 16.0000, 1.058e-9
86.0000, 16.0000, 1.063e-9
88.0000, 16.0000, 1.070e-9
90.0000, 16.0000, 1.075e-9
92.0000, 16.0000, 1.074e-9
94.0000, 16.0000, 1.072e-9
96.0000, 16.0000, 1.070e-9
98.0000, 16.0000, 1.071e-9
100.0000, 16.0000, 1.076e-9
102.0000, 16.0000, 1.078e-9
104.0000, 16.0000, 1.082e-9
106.0000, 16.0000, 1.094e-9
108.0000, 16.0000, 1.107e-9
110.0000, 16.0000, 1.116e-9
112.0000, 16.0000, 1.128e-9
114.0000, 16.0000, 1.141e-9
116.0000, 16.0000, 1.142e-9
118.0000, 16.0000, 1.140e-9
120.0000, 16.0000, 1.159e-9
122.0000, 16.0000, 1.173e-9
124.0000, 16.0000, 1.177e-9
126.0000, 16.0000, 1.184e-9
128.0000, 16.0000, 1.195e-9
130.0000, 16.0000, 1.187e-9
132.0000, 16.0000, 1.171e-9
134.0000, 16.0000, 1.175e-9
136.0000, 16.0000, 1.185e-9
138.0000, 16.0000, 1.176e-9
140.0000, 16.0000, 1.172e-9
142.0000, 16.0000, 1.164e-9
144.0000, 16.0000, 1.155e-9
146.0000, 16.0000, 1.148e-9
148.0000, 16.0000, 1.142e-9
150.0000, 16.0000, 1.148e-9
152.0000, 16.0000, 1.146e-9
154.0000, 16.0000, 1.144e-9
156.0000, 16.0000, 1.152e-9
158.0000, 16.0000, 1.149e-9
160.0000, 16.0000, 1.155e-9
162.0000, 16.0000, 1.166e-9
164.0000, 16.0000, 1.162e-9
166.0000, 16.0000, 1.151e-9
168.0000, 16.0000, 1.150e-9
170.0000, 16.0000, 1.148e-9
172.0000, 16.0000, 1.154e-9
174.0000, 16.0000, 1.162e-9
176.0000, 16.0000, 1.164e-9
178.0000, 16.0000, 1.155e-9
180.0000, 16.0000, 1.148e-9
182.0000, 16.0000, 1.142e-9
184.0000, 16.0000, 1.140e-9
186.0000, 16.0000, 1.134e-9
188.0000, 16.0000, 1.124e-9
190.0000, 16.0000, 1.137e-9
192.0000, 16.0000, 1.140e-9
194.0000, 16.0000, 1.128e-9
196.0000, 16.0000, 1.119e-9
198.0000, 16.0000, 1.102e-9
200.0000, 16.0000, 1.083e-9
202.0000, 16.0000, 1.067e-9
204.0000, 16.0000, 1.051e-9
206.0000, 16.0000, 1.040e-9
208.0000, 16.0000, 1.030e-9
210.0000, 16.0000, 1.025e-9
212.0000, 16.0000, 1.030e-9
214.0000, 16.0000, 1.029e-9
216.0000, 16.0000, 1.026e-9
218.0000, 16.0000, 1.030e-9
220.0000, 16.0000, 1.027e-9
222.0000, 16.0000, 1.020e-9
224.0000, 16.0000, 1.023e-9
226.0000, 16.0000, 1.028e-9
228.0000, 16.0000, 1.031e-9
230.0000, 16.0000, 1.039e-9
232.0000, 16.0000, 1.039e-9
234.0000, 16.0000, 1.051e-9
236.0000, 16.0000, 1.069e-9
238.0000, 16.0000, 1.066e-9
240.0000, 16.0000, 1.055e-9
242.0000, 16.0000, 1.054e-9
244.0000, 16.0000, 1.058e-9
246.0000, 16.0000, 1.059e-9
248.0000, 16.0000, 1.057e-9
0.0000, 18.0000, 1.364e-9
2.0000, 18.0000, 1.300e-9
4.0000, 18.0000, 1.254e-9
6.0000, 18.0000, 1.213e-9
8.0000, 18.0000, 1.175e-9
10.0000, 18.0000, 1.148e-9
12.0000, 18.0000, 1.126e-9
14.0000, 18.0000, 1.103e-9
16.0000, 18.0000, 1.087e-9
18.0000, 18.0000, 1.076e-9
20.0000, 18.0000, 1.064e-9
22.0000, 18.0000, 1.052e-9
24.0000, 18.0000, 1.046e-9
26.0000, 18.0000, 1.039e-9
28.0000, 18.0000, 1.026e-9
30.0000, 18.0000, 1.015e-9
32.0000, 18.0000, 1.013e-9
34.0000, 18.0000, 1.009e-9
36.0000, 18.0000, 1.001e-9
38.0000, 18.0000, 9.966e-10
40.0000, 18.0000, 1.001e-9
42.0000, 18.0000, 1.001e-9
44.0000, 18.0000, 1.003e-9
46.0000, 18.0000, 1.010e-9
48.0000, 18.0000, 1.007e-9
50.0000, 18.0000, 1.002e-9
52.0000, 18.0000, 1.010e-9
54.0000, 18.0000, 1.016e-9
56.0000, 18.0000, 1.014e-9
58.0000, 18.0000, 1.010e-9
60.0000, 18.0000, 1.017e-9
62.0000, 18.0000, 1.026e-9
64.0000, 18.0000, 1.028e-9
66.0000, 18.0000, 1.034e-9
68.0000, 18.0000, 1.047e-9
70.0000, 18.0000, 1.046e-9
72.0000, 18.0000, 1.053e-9
74.0000, 18.0000, 1.063e-9
76.0000, 18.0000, 1.061e-9
78.0000, 18.0000, 1.058e-9
80.0000, 18.0000, 1.062e-9
82.0000, 18.0000, 1.064e-9
84.0000, 18.0000, 1.067e-9
86.0000, 18.0000, 1.074e-9
88.0000, 18.0000, 1.084e-9
90.0000, 18.0000, 1.089e-9
92.0000, 18.0000, 1.080e-9
94.0000, 18.0000, 1.074e-9
96.0000, 18.0000, 1.072e-9
98.0000, 18.0000, 1.064e-9
100.0000, 18.0000, 1.070e-9
102.0000, 18.0000, 1.073e-9
104.0000, 18.0000, 1.080e-9
106.0000, 18.0000, 1.101e-9
108.0000, 18.0000, 1.122e-9
110.0000, 18.0000, 1.126e-9
112.0000, 18.0000, 1.129e-9
114.0000, 18.0000, 1.139e-9
116.0000, 18.0000, 1.141e-9
118.0000, 18.0000, 1.134e-9
120.0000, 18.0000, 1.142e-9
122.0000, 18.0000, 1.157e-9
124.0000, 18.0000, 1.168e-9
126.0000, 18.0000, 1.170e-9
128.0000, 18.0000, 1.176e-9
130.0000, 18.0000, 1.191e-9
132.0000, 18.0000, 1.186e-9
134.0000, 18.0000, 1.176e-9
136.0000, 18.0000, 1.169e-9
138.0000, 18.0000, 1.153e-9
140.0000, 18.0000, 1.144e-9
142.0000, 18.0000, 1.138e-9
144.0000, 18.0000, 1.137e-9
146.0000, 18.0000, 1.136e-9
148.0000, 18.0000, 1.126e-9
150.0000, 18.0000, 1.132e-9
152.0000, 18.0000, 1.133e-9
154.0000, 18.0000, 1.129e-9
156.0000, 18.0000, 1.130e-9
158.0000, 18.0000, 1.127e-9
160.0000, 18.0000, 1.128e-9
162.0000, 18.0000, 1.140e-9
164.0000, 18.0000, 1.142e-9
166.0000, 18.0000, 1.139e-9
168.0000, 18.0000, 1.148e-9
170.0000, 18.0000, 1.150e-9
172.0000, 18.0000, 1.151e-9
174.0000, 18.0000, 1.155e-9
176.0000, 18.0000, 1.156e-9
178.0000, 18.0000, 1.146e-9
180.0000, 18.0000, 1.145e-9
182.0000, 18.0000, 1.144e-9
184.0000, 18.0000, 1.139e-9
186.0000, 18.0000, 1.129e-9
188.0000, 18.0000, 1.116e-9
190.0000, 18.0000, 1.123e-9
192.0000, 18.0000, 1.122e-9
194.0000, 18.0000, 1.113e-9
196.0000, 18.0000, 1.106e-9
198.0000, 18.0000, 1.092e-9
200.0000, 18.0000, 1.074e-9
202.0000, 18.0000, 1.058e-9
204.0000, 18.0000, 1.044e-9
206.0000, 18.0000, 1.033e-9
208.0000, 18.0000, 1.023e-9
210.0000, 18.0000, 1.016e-9
212.0000, 18.0000, 1.016e-9
214.0000, 18.0000, 1.014e-9
216.0000, 18.0000, 1.013e-9
218.0000, 18.0000, 1.019e-9
220.0000, 18.0000, 1.023e-9
222.0000, 18.0000, 1.025e-9
224.0000, 18.0000, 1.027e-9
226.0000, 18.0000, 1.030e-9
228.0000, 18.0000, 1.041e-9
230.0000, 18.0000, 1.052e-9
232.0000, 18.0000, 1.054e-9
234.0000, 18.0000, 1.057e-9
236.0000, 18.0000, 1.061e-9
238.0000, 18.0000, 1.057e-9
240.0000, 18.0000, 1.060e-9
242.0000, 18.0000, 1.066e-9
244.0000, 18.0000, 1.070e-9
246.0000, 18.0000, 1.070e-9
248.0000, 18.0000, 1.066e-9
0.0000, 20.0000, 1.399e-9
2.0000, 20.0000, 1.324e-9
4.0000, 20.0000, 1.265e-9
6.0000, 20.0000, 1.212e-9
8.0000, 20.0000, 1.165e-9
10.0000, 20.0000, 1.144e-9
12.0000, 20.0000, 1.121e-9
14.0000, 20.0000, 1.089e-9
16.0000, 20.0000, 1.068e-9
18.0000, 20.0000, 1.057e-9
20.0000, 20.0000, 1.041e-9
22.0000, 20.0000, 1.026e-9
24.0000, 20.0000, 1.016e-9
26.0000, 20.0000, 1.008e-9
28.0000, 20.0000, 9.988e-10
30.0000, 20.0000, 9.948e-10
32.0000, 20.0000, 1.012e-9
34.0000, 20.0000, 1.021e-9
36.0000, 20.0000, 1.013e-9
38.0000, 20.0000, 1.006e-9
40.0000, 20.0000, 1.006e-9
42.0000, 20.0000, 1.001e-9
44.0000, 20.0000, 9.985e-10
46.0000, 20.0000, 1.007e-9
48.0000, 20.0000, 1.004e-9
50.0000, 20.0000, 9.953e-10
52.0000, 20.0000, 9.974e-10
54.0000, 20.0000, 1.009e-9
56.0000, 20.0000, 1.017e-9
58.0000, 20.0000, 1.016e-9
60.0000, 20.0000, 1.033e-9
62.0000, 20.0000, 1.039e-9
64.0000, 20.0000, 1.026e-9
66.0000, 20.0000, 1.022e-9
68.0000, 20.0000, 1.034e-9
70.0000, 20.0000, 1.031e-9
72.0000, 20.0000, 1.023e-9
74.0000, 20.0000, 1.030e-9
76.0000, 20.0000, 1.040e-9
78.0000, 20.0000, 1.035e-9
80.0000, 20.0000, 1.038e-9
82.0000, 20.0000, 1.040e-9
84.0000, 20.0000, 1.042e-9
86.0000, 20.0000, 1.043e-9
88.0000, 20.0000, 1.036e-9
90.0000, 20.0000, 1.036e-9
92.0000, 20.0000, 1.031e-9
94.0000, 20.0000, 1.030e-9
96.0000, 20.0000, 1.037e-9
98.0000, 20.0000, 1.038e-9
100.0000, 20.0000, 1.034e-9
102.0000, 20.0000, 1.029e-9
104.0000, 20.0000, 1.035e-9
106.0000, 20.0000, 1.053e-9
108.0000, 20.0000, 1.064e-9
110.0000, 20.0000, 1.071e-9
112.0000, 20.0000, 1.090e-9
114.0000, 20.0000, 1.113e-9
116.0000, 20.0000, 1.117e-9
118.0000, 20.0000, 1.109e-9
120.0000, 20.0000, 1.124e-9
122.0000, 20.0000, 1.134e-9
124.0000, 20.0000, 1.140e-9
126.0000, 20.0000, 1.148e-9
128.0000, 20.0000, 1.147e-9
130.0000, 20.0000, 1.145e-9
132.0000, 20.0000, 1.133e-9
134.0000, 20.0000, 1.133e-9
136.0000, 20.0000, 1.146e-9
138.0000, 20.0000, 1.140e-9
140.0000, 20.0000, 1.131e-9
142.0000, 20.0000, 1.132e-9
144.0000, 20.0000, 1.134e-9
146.0000, 20.0000, 1.130e-9
148.0000, 20.0000, 1.116e-9
150.0000, 20.0000, 1.108e-9
152.0000, 20.0000, 1.113e-9
154.0000, 20.0000, 1.119e-9
156.0000, 20.0000, 1.122e-9
158.0000, 20.0000, 1.124e-9
160.0000, 20.0000, 1.129e-9
162.0000, 20.0000, 1.137e-9
164.0000, 20.0000, 1.133e-9
166.0000, 20.0000, 1.129e-9
168.0000, 20.0000, 1.145e-9
170.0000, 20.0000, 1.156e-9
172.0000, 20.0000, 1.157e-9
174.0000, 20.0000, 1.162e-9
176.0000, 20.0000, 1.167e-9
178.0000, 20.0000, 1.156e-9
180.0000, 20.0000, 1.151e-9
182.0000, 20.0000, 1.145e-9
184.0000, 20.0000, 1.138e-9
186.0000, 20.0000, 1.128e-9
188.0000, 20.0000, 1.118e-9
190.0000, 20.0000, 1.132e-9
192.0000, 20.0000, 1.135e-9
194.0000, 20.0000, 1.125e-9
196.0000, 20.0000, 1.116e-9
198.0000, 20.0000, 1.100e-9
200.0000, 20.0000, 1.084e-9
202.0000, 20.0000, 1.070e-9
204.0000, 20.0000, 1.056e-9
206.0000, 20.0000, 1.046e-9
208.0000, 20.0000, 1.037e-9
210.0000, 20.0000, 1.031e-9
212.0000, 20.0000, 1.037e-9
214.0000, 20.0000, 1.038e-9
216.0000, 20.0000, 1.036e-9
218.0000, 20.0000, 1.039e-9
220.0000, 20.0000, 1.035e-9
222.0000, 20.0000, 1.030e-9
224.0000, 20.0000, 1.024e-9
226.0000, 20.0000, 1.019e-9
228.0000, 20.0000, 1.026e-9
230.0000, 20.0000, 1.034e-9
232.0000, 20.0000, 1.038e-9
234.0000, 20.0000, 1.048e-9
236.0000, 20.0000, 1.056e-9
238.0000, 20.0000, 1.054e-9
240.0000, 20.0000, 1.064e-9
242.0000, 20.0000, 1.066e-9
244.0000, 20.0000, 1.065e-9
246.0000, 20.0000, 1.067e-9
248.0000, 20.0000, 1.064e-9
0.0000, 22.0000, 1.352e-9
2.0000, 22.0000, 1.286e-9
4.0000, 22.0000, 1.240e-9
6.0000, 22.0000, 1.199e-9
8.0000, 22.0000, 1.161e-9
10.0000, 22.0000, 1.134e-9
12.0000, 22.0000, 1.105e-9
14.0000, 22.0000, 1.080e-9
16.0000, 22.0000, 1.065e-9
18.0000, 22.0000, 1.053e-9
20.0000, 22.0000, 1.039e-9
22.0000, 22.0000, 1.026e-9
24.0000, 22.0000, 1.022e-9
26.0000, 22.0000, 1.021e-9
28.0000, 22.0000, 1.013e-9
30.0000, 22.0000, 1.007e-9
32.0000, 22.0000, 1.013e-9
34.0000, 22.0000, 1.016e-9
36.0000, 22.0000, 1.008e-9
38.0000, 22.0000, 1.000e-9
40.0000, 22.0000, 9.972e-10
42.0000, 22.0000, 9.916e-10
44.0000, 22.0000, 9.929e-10
46.0000, 22.0000, 1.003e-9
48.0000, 22.0000, 1.002e-9
50.0000, 22.0000, 9.994e-10
52.0000, 22.0000, 1.005e-9
54.0000, 22.0000, 1.017e-9
56.0000, 22.0000, 1.025e-9
58.0000, 22.0000, 1.023e-9
60.0000, 22.0000, 1.034e-9
62.0000, 22.0000, 1.036e-9
64.0000, 22.0000, 1.024e-9
66.0000, 22.0000, 1.021e-9
68.0000, 22.0000, 1.026e-9
70.0000, 22.0000, 1.021e-9
72.0000, 22.0000, 1.019e-9
74.0000, 22.0000, 1.035e-9
76.0000, 22.0000, 1.050e-9
78.0000, 22.0000, 1.045e-9
80.0000, 22.0000, 1.044e-9
82.0000, 22.0000, 1.045e-9
84.0000, 22.0000, 1.048e-9
86.0000, 22.0000, 1.044e-9
88.0000, 22.0000, 1.028e-9
90.0000, 22.0000, 1.026e-9
92.0000, 22.0000, 1.037e-9
94.0000, 22.0000, 1.039e-9
96.0000, 22.0000, 1.032e-9
98.0000, 22.0000, 1.025e-9
100.0000, 22.0000, 1.026e-9
102.0000, 22.0000, 1.036e-9
104.0000, 22.0000, 1.036e-9
106.0000, 22.0000, 1.043e-9
108.0000, 22.0000, 1.081e-9
110.0000, 22.0000, 1.095e-9
112.0000, 22.0000, 1.091e-9
114.0000, 22.0000, 1.091e-9
116.0000, 22.0000, 1.093e-9
118.0000, 22.0000, 1.091e-9
120.0000, 22.0000, 1.081e-9
122.0000, 22.0000, 1.106e-9
124.0000, 22.0000, 1.153e-9
126.0000, 22.0000, 1.179e-9
128.0000, 22.0000, 1.176e-9
130.0000, 22.0000, 1.192e-9
132.0000, 22.0000, 1.193e-9
134.0000, 22.0000, 1.169e-9
136.0000, 22.0000, 1.141e-9
138.0000, 22.0000, 1.127e-9
140.0000, 22.0000, 1.133e-9
142.0000, 22.0000, 1.131e-9
144.0000, 22.0000, 1.124e-9
146.0000, 22.0000, 1.124e-9
148.0000, 22.0000, 1.121e-9
150.0000, 22.0000, 1.115e-9
152.0000, 22.0000, 1.119e-9
154.0000, 22.0000, 1.129e-9
156.0000, 22.0000, 1.131e-9
158.0000, 22.0000, 1.123e-9
160.0000, 22.0000, 1.141e-9
162.0000, 22.0000, 1.151e-9
164.0000, 22.0000, 1.138e-9
166.0000, 22.0000, 1.127e-9
168.0000, 22.0000, 1.137e-9
170.0000, 22.0000, 1.136e-9
172.0000, 22.0000, 1.130e-9
174.0000, 22.0000, 1.141e-9
176.0000, 22.0000, 1.159e-9
178.0000, 22.0000, 1.155e-9
180.0000, 22.0000, 1.151e-9
182.0000, 22.0000, 1.150e-9
184.0000, 22.0000, 1.145e-9
186.0000, 22.0000, 1.132e-9
188.0000, 22.0000, 1.119e-9
190.0000, 22.0000, 1.127e-9
192.0000, 22.0000, 1.127e-9
194.0000, 22.0000, 1.123e-9
196.0000, 22.0000, 1.124e-9
198.0000, 22.0000, 1.112e-9
200.0000, 22.0000, 1.094e-9
202.0000, 22.0000, 1.077e-9
204.0000, 22.0000, 1.062e-9
206.0000, 22.0000, 1.049e-9
208.0000, 22.0000, 1.037e-9
210.0000, 22.0000, 1.033e-9
212.0000, 22.0000, 1.045e-9
214.0000, 22.0000, 1.051e-9
216.0000, 22.0000, 1.050e-9
218.0000, 22.0000, 1.051e-9
220.0000, 22.0000, 1.045e-9
222.0000, 22.0000, 1.041e-9
224.0000, 22.0000, 1.039e-9
226.0000, 22.0000, 1.035e-9
228.0000, 22.0000, 1.041e-9
230.0000, 22.0000, 1.048e-9
232.0000, 22.0000, 1.050e-9
234.0000, 22.0000, 1.049e-9
236.0000, 22.0000, 1.044e-9
238.0000, 22.0000, 1.054e-9
240.0000, 22.0000, 1.087e-9
242.0000, 22.0000, 1.096e-9
244.0000, 22.0000, 1.088e-9
246.0000, 22.0000, 1.081e-9
248.0000, 22.0000, 1.082e-9
0.0000, 24.0000, 1.353e-9
2.0000, 24.0000, 1.287e-9
4.0000, 24.0000, 1.236e-9
6.0000, 24.0000, 1.194e-9
8.0000, 24.0000, 1.159e-9
10.0000, 24.0000, 1.131e-9
12.0000, 24.0000, 1.103e-9
14.0000, 24.0000, 1.076e-9
16.0000, 24.0000, 1.066e-9
18.0000, 24.0000, 1.067e-9
20.0000, 24.0000, 1.054e-9
22.0000, 24.0000, 1.040e-9
24.0000, 24.0000, 1.025e-9
26.0000, 24.0000, 1.012e-9
28.0000, 24.0000, 1.003e-9
30.0000, 24.0000, 1.003e-9
32.0000, 24.0000, 1.001e-9
34.0000, 24.0000, 9.951e-10
36.0000, 24.0000, 9.874e-10
38.0000, 24.0000, 9.885e-10
40.0000, 24.0000, 1.010e-9
42.0000, 24.0000, 1.019e-9
44.0000, 24.0000, 1.020e-9
46.0000, 24.0000, 1.026e-9
48.0000, 24.0000, 1.019e-9
50.0000, 24.0000, 1.010e-9
52.0000, 24.0000, 1.009e-9
54.0000, 24.0000, 1.007e-9
56.0000, 24.0000, 1.000e-9
58.0000, 24.0000, 9.908e-10
60.0000, 24.0000, 9.947e-10
62.0000, 24.0000, 1.015e-9
64.0000, 24.0000, 1.022e-9
66.0000, 24.0000, 1.021e-9
68.0000, 24.0000, 1.026e-9
70.0000, 24.0000, 1.023e-9
72.0000, 24.0000, 1.028e-9
74.0000, 24.0000, 1.036e-9
76.0000, 24.0000, 1.038e-9
78.0000, 24.0000, 1.036e-9
80.0000, 24.0000, 1.042e-9
82.0000, 24.0000, 1.053e-9
84.0000, 24.0000, 1.061e-9
86.0000, 24.0000, 1.061e-9
88.0000, 24.0000, 1.047e-9
90.0000, 24.0000, 1.037e-9
92.0000, 24.0000, 1.048e-9
94.0000, 24.0000, 1.050e-9
96.0000, 24.0000, 1.034e-9
98.0000, 24.0000, 1.022e-9
100.0000, 24.0000, 1.023e-9
102.0000, 24.0000, 1.035e-9
104.0000, 24.0000, 1.041e-9
106.0000, 24.0000, 1.042e-9
108.0000, 24.0000, 1.051e-9
110.0000, 24.0000, 1.072e-9
112.0000, 24.0000, 1.077e-9
114.0000, 24.0000, 1.089e-9
116.0000, 24.0000, 1.106e-9
118.0000, 24.0000, 1.108e-9
120.0000, 24.0000, 1.133e-9
122.0000, 24.0000, 1.153e-9
124.0000, 24.0000, 1.166e-9
126.0000, 24.0000, 1.173e-9
128.0000, 24.0000, 1.164e-9
130.0000, 24.0000, 1.184e-9
132.0000, 24.0000, 1.191e-9
134.0000, 24.0000, 1.171e-9
136.0000, 24.0000, 1.142e-9
138.0000, 24.0000, 1.119e-9
140.0000, 24.0000, 1.130e-9
142.0000, 24.0000, 1.136e-9
144.0000, 24.0000, 1.129e-9
146.0000, 24.0000, 1.119e-9
148.0000, 24.0000, 1.100e-9
150.0000, 24.0000, 1.093e-9
152.0000, 24.0000, 1.139e-9
154.0000, 24.0000, 1.171e-9
156.0000, 24.0000, 1.163e-9
158.0000, 24.0000, 1.142e-9
160.0000, 24.0000, 1.146e-9
162.0000, 24.0000, 1.148e-9
164.0000, 24.0000, 1.131e-9
166.0000, 24.0000, 1.124e-9
168.0000, 24.0000, 1.144e-9
170.0000, 24.0000, 1.147e-9
172.0000, 24.0000, 1.142e-9
174.0000, 24.0000, 1.147e-9
176.0000, 24.0000, 1.152e-9
178.0000, 24.0000, 1.143e-9
180.0000, 24.0000, 1.149e-9
182.0000, 24.0000, 1.150e-9
184.0000, 24.0000, 1.139e-9
186.0000, 24.0000, 1.124e-9
188.0000, 24.0000, 1.115e-9
190.0000, 24.0000, 1.127e-9
192.0000, 24.0000, 1.129e-9
194.0000, 24.0000, 1.117e-9
196.0000, 24.0000, 1.106e-9
198.0000, 24.0000, 1.095e-9
200.0000, 24.0000, 1.081e-9
202.0000, 24.0000, 1.083e-9
204.0000, 24.0000, 1.085e-9
206.0000, 24.0000, 1.076e-9
208.0000, 24.0000, 1.061e-9
210.0000, 24.0000, 1.052e-9
212.0000, 24.0000, 1.049e-9
214.0000, 24.0000, 1.044e-9
216.0000, 24.0000, 1.039e-9
218.0000, 24.0000, 1.041e-9
220.0000, 24.0000, 1.040e-9
222.0000, 24.0000, 1.033e-9
224.0000, 24.0000, 1.028e-9
226.0000, 24.0000, 1.029e-9
228.0000, 24.0000, 1.043e-9
230.0000, 24.0000, 1.057e-9
232.0000, 24.0000, 1.061e-9
234.0000, 24.0000, 1.065e-9
236.0000, 24.0000, 1.070e-9
238.0000, 24.0000, 1.068e-9
240.0000, 24.0000, 1.071e-9
242.0000, 24.0000, 1.072e-9
244.0000, 24.0000, 1.083e-9
246.0000, 24.0000, 1.097e-9
248.0000, 24.0000, 1.101e-9
0.0000, 26.0000, 1.442e-9
2.0000, 26.0000, 1.376e-9
4.0000, 26.0000, 1.312e-9
6.0000, 26.0000, 1.255e-9
8.0000, 26.0000, 1.203e-9
10.0000, 26.0000, 1.157e-9
12.0000, 26.0000, 1.127e-9
14.0000, 26.0000, 1.104e-9
16.0000, 26.0000, 1.077e-9
18.0000, 26.0000, 1.060e-9
20.0000, 26.0000, 1.058e-9
22.0000, 26.0000, 1.048e-9
24.0000, 26.0000, 1.034e-9
26.0000, 26.0000, 1.022e-9
28.0000, 26.0000, 1.009e-9
30.0000, 26.0000, 1.000e-9
32.0000, 26.0000, 9.922e-10
34.0000, 26.0000, 9.908e-10
36.0000, 26.0000, 9.962e-10
38.0000, 26.0000, 9.943e-10
40.0000, 26.0000, 9.949e-10
42.0000, 26.0000, 9.988e-10
44.0000, 26.0000, 9.961e-10
46.0000, 26.0000, 9.970e-10
48.0000, 26.0000, 1.002e-9
50.0000, 26.0000, 9.983e-10
52.0000, 26.0000, 9.964e-10
54.0000, 26.0000, 1.003e-9
56.0000, 26.0000, 1.010e-9
58.0000, 26.0000, 1.005e-9
60.0000, 26.0000, 1.000e-9
62.0000, 26.0000, 1.006e-9
64.0000, 26.0000, 1.008e-9
66.0000, 26.0000, 1.012e-9
68.0000, 26.0000, 1.025e-9
70.0000, 26.0000, 1.034e-9
72.0000, 26.0000, 1.036e-9
74.0000, 26.0000, 1.040e-9
76.0000, 26.0000, 1.050e-9
78.0000, 26.0000, 1.054e-9
80.0000, 26.0000, 1.052e-9
82.0000, 26.0000, 1.060e-9
84.0000, 26.0000, 1.061e-9
86.0000, 26.0000, 1.047e-9
88.0000, 26.0000, 1.039e-9
90.0000, 26.0000, 1.034e-9
92.0000, 26.0000, 1.041e-9
94.0000, 26.0000, 1.040e-9
96.0000, 26.0000, 1.022e-9
98.0000, 26.0000, 1.014e-9
100.0000, 26.0000, 1.024e-9
102.0000, 26.0000, 1.026e-9
104.0000, 26.0000, 1.020e-9
106.0000, 26.0000, 1.021e-9
108.0000, 26.0000, 1.029e-9
110.0000, 26.0000, 1.049e-9
112.0000, 26.0000, 1.069e-9
114.0000, 26.0000, 1.088e-9
116.0000, 26.0000, 1.096e-9
118.0000, 26.0000, 1.090e-9
120.0000, 26.0000, 1.112e-9
122.0000, 26.0000, 1.143e-9
124.0000, 26.0000, 1.154e-9
126.0000, 26.0000, 1.140e-9
128.0000, 26.0000, 1.123e-9
130.0000, 26.0000, 1.139e-9
132.0000, 26.0000, 1.162e-9
134.0000, 26.0000, 1.165e-9
136.0000, 26.0000, 1.146e-9
138.0000, 26.0000, 1.127e-9
140.0000, 26.0000, 1.134e-9
142.0000, 26.0000, 1.136e-9
144.0000, 26.0000, 1.131e-9
146.0000, 26.0000, 1.125e-9
148.0000, 26.0000, 1.112e-9
150.0000, 26.0000, 1.113e-9
152.0000, 26.0000, 1.127e-9
154.0000, 26.0000, 1.138e-9
156.0000, 26.0000, 1.137e-9
158.0000, 26.0000, 1.126e-9
160.0000, 26.0000, 1.145e-9
162.0000, 26.0000, 1.157e-9
164.0000, 26.0000, 1.142e-9
166.0000, 26.0000, 1.132e-9
168.0000, 26.0000, 1.147e-9
170.0000, 26.0000, 1.147e-9
172.0000, 26.0000, 1.137e-9
174.0000, 26.0000, 1.136e-9
176.0000, 26.0000, 1.139e-9
178.0000, 26.0000, 1.130e-9
180.0000, 26.0000, 1.128e-9
182.0000, 26.0000, 1.143e-9
184.0000, 26.0000, 1.152e-9
186.0000, 26.0000, 1.141e-9
188.0000, 26.0000, 1.124e-9
190.0000, 26.0000, 1.133e-9
192.0000, 26.0000, 1.133e-9
194.0000, 26.0000, 1.126e-9
196.0000, 26.0000, 1.125e-9
198.0000, 26.0000, 1.112e-9
200.0000, 26.0000, 1.093e-9
202.0000, 26.0000, 1.085e-9
204.0000, 26.0000, 1.081e-9
206.0000, 26.0000, 1.075e-9
208.0000, 26.0000, 1.071e-9
210.0000, 26.0000, 1.062e-9
212.0000, 26.0000, 1.051e-9
214.0000, 26.0000, 1.039e-9
216.0000, 26.0000, 1.035e-9
218.0000, 26.0000, 1.047e-9
220.0000, 26.0000, 1.053e-9
222.0000, 26.0000, 1.049e-9
224.0000, 26.0000, 1.050e-9
226.0000, 26.0000, 1.054e-9
228.0000, 26.0000, 1.061e-9
230.0000, 26.0000, 1.068e-9
232.0000, 26.0000, 1.068e-9
234.0000, 26.0000, 1.069e-9
236.0000, 26.0000, 1.073e-9
238.0000, 26.0000, 1.072e-9
240.0000, 26.0000, 1.063e-9
242.0000, 26.0000, 1.057e-9
244.0000, 26.0000, 1.064e-9
246.0000, 26.0000, 1.084e-9
248.0000, 26.0000, 1.101e-9
0.0000, 28.0000, 1.323e-9
2.0000, 28.0000, 1.265e-9
4.0000, 28.0000, 1.221e-9
6.0000, 28.0000, 1.181e-9
8.0000, 28.0000, 1.144e-9
10.0000, 28.0000, 1.119e-9
12.0000, 28.0000, 1.095e-9
14.0000, 28.0000, 1.070e-9
16.0000, 28.0000, 1.054e-9
18.0000, 28.0000, 1.043e-9
20.0000, 28.0000, 1.030e-9
22.0000, 28.0000, 1.018e-9
24.0000, 28.0000, 1.009e-9
26.0000, 28.0000, 1.002e-9
28.0000, 28.0000, 9.945e-10
30.0000, 28.0000, 9.903e-10
32.0000, 28.0000, 1.005e-9
34.0000, 28.0000, 1.017e-9
36.0000, 28.0000, 1.011e-9
38.0000, 28.0000, 1.004e-9
40.0000, 28.0000, 1.006e-9
42.0000, 28.0000, 1.002e-9
44.0000, 28.0000, 9.992e-10
46.0000, 28.0000, 1.002e-9
48.0000, 28.0000, 9.963e-10
50.0000, 28.0000, 9.868e-10
52.0000, 28.0000, 9.854e-10
54.0000, 28.0000, 9.941e-10
56.0000, 28.0000, 1.003e-9
58.0000, 28.0000, 1.002e-9
60.0000, 28.0000, 1.012e-9
62.0000, 28.0000, 1.015e-9
64.0000, 28.0000, 1.005e-9
66.0000, 28.0000, 1.017e-9
68.0000, 28.0000, 1.047e-9
70.0000, 28.0000, 1.052e-9
72.0000, 28.0000, 1.055e-9
74.0000, 28.0000, 1.057e-9
76.0000, 28.0000, 1.043e-9
78.0000, 28.0000, 1.020e-9
80.0000, 28.0000, 1.006e-9
82.0000, 28.0000, 1.047e-9
84.0000, 28.0000, 1.084e-9
86.0000, 28.0000, 1.076e-9
88.0000, 28.0000, 1.053e-9
90.0000, 28.0000, 1.050e-9
92.0000, 28.0000, 1.059e-9
94.0000, 28.0000, 1.058e-9
96.0000, 28.0000, 1.039e-9
98.0000, 28.0000, 1.014e-9
100.0000, 28.0000, 1.010e-9
102.0000, 28.0000, 1.014e-9
104.0000, 28.0000, 1.008e-9
106.0000, 28.0000, 9.949e-10
108.0000, 28.0000, 9.969e-10
110.0000, 28.0000, 1.028e-9
112.0000, 28.0000, 1.046e-9
114.0000, 28.0000, 1.046e-9
116.0000, 28.0000, 1.045e-9
118.0000, 28.0000, 1.050e-9
120.0000, 28.0000, 1.061e-9
122.0000, 28.0000, 1.085e-9
124.0000, 28.0000, 1.100e-9
126.0000, 28.0000, 1.102e-9
128.0000, 28.0000, 1.114e-9
130.0000, 28.0000, 1.136e-9
132.0000, 28.0000, 1.154e-9
134.0000, 28.0000, 1.157e-9
136.0000, 28.0000, 1.145e-9
138.0000, 28.0000, 1.128e-9
140.0000, 28.0000, 1.132e-9
142.0000, 28.0000, 1.132e-9
144.0000, 28.0000, 1.128e-9
146.0000, 28.0000, 1.128e-9
148.0000, 28.0000, 1.115e-9
150.0000, 28.0000, 1.110e-9
152.0000, 28.0000, 1.137e-9
154.0000, 28.0000, 1.156e-9
156.0000, 28.0000, 1.146e-9
158.0000, 28.0000, 1.124e-9
160.0000, 28.0000, 1.125e-9
162.0000, 28.0000, 1.137e-9
164.0000, 28.0000, 1.133e-9
166.0000, 28.0000, 1.134e-9
168.0000, 28.0000, 1.159e-9
170.0000, 28.0000, 1.162e-9
172.0000, 28.0000, 1.167e-9
174.0000, 28.0000, 1.167e-9
176.0000, 28.0000, 1.148e-9
178.0000, 28.0000, 1.127e-9
180.0000, 28.0000, 1.133e-9
182.0000, 28.0000, 1.145e-9
184.0000, 28.0000, 1.144e-9
186.0000, 28.0000, 1.127e-9
188.0000, 28.0000, 1.111e-9
190.0000, 28.0000, 1.126e-9
192.0000, 28.0000, 1.131e-9
194.0000, 28.0000, 1.128e-9
196.0000, 28.0000, 1.129e-9
198.0000, 28.0000, 1.117e-9
200.0000, 28.0000, 1.101e-9
202.0000, 28.0000, 1.099e-9
204.0000, 28.0000, 1.099e-9
206.0000, 28.0000, 1.090e-9
208.0000, 28.0000, 1.080e-9
210.0000, 28.0000, 1.069e-9
212.0000, 28.0000, 1.071e-9
214.0000, 28.0000, 1.072e-9
216.0000, 28.0000, 1.069e-9
218.0000, 28.0000, 1.080e-9
220.0000, 28.0000, 1.077e-9
222.0000, 28.0000, 1.066e-9
224.0000, 28.0000, 1.068e-9
226.0000, 28.0000, 1.071e-9
228.0000, 28.0000, 1.065e-9
230.0000, 28.0000, 1.054e-9
232.0000, 28.0000, 1.045e-9
234.0000, 28.0000, 1.072e-9
236.0000, 28.0000, 1.090e-9
238.0000, 28.0000, 1.086e-9
240.0000, 28.0000, 1.093e-9
242.0000, 28.0000, 1.088e-9
244.0000, 28.0000, 1.072e-9
246.0000, 28.0000, 1.060e-9
248.0000, 28.0000, 1.051e-9
0.0000, 30.0000, 1.347e-9
2.0000, 30.0000, 1.288e-9
4.0000, 30.0000, 1.240e-9
6.0000, 30.0000, 1.196e-9
8.0000, 30.0000, 1.157e-9
10.0000, 30.0000, 1.131e-9
12.0000, 30.0000, 1.108e-9
14.0000, 30.0000, 1.085e-9
16.0000, 30.0000, 1.069e-9
18.0000, 30.0000, 1.057e-9
20.0000, 30.0000, 1.042e-9
22.0000, 30.0000, 1.026e-9
24.0000, 30.0000, 1.014e-9
26.0000, 30.0000, 1.005e-9
28.0000, 30.0000, 9.962e-10
30.0000, 30.0000, 9.912e-10
32.0000, 30.0000, 1.002e-9
34.0000, 30.0000, 1.012e-9
36.0000, 30.0000, 1.007e-9
38.0000, 30.0000, 1.001e-9
40.0000, 30.0000, 1.008e-9
42.0000, 30.0000, 1.008e-9
44.0000, 30.0000, 1.003e-9
46.0000, 30.0000, 1.003e-9
48.0000, 30.0000, 9.966e-10
50.0000, 30.0000, 9.877e-10
52.0000, 30.0000, 9.888e-10
54.0000, 30.0000, 1.002e-9
56.0000, 30.0000, 1.016e-9
58.0000, 30.0000, 1.015e-9
60.0000, 30.0000, 1.021e-9
62.0000, 30.0000, 1.028e-9
64.0000, 30.0000, 1.024e-9
66.0000, 30.0000, 1.029e-9
68.0000, 30.0000, 1.054e-9
70.0000, 30.0000, 1.057e-9
72.0000, 30.0000, 1.057e-9
74.0000, 30.0000, 1.055e-9
76.0000, 30.0000, 1.044e-9
78.0000, 30.0000, 1.041e-9
80.0000, 30.0000, 1.035e-9
82.0000, 30.0000, 1.047e-9
84.0000, 30.0000, 1.065e-9
86.0000, 30.0000, 1.069e-9
88.0000, 30.0000, 1.055e-9
90.0000, 30.0000, 1.043e-9
92.0000, 30.0000, 1.032e-9
94.0000, 30.0000, 1.023e-9
96.0000, 30.0000, 1.016e-9
98.0000, 30.0000, 1.011e-9
100.0000, 30.0000, 1.013e-9
102.0000, 30.0000, 1.008e-9
104.0000, 30.0000, 1.007e-9
106.0000, 30.0000, 1.018e-9
108.0000, 30.0000, 1.029e-9
110.0000, 30.0000, 1.033e-9
112.0000, 30.0000, 1.035e-9
114.0000, 30.0000, 1.042e-9
116.0000, 30.0000, 1.047e-9
118.0000, 30.0000, 1.042e-9
120.0000, 30.0000, 1.047e-9
122.0000, 30.0000, 1.090e-9
124.0000, 30.0000, 1.130e-9
126.0000, 30.0000, 1.136e-9
128.0000, 30.0000, 1.135e-9
130.0000, 30.0000, 1.124e-9
132.0000, 30.0000, 1.136e-9
134.0000, 30.0000, 1.153e-9
136.0000, 30.0000, 1.144e-9
138.0000, 30.0000, 1.126e-9
140.0000, 30.0000, 1.127e-9
142.0000, 30.0000, 1.125e-9
144.0000, 30.0000, 1.128e-9
146.0000, 30.0000, 1.138e-9
148.0000, 30.0000, 1.130e-9
150.0000, 30.0000, 1.119e-9
152.0000, 30.0000, 1.115e-9
154.0000, 30.0000, 1.115e-9
156.0000, 30.0000, 1.114e-9
158.0000, 30.0000, 1.103e-9
160.0000, 30.0000, 1.103e-9
162.0000, 30.0000, 1.125e-9
164.0000, 30.0000, 1.139e-9
166.0000, 30.0000, 1.142e-9
168.0000, 30.0000, 1.158e-9
170.0000, 30.0000, 1.157e-9
172.0000, 30.0000, 1.161e-9
174.0000, 30.0000, 1.163e-9
176.0000, 30.0000, 1.146e-9
178.0000, 30.0000, 1.123e-9
180.0000, 30.0000, 1.106e-9
182.0000, 30.0000, 1.104e-9
184.0000, 30.0000, 1.122e-9
186.0000, 30.0000, 1.145e-9
188.0000, 30.0000, 1.145e-9
190.0000, 30.0000, 1.149e-9
192.0000, 30.0000, 1.142e-9
194.0000, 30.0000, 1.127e-9
196.0000, 30.0000, 1.119e-9
198.0000, 30.0000, 1.103e-9
200.0000, 30.0000, 1.088e-9
202.0000, 30.0000, 1.090e-9
204.0000, 30.0000, 1.093e-9
206.0000, 30.0000, 1.094e-9
208.0000, 30.0000, 1.098e-9
210.0000, 30.0000, 1.091e-9
212.0000, 30.0000, 1.077e-9
214.0000, 30.0000, 1.061e-9
216.0000, 30.0000, 1.055e-9
218.0000, 30.0000, 1.059e-9
220.0000, 30.0000, 1.060e-9
222.0000, 30.0000, 1.064e-9
224.0000, 30.0000, 1.065e-9
226.0000, 30.0000, 1.064e-9
228.0000, 30.0000, 1.069e-9
230.0000, 30.0000, 1.079e-9
232.0000, 30.0000, 1.080e-9
234.0000, 30.0000, 1.069e-9
236.0000, 30.0000, 1.063e-9
238.0000, 30.0000, 1.068e-9
240.0000, 30.0000, 1.070e-9
242.0000, 30.0000, 1.066e-9
244.0000, 30.0000, 1.059e-9
246.0000, 30.0000, 1.061e-9
248.0000, 30.0000, 1.069e-9
0.0000, 32.0000, 1.348e-9
2.0000, 32.0000, 1.284e-9
4.0000, 32.0000, 1.233e-9
6.0000, 32.0000, 1.189e-9
8.0000, 32.0000, 1.150e-9
10.0000, 32.0000, 1.121e-9
12.0000, 32.0000, 1.094e-9
14.0000, 32.0000, 1.069e-9
16.0000, 32.0000, 1.053e-9
18.0000, 32.0000, 1.041e-9
20.0000, 32.0000, 1.029e-9
22.0000, 32.0000, 1.020e-9
24.0000, 32.0000, 1.012e-9
26.0000, 32.0000, 1.010e-9
28.0000, 32.0000, 1.011e-9
30.0000, 32.0000, 1.007e-9
32.0000, 32.0000, 1.011e-9
34.0000, 32.0000, 1.013e-9
36.0000, 32.0000, 1.006e-9
38.0000, 32.0000, 9.983e-10
40.0000, 32.0000, 9.999e-10
42.0000, 32.0000, 9.970e-10
44.0000, 32.0000, 9.962e-10
46.0000, 32.0000, 1.002e-9
48.0000, 32.0000, 9.978e-10
50.0000, 32.0000, 9.891e-10
52.0000, 32.0000, 9.880e-10
54.0000, 32.0000, 9.995e-10
56.0000, 32.0000, 1.013e-9
58.0000, 32.0000, 1.015e-9
60.0000, 32.0000, 1.027e-9
62.0000, 32.0000, 1.032e-9
64.0000, 32.0000, 1.022e-9
66.0000, 32.0000, 1.020e-9
68.0000, 32.0000, 1.032e-9
70.0000, 32.0000, 1.032e-9
72.0000, 32.0000, 1.044e-9
74.0000, 32.0000, 1.056e-9
76.0000, 32.0000, 1.051e-9
78.0000, 32.0000, 1.041e-9
80.0000, 32.0000, 1.038e-9
82.0000, 32.0000, 1.074e-9
84.0000, 32.0000, 1.103e-9
86.0000, 32.0000, 1.093e-9
88.0000, 32.0000, 1.067e-9
90.0000, 32.0000, 1.056e-9
92.0000, 32.0000, 1.047e-9
94.0000, 32.0000, 1.034e-9
96.0000, 32.0000, 1.020e-9
98.0000, 32.0000, 1.015e-9
100.0000, 32.0000, 1.017e-9
102.0000, 32.0000, 1.014e-9
104.0000, 32.0000, 1.006e-9
106.0000, 32.0000, 9.987e-10
108.0000, 32.0000, 1.003e-9
110.0000, 32.0000, 1.026e-9
112.0000, 32.0000, 1.048e-9
114.0000, 32.0000, 1.054e-9
116.0000, 32.0000, 1.046e-9
118.0000, 32.0000, 1.050e-9
120.0000, 32.0000, 1.066e-9
122.0000, 32.0000, 1.091e-9
124.0000, 32.0000, 1.103e-9
126.0000, 32.0000, 1.103e-9
128.0000, 32.0000, 1.112e-9
130.0000, 32.0000, 1.118e-9
132.0000, 32.0000, 1.128e-9
134.0000, 32.0000, 1.135e-9
136.0000, 32.0000, 1.128e-9
138.0000, 32.0000, 1.115e-9
140.0000, 32.0000, 1.122e-9
142.0000, 32.0000, 1.123e-9
144.0000, 32.0000, 1.124e-9
146.0000, 32.0000, 1.130e-9
148.0000, 32.0000, 1.121e-9
150.0000, 32.0000, 1.117e-9
152.0000, 32.0000, 1.122e-9
154.0000, 32.0000, 1.122e-9
156.0000, 32.0000, 1.110e-9
158.0000, 32.0000, 1.092e-9
160.0000, 32.0000, 1.094e-9
162.0000, 32.0000, 1.130e-9
164.0000, 32.0000, 1.155e-9
166.0000, 32.0000, 1.158e-9
168.0000, 32.0000, 1.161e-9
170.0000, 32.0000, 1.151e-9
172.0000, 32.0000, 1.152e-9
174.0000, 32.0000, 1.157e-9
176.0000, 32.0000, 1.149e-9
178.0000, 32.0000, 1.133e-9
180.0000, 32.0000, 1.140e-9
182.0000, 32.0000, 1.142e-9
184.0000, 32.0000, 1.127e-9
186.0000, 32.0000, 1.106e-9
188.0000, 32.0000, 1.094e-9
190.0000, 32.0000, 1.118e-9
192.0000, 32.0000, 1.131e-9
194.0000, 32.0000, 1.141e-9
196.0000, 32.0000, 1.147e-9
198.0000, 32.0000, 1.130e-9
200.0000, 32.0000, 1.109e-9
202.0000, 32.0000, 1.111e-9
204.0000, 32.0000, 1.110e-9
206.0000, 32.0000, 1.104e-9
208.0000, 32.0000, 1.100e-9
210.0000, 32.0000, 1.090e-9
212.0000, 32.0000, 1.076e-9
214.0000, 32.0000, 1.064e-9
216.0000, 32.0000, 1.070e-9
218.0000, 32.0000, 1.087e-9
220.0000, 32.0000, 1.087e-9
222.0000, 32.0000, 1.081e-9
224.0000, 32.0000, 1.077e-9
226.0000, 32.0000, 1.067e-9
228.0000, 32.0000, 1.061e-9
230.0000, 32.0000, 1.076e-9
232.0000, 32.0000, 1.077e-9
234.0000, 32.0000, 1.082e-9
236.0000, 32.0000, 1.091e-9
238.0000, 32.0000, 1.085e-9
240.0000, 32.0000, 1.073e-9
242.0000, 32.0000, 1.070e-9
244.0000, 32.0000, 1.073e-9
246.0000, 32.0000, 1.079e-9
248.0000, 32.0000, 1.077e-9
0.0000, 34.0000, 1.328e-9
2.0000, 34.0000, 1.268e-9
4.0000, 34.0000, 1.219e-9
6.0000, 34.0000, 1.177e-9
8.0000, 34.0000, 1.143e-9
10.0000, 34.0000, 1.122e-9
12.0000, 34.0000, 1.095e-9
14.0000, 34.0000, 1.067e-9
16.0000, 34.0000, 1.048e-9
18.0000, 34.0000, 1.032e-9
20.0000, 34.0000, 1.017e-9
22.0000, 34.0000, 1.008e-9
24.0000, 34.0000, 9.999e-10
26.0000, 34.0000, 9.929e-10
28.0000, 34.0000, 9.869e-10
30.0000, 34.0000, 9.883e-10
32.0000, 34.0000, 9.915e-10
34.0000, 34.0000, 9.889e-10
36.0000, 34.0000, 9.829e-10
38.0000, 34.0000, 9.784e-10
40.0000, 34.0000, 9.798e-10
42.0000, 34.0000, 9.790e-10
44.0000, 34.0000, 9.813e-10
46.0000, 34.0000, 9.874e-10
48.0000, 34.0000, 9.847e-10
50.0000, 34.0000, 9.790e-10
52.0000, 34.0000, 9.874e-10
54.0000, 34.0000, 9.970e-10
56.0000, 34.0000, 9.947e-10
58.0000, 34.0000, 9.921e-10
60.0000, 34.0000, 1.015e-9
62.0000, 34.0000, 1.029e-9
64.0000, 34.0000, 1.028e-9
66.0000, 34.0000, 1.035e-9
68.0000, 34.0000, 1.042e-9
70.0000, 34.0000, 1.036e-9
72.0000, 34.0000, 1.043e-9
74.0000, 34.0000, 1.062e-9
76.0000, 34.0000, 1.072e-9
78.0000, 34.0000, 1.063e-9
80.0000, 34.0000, 1.062e-9
82.0000, 34.0000, 1.071e-9
84.0000, 34.0000, 1.072e-9
86.0000, 34.0000, 1.058e-9
88.0000, 34.0000, 1.048e-9
90.0000, 34.0000, 1.049e-9
92.0000, 34.0000, 1.053e-9
94.0000, 34.0000, 1.051e-9
96.0000, 34.0000, 1.042e-9
98.0000, 34.0000, 1.029e-9
100.0000, 34.0000, 1.018e-9
102.0000, 34.0000, 1.016e-9
104.0000, 34.0000, 1.013e-9
106.0000, 34.0000, 1.014e-9
108.0000, 34.0000, 1.041e-9
110.0000, 34.0000, 1.050e-9
112.0000, 34.0000, 1.038e-9
114.0000, 34.0000, 1.054e-9
116.0000, 34.0000, 1.095e-9
118.0000, 34.0000, 1.106e-9
120.0000, 34.0000, 1.092e-9
122.0000, 34.0000, 1.082e-9
124.0000, 34.0000, 1.075e-9
126.0000, 34.0000, 1.068e-9
128.0000, 34.0000, 1.070e-9
130.0000, 34.0000, 1.078e-9
132.0000, 34.0000, 1.102e-9
134.0000, 34.0000, 1.117e-9
136.0000, 34.0000, 1.115e-9
138.0000, 34.0000, 1.115e-9
140.0000, 34.0000, 1.119e-9
142.0000, 34.0000, 1.115e-9
144.0000, 34.0000, 1.110e-9
146.0000, 34.0000, 1.110e-9
148.0000, 34.0000, 1.100e-9
150.0000, 34.0000, 1.097e-9
152.0000, 34.0000, 1.115e-9
154.0000, 34.0000, 1.129e-9
156.0000, 34.0000, 1.120e-9
158.0000, 34.0000, 1.102e-9
160.0000, 34.0000, 1.110e-9
162.0000, 34.0000, 1.147e-9
164.0000, 34.0000, 1.168e-9
166.0000, 34.0000, 1.164e-9
168.0000, 34.0000, 1.156e-9
170.0000, 34.0000, 1.139e-9
172.0000, 34.0000, 1.129e-9
174.0000, 34.0000, 1.134e-9
176.0000, 34.0000, 1.139e-9
178.0000, 34.0000, 1.130e-9
180.0000, 34.0000, 1.127e-9
182.0000, 34.0000, 1.129e-9
184.0000, 34.0000, 1.129e-9
186.0000, 34.0000, 1.125e-9
188.0000, 34.0000, 1.116e-9
190.0000, 34.0000, 1.124e-9
192.0000, 34.0000, 1.126e-9
194.0000, 34.0000, 1.121e-9
196.0000, 34.0000, 1.123e-9
198.0000, 34.0000, 1.121e-9
200.0000, 34.0000, 1.109e-9
202.0000, 34.0000, 1.105e-9
204.0000, 34.0000, 1.101e-9
206.0000, 34.0000, 1.096e-9
208.0000, 34.0000, 1.096e-9
210.0000, 34.0000, 1.088e-9
212.0000, 34.0000, 1.082e-9
214.0000, 34.0000, 1.078e-9
216.0000, 34.0000, 1.073e-9
218.0000, 34.0000, 1.072e-9
220.0000, 34.0000, 1.071e-9
222.0000, 34.0000, 1.066e-9
224.0000, 34.0000, 1.060e-9
226.0000, 34.0000, 1.063e-9
228.0000, 34.0000, 1.078e-9
230.0000, 34.0000, 1.096e-9
232.0000, 34.0000, 1.093e-9
234.0000, 34.0000, 1.093e-9
236.0000, 34.0000, 1.095e-9
238.0000, 34.0000, 1.082e-9
240.0000, 34.0000, 1.067e-9
242.0000, 34.0000, 1.065e-9
244.0000, 34.0000, 1.062e-9
246.0000, 34.0000, 1.060e-9
248.0000, 34.0000, 1.067e-9
0.0000, 36.0000, 1.349e-9
2.0000, 36.0000, 1.282e-9
4.0000, 36.0000, 1.230e-9
6.0000, 36.0000, 1.191e-9
8.0000, 36.0000, 1.151e-9
10.0000, 36.0000, 1.121e-9
12.0000, 36.0000, 1.102e-9
14.0000, 36.0000, 1.076e-9
16.0000, 36.0000, 1.052e-9
18.0000, 36.0000, 1.037e-9
20.0000, 36.0000, 1.023e-9
22.0000, 36.0000, 1.011e-9
24.0000, 36.0000, 1.002e-9
26.0000, 36.0000, 9.981e-10
28.0000, 36.0000, 9.955e-10
30.0000, 36.0000, 9.892e-10
32.0000, 36.0000, 9.828e-10
34.0000, 36.0000, 9.813e-10
36.0000, 36.0000, 9.803e-10
38.0000, 36.0000, 9.817e-10
40.0000, 36.0000, 1.003e-9
42.0000, 36.0000, 1.015e-9
44.0000, 36.0000, 1.009e-9
46.0000, 36.0000, 9.983e-10
48.0000, 36.0000, 9.850e-10
50.0000, 36.0000, 9.741e-10
52.0000, 36.0000, 9.668e-10
54.0000, 36.0000, 9.695e-10
56.0000, 36.0000, 9.850e-10
58.0000, 36.0000, 9.897e-10
60.0000, 36.0000, 9.898e-10
62.0000, 36.0000, 1.004e-9
64.0000, 36.0000, 1.011e-9
66.0000, 36.0000, 1.016e-9
68.0000, 36.0000, 1.035e-9
70.0000, 36.0000, 1.038e-9
72.0000, 36.0000, 1.036e-9
74.0000, 36.0000, 1.043e-9
76.0000, 36.0000, 1.048e-9
78.0000, 36.0000, 1.039e-9
80.0000, 36.0000, 1.037e-9
82.0000, 36.0000, 1.056e-9
84.0000, 36.0000, 1.073e-9
86.0000, 36.0000, 1.073e-9
88.0000, 36.0000, 1.059e-9
90.0000, 36.0000, 1.055e-9
92.0000, 36.0000, 1.047e-9
94.0000, 36.0000, 1.037e-9
96.0000, 36.0000, 1.036e-9
98.0000, 36.0000, 1.040e-9
100.0000, 36.0000, 1.038e-9
102.0000, 36.0000, 1.027e-9
104.0000, 36.0000, 1.023e-9
106.0000, 36.0000, 1.032e-9
108.0000, 36.0000, 1.038e-9
110.0000, 36.0000, 1.051e-9
112.0000, 36.0000, 1.068e-9
114.0000, 36.0000, 1.072e-9
116.0000, 36.0000, 1.064e-9
118.0000, 36.0000, 1.060e-9
120.0000, 36.0000, 1.059e-9
122.0000, 36.0000, 1.072e-9
124.0000, 36.0000, 1.082e-9
126.0000, 36.0000, 1.088e-9
128.0000, 36.0000, 1.113e-9
130.0000, 36.0000, 1.131e-9
132.0000, 36.0000, 1.136e-9
134.0000, 36.0000, 1.131e-9
136.0000, 36.0000, 1.112e-9
138.0000, 36.0000, 1.099e-9
140.0000, 36.0000, 1.134e-9
142.0000, 36.0000, 1.155e-9
144.0000, 36.0000, 1.151e-9
146.0000, 36.0000, 1.140e-9
148.0000, 36.0000, 1.120e-9
150.0000, 36.0000, 1.105e-9
152.0000, 36.0000, 1.098e-9
154.0000, 36.0000, 1.095e-9
156.0000, 36.0000, 1.095e-9
158.0000, 36.0000, 1.086e-9
160.0000, 36.0000, 1.086e-9
162.0000, 36.0000, 1.116e-9
164.0000, 36.0000, 1.133e-9
166.0000, 36.0000, 1.130e-9
168.0000, 36.0000, 1.131e-9
170.0000, 36.0000, 1.122e-9
172.0000, 36.0000, 1.113e-9
174.0000, 36.0000, 1.123e-9
176.0000, 36.0000, 1.136e-9
178.0000, 36.0000, 1.139e-9
180.0000, 36.0000, 1.141e-9
182.0000, 36.0000, 1.126e-9
184.0000, 36.0000, 1.139e-9
186.0000, 36.0000, 1.160e-9
188.0000, 36.0000, 1.149e-9
190.0000, 36.0000, 1.144e-9
192.0000, 36.0000, 1.132e-9
194.0000, 36.0000, 1.117e-9
196.0000, 36.0000, 1.116e-9
198.0000, 36.0000, 1.111e-9
200.0000, 36.0000, 1.099e-9
202.0000, 36.0000, 1.097e-9
204.0000, 36.0000, 1.091e-9
206.0000, 36.0000, 1.093e-9
208.0000, 36.0000, 1.103e-9
210.0000, 36.0000, 1.095e-9
212.0000, 36.0000, 1.091e-9
214.0000, 36.0000, 1.085e-9
216.0000, 36.0000, 1.083e-9
218.0000, 36.0000, 1.090e-9
220.0000, 36.0000, 1.081e-9
222.0000, 36.0000, 1.077e-9
224.0000, 36.0000, 1.082e-9
226.0000, 36.0000, 1.081e-9
228.0000, 36.0000, 1.085e-9
230.0000, 36.0000, 1.090e-9
232.0000, 36.0000, 1.080e-9
234.0000, 36.0000, 1.074e-9
236.0000, 36.0000, 1.073e-9
238.0000, 36.0000, 1.074e-9
240.0000, 36.0000, 1.075e-9
242.0000, 36.0000, 1.072e-9
244.0000, 36.0000, 1.082e-9
246.0000, 36.0000, 1.091e-9
248.0000, 36.0000, 1.081e-9
0.0000, 38.0000, 1.391e-9
2.0000, 38.0000, 1.323e-9
4.0000, 38.0000, 1.266e-9
6.0000, 38.0000, 1.218e-9
8.0000, 38.0000, 1.173e-9
10.0000, 38.0000, 1.138e-9
12.0000, 38.0000, 1.111e-9
14.0000, 38.0000, 1.086e-9
16.0000, 38.0000, 1.061e-9
18.0000, 38.0000, 1.050e-9
20.0000, 38.0000, 1.068e-9
22.0000, 38.0000, 1.070e-9
24.0000, 38.0000, 1.053e-9
26.0000, 38.0000, 1.035e-9
28.0000, 38.0000, 1.015e-9
30.0000, 38.0000, 9.985e-10
32.0000, 38.0000, 9.878e-10
34.0000, 38.0000, 9.793e-10
36.0000, 38.0000, 9.719e-10
38.0000, 38.0000, 9.682e-10
40.0000, 38.0000, 9.771e-10
42.0000, 38.0000, 9.820e-10
44.0000, 38.0000, 9.774e-10
46.0000, 38.0000, 9.764e-10
48.0000, 38.0000, 9.826e-10
50.0000, 38.0000, 9.824e-10
52.0000, 38.0000, 9.772e-10
54.0000, 38.0000, 9.863e-10
56.0000, 38.0000, 1.007e-9
58.0000, 38.0000, 1.011e-9
60.0000, 38.0000, 1.013e-9
62.0000, 38.0000, 1.021e-9
64.0000, 38.0000, 1.022e-9
66.0000, 38.0000, 1.023e-9
68.0000, 38.0000, 1.036e-9
70.0000, 38.0000, 1.034e-9
72.0000, 38.0000, 1.022e-9
74.0000, 38.0000, 1.018e-9
76.0000, 38.0000, 1.029e-9
78.0000, 38.0000, 1.039e-9
80.0000, 38.0000, 1.037e-9
82.0000, 38.0000, 1.045e-9
84.0000, 38.0000, 1.062e-9
86.0000, 38.0000, 1.069e-9
88.0000, 38.0000, 1.060e-9
90.0000, 38.0000, 1.055e-9
92.0000, 38.0000, 1.046e-9
94.0000, 38.0000, 1.034e-9
96.0000, 38.0000, 1.026e-9
98.0000, 38.0000, 1.015e-9
100.0000, 38.0000, 1.016e-9
102.0000, 38.0000, 1.025e-9
104.0000, 38.0000, 1.028e-9
106.0000, 38.0000, 1.024e-9
108.0000, 38.0000, 1.026e-9
110.0000, 38.0000, 1.028e-9
112.0000, 38.0000, 1.035e-9
114.0000, 38.0000, 1.051e-9
116.0000, 38.0000, 1.065e-9
118.0000, 38.0000, 1.064e-9
120.0000, 38.0000, 1.066e-9
122.0000, 38.0000, 1.076e-9
124.0000, 38.0000, 1.083e-9
126.0000, 38.0000, 1.086e-9
128.0000, 38.0000, 1.105e-9
130.0000, 38.0000, 1.132e-9
132.0000, 38.0000, 1.137e-9
134.0000, 38.0000, 1.127e-9
136.0000, 38.0000, 1.120e-9
138.0000, 38.0000, 1.114e-9
140.0000, 38.0000, 1.111e-9
142.0000, 38.0000, 1.103e-9
144.0000, 38.0000, 1.100e-9
146.0000, 38.0000, 1.104e-9
148.0000, 38.0000, 1.096e-9
150.0000, 38.0000, 1.096e-9
152.0000, 38.0000, 1.111e-9
154.0000, 38.0000, 1.117e-9
156.0000, 38.0000, 1.107e-9
158.0000, 38.0000, 1.091e-9
160.0000, 38.0000, 1.083e-9
162.0000, 38.0000, 1.098e-9
164.0000, 38.0000, 1.112e-9
166.0000, 38.0000, 1.115e-9
168.0000, 38.0000, 1.128e-9
170.0000, 38.0000, 1.131e-9
172.0000, 38.0000, 1.128e-9
174.0000, 38.0000, 1.131e-9
176.0000, 38.0000, 1.131e-9
178.0000, 38.0000, 1.122e-9
180.0000, 38.0000, 1.125e-9
182.0000, 38.0000, 1.119e-9
184.0000, 38.0000, 1.114e-9
186.0000, 38.0000, 1.118e-9
188.0000, 38.0000, 1.119e-9
190.0000, 38.0000, 1.124e-9
192.0000, 38.0000, 1.117e-9
194.0000, 38.0000, 1.113e-9
196.0000, 38.0000, 1.120e-9
198.0000, 38.0000, 1.112e-9
200.0000, 38.0000, 1.098e-9
202.0000, 38.0000, 1.099e-9
204.0000, 38.0000, 1.095e-9
206.0000, 38.0000, 1.088e-9
208.0000, 38.0000, 1.085e-9
210.0000, 38.0000, 1.075e-9
212.0000, 38.0000, 1.071e-9
214.0000, 38.0000, 1.069e-9
216.0000, 38.0000, 1.070e-9
218.0000, 38.0000, 1.071e-9
220.0000, 38.0000, 1.072e-9
222.0000, 38.0000, 1.074e-9
224.0000, 38.0000, 1.072e-9
226.0000, 38.0000, 1.072e-9
228.0000, 38.0000, 1.082e-9
230.0000, 38.0000, 1.084e-9
232.0000, 38.0000, 1.076e-9
234.0000, 38.0000, 1.070e-9
236.0000, 38.0000, 1.071e-9
238.0000, 38.0000, 1.073e-9
240.0000, 38.0000, 1.073e-9
242.0000, 38.0000, 1.071e-9
244.0000, 38.0000, 1.075e-9
246.0000, 38.0000, 1.076e-9
248.0000, 38.0000, 1.075e-9
0.0000, 40.0000, 1.351e-9
2.0000, 40.0000, 1.282e-9
4.0000, 40.0000, 1.227e-9
6.0000, 40.0000, 1.177e-9
8.0000, 40.0000, 1.132e-9
10.0000, 40.0000, 1.108e-9
12.0000, 40.0000, 1.085e-9
14.0000, 40.0000, 1.058e-9
16.0000, 40.0000, 1.040e-9
18.0000, 40.0000, 1.026e-9
20.0000, 40.0000, 1.013e-9
22.0000, 40.0000, 1.003e-9
24.0000, 40.0000, 9.965e-10
26.0000, 40.0000, 9.919e-10
28.0000, 40.0000, 9.846e-10
30.0000, 40.0000, 9.811e-10
32.0000, 40.0000, 9.901e-10
34.0000, 40.0000, 9.952e-10
36.0000, 40.0000, 9.894e-10
38.0000, 40.0000, 9.880e-10
40.0000, 40.0000, 1.004e-9
42.0000, 40.0000, 1.009e-9
44.0000, 40.0000, 1.008e-9
46.0000, 40.0000, 1.014e-9
48.0000, 40.0000, 1.009e-9
50.0000, 40.0000, 9.981e-10
52.0000, 40.0000, 9.959e-10
54.0000, 40.0000, 1.001e-9
56.0000, 40.0000, 1.004e-9
58.0000, 40.0000, 1.000e-9
60.0000, 40.0000, 1.008e-9
62.0000, 40.0000, 1.014e-9
64.0000, 40.0000, 1.006e-9
66.0000, 40.0000, 1.011e-9
68.0000, 40.0000, 1.035e-9
70.0000, 40.0000, 1.041e-9
72.0000, 40.0000, 1.038e-9
74.0000, 40.0000, 1.040e-9
76.0000, 40.0000, 1.038e-9
78.0000, 40.0000, 1.027e-9
80.0000, 40.0000, 1.019e-9
82.0000, 40.0000, 1.028e-9
84.0000, 40.0000, 1.044e-9
86.0000, 40.0000, 1.048e-9
88.0000, 40.0000, 1.038e-9
90.0000, 40.0000, 1.037e-9
92.0000, 40.0000, 1.036e-9
94.0000, 40.0000, 1.032e-9
96.0000, 40.0000, 1.030e-9
98.0000, 40.0000, 1.031e-9
100.0000, 40.0000, 1.031e-9
102.0000, 40.0000, 1.022e-9
104.0000, 40.0000, 1.019e-9
106.0000, 40.0000, 1.022e-9
108.0000, 40.0000, 1.021e-9
110.0000, 40.0000, 1.042e-9
112.0000, 40.0000, 1.062e-9
114.0000, 40.0000, 1.075e-9
116.0000, 40.0000, 1.080e-9
118.0000, 40.0000, 1.072e-9
120.0000, 40.0000, 1.069e-9
122.0000, 40.0000, 1.075e-9
124.0000, 40.0000, 1.081e-9
126.0000, 40.0000, 1.085e-9
128.0000, 40.0000, 1.096e-9
130.0000, 40.0000, 1.105e-9
132.0000, 40.0000, 1.125e-9
134.0000, 40.0000, 1.139e-9
136.0000, 40.0000, 1.129e-9
138.0000, 40.0000, 1.107e-9
140.0000, 40.0000, 1.101e-9
142.0000, 40.0000, 1.096e-9
144.0000, 40.0000, 1.092e-9
146.0000, 40.0000, 1.096e-9
148.0000, 40.0000, 1.088e-9
150.0000, 40.0000, 1.081e-9
152.0000, 40.0000, 1.092e-9
154.0000, 40.0000, 1.100e-9
156.0000, 40.0000, 1.098e-9
158.0000, 40.0000, 1.102e-9
160.0000, 40.0000, 1.101e-9
162.0000, 40.0000, 1.109e-9
164.0000, 40.0000, 1.110e-9
166.0000, 40.0000, 1.106e-9
168.0000, 40.0000, 1.114e-9
170.0000, 40.0000, 1.110e-9
172.0000, 40.0000, 1.109e-9
174.0000, 40.0000, 1.117e-9
176.0000, 40.0000, 1.120e-9
178.0000, 40.0000, 1.114e-9
180.0000, 40.0000, 1.124e-9
182.0000, 40.0000, 1.126e-9
184.0000, 40.0000, 1.121e-9
186.0000, 40.0000, 1.113e-9
188.0000, 40.0000, 1.103e-9
190.0000, 40.0000, 1.115e-9
192.0000, 40.0000, 1.112e-9
194.0000, 40.0000, 1.104e-9
196.0000, 40.0000, 1.112e-9
198.0000, 40.0000, 1.113e-9
200.0000, 40.0000, 1.100e-9
202.0000, 40.0000, 1.095e-9
204.0000, 40.0000, 1.089e-9
206.0000, 40.0000, 1.081e-9
208.0000, 40.0000, 1.078e-9
210.0000, 40.0000, 1.070e-9
212.0000, 40.0000, 1.074e-9
214.0000, 40.0000, 1.075e-9
216.0000, 40.0000, 1.069e-9
218.0000, 40.0000, 1.062e-9
220.0000, 40.0000, 1.053e-9
222.0000, 40.0000, 1.054e-9
224.0000, 40.0000, 1.071e-9
226.0000, 40.0000, 1.076e-9
228.0000, 40.0000, 1.072e-9
230.0000, 40.0000, 1.079e-9
232.0000, 40.0000, 1.076e-9
234.0000, 40.0000, 1.072e-9
236.0000, 40.0000, 1.073e-9
238.0000, 40.0000, 1.079e-9
240.0000, 40.0000, 1.084e-9
242.0000, 40.0000, 1.081e-9
244.0000, 40.0000, 1.079e-9
246.0000, 40.0000, 1.079e-9
248.0000, 40.0000, 1.080e-9
0.0000, 42.0000, 1.152e-9
2.0000, 42.0000, 1.120e-9
4.0000, 42.0000, 1.094e-9
6.0000, 42.0000, 1.074e-9
8.0000, 42.0000, 1.059e-9
10.0000, 42.0000, 1.043e-9
12.0000, 42.0000, 1.029e-9
14.0000, 42.0000, 1.021e-9
16.0000, 42.0000, 1.011e-9
18.0000, 42.0000, 1.000e-9
20.0000, 42.0000, 9.940e-10
22.0000, 42.0000, 9.876e-10
24.0000, 42.0000, 9.814e-10
26.0000, 42.0000, 9.762e-10
28.0000, 42.0000, 9.746e-10
30.0000, 42.0000, 9.955e-10
32.0000, 42.0000, 1.010e-9
34.0000, 42.0000, 1.006e-9
36.0000, 42.0000, 9.941e-10
38.0000, 42.0000, 9.801e-10
40.0000, 42.0000, 9.704e-10
42.0000, 42.0000, 9.625e-10
44.0000, 42.0000, 9.551e-10
46.0000, 42.0000, 9.578e-10
48.0000, 42.0000, 9.721e-10
50.0000, 42.0000, 9.780e-10
52.0000, 42.0000, 9.818e-10
54.0000, 42.0000, 9.867e-10
56.0000, 42.0000, 9.888e-10
58.0000, 42.0000, 9.856e-10
60.0000, 42.0000, 9.902e-10
62.0000, 42.0000, 1.008e-9
64.0000, 42.0000, 1.018e-9
66.0000, 42.0000, 1.019e-9
68.0000, 42.0000, 1.029e-9
70.0000, 42.0000, 1.029e-9
72.0000, 42.0000, 1.031e-9
74.0000, 42.0000, 1.044e-9
76.0000, 42.0000, 1.054e-9
78.0000, 42.0000, 1.047e-9
80.0000, 42.0000, 1.040e-9
82.0000, 42.0000, 1.037e-9
84.0000, 42.0000, 1.038e-9
86.0000, 42.0000, 1.037e-9
88.0000, 42.0000, 1.028e-9
90.0000, 42.0000, 1.030e-9
92.0000, 42.0000, 1.039e-9
94.0000, 42.0000, 1.039e-9
96.0000, 42.0000, 1.025e-9
98.0000, 42.0000, 1.013e-9
100.0000, 42.0000, 1.018e-9
102.0000, 42.0000, 1.031e-9
104.0000, 42.0000, 1.035e-9
106.0000, 42.0000, 1.031e-9
108.0000, 42.0000, 1.032e-9
110.0000, 42.0000, 1.040e-9
112.0000, 42.0000, 1.052e-9
114.0000, 42.0000, 1.065e-9
116.0000, 42.0000, 1.075e-9
118.0000, 42.0000, 1.068e-9
120.0000, 42.0000, 1.060e-9
122.0000, 42.0000, 1.084e-9
124.0000, 42.0000, 1.110e-9
126.0000, 42.0000, 1.116e-9
128.0000, 42.0000, 1.124e-9
130.0000, 42.0000, 1.132e-9
132.0000, 42.0000, 1.135e-9
134.0000, 42.0000, 1.138e-9
136.0000, 42.0000, 1.134e-9
138.0000, 42.0000, 1.115e-9
140.0000, 42.0000, 1.095e-9
142.0000, 42.0000, 1.084e-9
144.0000, 42.0000, 1.091e-9
146.0000, 42.0000, 1.099e-9
148.0000, 42.0000, 1.095e-9
150.0000, 42.0000, 1.105e-9
152.0000, 42.0000, 1.104e-9
154.0000, 42.0000, 1.094e-9
156.0000, 42.0000, 1.085e-9
158.0000, 42.0000, 1.071e-9
160.0000, 42.0000, 1.067e-9
162.0000, 42.0000, 1.083e-9
164.0000, 42.0000, 1.092e-9
166.0000, 42.0000, 1.092e-9
168.0000, 42.0000, 1.097e-9
170.0000, 42.0000, 1.093e-9
172.0000, 42.0000, 1.102e-9
174.0000, 42.0000, 1.110e-9
176.0000, 42.0000, 1.107e-9
178.0000, 42.0000, 1.108e-9
180.0000, 42.0000, 1.113e-9
182.0000, 42.0000, 1.114e-9
184.0000, 42.0000, 1.117e-9
186.0000, 42.0000, 1.114e-9
188.0000, 42.0000, 1.101e-9
190.0000, 42.0000, 1.103e-9
192.0000, 42.0000, 1.099e-9
194.0000, 42.0000, 1.093e-9
196.0000, 42.0000, 1.096e-9
198.0000, 42.0000, 1.090e-9
200.0000, 42.0000, 1.079e-9
202.0000, 42.0000, 1.079e-9
204.0000, 42.0000, 1.079e-9
206.0000, 42.0000, 1.077e-9
208.0000, 42.0000, 1.083e-9
210.0000, 42.0000, 1.077e-9
212.0000, 42.0000, 1.070e-9
214.0000, 42.0000, 1.062e-9
216.0000, 42.0000, 1.060e-9
218.0000, 42.0000, 1.069e-9
220.0000, 42.0000, 1.066e-9
222.0000, 42.0000, 1.069e-9
224.0000, 42.0000, 1.088e-9
226.0000, 42.0000, 1.083e-9
228.0000, 42.0000, 1.083e-9
230.0000, 42.0000, 1.103e-9
232.0000, 42.0000, 1.091e-9
234.0000, 42.0000, 1.086e-9
236.0000, 42.0000, 1.084e-9
238.0000, 42.0000, 1.074e-9
240.0000, 42.0000, 1.071e-9
242.0000, 42.0000, 1.070e-9
244.0000, 42.0000, 1.072e-9
246.0000, 42.0000, 1.071e-9
248.0000, 42.0000, 1.067e-9
0.0000, 44.0000, 1.292e-9
2.0000, 44.0000, 1.235e-9
4.0000, 44.0000, 1.189e-9
6.0000, 44.0000, 1.149e-9
8.0000, 44.0000, 1.115e-9
10.0000, 44.0000, 1.090e-9
12.0000, 44.0000, 1.065e-9
14.0000, 44.0000, 1.042e-9
16.0000, 44.0000, 1.029e-9
18.0000, 44.0000, 1.017e-9
20.0000, 44.0000, 1.006e-9
22.0000, 44.0000, 9.978e-10
24.0000, 44.0000, 9.912e-10
26.0000, 44.0000, 9.861e-10
28.0000, 44.0000, 9.795e-10
30.0000, 44.0000, 9.795e-10
32.0000, 44.0000, 9.944e-10
34.0000, 44.0000, 1.002e-9
36.0000, 44.0000, 9.959e-10
38.0000, 44.0000, 9.856e-10
40.0000, 44.0000, 9.746e-10
42.0000, 44.0000, 9.646e-10
44.0000, 44.0000, 9.691e-10
46.0000, 44.0000, 9.849e-10
48.0000, 44.0000, 9.869e-10
50.0000, 44.0000, 9.802e-10
52.0000, 44.0000, 9.809e-10
54.0000, 44.0000, 1.007e-9
56.0000, 44.0000, 1.035e-9
58.0000, 44.0000, 1.041e-9
60.0000, 44.0000, 1.056e-9
62.0000, 44.0000, 1.061e-9
64.0000, 44.0000, 1.047e-9
66.0000, 44.0000, 1.035e-9
68.0000, 44.0000, 1.038e-9
70.0000, 44.0000, 1.032e-9
72.0000, 44.0000, 1.030e-9
74.0000, 44.0000, 1.030e-9
76.0000, 44.0000, 1.020e-9
78.0000, 44.0000, 1.009e-9
80.0000, 44.0000, 1.014e-9
82.0000, 44.0000, 1.032e-9
84.0000, 44.0000, 1.039e-9
86.0000, 44.0000, 1.029e-9
88.0000, 44.0000, 1.022e-9
90.0000, 44.0000, 1.028e-9
92.0000, 44.0000, 1.033e-9
94.0000, 44.0000, 1.029e-9
96.0000, 44.0000, 1.020e-9
98.0000, 44.0000, 1.021e-9
100.0000, 44.0000, 1.026e-9
102.0000, 44.0000, 1.025e-9
104.0000, 44.0000, 1.020e-9
106.0000, 44.0000, 1.023e-9
108.0000, 44.0000, 1.030e-9
110.0000, 44.0000, 1.028e-9
112.0000, 44.0000, 1.033e-9
114.0000, 44.0000, 1.048e-9
116.0000, 44.0000, 1.058e-9
118.0000, 44.0000, 1.054e-9
120.0000, 44.0000, 1.062e-9
122.0000, 44.0000, 1.076e-9
124.0000, 44.0000, 1.088e-9
126.0000, 44.0000, 1.098e-9
128.0000, 44.0000, 1.113e-9
130.0000, 44.0000, 1.128e-9
132.0000, 44.0000, 1.124e-9
134.0000, 44.0000, 1.114e-9
136.0000, 44.0000, 1.106e-9
138.0000, 44.0000, 1.091e-9
140.0000, 44.0000, 1.072e-9
142.0000, 44.0000, 1.063e-9
144.0000, 44.0000, 1.070e-9
146.0000, 44.0000, 1.081e-9
148.0000, 44.0000, 1.080e-9
150.0000, 44.0000, 1.095e-9
152.0000, 44.0000, 1.099e-9
154.0000, 44.0000, 1.086e-9
156.0000, 44.0000, 1.072e-9
158.0000, 44.0000, 1.063e-9
160.0000, 44.0000, 1.055e-9
162.0000, 44.0000, 1.073e-9
164.0000, 44.0000, 1.092e-9
166.0000, 44.0000, 1.094e-9
168.0000, 44.0000, 1.093e-9
170.0000, 44.0000, 1.086e-9
172.0000, 44.0000, 1.096e-9
174.0000, 44.0000, 1.108e-9
176.0000, 44.0000, 1.107e-9
178.0000, 44.0000, 1.100e-9
180.0000, 44.0000, 1.097e-9
182.0000, 44.0000, 1.096e-9
184.0000, 44.0000, 1.103e-9
186.0000, 44.0000, 1.108e-9
188.0000, 44.0000, 1.103e-9
190.0000, 44.0000, 1.113e-9
192.0000, 44.0000, 1.111e-9
194.0000, 44.0000, 1.102e-9
196.0000, 44.0000, 1.100e-9
198.0000, 44.0000, 1.090e-9
200.0000, 44.0000, 1.076e-9
202.0000, 44.0000, 1.072e-9
204.0000, 44.0000, 1.069e-9
206.0000, 44.0000, 1.064e-9
208.0000, 44.0000, 1.065e-9
210.0000, 44.0000, 1.060e-9
212.0000, 44.0000, 1.061e-9
214.0000, 44.0000, 1.062e-9
216.0000, 44.0000, 1.059e-9
218.0000, 44.0000, 1.061e-9
220.0000, 44.0000, 1.061e-9
222.0000, 44.0000, 1.059e-9
224.0000, 44.0000, 1.061e-9
226.0000, 44.0000, 1.060e-9
228.0000, 44.0000, 1.061e-9
230.0000, 44.0000, 1.065e-9
232.0000, 44.0000, 1.059e-9
234.0000, 44.0000, 1.058e-9
236.0000, 44.0000, 1.056e-9
238.0000, 44.0000, 1.052e-9
240.0000, 44.0000, 1.063e-9
242.0000, 44.0000, 1.065e-9
244.0000, 44.0000, 1.059e-9
246.0000, 44.0000, 1.066e-9
248.0000, 44.0000, 1.069e-9
0.0000, 46.0000, 1.279e-9
2.0000, 46.0000, 1.225e-9
4.0000, 46.0000, 1.180e-9
6.0000, 46.0000, 1.142e-9
8.0000, 46.0000, 1.110e-9
10.0000, 46.0000, 1.085e-9
12.0000, 46.0000, 1.061e-9
14.0000, 46.0000, 1.037e-9
16.0000, 46.0000, 1.025e-9
18.0000, 46.0000, 1.021e-9
20.0000, 46.0000, 1.011e-9
22.0000, 46.0000, 9.984e-10
24.0000, 46.0000, 9.875e-10
26.0000, 46.0000, 9.786e-10
28.0000, 46.0000, 9.701e-10
30.0000, 46.0000, 9.643e-10
32.0000, 46.0000, 9.600e-10
34.0000, 46.0000, 9.556e-10
36.0000, 46.0000, 9.514e-10
38.0000, 46.0000, 9.565e-10
40.0000, 46.0000, 9.890e-10
42.0000, 46.0000, 1.007e-9
44.0000, 46.0000, 1.003e-9
46.0000, 46.0000, 9.949e-10
48.0000, 46.0000, 9.832e-10
50.0000, 46.0000, 9.732e-10
52.0000, 46.0000, 9.837e-10
54.0000, 46.0000, 9.982e-10
56.0000, 46.0000, 9.969e-10
58.0000, 46.0000, 9.913e-10
60.0000, 46.0000, 1.009e-9
62.0000, 46.0000, 1.023e-9
64.0000, 46.0000, 1.020e-9
66.0000, 46.0000, 1.016e-9
68.0000, 46.0000, 1.026e-9
70.0000, 46.0000, 1.026e-9
72.0000, 46.0000, 1.027e-9
74.0000, 46.0000, 1.039e-9
76.0000, 46.0000, 1.044e-9
78.0000, 46.0000, 1.035e-9
80.0000, 46.0000, 1.033e-9
82.0000, 46.0000, 1.043e-9
84.0000, 46.0000, 1.047e-9
86.0000, 46.0000, 1.034e-9
88.0000, 46.0000, 1.019e-9
90.0000, 46.0000, 1.018e-9
92.0000, 46.0000, 1.024e-9
94.0000, 46.0000, 1.028e-9
96.0000, 46.0000, 1.025e-9
98.0000, 46.0000, 1.017e-9
100.0000, 46.0000, 1.020e-9
102.0000, 46.0000, 1.019e-9
104.0000, 46.0000, 1.017e-9
106.0000, 46.0000, 1.020e-9
108.0000, 46.0000, 1.022e-9
110.0000, 46.0000, 1.034e-9
112.0000, 46.0000, 1.042e-9
114.0000, 46.0000, 1.045e-9
116.0000, 46.0000, 1.046e-9
118.0000, 46.0000, 1.038e-9
120.0000, 46.0000, 1.033e-9
122.0000, 46.0000, 1.051e-9
124.0000, 46.0000, 1.074e-9
126.0000, 46.0000, 1.091e-9
128.0000, 46.0000, 1.107e-9
130.0000, 46.0000, 1.115e-9
132.0000, 46.0000, 1.113e-9
134.0000, 46.0000, 1.103e-9
136.0000, 46.0000, 1.086e-9
138.0000, 46.0000, 1.067e-9
140.0000, 46.0000, 1.057e-9
142.0000, 46.0000, 1.054e-9
144.0000, 46.0000, 1.057e-9
146.0000, 46.0000, 1.061e-9
148.0000, 46.0000, 1.058e-9
150.0000, 46.0000, 1.071e-9
152.0000, 46.0000, 1.077e-9
154.0000, 46.0000, 1.067e-9
156.0000, 46.0000, 1.062e-9
158.0000, 46.0000, 1.072e-9
160.0000, 46.0000, 1.078e-9
162.0000, 46.0000, 1.088e-9
164.0000, 46.0000, 1.090e-9
166.0000, 46.0000, 1.089e-9
168.0000, 46.0000, 1.101e-9
170.0000, 46.0000, 1.100e-9
172.0000, 46.0000, 1.104e-9
174.0000, 46.0000, 1.107e-9
176.0000, 46.0000, 1.097e-9
178.0000, 46.0000, 1.085e-9
180.0000, 46.0000, 1.081e-9
182.0000, 46.0000, 1.089e-9
184.0000, 46.0000, 1.104e-9
186.0000, 46.0000, 1.110e-9
188.0000, 46.0000, 1.104e-9
190.0000, 46.0000, 1.112e-9
192.0000, 46.0000, 1.107e-9
194.0000, 46.0000, 1.098e-9
196.0000, 46.0000, 1.095e-9
198.0000, 46.0000, 1.083e-9
200.0000, 46.0000, 1.080e-9
202.0000, 46.0000, 1.079e-9
204.0000, 46.0000, 1.069e-9
206.0000, 46.0000, 1.063e-9
208.0000, 46.0000, 1.066e-9
210.0000, 46.0000, 1.061e-9
212.0000, 46.0000, 1.054e-9
214.0000, 46.0000, 1.047e-9
216.0000, 46.0000, 1.049e-9
218.0000, 46.0000, 1.059e-9
220.0000, 46.0000, 1.056e-9
222.0000, 46.0000, 1.057e-9
224.0000, 46.0000, 1.057e-9
226.0000, 46.0000, 1.050e-9
228.0000, 46.0000, 1.052e-9
230.0000, 46.0000, 1.062e-9
232.0000, 46.0000, 1.062e-9
234.0000, 46.0000, 1.052e-9
236.0000, 46.0000, 1.041e-9
238.0000, 46.0000, 1.043e-9
240.0000, 46.0000, 1.053e-9
242.0000, 46.0000, 1.049e-9
244.0000, 46.0000, 1.047e-9
246.0000, 46.0000, 1.063e-9
248.0000, 46.0000, 1.074e-9
0.0000, 48.0000, 1.294e-9
2.0000, 48.0000, 1.221e-9
4.0000, 48.0000, 1.167e-9
6.0000, 48.0000, 1.128e-9
8.0000, 48.0000, 1.096e-9
10.0000, 48.0000, 1.072e-9
12.0000, 48.0000, 1.052e-9
14.0000, 48.0000, 1.030e-9
16.0000, 48.0000, 1.019e-9
18.0000, 48.0000, 1.017e-9
20.0000, 48.0000, 1.007e-9
22.0000, 48.0000, 9.959e-10
24.0000, 48.0000, 9.862e-10
26.0000, 48.0000, 9.759e-10
28.0000, 48.0000, 9.678e-10
30.0000, 48.0000, 9.645e-10
32.0000, 48.0000, 9.612e-10
34.0000, 48.0000, 9.575e-10
36.0000, 48.0000, 9.535e-10
38.0000, 48.0000, 9.628e-10
40.0000, 48.0000, 1.012e-9
42.0000, 48.0000, 1.039e-9
44.0000, 48.0000, 1.039e-9
46.0000, 48.0000, 1.036e-9
48.0000, 48.0000, 1.022e-9
50.0000, 48.0000, 1.005e-9
52.0000, 48.0000, 9.896e-10
54.0000, 48.0000, 9.756e-10
56.0000, 48.0000, 9.646e-10
58.0000, 48.0000, 9.554e-10
60.0000, 48.0000, 9.530e-10
62.0000, 48.0000, 9.717e-10
64.0000, 48.0000, 9.843e-10
66.0000, 48.0000, 9.937e-10
68.0000, 48.0000, 1.013e-9
70.0000, 48.0000, 1.015e-9
72.0000, 48.0000, 1.016e-9
74.0000, 48.0000, 1.023e-9
76.0000, 48.0000, 1.025e-9
78.0000, 48.0000, 1.018e-9
80.0000, 48.0000, 1.019e-9
82.0000, 48.0000, 1.019e-9
84.0000, 48.0000, 1.015e-9
86.0000, 48.0000, 1.011e-9
88.0000, 48.0000, 1.004e-9
90.0000, 48.0000, 1.006e-9
92.0000, 48.0000, 1.020e-9
94.0000, 48.0000, 1.026e-9
96.0000, 48.0000, 1.018e-9
98.0000, 48.0000, 1.010e-9
100.0000, 48.0000, 1.009e-9
102.0000, 48.0000, 1.014e-9
104.0000, 48.0000, 1.022e-9
106.0000, 48.0000, 1.026e-9
108.0000, 48.0000, 1.023e-9
110.0000, 48.0000, 1.024e-9
112.0000, 48.0000, 1.029e-9
114.0000, 48.0000, 1.051e-9
116.0000, 48.0000, 1.077e-9
118.0000, 48.0000, 1.079e-9
120.0000, 48.0000, 1.076e-9
122.0000, 48.0000, 1.066e-9
124.0000, 48.0000, 1.051e-9
126.0000, 48.0000, 1.051e-9
128.0000, 48.0000, 1.070e-9
130.0000, 48.0000, 1.075e-9
132.0000, 48.0000, 1.064e-9
134.0000, 48.0000, 1.065e-9
136.0000, 48.0000, 1.082e-9
138.0000, 48.0000, 1.084e-9
140.0000, 48.0000, 1.087e-9
142.0000, 48.0000, 1.082e-9
144.0000, 48.0000, 1.070e-9
146.0000, 48.0000, 1.057e-9
148.0000, 48.0000, 1.044e-9
150.0000, 48.0000, 1.039e-9
152.0000, 48.0000, 1.036e-9
154.0000, 48.0000, 1.032e-9
156.0000, 48.0000, 1.041e-9
158.0000, 48.0000, 1.066e-9
160.0000, 48.0000, 1.074e-9
162.0000, 48.0000, 1.083e-9
164.0000, 48.0000, 1.088e-9
166.0000, 48.0000, 1.085e-9
168.0000, 48.0000, 1.093e-9
170.0000, 48.0000, 1.089e-9
172.0000, 48.0000, 1.083e-9
174.0000, 48.0000, 1.080e-9
176.0000, 48.0000, 1.078e-9
178.0000, 48.0000, 1.075e-9
180.0000, 48.0000, 1.078e-9
182.0000, 48.0000, 1.085e-9
184.0000, 48.0000, 1.097e-9
186.0000, 48.0000, 1.102e-9
188.0000, 48.0000, 1.096e-9
190.0000, 48.0000, 1.101e-9
192.0000, 48.0000, 1.096e-9
194.0000, 48.0000, 1.086e-9
196.0000, 48.0000, 1.083e-9
198.0000, 48.0000, 1.073e-9
200.0000, 48.0000, 1.067e-9
202.0000, 48.0000, 1.060e-9
204.0000, 48.0000, 1.048e-9
206.0000, 48.0000, 1.047e-9
208.0000, 48.0000, 1.051e-9
210.0000, 48.0000, 1.048e-9
212.0000, 48.0000, 1.046e-9
214.0000, 48.0000, 1.043e-9
216.0000, 48.0000, 1.046e-9
218.0000, 48.0000, 1.053e-9
220.0000, 48.0000, 1.049e-9
222.0000, 48.0000, 1.051e-9
224.0000, 48.0000, 1.052e-9
226.0000, 48.0000, 1.048e-9
228.0000, 48.0000, 1.049e-9
230.0000, 48.0000, 1.053e-9
232.0000, 48.0000, 1.054e-9
234.0000, 48.0000, 1.054e-9
236.0000, 48.0000, 1.046e-9
238.0000, 48.0000, 1.043e-9
240.0000, 48.0000, 1.048e-9
242.0000, 48.0000, 1.046e-9
244.0000, 48.0000, 1.048e-9
246.0000, 48.0000, 1.050e-9
248.0000, 48.0000, 1.050e-9
0.0000, 50.0000, 1.283e-9
2.0000, 50.0000, 1.223e-9
4.0000, 50.0000, 1.174e-9
6.0000, 50.0000, 1.136e-9
8.0000, 50.0000, 1.102e-9
10.0000, 50.0000, 1.077e-9
12.0000, 50.0000, 1.060e-9
14.0000, 50.0000, 1.038e-9
16.0000, 50.0000, 1.018e-9
18.0000, 50.0000, 1.005e-9
20.0000, 50.0000, 9.907e-10
22.0000, 50.0000, 9.795e-10
24.0000, 50.0000, 9.727e-10
26.0000, 50.0000, 9.665e-10
28.0000, 50.0000, 9.601e-10
30.0000, 50.0000, 9.555e-10
32.0000, 50.0000, 9.548e-10
34.0000, 50.0000, 9.553e-10
36.0000, 50.0000, 9.515e-10
38.0000, 50.0000, 9.568e-10
40.0000, 50.0000, 9.925e-10
42.0000, 50.0000, 1.011e-9
44.0000, 50.0000, 1.008e-9
46.0000, 50.0000, 1.002e-9
48.0000, 50.0000, 9.907e-10
50.0000, 50.0000, 9.783e-10
52.0000, 50.0000, 9.792e-10
54.0000, 50.0000, 9.832e-10
56.0000, 50.0000, 9.789e-10
58.0000, 50.0000, 9.707e-10
60.0000, 50.0000, 9.723e-10
62.0000, 50.0000, 9.865e-10
64.0000, 50.0000, 9.939e-10
66.0000, 50.0000, 1.001e-9
68.0000, 50.0000, 1.025e-9
70.0000, 50.0000, 1.030e-9
72.0000, 50.0000, 1.025e-9
74.0000, 50.0000, 1.019e-9
76.0000, 50.0000, 1.005e-9
78.0000, 50.0000, 9.909e-10
80.0000, 50.0000, 9.969e-10
82.0000, 50.0000, 1.011e-9
84.0000, 50.0000, 1.019e-9
86.0000, 50.0000, 1.018e-9
88.0000, 50.0000, 1.013e-9
90.0000, 50.0000, 1.017e-9
92.0000, 50.0000, 1.027e-9
94.0000, 50.0000, 1.028e-9
96.0000, 50.0000, 1.020e-9
98.0000, 50.0000, 1.016e-9
100.0000, 50.0000, 1.014e-9
102.0000, 50.0000, 1.020e-9
104.0000, 50.0000, 1.024e-9
106.0000, 50.0000, 1.020e-9
108.0000, 50.0000, 1.022e-9
110.0000, 50.0000, 1.035e-9
112.0000, 50.0000, 1.040e-9
114.0000, 50.0000, 1.050e-9
116.0000, 50.0000, 1.071e-9
118.0000, 50.0000, 1.070e-9
120.0000, 50.0000, 1.053e-9
122.0000, 50.0000, 1.032e-9
124.0000, 50.0000, 1.049e-9
126.0000, 50.0000, 1.089e-9
128.0000, 50.0000, 1.097e-9
130.0000, 50.0000, 1.085e-9
132.0000, 50.0000, 1.071e-9
134.0000, 50.0000, 1.058e-9
136.0000, 50.0000, 1.046e-9
138.0000, 50.0000, 1.044e-9
140.0000, 50.0000, 1.069e-9
142.0000, 50.0000, 1.084e-9
144.0000, 50.0000, 1.082e-9
146.0000, 50.0000, 1.077e-9
148.0000, 50.0000, 1.062e-9
150.0000, 50.0000, 1.043e-9
152.0000, 50.0000, 1.035e-9
154.0000, 50.0000, 1.044e-9
156.0000, 50.0000, 1.059e-9
158.0000, 50.0000, 1.057e-9
160.0000, 50.0000, 1.060e-9
162.0000, 50.0000, 1.076e-9
164.0000, 50.0000, 1.080e-9
166.0000, 50.0000, 1.075e-9
168.0000, 50.0000, 1.077e-9
170.0000, 50.0000, 1.073e-9
172.0000, 50.0000, 1.076e-9
174.0000, 50.0000, 1.087e-9
176.0000, 50.0000, 1.092e-9
178.0000, 50.0000, 1.082e-9
180.0000, 50.0000, 1.071e-9
182.0000, 50.0000, 1.073e-9
184.0000, 50.0000, 1.081e-9
186.0000, 50.0000, 1.082e-9
188.0000, 50.0000, 1.078e-9
190.0000, 50.0000, 1.083e-9
192.0000, 50.0000, 1.083e-9
194.0000, 50.0000, 1.082e-9
196.0000, 50.0000, 1.081e-9
198.0000, 50.0000, 1.070e-9
200.0000, 50.0000, 1.068e-9
202.0000, 50.0000, 1.061e-9
204.0000, 50.0000, 1.048e-9
206.0000, 50.0000, 1.040e-9
208.0000, 50.0000, 1.037e-9
210.0000, 50.0000, 1.034e-9
212.0000, 50.0000, 1.037e-9
214.0000, 50.0000, 1.038e-9
216.0000, 50.0000, 1.039e-9
218.0000, 50.0000, 1.042e-9
220.0000, 50.0000, 1.038e-9
222.0000, 50.0000, 1.040e-9
224.0000, 50.0000, 1.043e-9
226.0000, 50.0000, 1.042e-9
228.0000, 50.0000, 1.048e-9
230.0000, 50.0000, 1.050e-9
232.0000, 50.0000, 1.048e-9
234.0000, 50.0000, 1.043e-9
236.0000, 50.0000, 1.034e-9
238.0000, 50.0000, 1.034e-9
240.0000, 50.0000, 1.041e-9
242.0000, 50.0000, 1.037e-9
244.0000, 50.0000, 1.061e-9
246.0000, 50.0000, 1.086e-9
248.0000, 50.0000, 1.082e-9
0.0000, 52.0000, 1.235e-9
2.0000, 52.0000, 1.187e-9
4.0000, 52.0000, 1.167e-9
6.0000, 52.0000, 1.140e-9
8.0000, 52.0000, 1.103e-9
10.0000, 52.0000, 1.077e-9
12.0000, 52.0000, 1.051e-9
14.0000, 52.0000, 1.025e-9
16.0000, 52.0000, 1.008e-9
18.0000, 52.0000, 9.958e-10
20.0000, 52.0000, 9.841e-10
22.0000, 52.0000, 9.751e-10
24.0000, 52.0000, 9.689e-10
26.0000, 52.0000, 9.641e-10
28.0000, 52.0000, 9.574e-10
30.0000, 52.0000, 9.538e-10
32.0000, 52.0000, 9.635e-10
34.0000, 52.0000, 9.710e-10
36.0000, 52.0000, 9.679e-10
38.0000, 52.0000, 9.625e-10
40.0000, 52.0000, 9.635e-10
42.0000, 52.0000, 9.614e-10
44.0000, 52.0000, 9.603e-10
46.0000, 52.0000, 9.687e-10
48.0000, 52.0000, 9.703e-10
50.0000, 52.0000, 9.654e-10
52.0000, 52.0000, 9.710e-10
54.0000, 52.0000, 9.831e-10
56.0000, 52.0000, 9.882e-10
58.0000, 52.0000, 9.857e-10
60.0000, 52.0000, 9.925e-10
62.0000, 52.0000, 1.000e-9
64.0000, 52.0000, 9.995e-10
66.0000, 52.0000, 9.979e-10
68.0000, 52.0000, 1.006e-9
70.0000, 52.0000, 1.005e-9
72.0000, 52.0000, 1.000e-9
74.0000, 52.0000, 1.003e-9
76.0000, 52.0000, 1.006e-9
78.0000, 52.0000, 9.995e-10
80.0000, 52.0000, 1.001e-9
82.0000, 52.0000, 1.016e-9
84.0000, 52.0000, 1.025e-9
86.0000, 52.0000, 1.018e-9
88.0000, 52.0000, 1.010e-9
90.0000, 52.0000, 1.017e-9
92.0000, 52.0000, 1.028e-9
94.0000, 52.0000, 1.034e-9
96.0000, 52.0000, 1.033e-9
98.0000, 52.0000, 1.024e-9
100.0000, 52.0000, 1.029e-9
102.0000, 52.0000, 1.041e-9
104.0000, 52.0000, 1.044e-9
106.0000, 52.0000, 1.040e-9
108.0000, 52.0000, 1.044e-9
110.0000, 52.0000, 1.039e-9
112.0000, 52.0000, 1.040e-9
114.0000, 52.0000, 1.053e-9
116.0000, 52.0000, 1.065e-9
118.0000, 52.0000, 1.061e-9
120.0000, 52.0000, 1.048e-9
122.0000, 52.0000, 1.044e-9
124.0000, 52.0000, 1.056e-9
126.0000, 52.0000, 1.071e-9
128.0000, 52.0000, 1.069e-9
130.0000, 52.0000, 1.070e-9
132.0000, 52.0000, 1.070e-9
134.0000, 52.0000, 1.068e-9
136.0000, 52.0000, 1.070e-9
138.0000, 52.0000, 1.073e-9
140.0000, 52.0000, 1.065e-9
142.0000, 52.0000, 1.063e-9
144.0000, 52.0000, 1.060e-9
146.0000, 52.0000, 1.048e-9
148.0000, 52.0000, 1.032e-9
150.0000, 52.0000, 1.026e-9
152.0000, 52.0000, 1.031e-9
154.0000, 52.0000, 1.044e-9
156.0000, 52.0000, 1.050e-9
158.0000, 52.0000, 1.046e-9
160.0000, 52.0000, 1.053e-9
162.0000, 52.0000, 1.069e-9
164.0000, 52.0000, 1.070e-9
166.0000, 52.0000, 1.064e-9
168.0000, 52.0000, 1.064e-9
170.0000, 52.0000, 1.066e-9
172.0000, 52.0000, 1.072e-9
174.0000, 52.0000, 1.077e-9
176.0000, 52.0000, 1.080e-9
178.0000, 52.0000, 1.082e-9
180.0000, 52.0000, 1.085e-9
182.0000, 52.0000, 1.091e-9
184.0000, 52.0000, 1.099e-9
186.0000, 52.0000, 1.100e-9
188.0000, 52.0000, 1.092e-9
190.0000, 52.0000, 1.101e-9
192.0000, 52.0000, 1.098e-9
194.0000, 52.0000, 1.095e-9
196.0000, 52.0000, 1.091e-9
198.0000, 52.0000, 1.073e-9
200.0000, 52.0000, 1.062e-9
202.0000, 52.0000, 1.055e-9
204.0000, 52.0000, 1.046e-9
206.0000, 52.0000, 1.046e-9
208.0000, 52.0000, 1.047e-9
210.0000, 52.0000, 1.043e-9
212.0000, 52.0000, 1.063e-9
214.0000, 52.0000, 1.069e-9
216.0000, 52.0000, 1.066e-9
218.0000, 52.0000, 1.072e-9
220.0000, 52.0000, 1.070e-9
222.0000, 52.0000, 1.064e-9
224.0000, 52.0000, 1.060e-9
226.0000, 52.0000, 1.051e-9
228.0000, 52.0000, 1.053e-9
230.0000, 52.0000, 1.065e-9
232.0000, 52.0000, 1.063e-9
234.0000, 52.0000, 1.054e-9
236.0000, 52.0000, 1.044e-9
238.0000, 52.0000, 1.042e-9
240.0000, 52.0000, 1.043e-9
242.0000, 52.0000, 1.054e-9
244.0000, 52.0000, 1.060e-9
246.0000, 52.0000, 1.069e-9
248.0000, 52.0000, 1.077e-9
0.0000, 54.0000, 1.234e-9
2.0000, 54.0000, 1.184e-9
4.0000, 54.0000, 1.158e-9
6.0000, 54.0000, 1.137e-9
8.0000, 54.0000, 1.104e-9
10.0000, 54.0000, 1.078e-9
12.0000, 54.0000, 1.055e-9
14.0000, 54.0000, 1.031e-9
16.0000, 54.0000, 1.014e-9
18.0000, 54.0000, 1.003e-9
20.0000, 54.0000, 9.906e-10
22.0000, 54.0000, 9.786e-10
24.0000, 54.0000, 9.752e-10
26.0000, 54.0000, 9.782e-10
28.0000, 54.0000, 9.724e-10
30.0000, 54.0000, 9.662e-10
32.0000, 54.0000, 9.705e-10
34.0000, 54.0000, 9.721e-10
36.0000, 54.0000, 9.658e-10
38.0000, 54.0000, 9.663e-10
40.0000, 54.0000, 9.998e-10
42.0000, 54.0000, 1.020e-9
44.0000, 54.0000, 1.014e-9
46.0000, 54.0000, 1.000e-9
48.0000, 54.0000, 9.825e-10
50.0000, 54.0000, 9.681e-10
52.0000, 54.0000, 9.689e-10
54.0000, 54.0000, 9.728e-10
56.0000, 54.0000, 9.684e-10
58.0000, 54.0000, 9.605e-10
60.0000, 54.0000, 9.613e-10
62.0000, 54.0000, 9.758e-10
64.0000, 54.0000, 9.844e-10
66.0000, 54.0000, 9.921e-10
68.0000, 54.0000, 1.020e-9
70.0000, 54.0000, 1.029e-9
72.0000, 54.0000, 1.019e-9
74.0000, 54.0000, 1.006e-9
76.0000, 54.0000, 9.962e-10
78.0000, 54.0000, 9.869e-10
80.0000, 54.0000, 9.882e-10
82.0000, 54.0000, 1.001e-9
84.0000, 54.0000, 1.014e-9
86.0000, 54.0000, 1.019e-9
88.0000, 54.0000, 1.014e-9
90.0000, 54.0000, 1.021e-9
92.0000, 54.0000, 1.023e-9
94.0000, 54.0000, 1.017e-9
96.0000, 54.0000, 1.012e-9
98.0000, 54.0000, 1.002e-9
100.0000, 54.0000, 9.986e-10
102.0000, 54.0000, 1.015e-9
104.0000, 54.0000, 1.030e-9
106.0000, 54.0000, 1.029e-9
108.0000, 54.0000, 1.025e-9
110.0000, 54.0000, 1.021e-9
112.0000, 54.0000, 1.033e-9
114.0000, 54.0000, 1.046e-9
116.0000, 54.0000, 1.045e-9
118.0000, 54.0000, 1.039e-9
120.0000, 54.0000, 1.047e-9
122.0000, 54.0000, 1.050e-9
124.0000, 54.0000, 1.050e-9
126.0000, 54.0000, 1.056e-9
128.0000, 54.0000, 1.067e-9
130.0000, 54.0000, 1.074e-9
132.0000, 54.0000, 1.074e-9
134.0000, 54.0000, 1.072e-9
136.0000, 54.0000, 1.076e-9
138.0000, 54.0000, 1.073e-9
140.0000, 54.0000, 1.061e-9
142.0000, 54.0000, 1.073e-9
144.0000, 54.0000, 1.074e-9
146.0000, 54.0000, 1.059e-9
148.0000, 54.0000, 1.048e-9
150.0000, 54.0000, 1.043e-9
152.0000, 54.0000, 1.042e-9
154.0000, 54.0000, 1.048e-9
156.0000, 54.0000, 1.052e-9
158.0000, 54.0000, 1.051e-9
160.0000, 54.0000, 1.053e-9
162.0000, 54.0000, 1.051e-9
164.0000, 54.0000, 1.051e-9
166.0000, 54.0000, 1.051e-9
168.0000, 54.0000, 1.058e-9
170.0000, 54.0000, 1.086e-9
172.0000, 54.0000, 1.102e-9
174.0000, 54.0000, 1.106e-9
176.0000, 54.0000, 1.106e-9
178.0000, 54.0000, 1.097e-9
180.0000, 54.0000, 1.084e-9
182.0000, 54.0000, 1.087e-9
184.0000, 54.0000, 1.095e-9
186.0000, 54.0000, 1.094e-9
188.0000, 54.0000, 1.089e-9
190.0000, 54.0000, 1.098e-9
192.0000, 54.0000, 1.101e-9
194.0000, 54.0000, 1.099e-9
196.0000, 54.0000, 1.094e-9
198.0000, 54.0000, 1.089e-9
200.0000, 54.0000, 1.090e-9
202.0000, 54.0000, 1.078e-9
204.0000, 54.0000, 1.068e-9
206.0000, 54.0000, 1.070e-9
208.0000, 54.0000, 1.070e-9
210.0000, 54.0000, 1.063e-9
212.0000, 54.0000, 1.073e-9
214.0000, 54.0000, 1.075e-9
216.0000, 54.0000, 1.074e-9
218.0000, 54.0000, 1.083e-9
220.0000, 54.0000, 1.085e-9
222.0000, 54.0000, 1.084e-9
224.0000, 54.0000, 1.086e-9
226.0000, 54.0000, 1.085e-9
228.0000, 54.0000, 1.098e-9
230.0000, 54.0000, 1.120e-9
232.0000, 54.0000, 1.108e-9
234.0000, 54.0000, 1.092e-9
236.0000, 54.0000, 1.080e-9
238.0000, 54.0000, 1.066e-9
240.0000, 54.0000, 1.063e-9
242.0000, 54.0000, 1.078e-9
244.0000, 54.0000, 1.091e-9
246.0000, 54.0000, 1.104e-9
248.0000, 54.0000, 1.110e-9
0.0000, 56.0000, 1.252e-9
2.0000, 56.0000, 1.201e-9
4.0000, 56.0000, 1.173e-9
6.0000, 56.0000, 1.150e-9
8.0000, 56.0000, 1.110e-9
10.0000, 56.0000, 1.077e-9
12.0000, 56.0000, 1.061e-9
14.0000, 56.0000, 1.037e-9
16.0000, 56.0000, 1.014e-9
18.0000, 56.0000, 9.984e-10
20.0000, 56.0000, 9.835e-10
22.0000, 56.0000, 9.716e-10
24.0000, 56.0000, 9.634e-10
26.0000, 56.0000, 9.580e-10
28.0000, 56.0000, 9.535e-10
30.0000, 56.0000, 9.484e-10
32.0000, 56.0000, 9.470e-10
34.0000, 56.0000, 9.532e-10
36.0000, 56.0000, 9.566e-10
38.0000, 56.0000, 9.620e-10
40.0000, 56.0000, 9.944e-10
42.0000, 56.0000, 1.011e-9
44.0000, 56.0000, 1.005e-9
46.0000, 56.0000, 9.908e-10
48.0000, 56.0000, 9.731e-10
50.0000, 56.0000, 9.591e-10
52.0000, 56.0000, 9.539e-10
54.0000, 56.0000, 9.564e-10
56.0000, 56.0000, 9.613e-10
58.0000, 56.0000, 9.595e-10
60.0000, 56.0000, 9.650e-10
62.0000, 56.0000, 9.852e-10
64.0000, 56.0000, 9.947e-10
66.0000, 56.0000, 9.941e-10
68.0000, 56.0000, 9.973e-10
70.0000, 56.0000, 9.926e-10
72.0000, 56.0000, 9.880e-10
74.0000, 56.0000, 9.869e-10
76.0000, 56.0000, 9.836e-10
78.0000, 56.0000, 9.749e-10
80.0000, 56.0000, 9.732e-10
82.0000, 56.0000, 9.988e-10
84.0000, 56.0000, 1.022e-9
86.0000, 56.0000, 1.020e-9
88.0000, 56.0000, 1.009e-9
90.0000, 56.0000, 1.012e-9
92.0000, 56.0000, 1.012e-9
94.0000, 56.0000, 1.014e-9
96.0000, 56.0000, 1.019e-9
98.0000, 56.0000, 1.016e-9
100.0000, 56.0000, 1.020e-9
102.0000, 56.0000, 1.022e-9
104.0000, 56.0000, 1.024e-9
106.0000, 56.0000, 1.026e-9
108.0000, 56.0000, 1.023e-9
110.0000, 56.0000, 1.032e-9
112.0000, 56.0000, 1.032e-9
114.0000, 56.0000, 1.034e-9
116.0000, 56.0000, 1.041e-9
118.0000, 56.0000, 1.043e-9
120.0000, 56.0000, 1.043e-9
122.0000, 56.0000, 1.039e-9
124.0000, 56.0000, 1.045e-9
126.0000, 56.0000, 1.060e-9
128.0000, 56.0000, 1.058e-9
130.0000, 56.0000, 1.050e-9
132.0000, 56.0000, 1.057e-9
134.0000, 56.0000, 1.064e-9
136.0000, 56.0000, 1.062e-9
138.0000, 56.0000, 1.057e-9
140.0000, 56.0000, 1.061e-9
142.0000, 56.0000, 1.063e-9
144.0000, 56.0000, 1.059e-9
146.0000, 56.0000, 1.053e-9
148.0000, 56.0000, 1.045e-9
150.0000, 56.0000, 1.034e-9
152.0000, 56.0000, 1.029e-9
154.0000, 56.0000, 1.037e-9
156.0000, 56.0000, 1.043e-9
158.0000, 56.0000, 1.043e-9
160.0000, 56.0000, 1.050e-9
162.0000, 56.0000, 1.070e-9
164.0000, 56.0000, 1.066e-9
166.0000, 56.0000, 1.059e-9
168.0000, 56.0000, 1.072e-9
170.0000, 56.0000, 1.084e-9
172.0000, 56.0000, 1.090e-9
174.0000, 56.0000, 1.106e-9
176.0000, 56.0000, 1.113e-9
178.0000, 56.0000, 1.102e-9
180.0000, 56.0000, 1.090e-9
182.0000, 56.0000, 1.088e-9
184.0000, 56.0000, 1.099e-9
186.0000, 56.0000, 1.104e-9
188.0000, 56.0000, 1.105e-9
190.0000, 56.0000, 1.125e-9
192.0000, 56.0000, 1.119e-9
194.0000, 56.0000, 1.110e-9
196.0000, 56.0000, 1.112e-9
198.0000, 56.0000, 1.108e-9
200.0000, 56.0000, 1.095e-9
202.0000, 56.0000, 1.090e-9
204.0000, 56.0000, 1.083e-9
206.0000, 56.0000, 1.074e-9
208.0000, 56.0000, 1.067e-9
210.0000, 56.0000, 1.070e-9
212.0000, 56.0000, 1.087e-9
214.0000, 56.0000, 1.093e-9
216.0000, 56.0000, 1.090e-9
218.0000, 56.0000, 1.103e-9
220.0000, 56.0000, 1.111e-9
222.0000, 56.0000, 1.107e-9
224.0000, 56.0000, 1.114e-9
226.0000, 56.0000, 1.119e-9
228.0000, 56.0000, 1.115e-9
230.0000, 56.0000, 1.101e-9
232.0000, 56.0000, 1.107e-9
234.0000, 56.0000, 1.114e-9
236.0000, 56.0000, 1.108e-9
238.0000, 56.0000, 1.105e-9
240.0000, 56.0000, 1.110e-9
242.0000, 56.0000, 1.101e-9
244.0000, 56.0000, 1.092e-9
246.0000, 56.0000, 1.102e-9
248.0000, 56.0000, 1.122e-9
0.0000, 58.0000, 1.246e-9
2.0000, 58.0000, 1.192e-9
4.0000, 58.0000, 1.169e-9
6.0000, 58.0000, 1.144e-9
8.0000, 58.0000, 1.101e-9
10.0000, 58.0000, 1.067e-9
12.0000, 58.0000, 1.038e-9
14.0000, 58.0000, 1.011e-9
16.0000, 58.0000, 9.960e-10
18.0000, 58.0000, 9.853e-10
20.0000, 58.0000, 9.736e-10
22.0000, 58.0000, 9.642e-10
24.0000, 58.0000, 9.557e-10
26.0000, 58.0000, 9.490e-10
28.0000, 58.0000, 9.429e-10
30.0000, 58.0000, 9.387e-10
32.0000, 58.0000, 9.388e-10
34.0000, 58.0000, 9.382e-10
36.0000, 58.0000, 9.366e-10
38.0000, 58.0000, 9.406e-10
40.0000, 58.0000, 9.466e-10
42.0000, 58.0000, 9.466e-10
44.0000, 58.0000, 9.528e-10
46.0000, 58.0000, 9.727e-10
48.0000, 58.0000, 9.775e-10
50.0000, 58.0000, 9.710e-10
52.0000, 58.0000, 9.687e-10
54.0000, 58.0000, 9.674e-10
56.0000, 58.0000, 9.626e-10
58.0000, 58.0000, 9.665e-10
60.0000, 58.0000, 9.722e-10
62.0000, 58.0000, 9.692e-10
64.0000, 58.0000, 9.670e-10
66.0000, 58.0000, 9.803e-10
68.0000, 58.0000, 9.937e-10
70.0000, 58.0000, 9.925e-10
72.0000, 58.0000, 9.929e-10
74.0000, 58.0000, 9.931e-10
76.0000, 58.0000, 9.841e-10
78.0000, 58.0000, 9.718e-10
80.0000, 58.0000, 9.726e-10
82.0000, 58.0000, 1.007e-9
84.0000, 58.0000, 1.037e-9
86.0000, 58.0000, 1.038e-9
88.0000, 58.0000, 1.026e-9
90.0000, 58.0000, 1.018e-9
92.0000, 58.0000, 1.019e-9
94.0000, 58.0000, 1.020e-9
96.0000, 58.0000, 1.015e-9
98.0000, 58.0000, 1.007e-9
100.0000, 58.0000, 1.021e-9
102.0000, 58.0000, 1.031e-9
104.0000, 58.0000, 1.031e-9
106.0000, 58.0000, 1.028e-9
108.0000, 58.0000, 1.018e-9
110.0000, 58.0000, 1.015e-9
112.0000, 58.0000, 1.022e-9
114.0000, 58.0000, 1.030e-9
116.0000, 58.0000, 1.032e-9
118.0000, 58.0000, 1.023e-9
120.0000, 58.0000, 1.017e-9
122.0000, 58.0000, 1.029e-9
124.0000, 58.0000, 1.048e-9
126.0000, 58.0000, 1.064e-9
128.0000, 58.0000, 1.071e-9
130.0000, 58.0000, 1.068e-9
132.0000, 58.0000, 1.064e-9
134.0000, 58.0000, 1.058e-9
136.0000, 58.0000, 1.053e-9
138.0000, 58.0000, 1.045e-9
140.0000, 58.0000, 1.036e-9
142.0000, 58.0000, 1.047e-9
144.0000, 58.0000, 1.049e-9
146.0000, 58.0000, 1.044e-9
148.0000, 58.0000, 1.044e-9
150.0000, 58.0000, 1.036e-9
152.0000, 58.0000, 1.030e-9
154.0000, 58.0000, 1.025e-9
156.0000, 58.0000, 1.031e-9
158.0000, 58.0000, 1.049e-9
160.0000, 58.0000, 1.050e-9
162.0000, 58.0000, 1.056e-9
164.0000, 58.0000, 1.056e-9
166.0000, 58.0000, 1.049e-9
168.0000, 58.0000, 1.049e-9
170.0000, 58.0000, 1.064e-9
172.0000, 58.0000, 1.072e-9
174.0000, 58.0000, 1.084e-9
176.0000, 58.0000, 1.097e-9
178.0000, 58.0000, 1.097e-9
180.0000, 58.0000, 1.088e-9
182.0000, 58.0000, 1.089e-9
184.0000, 58.0000, 1.092e-9
186.0000, 58.0000, 1.084e-9
188.0000, 58.0000, 1.078e-9
190.0000, 58.0000, 1.092e-9
192.0000, 58.0000, 1.092e-9
194.0000, 58.0000, 1.079e-9
196.0000, 58.0000, 1.077e-9
198.0000, 58.0000, 1.083e-9
200.0000, 58.0000, 1.080e-9
202.0000, 58.0000, 1.069e-9
204.0000, 58.0000, 1.070e-9
206.0000, 58.0000, 1.077e-9
208.0000, 58.0000, 1.074e-9
210.0000, 58.0000, 1.068e-9
212.0000, 58.0000, 1.075e-9
214.0000, 58.0000, 1.076e-9
216.0000, 58.0000, 1.080e-9
218.0000, 58.0000, 1.094e-9
220.0000, 58.0000, 1.098e-9
222.0000, 58.0000, 1.104e-9
224.0000, 58.0000, 1.109e-9
226.0000, 58.0000, 1.102e-9
228.0000, 58.0000, 1.100e-9
230.0000, 58.0000, 1.105e-9
232.0000, 58.0000, 1.092e-9
234.0000, 58.0000, 1.081e-9
236.0000, 58.0000, 1.070e-9
238.0000, 58.0000, 1.059e-9
240.0000, 58.0000, 1.050e-9
242.0000, 58.0000, 1.050e-9
244.0000, 58.0000, 1.072e-9
246.0000, 58.0000, 1.092e-9
248.0000, 58.0000, 1.088e-9
0.0000, 60.0000, 1.231e-9
2.0000, 60.0000, 1.185e-9
4.0000, 60.0000, 1.154e-9
6.0000, 60.0000, 1.120e-9
8.0000, 60.0000, 1.082e-9
10.0000, 60.0000, 1.054e-9
12.0000, 60.0000, 1.032e-9
14.0000, 60.0000, 1.011e-9
16.0000, 60.0000, 9.972e-10
18.0000, 60.0000, 9.872e-10
20.0000, 60.0000, 9.776e-10
22.0000, 60.0000, 9.682e-10
24.0000, 60.0000, 9.676e-10
26.0000, 60.0000, 9.745e-10
28.0000, 60.0000, 9.697e-10
30.0000, 60.0000, 9.606e-10
32.0000, 60.0000, 9.570e-10
34.0000, 60.0000, 9.531e-10
36.0000, 60.0000, 9.466e-10
38.0000, 60.0000, 9.432e-10
40.0000, 60.0000, 9.511e-10
42.0000, 60.0000, 9.546e-10
44.0000, 60.0000, 9.506e-10
46.0000, 60.0000, 9.507e-10
48.0000, 60.0000, 9.516e-10
50.0000, 60.0000, 9.498e-10
52.0000, 60.0000, 9.752e-10
54.0000, 60.0000, 1.005e-9
56.0000, 60.0000, 1.007e-9
58.0000, 60.0000, 9.937e-10
60.0000, 60.0000, 9.866e-10
62.0000, 60.0000, 9.834e-10
64.0000, 60.0000, 9.768e-10
66.0000, 60.0000, 9.708e-10
68.0000, 60.0000, 9.734e-10
70.0000, 60.0000, 9.707e-10
72.0000, 60.0000, 9.692e-10
74.0000, 60.0000, 9.827e-10
76.0000, 60.0000, 1.001e-9
78.0000, 60.0000, 1.002e-9
80.0000, 60.0000, 9.933e-10
82.0000, 60.0000, 1.013e-9
84.0000, 60.0000, 1.035e-9
86.0000, 60.0000, 1.031e-9
88.0000, 60.0000, 1.016e-9
90.0000, 60.0000, 1.006e-9
92.0000, 60.0000, 1.001e-9
94.0000, 60.0000, 1.005e-9
96.0000, 60.0000, 1.012e-9
98.0000, 60.0000, 1.008e-9
100.0000, 60.0000, 1.013e-9
102.0000, 60.0000, 1.020e-9
104.0000, 60.0000, 1.024e-9
106.0000, 60.0000, 1.028e-9
108.0000, 60.0000, 1.033e-9
110.0000, 60.0000, 1.032e-9
112.0000, 60.0000, 1.034e-9
114.0000, 60.0000, 1.036e-9
116.0000, 60.0000, 1.033e-9
118.0000, 60.0000, 1.026e-9
120.0000, 60.0000, 1.033e-9
122.0000, 60.0000, 1.034e-9
124.0000, 60.0000, 1.031e-9
126.0000, 60.0000, 1.032e-9
128.0000, 60.0000, 1.041e-9
130.0000, 60.0000, 1.057e-9
132.0000, 60.0000, 1.052e-9
134.0000, 60.0000, 1.046e-9
136.0000, 60.0000, 1.051e-9
138.0000, 60.0000, 1.050e-9
140.0000, 60.0000, 1.042e-9
142.0000, 60.0000, 1.049e-9
144.0000, 60.0000, 1.051e-9
146.0000, 60.0000, 1.043e-9
148.0000, 60.0000, 1.033e-9
150.0000, 60.0000, 1.029e-9
152.0000, 60.0000, 1.032e-9
154.0000, 60.0000, 1.033e-9
156.0000, 60.0000, 1.034e-9
158.0000, 60.0000, 1.033e-9
160.0000, 60.0000, 1.029e-9
162.0000, 60.0000, 1.039e-9
164.0000, 60.0000, 1.047e-9
166.0000, 60.0000, 1.053e-9
168.0000, 60.0000, 1.056e-9
170.0000, 60.0000, 1.057e-9
172.0000, 60.0000, 1.063e-9
174.0000, 60.0000, 1.071e-9
176.0000, 60.0000, 1.079e-9
178.0000, 60.0000, 1.082e-9
180.0000, 60.0000, 1.085e-9
182.0000, 60.0000, 1.094e-9
184.0000, 60.0000, 1.095e-9
186.0000, 60.0000, 1.087e-9
188.0000, 60.0000, 1.085e-9
190.0000, 60.0000, 1.093e-9
192.0000, 60.0000, 1.089e-9
194.0000, 60.0000, 1.087e-9
196.0000, 60.0000, 1.083e-9
198.0000, 60.0000, 1.073e-9
200.0000, 60.0000, 1.065e-9
202.0000, 60.0000, 1.070e-9
204.0000, 60.0000, 1.083e-9
206.0000, 60.0000, 1.086e-9
208.0000, 60.0000, 1.079e-9
210.0000, 60.0000, 1.080e-9
212.0000, 60.0000, 1.087e-9
214.0000, 60.0000, 1.089e-9
216.0000, 60.0000, 1.091e-9
218.0000, 60.0000, 1.095e-9
220.0000, 60.0000, 1.098e-9
222.0000, 60.0000, 1.097e-9
224.0000, 60.0000, 1.115e-9
226.0000, 60.0000, 1.125e-9
228.0000, 60.0000, 1.123e-9
230.0000, 60.0000, 1.116e-9
232.0000, 60.0000, 1.107e-9
234.0000, 60.0000, 1.099e-9
236.0000, 60.0000, 1.083e-9
238.0000, 60.0000, 1.060e-9
240.0000, 60.0000, 1.053e-9
242.0000, 60.0000, 1.061e-9
244.0000, 60.0000, 1.071e-9
246.0000, 60.0000, 1.088e-9
248.0000, 60.0000, 1.105e-9
0.0000, 62.0000, 1.327e-9
2.0000, 62.0000, 1.265e-9
4.0000, 62.0000, 1.209e-9
6.0000, 62.0000, 1.162e-9
8.0000, 62.0000, 1.120e-9
10.0000, 62.0000, 1.085e-9
12.0000, 62.0000, 1.062e-9
14.0000, 62.0000, 1.042e-9
16.0000, 62.0000, 1.016e-9
18.0000, 62.0000, 9.989e-10
20.0000, 62.0000, 1.006e-9
22.0000, 62.0000, 1.003e-9
24.0000, 62.0000, 9.880e-10
26.0000, 62.0000, 9.763e-10
28.0000, 62.0000, 9.647e-10
30.0000, 62.0000, 9.529e-10
32.0000, 62.0000, 9.443e-10
34.0000, 62.0000, 9.378e-10
36.0000, 62.0000, 9.322e-10
38.0000, 62.0000, 9.263e-10
40.0000, 62.0000, 9.254e-10
42.0000, 62.0000, 9.304e-10
44.0000, 62.0000, 9.310e-10
46.0000, 62.0000, 9.396e-10
48.0000, 62.0000, 9.604e-10
50.0000, 62.0000, 9.668e-10
52.0000, 62.0000, 9.598e-10
54.0000, 62.0000, 9.538e-10
56.0000, 62.0000, 9.533e-10
58.0000, 62.0000, 9.492e-10
60.0000, 62.0000, 9.500e-10
62.0000, 62.0000, 9.763e-10
64.0000, 62.0000, 1.002e-9
66.0000, 62.0000, 1.004e-9
68.0000, 62.0000, 9.969e-10
70.0000, 62.0000, 9.840e-10
72.0000, 62.0000, 9.694e-10
74.0000, 62.0000, 9.744e-10
76.0000, 62.0000, 9.949e-10
78.0000, 62.0000, 9.979e-10
80.0000, 62.0000, 9.889e-10
82.0000, 62.0000, 9.905e-10
84.0000, 62.0000, 9.962e-10
86.0000, 62.0000, 9.934e-10
88.0000, 62.0000, 9.878e-10
90.0000, 62.0000, 9.991e-10
92.0000, 62.0000, 1.005e-9
94.0000, 62.0000, 1.001e-9
96.0000, 62.0000, 9.988e-10
98.0000, 62.0000, 9.990e-10
100.0000, 62.0000, 1.002e-9
102.0000, 62.0000, 1.006e-9
104.0000, 62.0000, 1.011e-9
106.0000, 62.0000, 1.013e-9
108.0000, 62.0000, 1.009e-9
110.0000, 62.0000, 1.003e-9
112.0000, 62.0000, 1.011e-9
114.0000, 62.0000, 1.023e-9
116.0000, 62.0000, 1.027e-9
118.0000, 62.0000, 1.025e-9
120.0000, 62.0000, 1.023e-9
122.0000, 62.0000, 1.017e-9
124.0000, 62.0000, 1.020e-9
126.0000, 62.0000, 1.034e-9
128.0000, 62.0000, 1.043e-9
130.0000, 62.0000, 1.047e-9
132.0000, 62.0000, 1.048e-9
134.0000, 62.0000, 1.060e-9
136.0000, 62.0000, 1.065e-9
138.0000, 62.0000, 1.057e-9
140.0000, 62.0000, 1.051e-9
142.0000, 62.0000, 1.056e-9
144.0000, 62.0000, 1.051e-9
146.0000, 62.0000, 1.038e-9
148.0000, 62.0000, 1.030e-9
150.0000, 62.0000, 1.030e-9
152.0000, 62.0000, 1.033e-9
154.0000, 62.0000, 1.031e-9
156.0000, 62.0000, 1.029e-9
158.0000, 62.0000, 1.028e-9
160.0000, 62.0000, 1.028e-9
162.0000, 62.0000, 1.030e-9
164.0000, 62.0000, 1.038e-9
166.0000, 62.0000, 1.057e-9
168.0000, 62.0000, 1.072e-9
170.0000, 62.0000, 1.071e-9
172.0000, 62.0000, 1.070e-9
174.0000, 62.0000, 1.071e-9
176.0000, 62.0000, 1.078e-9
178.0000, 62.0000, 1.083e-9
180.0000, 62.0000, 1.081e-9
182.0000, 62.0000, 1.098e-9
184.0000, 62.0000, 1.103e-9
186.0000, 62.0000, 1.096e-9
188.0000, 62.0000, 1.100e-9
190.0000, 62.0000, 1.101e-9
192.0000, 62.0000, 1.091e-9
194.0000, 62.0000, 1.081e-9
196.0000, 62.0000, 1.079e-9
198.0000, 62.0000, 1.087e-9
200.0000, 62.0000, 1.098e-9
202.0000, 62.0000, 1.094e-9
204.0000, 62.0000, 1.106e-9
206.0000, 62.0000, 1.114e-9
208.0000, 62.0000, 1.103e-9
210.0000, 62.0000, 1.105e-9
212.0000, 62.0000, 1.115e-9
214.0000, 62.0000, 1.112e-9
216.0000, 62.0000, 1.106e-9
218.0000, 62.0000, 1.098e-9
220.0000, 62.0000, 1.095e-9
222.0000, 62.0000, 1.120e-9
224.0000, 62.0000, 1.121e-9
226.0000, 62.0000, 1.117e-9
228.0000, 62.0000, 1.147e-9
230.0000, 62.0000, 1.161e-9
232.0000, 62.0000, 1.137e-9
234.0000, 62.0000, 1.130e-9
236.0000, 62.0000, 1.121e-9
238.0000, 62.0000, 1.097e-9
240.0000, 62.0000, 1.080e-9
242.0000, 62.0000, 1.070e-9
244.0000, 62.0000, 1.096e-9
246.0000, 62.0000, 1.119e-9
248.0000, 62.0000, 1.114e-9
0.0000, 64.0000, 1.188e-9
2.0000, 64.0000, 1.143e-9
4.0000, 64.0000, 1.125e-9
6.0000, 64.0000, 1.104e-9
8.0000, 64.0000, 1.070e-9
10.0000, 64.0000, 1.043e-9
12.0000, 64.0000, 1.020e-9
14.0000, 64.0000, 9.977e-10
16.0000, 64.0000, 9.854e-10
18.0000, 64.0000, 9.792e-10
20.0000, 64.0000, 9.698e-10
22.0000, 64.0000, 9.604e-10
24.0000, 64.0000, 9.512e-10
26.0000, 64.0000, 9.441e-10
28.0000, 64.0000, 9.375e-10
30.0000, 64.0000, 9.327e-10
32.0000, 64.0000, 9.358e-10
34.0000, 64.0000, 9.395e-10
36.0000, 64.0000, 9.369e-10
38.0000, 64.0000, 9.337e-10
40.0000, 64.0000, 9.351e-10
42.0000, 64.0000, 9.338e-10
44.0000, 64.0000, 9.363e-10
46.0000, 64.0000, 9.452e-10
48.0000, 64.0000, 9.445e-10
50.0000, 64.0000, 9.397e-10
52.0000, 64.0000, 9.480e-10
54.0000, 64.0000, 9.623e-10
56.0000, 64.0000, 9.684e-10
58.0000, 64.0000, 9.646e-10
60.0000, 64.0000, 9.654e-10
62.0000, 64.0000, 9.677e-10
64.0000, 64.0000, 9.674e-10
66.0000, 64.0000, 9.715e-10
68.0000, 64.0000, 9.778e-10
70.0000, 64.0000, 9.752e-10
72.0000, 64.0000, 9.733e-10
74.0000, 64.0000, 9.843e-10
76.0000, 64.0000, 9.998e-10
78.0000, 64.0000, 9.986e-10
80.0000, 64.0000, 9.896e-10
82.0000, 64.0000, 1.005e-9
84.0000, 64.0000, 1.025e-9
86.0000, 64.0000, 1.025e-9
88.0000, 64.0000, 1.012e-9
90.0000, 64.0000, 1.004e-9
92.0000, 64.0000, 1.007e-9
94.0000, 64.0000, 1.007e-9
96.0000, 64.0000, 9.995e-10
98.0000, 64.0000, 9.984e-10
100.0000, 64.0000, 1.013e-9
102.0000, 64.0000, 1.023e-9
104.0000, 64.0000, 1.027e-9
106.0000, 64.0000, 1.025e-9
108.0000, 64.0000, 1.016e-9
110.0000, 64.0000, 1.016e-9
112.0000, 64.0000, 1.020e-9
114.0000, 64.0000, 1.025e-9
116.0000, 64.0000, 1.027e-9
118.0000, 64.0000, 1.029e-9
120.0000, 64.0000, 1.033e-9
122.0000, 64.0000, 1.027e-9
124.0000, 64.0000, 1.036e-9
126.0000, 64.0000, 1.048e-9
128.0000, 64.0000, 1.042e-9
130.0000, 64.0000, 1.044e-9
132.0000, 64.0000, 1.042e-9
134.0000, 64.0000, 1.059e-9
136.0000, 64.0000, 1.070e-9
138.0000, 64.0000, 1.063e-9
140.0000, 64.0000, 1.065e-9
142.0000, 64.0000, 1.067e-9
144.0000, 64.0000, 1.054e-9
146.0000, 64.0000, 1.045e-9
148.0000, 64.0000, 1.040e-9
150.0000, 64.0000, 1.028e-9
152.0000, 64.0000, 1.036e-9
154.0000, 64.0000, 1.038e-9
156.0000, 64.0000, 1.041e-9
158.0000, 64.0000, 1.049e-9
160.0000, 64.0000, 1.047e-9
162.0000, 64.0000, 1.050e-9
164.0000, 64.0000, 1.050e-9
166.0000, 64.0000, 1.050e-9
168.0000, 64.0000, 1.055e-9
170.0000, 64.0000, 1.063e-9
172.0000, 64.0000, 1.066e-9
174.0000, 64.0000, 1.083e-9
176.0000, 64.0000, 1.095e-9
178.0000, 64.0000, 1.090e-9
180.0000, 64.0000, 1.091e-9
182.0000, 64.0000, 1.115e-9
184.0000, 64.0000, 1.121e-9
186.0000, 64.0000, 1.111e-9
188.0000, 64.0000, 1.106e-9
190.0000, 64.0000, 1.102e-9
192.0000, 64.0000, 1.090e-9
194.0000, 64.0000, 1.085e-9
196.0000, 64.0000, 1.084e-9
198.0000, 64.0000, 1.084e-9
200.0000, 64.0000, 1.083e-9
202.0000, 64.0000, 1.094e-9
204.0000, 64.0000, 1.105e-9
206.0000, 64.0000, 1.108e-9
208.0000, 64.0000, 1.109e-9
210.0000, 64.0000, 1.114e-9
212.0000, 64.0000, 1.116e-9
214.0000, 64.0000, 1.111e-9
216.0000, 64.0000, 1.114e-9
218.0000, 64.0000, 1.117e-9
220.0000, 64.0000, 1.112e-9
222.0000, 64.0000, 1.123e-9
224.0000, 64.0000, 1.131e-9
226.0000, 64.0000, 1.125e-9
228.0000, 64.0000, 1.130e-9
230.0000, 64.0000, 1.138e-9
232.0000, 64.0000, 1.135e-9
234.0000, 64.0000, 1.146e-9
236.0000, 64.0000, 1.139e-9
238.0000, 64.0000, 1.116e-9
240.0000, 64.0000, 1.112e-9
242.0000, 64.0000, 1.122e-9
244.0000, 64.0000, 1.123e-9
246.0000, 64.0000, 1.120e-9
248.0000, 64.0000, 1.127e-9
0.0000, 66.0000, 1.284e-9
2.0000, 66.0000, 1.217e-9
4.0000, 66.0000, 1.163e-9
6.0000, 66.0000, 1.118e-9
8.0000, 66.0000, 1.076e-9
10.0000, 66.0000, 1.047e-9
12.0000, 66.0000, 1.031e-9
14.0000, 66.0000, 1.008e-9
16.0000, 66.0000, 9.905e-10
18.0000, 66.0000, 9.811e-10
20.0000, 66.0000, 9.694e-10
22.0000, 66.0000, 9.588e-10
24.0000, 66.0000, 9.499e-10
26.0000, 66.0000, 9.422e-10
28.0000, 66.0000, 9.356e-10
30.0000, 66.0000, 9.307e-10
32.0000, 66.0000, 9.286e-10
34.0000, 66.0000, 9.294e-10
36.0000, 66.0000, 9.297e-10
38.0000, 66.0000, 9.326e-10
40.0000, 66.0000, 9.572e-10
42.0000, 66.0000, 9.711e-10
44.0000, 66.0000, 9.677e-10
46.0000, 66.0000, 9.602e-10
48.0000, 66.0000, 9.489e-10
50.0000, 66.0000, 9.392e-10
52.0000, 66.0000, 9.427e-10
54.0000, 66.0000, 9.509e-10
56.0000, 66.0000, 9.520e-10
58.0000, 66.0000, 9.463e-10
60.0000, 66.0000, 9.471e-10
62.0000, 66.0000, 9.586e-10
64.0000, 66.0000, 9.655e-10
66.0000, 66.0000, 9.673e-10
68.0000, 66.0000, 9.792e-10
70.0000, 66.0000, 9.826e-10
72.0000, 66.0000, 9.796e-10
74.0000, 66.0000, 9.803e-10
76.0000, 66.0000, 9.816e-10
78.0000, 66.0000, 9.756e-10
80.0000, 66.0000, 9.713e-10
82.0000, 66.0000, 9.866e-10
84.0000, 66.0000, 1.007e-9
86.0000, 66.0000, 1.011e-9
88.0000, 66.0000, 1.003e-9
90.0000, 66.0000, 1.000e-9
92.0000, 66.0000, 1.008e-9
94.0000, 66.0000, 1.010e-9
96.0000, 66.0000, 1.001e-9
98.0000, 66.0000, 9.956e-10
100.0000, 66.0000, 9.973e-10
102.0000, 66.0000, 1.005e-9
104.0000, 66.0000, 1.013e-9
106.0000, 66.0000, 1.015e-9
108.0000, 66.0000, 1.014e-9
110.0000, 66.0000, 1.014e-9
112.0000, 66.0000, 1.018e-9
114.0000, 66.0000, 1.031e-9
116.0000, 66.0000, 1.034e-9
118.0000, 66.0000, 1.025e-9
120.0000, 66.0000, 1.027e-9
122.0000, 66.0000, 1.036e-9
124.0000, 66.0000, 1.045e-9
126.0000, 66.0000, 1.047e-9
128.0000, 66.0000, 1.046e-9
130.0000, 66.0000, 1.054e-9
132.0000, 66.0000, 1.055e-9
134.0000, 66.0000, 1.060e-9
136.0000, 66.0000, 1.061e-9
138.0000, 66.0000, 1.059e-9
140.0000, 66.0000, 1.067e-9
142.0000, 66.0000, 1.066e-9
144.0000, 66.0000, 1.054e-9
146.0000, 66.0000, 1.044e-9
148.0000, 66.0000, 1.035e-9
150.0000, 66.0000, 1.033e-9
152.0000, 66.0000, 1.046e-9
154.0000, 66.0000, 1.043e-9
156.0000, 66.0000, 1.034e-9
158.0000, 66.0000, 1.029e-9
160.0000, 66.0000, 1.029e-9
162.0000, 66.0000, 1.036e-9
164.0000, 66.0000, 1.048e-9
166.0000, 66.0000, 1.064e-9
168.0000, 66.0000, 1.076e-9
170.0000, 66.0000, 1.077e-9
172.0000, 66.0000, 1.084e-9
174.0000, 66.0000, 1.094e-9
176.0000, 66.0000, 1.097e-9
178.0000, 66.0000, 1.092e-9
180.0000, 66.0000, 1.088e-9
182.0000, 66.0000, 1.107e-9
184.0000, 66.0000, 1.112e-9
186.0000, 66.0000, 1.113e-9
188.0000, 66.0000, 1.124e-9
190.0000, 66.0000, 1.125e-9
192.0000, 66.0000, 1.110e-9
194.0000, 66.0000, 1.108e-9
196.0000, 66.0000, 1.107e-9
198.0000, 66.0000, 1.101e-9
200.0000, 66.0000, 1.101e-9
202.0000, 66.0000, 1.100e-9
204.0000, 66.0000, 1.103e-9
206.0000, 66.0000, 1.111e-9
208.0000, 66.0000, 1.116e-9
210.0000, 66.0000, 1.118e-9
212.0000, 66.0000, 1.120e-9
214.0000, 66.0000, 1.116e-9
216.0000, 66.0000, 1.117e-9
218.0000, 66.0000, 1.115e-9
220.0000, 66.0000, 1.106e-9
222.0000, 66.0000, 1.119e-9
224.0000, 66.0000, 1.127e-9
226.0000, 66.0000, 1.126e-9
228.0000, 66.0000, 1.144e-9
230.0000, 66.0000, 1.159e-9
232.0000, 66.0000, 1.140e-9
234.0000, 66.0000, 1.129e-9
236.0000, 66.0000, 1.129e-9
238.0000, 66.0000, 1.121e-9
240.0000, 66.0000, 1.120e-9
242.0000, 66.0000, 1.124e-9
244.0000, 66.0000, 1.126e-9
246.0000, 66.0000, 1.132e-9
248.0000, 66.0000, 1.131e-9
0.0000, 68.0000, 1.225e-9
2.0000, 68.0000, 1.173e-9
4.0000, 68.0000, 1.163e-9
6.0000, 68.0000, 1.151e-9
8.0000, 68.0000, 1.105e-9
10.0000, 68.0000, 1.081e-9
12.0000, 68.0000, 1.066e-9
14.0000, 68.0000, 1.032e-9
16.0000, 68.0000, 1.010e-9
18.0000, 68.0000, 9.993e-10
20.0000, 68.0000, 9.822e-10
22.0000, 68.0000, 9.667e-10
24.0000, 68.0000, 9.538e-10
26.0000, 68.0000, 9.428e-10
28.0000, 68.0000, 9.338e-10
30.0000, 68.0000, 9.277e-10
32.0000, 68.0000, 9.252e-10
34.0000, 68.0000, 9.236e-10
36.0000, 68.0000, 9.200e-10
38.0000, 68.0000, 9.235e-10
40.0000, 68.0000, 9.493e-10
42.0000, 68.0000, 9.627e-10
44.0000, 68.0000, 9.669e-10
46.0000, 68.0000, 9.745e-10
48.0000, 68.0000, 9.691e-10
50.0000, 68.0000, 9.577e-10
52.0000, 68.0000, 9.459e-10
54.0000, 68.0000, 9.347e-10
56.0000, 68.0000, 9.256e-10
58.0000, 68.0000, 9.199e-10
60.0000, 68.0000, 9.276e-10
62.0000, 68.0000, 9.452e-10
64.0000, 68.0000, 9.550e-10
66.0000, 68.0000, 9.603e-10
68.0000, 68.0000, 9.750e-10
70.0000, 68.0000, 9.795e-10
72.0000, 68.0000, 9.854e-10
74.0000, 68.0000, 9.900e-10
76.0000, 68.0000, 9.827e-10
78.0000, 68.0000, 9.713e-10
80.0000, 68.0000, 9.671e-10
82.0000, 68.0000, 9.702e-10
84.0000, 68.0000, 9.818e-10
86.0000, 68.0000, 9.917e-10
88.0000, 68.0000, 9.909e-10
90.0000, 68.0000, 9.976e-10
92.0000, 68.0000, 1.003e-9
94.0000, 68.0000, 9.990e-10
96.0000, 68.0000, 9.902e-10
98.0000, 68.0000, 9.868e-10
100.0000, 68.0000, 1.000e-9
102.0000, 68.0000, 1.011e-9
104.0000, 68.0000, 1.014e-9
106.0000, 68.0000, 1.011e-9
108.0000, 68.0000, 1.006e-9
110.0000, 68.0000, 1.002e-9
112.0000, 68.0000, 1.004e-9
114.0000, 68.0000, 1.014e-9
116.0000, 68.0000, 1.020e-9
118.0000, 68.0000, 1.024e-9
120.0000, 68.0000, 1.035e-9
122.0000, 68.0000, 1.036e-9
124.0000, 68.0000, 1.036e-9
126.0000, 68.0000, 1.033e-9
128.0000, 68.0000, 1.035e-9
130.0000, 68.0000, 1.045e-9
132.0000, 68.0000, 1.045e-9
134.0000, 68.0000, 1.058e-9
136.0000, 68.0000, 1.067e-9
138.0000, 68.0000, 1.064e-9
140.0000, 68.0000, 1.079e-9
142.0000, 68.0000, 1.082e-9
144.0000, 68.0000, 1.064e-9
146.0000, 68.0000, 1.047e-9
148.0000, 68.0000, 1.034e-9
150.0000, 68.0000, 1.024e-9
152.0000, 68.0000, 1.023e-9
154.0000, 68.0000, 1.018e-9
156.0000, 68.0000, 1.030e-9
158.0000, 68.0000, 1.051e-9
160.0000, 68.0000, 1.047e-9
162.0000, 68.0000, 1.041e-9
164.0000, 68.0000, 1.053e-9
166.0000, 68.0000, 1.062e-9
168.0000, 68.0000, 1.060e-9
170.0000, 68.0000, 1.060e-9
172.0000, 68.0000, 1.074e-9
174.0000, 68.0000, 1.089e-9
176.0000, 68.0000, 1.096e-9
178.0000, 68.0000, 1.095e-9
180.0000, 68.0000, 1.093e-9
182.0000, 68.0000, 1.105e-9
184.0000, 68.0000, 1.113e-9
186.0000, 68.0000, 1.117e-9
188.0000, 68.0000, 1.121e-9
190.0000, 68.0000, 1.116e-9
192.0000, 68.0000, 1.102e-9
194.0000, 68.0000, 1.099e-9
196.0000, 68.0000, 1.100e-9
198.0000, 68.0000, 1.096e-9
200.0000, 68.0000, 1.099e-9
202.0000, 68.0000, 1.103e-9
204.0000, 68.0000, 1.108e-9
206.0000, 68.0000, 1.118e-9
208.0000, 68.0000, 1.119e-9
210.0000, 68.0000, 1.115e-9
212.0000, 68.0000, 1.129e-9
214.0000, 68.0000, 1.127e-9
216.0000, 68.0000, 1.121e-9
218.0000, 68.0000, 1.127e-9
220.0000, 68.0000, 1.131e-9
222.0000, 68.0000, 1.133e-9
224.0000, 68.0000, 1.137e-9
226.0000, 68.0000, 1.134e-9
228.0000, 68.0000, 1.129e-9
230.0000, 68.0000, 1.125e-9
232.0000, 68.0000, 1.112e-9
234.0000, 68.0000, 1.121e-9
236.0000, 68.0000, 1.124e-9
238.0000, 68.0000, 1.103e-9
240.0000, 68.0000, 1.090e-9
242.0000, 68.0000, 1.104e-9
244.0000, 68.0000, 1.112e-9
246.0000, 68.0000, 1.114e-9
248.0000, 68.0000, 1.116e-9
0.0000, 70.0000, 1.210e-9
2.0000, 70.0000, 1.166e-9
4.0000, 70.0000, 1.167e-9
6.0000, 70.0000, 1.153e-9
8.0000, 70.0000, 1.114e-9
10.0000, 70.0000, 1.127e-9
12.0000, 70.0000, 1.122e-9
14.0000, 70.0000, 1.075e-9
16.0000, 70.0000, 1.037e-9
18.0000, 70.0000, 1.014e-9
20.0000, 70.0000, 9.915e-10
22.0000, 70.0000, 9.721e-10
24.0000, 70.0000, 9.570e-10
26.0000, 70.0000, 9.486e-10
28.0000, 70.0000, 9.426e-10
30.0000, 70.0000, 9.373e-10
32.0000, 70.0000, 9.471e-10
34.0000, 70.0000, 9.566e-10
36.0000, 70.0000, 9.525e-10
38.0000, 70.0000, 9.475e-10
40.0000, 70.0000, 9.515e-10
42.0000, 70.0000, 9.497e-10
44.0000, 70.0000, 9.470e-10
46.0000, 70.0000, 9.477e-10
48.0000, 70.0000, 9.417e-10
50.0000, 70.0000, 9.338e-10
52.0000, 70.0000, 9.254e-10
54.0000, 70.0000, 9.213e-10
56.0000, 70.0000, 9.211e-10
58.0000, 70.0000, 9.214e-10
60.0000, 70.0000, 9.425e-10
62.0000, 70.0000, 9.592e-10
64.0000, 70.0000, 9.576e-10
66.0000, 70.0000, 9.589e-10
68.0000, 70.0000, 9.711e-10
70.0000, 70.0000, 9.728e-10
72.0000, 70.0000, 9.745e-10
74.0000, 70.0000, 9.775e-10
76.0000, 70.0000, 9.742e-10
78.0000, 70.0000, 9.643e-10
80.0000, 70.0000, 9.538e-10
82.0000, 70.0000, 9.569e-10
84.0000, 70.0000, 9.672e-10
86.0000, 70.0000, 9.705e-10
88.0000, 70.0000, 9.693e-10
90.0000, 70.0000, 9.848e-10
92.0000, 70.0000, 9.937e-10
94.0000, 70.0000, 9.936e-10
96.0000, 70.0000, 9.918e-10
98.0000, 70.0000, 9.844e-10
100.0000, 70.0000, 9.818e-10
102.0000, 70.0000, 9.889e-10
104.0000, 70.0000, 1.001e-9
106.0000, 70.0000, 1.008e-9
108.0000, 70.0000, 1.002e-9
110.0000, 70.0000, 9.966e-10
112.0000, 70.0000, 1.000e-9
114.0000, 70.0000, 1.016e-9
116.0000, 70.0000, 1.021e-9
118.0000, 70.0000, 1.018e-9
120.0000, 70.0000, 1.041e-9
122.0000, 70.0000, 1.055e-9
124.0000, 70.0000, 1.055e-9
126.0000, 70.0000, 1.050e-9
128.0000, 70.0000, 1.040e-9
130.0000, 70.0000, 1.035e-9
132.0000, 70.0000, 1.035e-9
134.0000, 70.0000, 1.038e-9
136.0000, 70.0000, 1.042e-9
138.0000, 70.0000, 1.042e-9
140.0000, 70.0000, 1.040e-9
142.0000, 70.0000, 1.038e-9
144.0000, 70.0000, 1.032e-9
146.0000, 70.0000, 1.025e-9
148.0000, 70.0000, 1.021e-9
150.0000, 70.0000, 1.020e-9
152.0000, 70.0000, 1.014e-9
154.0000, 70.0000, 1.015e-9
156.0000, 70.0000, 1.024e-9
158.0000, 70.0000, 1.029e-9
160.0000, 70.0000, 1.034e-9
162.0000, 70.0000, 1.042e-9
164.0000, 70.0000, 1.055e-9
166.0000, 70.0000, 1.065e-9
168.0000, 70.0000, 1.062e-9
170.0000, 70.0000, 1.059e-9
172.0000, 70.0000, 1.075e-9
174.0000, 70.0000, 1.083e-9
176.0000, 70.0000, 1.087e-9
178.0000, 70.0000, 1.093e-9
180.0000, 70.0000, 1.095e-9
182.0000, 70.0000, 1.108e-9
184.0000, 70.0000, 1.109e-9
186.0000, 70.0000, 1.108e-9
188.0000, 70.0000, 1.113e-9
190.0000, 70.0000, 1.112e-9
192.0000, 70.0000, 1.100e-9
194.0000, 70.0000, 1.108e-9
196.0000, 70.0000, 1.117e-9
198.0000, 70.0000, 1.108e-9
200.0000, 70.0000, 1.103e-9
202.0000, 70.0000, 1.110e-9
204.0000, 70.0000, 1.118e-9
206.0000, 70.0000, 1.122e-9
208.0000, 70.0000, 1.123e-9
210.0000, 70.0000, 1.120e-9
212.0000, 70.0000, 1.123e-9
214.0000, 70.0000, 1.115e-9
216.0000, 70.0000, 1.115e-9
218.0000, 70.0000, 1.129e-9
220.0000, 70.0000, 1.131e-9
222.0000, 70.0000, 1.134e-9
224.0000, 70.0000, 1.138e-9
226.0000, 70.0000, 1.133e-9
228.0000, 70.0000, 1.127e-9
230.0000, 70.0000, 1.133e-9
232.0000, 70.0000, 1.140e-9
234.0000, 70.0000, 1.130e-9
236.0000, 70.0000, 1.115e-9
238.0000, 70.0000, 1.111e-9
240.0000, 70.0000, 1.125e-9
242.0000, 70.0000, 1.122e-9
244.0000, 70.0000, 1.101e-9
246.0000, 70.0000, 1.113e-9
248.0000, 70.0000, 1.149e-9
0.0000, 72.0000, 1.244e-9
2.0000, 72.0000, 1.194e-9
4.0000, 72.0000, 1.149e-9
6.0000, 72.0000, 1.106e-9
8.0000, 72.0000, 1.066e-9
10.0000, 72.0000, 1.035e-9
12.0000, 72.0000, 1.020e-9
14.0000, 72.0000, 1.004e-9
16.0000, 72.0000, 9.848e-10
18.0000, 72.0000, 9.753e-10
20.0000, 72.0000, 9.848e-10
22.0000, 72.0000, 9.788e-10
24.0000, 72.0000, 9.651e-10
26.0000, 72.0000, 9.617e-10
28.0000, 72.0000, 9.573e-10
30.0000, 72.0000, 9.473e-10
32.0000, 72.0000, 9.383e-10
34.0000, 72.0000, 9.298e-10
36.0000, 72.0000, 9.216e-10
38.0000, 72.0000, 9.166e-10
40.0000, 72.0000, 9.235e-10
42.0000, 72.0000, 9.286e-10
44.0000, 72.0000, 9.251e-10
46.0000, 72.0000, 9.218e-10
48.0000, 72.0000, 9.256e-10
50.0000, 72.0000, 9.285e-10
52.0000, 72.0000, 9.271e-10
54.0000, 72.0000, 9.381e-10
56.0000, 72.0000, 9.559e-10
58.0000, 72.0000, 9.602e-10
60.0000, 72.0000, 9.636e-10
62.0000, 72.0000, 9.618e-10
64.0000, 72.0000, 9.520e-10
66.0000, 72.0000, 9.452e-10
68.0000, 72.0000, 9.511e-10
70.0000, 72.0000, 9.598e-10
72.0000, 72.0000, 9.609e-10
74.0000, 72.0000, 9.709e-10
76.0000, 72.0000, 9.923e-10
78.0000, 72.0000, 9.954e-10
80.0000, 72.0000, 9.843e-10
82.0000, 72.0000, 9.764e-10
84.0000, 72.0000, 9.742e-10
86.0000, 72.0000, 9.698e-10
88.0000, 72.0000, 9.653e-10
90.0000, 72.0000, 9.800e-10
92.0000, 72.0000, 9.940e-10
94.0000, 72.0000, 9.929e-10
96.0000, 72.0000, 9.803e-10
98.0000, 72.0000, 9.714e-10
100.0000, 72.0000, 9.819e-10
102.0000, 72.0000, 9.958e-10
104.0000, 72.0000, 1.003e-9
106.0000, 72.0000, 1.005e-9
108.0000, 72.0000, 1.006e-9
110.0000, 72.0000, 1.005e-9
112.0000, 72.0000, 1.008e-9
114.0000, 72.0000, 1.018e-9
116.0000, 72.0000, 1.019e-9
118.0000, 72.0000, 1.025e-9
120.0000, 72.0000, 1.042e-9
122.0000, 72.0000, 1.051e-9
124.0000, 72.0000, 1.058e-9
126.0000, 72.0000, 1.055e-9
128.0000, 72.0000, 1.050e-9
130.0000, 72.0000, 1.061e-9
132.0000, 72.0000, 1.060e-9
134.0000, 72.0000, 1.062e-9
136.0000, 72.0000, 1.073e-9
138.0000, 72.0000, 1.080e-9
140.0000, 72.0000, 1.076e-9
142.0000, 72.0000, 1.071e-9
144.0000, 72.0000, 1.069e-9
146.0000, 72.0000, 1.062e-9
148.0000, 72.0000, 1.050e-9
150.0000, 72.0000, 1.045e-9
152.0000, 72.0000, 1.045e-9
154.0000, 72.0000, 1.047e-9
156.0000, 72.0000, 1.052e-9
158.0000, 72.0000, 1.061e-9
160.0000, 72.0000, 1.075e-9
162.0000, 72.0000, 1.074e-9
164.0000, 72.0000, 1.077e-9
166.0000, 72.0000, 1.094e-9
168.0000, 72.0000, 1.096e-9
170.0000, 72.0000, 1.085e-9
172.0000, 72.0000, 1.110e-9
174.0000, 72.0000, 1.131e-9
176.0000, 72.0000, 1.130e-9
178.0000, 72.0000, 1.123e-9
180.0000, 72.0000, 1.120e-9
182.0000, 72.0000, 1.121e-9
184.0000, 72.0000, 1.120e-9
186.0000, 72.0000, 1.127e-9
188.0000, 72.0000, 1.139e-9
190.0000, 72.0000, 1.139e-9
192.0000, 72.0000, 1.126e-9
194.0000, 72.0000, 1.138e-9
196.0000, 72.0000, 1.150e-9
198.0000, 72.0000, 1.133e-9
200.0000, 72.0000, 1.124e-9
202.0000, 72.0000, 1.135e-9
204.0000, 72.0000, 1.134e-9
206.0000, 72.0000, 1.127e-9
208.0000, 72.0000, 1.131e-9
210.0000, 72.0000, 1.134e-9
212.0000, 72.0000, 1.129e-9
214.0000, 72.0000, 1.126e-9
216.0000, 72.0000, 1.133e-9
218.0000, 72.0000, 1.143e-9
220.0000, 72.0000, 1.144e-9
222.0000, 72.0000, 1.144e-9
224.0000, 72.0000, 1.152e-9
226.0000, 72.0000, 1.157e-9
228.0000, 72.0000, 1.153e-9
230.0000, 72.0000, 1.141e-9
232.0000, 72.0000, 1.173e-9
234.0000, 72.0000, 1.180e-9
236.0000, 72.0000, 1.155e-9
238.0000, 72.0000, 1.142e-9
240.0000, 72.0000, 1.155e-9
242.0000, 72.0000, 1.154e-9
244.0000, 72.0000, 1.158e-9
246.0000, 72.0000, 1.174e-9
248.0000, 72.0000, 1.180e-9
0.0000, 74.0000, 1.218e-9
2.0000, 74.0000, 1.162e-9
4.0000, 74.0000, 1.147e-9
6.0000, 74.0000, 1.128e-9
8.0000, 74.0000, 1.086e-9
10.0000, 74.0000, 1.081e-9
12.0000, 74.0000, 1.094e-9
14.0000, 74.0000, 1.061e-9
16.0000, 74.0000, 1.029e-9
18.0000, 74.0000, 1.013e-9
20.0000, 74.0000, 9.903e-10
22.0000, 74.0000, 9.685e-10
24.0000, 74.0000, 9.524e-10
26.0000, 74.0000, 9.396e-10
28.0000, 74.0000, 9.290e-10
30.0000, 74.0000, 9.252e-10
32.0000, 74.0000, 9.222e-10
34.0000, 74.0000, 9.171e-10
36.0000, 74.0000, 9.117e-10
38.0000, 74.0000, 9.180e-10
40.0000, 74.0000, 9.472e-10
42.0000, 74.0000, 9.611e-10
44.0000, 74.0000, 9.589e-10
46.0000, 74.0000, 9.532e-10
48.0000, 74.0000, 9.415e-10
50.0000, 74.0000, 9.316e-10
52.0000, 74.0000, 9.441e-10
54.0000, 74.0000, 9.596e-10
56.0000, 74.0000, 9.593e-10
58.0000, 74.0000, 9.504e-10
60.0000, 74.0000, 9.456e-10
62.0000, 74.0000, 9.463e-10
64.0000, 74.0000, 9.474e-10
66.0000, 74.0000, 9.560e-10
68.0000, 74.0000, 9.797e-10
70.0000, 74.0000, 9.886e-10
72.0000, 74.0000, 9.823e-10
74.0000, 74.0000, 9.765e-10
76.0000, 74.0000, 9.739e-10
78.0000, 74.0000, 9.673e-10
80.0000, 74.0000, 9.604e-10
82.0000, 74.0000, 9.573e-10
84.0000, 74.0000, 9.587e-10
86.0000, 74.0000, 9.601e-10
88.0000, 74.0000, 9.651e-10
90.0000, 74.0000, 9.767e-10
92.0000, 74.0000, 9.797e-10
94.0000, 74.0000, 9.784e-10
96.0000, 74.0000, 9.761e-10
98.0000, 74.0000, 9.701e-10
100.0000, 74.0000, 9.738e-10
102.0000, 74.0000, 9.851e-10
104.0000, 74.0000, 9.874e-10
106.0000, 74.0000, 9.906e-10
108.0000, 74.0000, 9.953e-10
110.0000, 74.0000, 9.899e-10
112.0000, 74.0000, 9.995e-10
114.0000, 74.0000, 1.009e-9
116.0000, 74.0000, 1.012e-9
118.0000, 74.0000, 1.011e-9
120.0000, 74.0000, 1.012e-9
122.0000, 74.0000, 1.023e-9
124.0000, 74.0000, 1.038e-9
126.0000, 74.0000, 1.043e-9
128.0000, 74.0000, 1.048e-9
130.0000, 74.0000, 1.064e-9
132.0000, 74.0000, 1.059e-9
134.0000, 74.0000, 1.070e-9
136.0000, 74.0000, 1.086e-9
138.0000, 74.0000, 1.082e-9
140.0000, 74.0000, 1.069e-9
142.0000, 74.0000, 1.068e-9
144.0000, 74.0000, 1.062e-9
146.0000, 74.0000, 1.051e-9
148.0000, 74.0000, 1.047e-9
150.0000, 74.0000, 1.049e-9
152.0000, 74.0000, 1.045e-9
154.0000, 74.0000, 1.035e-9
156.0000, 74.0000, 1.043e-9
158.0000, 74.0000, 1.057e-9
160.0000, 74.0000, 1.056e-9
162.0000, 74.0000, 1.057e-9
164.0000, 74.0000, 1.084e-9
166.0000, 74.0000, 1.101e-9
168.0000, 74.0000, 1.087e-9
170.0000, 74.0000, 1.087e-9
172.0000, 74.0000, 1.119e-9
174.0000, 74.0000, 1.120e-9
176.0000, 74.0000, 1.114e-9
178.0000, 74.0000, 1.124e-9
180.0000, 74.0000, 1.131e-9
182.0000, 74.0000, 1.128e-9
184.0000, 74.0000, 1.129e-9
186.0000, 74.0000, 1.141e-9
188.0000, 74.0000, 1.145e-9
190.0000, 74.0000, 1.133e-9
192.0000, 74.0000, 1.124e-9
194.0000, 74.0000, 1.134e-9
196.0000, 74.0000, 1.133e-9
198.0000, 74.0000, 1.116e-9
200.0000, 74.0000, 1.112e-9
202.0000, 74.0000, 1.120e-9
204.0000, 74.0000, 1.120e-9
206.0000, 74.0000, 1.119e-9
208.0000, 74.0000, 1.125e-9
210.0000, 74.0000, 1.131e-9
212.0000, 74.0000, 1.134e-9
214.0000, 74.0000, 1.131e-9
216.0000, 74.0000, 1.136e-9
218.0000, 74.0000, 1.145e-9
220.0000, 74.0000, 1.136e-9
222.0000, 74.0000, 1.135e-9
224.0000, 74.0000, 1.150e-9
226.0000, 74.0000, 1.150e-9
228.0000, 74.0000, 1.143e-9
230.0000, 74.0000, 1.144e-9
232.0000, 74.0000, 1.160e-9
234.0000, 74.0000, 1.154e-9
236.0000, 74.0000, 1.135e-9
238.0000, 74.0000, 1.135e-9
240.0000, 74.0000, 1.145e-9
242.0000, 74.0000, 1.144e-9
244.0000, 74.0000, 1.163e-9
246.0000, 74.0000, 1.183e-9
248.0000, 74.0000, 1.181e-9
0.0000, 76.0000, 1.160e-9
2.0000, 76.0000, 1.119e-9
4.0000, 76.0000, 1.153e-9
6.0000, 76.0000, 1.165e-9
8.0000, 76.0000, 1.125e-9
10.0000, 76.0000, 1.137e-9
12.0000, 76.0000, 1.135e-9
14.0000, 76.0000, 1.085e-9
16.0000, 76.0000, 1.057e-9
18.0000, 76.0000, 1.043e-9
20.0000, 76.0000, 1.012e-9
22.0000, 76.0000, 9.829e-10
24.0000, 76.0000, 9.595e-10
26.0000, 76.0000, 9.431e-10
28.0000, 76.0000, 9.329e-10
30.0000, 76.0000, 9.252e-10
32.0000, 76.0000, 9.246e-10
34.0000, 76.0000, 9.251e-10
36.0000, 76.0000, 9.210e-10
38.0000, 76.0000, 9.265e-10
40.0000, 76.0000, 9.463e-10
42.0000, 76.0000, 9.526e-10
44.0000, 76.0000, 9.560e-10
46.0000, 76.0000, 9.618e-10
48.0000, 76.0000, 9.555e-10
50.0000, 76.0000, 9.444e-10
52.0000, 76.0000, 9.323e-10
54.0000, 76.0000, 9.263e-10
56.0000, 76.0000, 9.289e-10
58.0000, 76.0000, 9.290e-10
60.0000, 76.0000, 9.431e-10
62.0000, 76.0000, 9.550e-10
64.0000, 76.0000, 9.519e-10
66.0000, 76.0000, 9.544e-10
68.0000, 76.0000, 9.726e-10
70.0000, 76.0000, 9.777e-10
72.0000, 76.0000, 9.741e-10
74.0000, 76.0000, 9.670e-10
76.0000, 76.0000, 9.559e-10
78.0000, 76.0000, 9.461e-10
80.0000, 76.0000, 9.461e-10
82.0000, 76.0000, 9.565e-10
84.0000, 76.0000, 9.673e-10
86.0000, 76.0000, 9.682e-10
88.0000, 76.0000, 9.642e-10
90.0000, 76.0000, 9.699e-10
92.0000, 76.0000, 9.755e-10
94.0000, 76.0000, 9.763e-10
96.0000, 76.0000, 9.724e-10
98.0000, 76.0000, 9.657e-10
100.0000, 76.0000, 9.678e-10
102.0000, 76.0000, 9.799e-10
104.0000, 76.0000, 9.850e-10
106.0000, 76.0000, 9.909e-10
108.0000, 76.0000, 1.000e-9
110.0000, 76.0000, 9.991e-10
112.0000, 76.0000, 1.009e-9
114.0000, 76.0000, 1.011e-9
116.0000, 76.0000, 1.009e-9
118.0000, 76.0000, 1.011e-9
120.0000, 76.0000, 1.013e-9
122.0000, 76.0000, 1.023e-9
124.0000, 76.0000, 1.038e-9
126.0000, 76.0000, 1.047e-9
128.0000, 76.0000, 1.052e-9
130.0000, 76.0000, 1.058e-9
132.0000, 76.0000, 1.058e-9
134.0000, 76.0000, 1.071e-9
136.0000, 76.0000, 1.081e-9
138.0000, 76.0000, 1.073e-9
140.0000, 76.0000, 1.062e-9
142.0000, 76.0000, 1.057e-9
144.0000, 76.0000, 1.047e-9
146.0000, 76.0000, 1.039e-9
148.0000, 76.0000, 1.043e-9
150.0000, 76.0000, 1.059e-9
152.0000, 76.0000, 1.064e-9
154.0000, 76.0000, 1.063e-9
156.0000, 76.0000, 1.066e-9
158.0000, 76.0000, 1.068e-9
160.0000, 76.0000, 1.066e-9
162.0000, 76.0000, 1.062e-9
164.0000, 76.0000, 1.073e-9
166.0000, 76.0000, 1.086e-9
168.0000, 76.0000, 1.084e-9
170.0000, 76.0000, 1.085e-9
172.0000, 76.0000, 1.106e-9
174.0000, 76.0000, 1.115e-9
176.0000, 76.0000, 1.119e-9
178.0000, 76.0000, 1.123e-9
180.0000, 76.0000, 1.125e-9
182.0000, 76.0000, 1.133e-9
184.0000, 76.0000, 1.135e-9
186.0000, 76.0000, 1.135e-9
188.0000, 76.0000, 1.136e-9
190.0000, 76.0000, 1.133e-9
192.0000, 76.0000, 1.128e-9
194.0000, 76.0000, 1.134e-9
196.0000, 76.0000, 1.131e-9
198.0000, 76.0000, 1.119e-9
200.0000, 76.0000, 1.120e-9
202.0000, 76.0000, 1.125e-9
204.0000, 76.0000, 1.129e-9
206.0000, 76.0000, 1.129e-9
208.0000, 76.0000, 1.124e-9
210.0000, 76.0000, 1.123e-9
212.0000, 76.0000, 1.128e-9
214.0000, 76.0000, 1.126e-9
216.0000, 76.0000, 1.123e-9
218.0000, 76.0000, 1.126e-9
220.0000, 76.0000, 1.129e-9
222.0000, 76.0000, 1.147e-9
224.0000, 76.0000, 1.153e-9
226.0000, 76.0000, 1.137e-9
228.0000, 76.0000, 1.131e-9
230.0000, 76.0000, 1.148e-9
232.0000, 76.0000, 1.161e-9
234.0000, 76.0000, 1.141e-9
236.0000, 76.0000, 1.124e-9
238.0000, 76.0000, 1.129e-9
240.0000, 76.0000, 1.133e-9
242.0000, 76.0000, 1.128e-9
244.0000, 76.0000, 1.148e-9
246.0000, 76.0000, 1.178e-9
248.0000, 76.0000, 1.181e-9
0.0000, 78.0000, 1.253e-9
2.0000, 78.0000, 1.200e-9
4.0000, 78.0000, 1.158e-9
6.0000, 78.0000, 1.117e-9
8.0000, 78.0000, 1.073e-9
10.0000, 78.0000, 1.039e-9
12.0000, 78.0000, 1.015e-9
14.0000, 78.0000, 9.946e-10
16.0000, 78.0000, 9.743e-10
18.0000, 78.0000, 9.722e-10
20.0000, 78.0000, 9.978e-10
22.0000, 78.0000, 9.944e-10
24.0000, 78.0000, 9.760e-10
26.0000, 78.0000, 9.686e-10
28.0000, 78.0000, 9.606e-10
30.0000, 78.0000, 9.474e-10
32.0000, 78.0000, 9.415e-10
34.0000, 78.0000, 9.370e-10
36.0000, 78.0000, 9.285e-10
38.0000, 78.0000, 9.194e-10
40.0000, 78.0000, 9.143e-10
42.0000, 78.0000, 9.092e-10
44.0000, 78.0000, 9.027e-10
46.0000, 78.0000, 9.014e-10
48.0000, 78.0000, 9.097e-10
50.0000, 78.0000, 9.195e-10
52.0000, 78.0000, 9.228e-10
54.0000, 78.0000, 9.421e-10
56.0000, 78.0000, 9.662e-10
58.0000, 78.0000, 9.704e-10
60.0000, 78.0000, 9.720e-10
62.0000, 78.0000, 9.679e-10
64.0000, 78.0000, 9.562e-10
66.0000, 78.0000, 9.456e-10
68.0000, 78.0000, 9.410e-10
70.0000, 78.0000, 9.431e-10
72.0000, 78.0000, 9.430e-10
74.0000, 78.0000, 9.407e-10
76.0000, 78.0000, 9.461e-10
78.0000, 78.0000, 9.512e-10
80.0000, 78.0000, 9.500e-10
82.0000, 78.0000, 9.673e-10
84.0000, 78.0000, 9.810e-10
86.0000, 78.0000, 9.754e-10
88.0000, 78.0000, 9.654e-10
90.0000, 78.0000, 9.673e-10
92.0000, 78.0000, 9.732e-10
94.0000, 78.0000, 9.738e-10
96.0000, 78.0000, 9.662e-10
98.0000, 78.0000, 9.593e-10
100.0000, 78.0000, 9.658e-10
102.0000, 78.0000, 9.696e-10
104.0000, 78.0000, 9.814e-10
106.0000, 78.0000, 9.921e-10
108.0000, 78.0000, 9.943e-10
110.0000, 78.0000, 9.960e-10
112.0000, 78.0000, 1.005e-9
114.0000, 78.0000, 1.018e-9
116.0000, 78.0000, 1.022e-9
118.0000, 78.0000, 1.018e-9
120.0000, 78.0000, 1.024e-9
122.0000, 78.0000, 1.045e-9
124.0000, 78.0000, 1.052e-9
126.0000, 78.0000, 1.049e-9
128.0000, 78.0000, 1.049e-9
130.0000, 78.0000, 1.051e-9
132.0000, 78.0000, 1.056e-9
134.0000, 78.0000, 1.069e-9
136.0000, 78.0000, 1.070e-9
138.0000, 78.0000, 1.054e-9
140.0000, 78.0000, 1.049e-9
142.0000, 78.0000, 1.054e-9
144.0000, 78.0000, 1.054e-9
146.0000, 78.0000, 1.050e-9
148.0000, 78.0000, 1.051e-9
150.0000, 78.0000, 1.066e-9
152.0000, 78.0000, 1.065e-9
154.0000, 78.0000, 1.054e-9
156.0000, 78.0000, 1.064e-9
158.0000, 78.0000, 1.077e-9
160.0000, 78.0000, 1.068e-9
162.0000, 78.0000, 1.073e-9
164.0000, 78.0000, 1.090e-9
166.0000, 78.0000, 1.096e-9
168.0000, 78.0000, 1.092e-9
170.0000, 78.0000, 1.099e-9
172.0000, 78.0000, 1.112e-9
174.0000, 78.0000, 1.120e-9
176.0000, 78.0000, 1.123e-9
178.0000, 78.0000, 1.125e-9
180.0000, 78.0000, 1.131e-9
182.0000, 78.0000, 1.134e-9
184.0000, 78.0000, 1.135e-9
186.0000, 78.0000, 1.143e-9
188.0000, 78.0000, 1.149e-9
190.0000, 78.0000, 1.139e-9
192.0000, 78.0000, 1.129e-9
194.0000, 78.0000, 1.135e-9
196.0000, 78.0000, 1.135e-9
198.0000, 78.0000, 1.125e-9
200.0000, 78.0000, 1.118e-9
202.0000, 78.0000, 1.118e-9
204.0000, 78.0000, 1.123e-9
206.0000, 78.0000, 1.121e-9
208.0000, 78.0000, 1.111e-9
210.0000, 78.0000, 1.110e-9
212.0000, 78.0000, 1.124e-9
214.0000, 78.0000, 1.120e-9
216.0000, 78.0000, 1.119e-9
218.0000, 78.0000, 1.128e-9
220.0000, 78.0000, 1.130e-9
222.0000, 78.0000, 1.141e-9
224.0000, 78.0000, 1.147e-9
226.0000, 78.0000, 1.133e-9
228.0000, 78.0000, 1.132e-9
230.0000, 78.0000, 1.161e-9
232.0000, 78.0000, 1.167e-9
234.0000, 78.0000, 1.149e-9
236.0000, 78.0000, 1.135e-9
238.0000, 78.0000, 1.129e-9
240.0000, 78.0000, 1.134e-9
242.0000, 78.0000, 1.143e-9
244.0000, 78.0000, 1.148e-9
246.0000, 78.0000, 1.157e-9
248.0000, 78.0000, 1.166e-9
0.0000, 80.0000, 1.187e-9
2.0000, 80.0000, 1.141e-9
4.0000, 80.0000, 1.155e-9
6.0000, 80.0000, 1.154e-9
8.0000, 80.0000, 1.109e-9
10.0000, 80.0000, 1.089e-9
12.0000, 80.0000, 1.068e-9
14.0000, 80.0000, 1.029e-9
16.0000, 80.0000, 1.001e-9
18.0000, 80.0000, 9.825e-10
20.0000, 80.0000, 9.634e-10
22.0000, 80.0000, 9.472e-10
24.0000, 80.0000, 9.340e-10
26.0000, 80.0000, 9.258e-10
28.0000, 80.0000, 9.218e-10
30.0000, 80.0000, 9.170e-10
32.0000, 80.0000, 9.191e-10
34.0000, 80.0000, 9.220e-10
36.0000, 80.0000, 9.181e-10
38.0000, 80.0000, 9.175e-10
40.0000, 80.0000, 9.289e-10
42.0000, 80.0000, 9.322e-10
44.0000, 80.0000, 9.395e-10
46.0000, 80.0000, 9.522e-10
48.0000, 80.0000, 9.504e-10
50.0000, 80.0000, 9.409e-10
52.0000, 80.0000, 9.286e-10
54.0000, 80.0000, 9.258e-10
56.0000, 80.0000, 9.327e-10
58.0000, 80.0000, 9.338e-10
60.0000, 80.0000, 9.432e-10
62.0000, 80.0000, 9.487e-10
64.0000, 80.0000, 9.430e-10
66.0000, 80.0000, 9.409e-10
68.0000, 80.0000, 9.511e-10
70.0000, 80.0000, 9.541e-10
72.0000, 80.0000, 9.501e-10
74.0000, 80.0000, 9.454e-10
76.0000, 80.0000, 9.455e-10
78.0000, 80.0000, 9.480e-10
80.0000, 80.0000, 9.458e-10
82.0000, 80.0000, 9.543e-10
84.0000, 80.0000, 9.632e-10
86.0000, 80.0000, 9.609e-10
88.0000, 80.0000, 9.584e-10
90.0000, 80.0000, 9.629e-10
92.0000, 80.0000, 9.682e-10
94.0000, 80.0000, 9.682e-10
96.0000, 80.0000, 9.632e-10
98.0000, 80.0000, 9.609e-10
100.0000, 80.0000, 9.655e-10
102.0000, 80.0000, 9.693e-10
104.0000, 80.0000, 9.726e-10
106.0000, 80.0000, 9.797e-10
108.0000, 80.0000, 9.883e-10
110.0000, 80.0000, 9.887e-10
112.0000, 80.0000, 9.998e-10
114.0000, 80.0000, 1.011e-9
116.0000, 80.0000, 1.016e-9
118.0000, 80.0000, 1.012e-9
120.0000, 80.0000, 1.011e-9
122.0000, 80.0000, 1.024e-9
124.0000, 80.0000, 1.033e-9
126.0000, 80.0000, 1.027e-9
128.0000, 80.0000, 1.020e-9
130.0000, 80.0000, 1.023e-9
132.0000, 80.0000, 1.025e-9
134.0000, 80.0000, 1.023e-9
136.0000, 80.0000, 1.027e-9
138.0000, 80.0000, 1.035e-9
140.0000, 80.0000, 1.028e-9
142.0000, 80.0000, 1.023e-9
144.0000, 80.0000, 1.034e-9
146.0000, 80.0000, 1.034e-9
148.0000, 80.0000, 1.030e-9
150.0000, 80.0000, 1.044e-9
152.0000, 80.0000, 1.050e-9
154.0000, 80.0000, 1.046e-9
156.0000, 80.0000, 1.040e-9
158.0000, 80.0000, 1.038e-9
160.0000, 80.0000, 1.044e-9
162.0000, 80.0000, 1.044e-9
164.0000, 80.0000, 1.053e-9
166.0000, 80.0000, 1.079e-9
168.0000, 80.0000, 1.091e-9
170.0000, 80.0000, 1.081e-9
172.0000, 80.0000, 1.090e-9
174.0000, 80.0000, 1.102e-9
176.0000, 80.0000, 1.099e-9
178.0000, 80.0000, 1.099e-9
180.0000, 80.0000, 1.124e-9
182.0000, 80.0000, 1.138e-9
184.0000, 80.0000, 1.124e-9
186.0000, 80.0000, 1.125e-9
188.0000, 80.0000, 1.149e-9
190.0000, 80.0000, 1.145e-9
192.0000, 80.0000, 1.126e-9
194.0000, 80.0000, 1.137e-9
196.0000, 80.0000, 1.143e-9
198.0000, 80.0000, 1.124e-9
200.0000, 80.0000, 1.107e-9
202.0000, 80.0000, 1.121e-9
204.0000, 80.0000, 1.134e-9
206.0000, 80.0000, 1.119e-9
208.0000, 80.0000, 1.110e-9
210.0000, 80.0000, 1.132e-9
212.0000, 80.0000, 1.123e-9
214.0000, 80.0000, 1.107e-9
216.0000, 80.0000, 1.132e-9
218.0000, 80.0000, 1.162e-9
220.0000, 80.0000, 1.142e-9
222.0000, 80.0000, 1.125e-9
224.0000, 80.0000, 1.147e-9
226.0000, 80.0000, 1.149e-9
228.0000, 80.0000, 1.122e-9
230.0000, 80.0000, 1.127e-9
232.0000, 80.0000, 1.158e-9
234.0000, 80.0000, 1.155e-9
236.0000, 80.0000, 1.130e-9
238.0000, 80.0000, 1.120e-9
240.0000, 80.0000, 1.130e-9
242.0000, 80.0000, 1.137e-9
244.0000, 80.0000, 1.138e-9
246.0000, 80.0000, 1.147e-9
248.0000, 80.0000, 1.161e-9
0.0000, 82.0000, 1.268e-9
2.0000, 82.0000, 1.206e-9
4.0000, 82.0000, 1.154e-9
6.0000, 82.0000, 1.110e-9
8.0000, 82.0000, 1.066e-9
10.0000, 82.0000, 1.030e-9
12.0000, 82.0000, 1.015e-9
14.0000, 82.0000, 1.003e-9
16.0000, 82.0000, 9.800e-10
18.0000, 82.0000, 9.801e-10
20.0000, 82.0000, 1.027e-9
22.0000, 82.0000, 1.022e-9
24.0000, 82.0000, 9.914e-10
26.0000, 82.0000, 9.760e-10
28.0000, 82.0000, 9.644e-10
30.0000, 82.0000, 9.472e-10
32.0000, 82.0000, 9.324e-10
34.0000, 82.0000, 9.262e-10
36.0000, 82.0000, 9.261e-10
38.0000, 82.0000, 9.210e-10
40.0000, 82.0000, 9.171e-10
42.0000, 82.0000, 9.168e-10
44.0000, 82.0000, 9.139e-10
46.0000, 82.0000, 9.145e-10
48.0000, 82.0000, 9.263e-10
50.0000, 82.0000, 9.348e-10
52.0000, 82.0000, 9.329e-10
54.0000, 82.0000, 9.335e-10
56.0000, 82.0000, 9.399e-10
58.0000, 82.0000, 9.382e-10
60.0000, 82.0000, 9.398e-10
62.0000, 82.0000, 9.419e-10
64.0000, 82.0000, 9.455e-10
66.0000, 82.0000, 9.523e-10
68.0000, 82.0000, 9.515e-10
70.0000, 82.0000, 9.509e-10
72.0000, 82.0000, 9.508e-10
74.0000, 82.0000, 9.515e-10
76.0000, 82.0000, 9.537e-10
78.0000, 82.0000, 9.523e-10
80.0000, 82.0000, 9.462e-10
82.0000, 82.0000, 9.533e-10
84.0000, 82.0000, 9.602e-10
86.0000, 82.0000, 9.560e-10
88.0000, 82.0000, 9.490e-10
90.0000, 82.0000, 9.527e-10
92.0000, 82.0000, 9.569e-10
94.0000, 82.0000, 9.568e-10
96.0000, 82.0000, 9.557e-10
98.0000, 82.0000, 9.545e-10
100.0000, 82.0000, 9.524e-10
102.0000, 82.0000, 9.605e-10
104.0000, 82.0000, 9.739e-10
106.0000, 82.0000, 9.814e-10
108.0000, 82.0000, 9.810e-10
110.0000, 82.0000, 9.850e-10
112.0000, 82.0000, 1.005e-9
114.0000, 82.0000, 1.010e-9
116.0000, 82.0000, 1.010e-9
118.0000, 82.0000, 1.017e-9
120.0000, 82.0000, 1.024e-9
122.0000, 82.0000, 1.034e-9
124.0000, 82.0000, 1.045e-9
126.0000, 82.0000, 1.053e-9
128.0000, 82.0000, 1.054e-9
130.0000, 82.0000, 1.053e-9
132.0000, 82.0000, 1.055e-9
134.0000, 82.0000, 1.054e-9
136.0000, 82.0000, 1.057e-9
138.0000, 82.0000, 1.067e-9
140.0000, 82.0000, 1.075e-9
142.0000, 82.0000, 1.079e-9
144.0000, 82.0000, 1.076e-9
146.0000, 82.0000, 1.074e-9
148.0000, 82.0000, 1.068e-9
150.0000, 82.0000, 1.068e-9
152.0000, 82.0000, 1.078e-9
154.0000, 82.0000, 1.076e-9
156.0000, 82.0000, 1.071e-9
158.0000, 82.0000, 1.069e-9
160.0000, 82.0000, 1.069e-9
162.0000, 82.0000, 1.069e-9
164.0000, 82.0000, 1.079e-9
166.0000, 82.0000, 1.094e-9
168.0000, 82.0000, 1.102e-9
170.0000, 82.0000, 1.112e-9
172.0000, 82.0000, 1.124e-9
174.0000, 82.0000, 1.129e-9
176.0000, 82.0000, 1.124e-9
178.0000, 82.0000, 1.121e-9
180.0000, 82.0000, 1.133e-9
182.0000, 82.0000, 1.145e-9
184.0000, 82.0000, 1.147e-9
186.0000, 82.0000, 1.160e-9
188.0000, 82.0000, 1.172e-9
190.0000, 82.0000, 1.159e-9
192.0000, 82.0000, 1.149e-9
194.0000, 82.0000, 1.157e-9
196.0000, 82.0000, 1.155e-9
198.0000, 82.0000, 1.138e-9
200.0000, 82.0000, 1.142e-9
202.0000, 82.0000, 1.153e-9
204.0000, 82.0000, 1.148e-9
206.0000, 82.0000, 1.137e-9
208.0000, 82.0000, 1.138e-9
210.0000, 82.0000, 1.146e-9
212.0000, 82.0000, 1.139e-9
214.0000, 82.0000, 1.132e-9
216.0000, 82.0000, 1.144e-9
218.0000, 82.0000, 1.154e-9
220.0000, 82.0000, 1.141e-9
222.0000, 82.0000, 1.135e-9
224.0000, 82.0000, 1.158e-9
226.0000, 82.0000, 1.166e-9
228.0000, 82.0000, 1.153e-9
230.0000, 82.0000, 1.152e-9
232.0000, 82.0000, 1.171e-9
234.0000, 82.0000, 1.164e-9
236.0000, 82.0000, 1.143e-9
238.0000, 82.0000, 1.150e-9
240.0000, 82.0000, 1.164e-9
242.0000, 82.0000, 1.163e-9
244.0000, 82.0000, 1.164e-9
246.0000, 82.0000, 1.181e-9
248.0000, 82.0000, 1.195e-9
0.0000, 84.0000, 1.214e-9
2.0000, 84.0000, 1.155e-9
4.0000, 84.0000, 1.155e-9
6.0000, 84.0000, 1.152e-9
8.0000, 84.0000, 1.105e-9
10.0000, 84.0000, 1.082e-9
12.0000, 84.0000, 1.123e-9
14.0000, 84.0000, 1.102e-9
16.0000, 84.0000, 1.057e-9
18.0000, 84.0000, 1.030e-9
20.0000, 84.0000, 1.000e-9
22.0000, 84.0000, 9.714e-10
24.0000, 84.0000, 9.503e-10
26.0000, 84.0000, 9.342e-10
28.0000, 84.0000, 9.229e-10
30.0000, 84.0000, 9.165e-10
32.0000, 84.0000, 9.155e-10
34.0000, 84.0000, 9.254e-10
36.0000, 84.0000, 9.310e-10
38.0000, 84.0000, 9.361e-10
40.0000, 84.0000, 9.605e-10
42.0000, 84.0000, 9.614e-10
44.0000, 84.0000, 9.521e-10
46.0000, 84.0000, 9.474e-10
48.0000, 84.0000, 9.372e-10
50.0000, 84.0000, 9.279e-10
52.0000, 84.0000, 9.221e-10
54.0000, 84.0000, 9.255e-10
56.0000, 84.0000, 9.363e-10
58.0000, 84.0000, 9.377e-10
60.0000, 84.0000, 9.434e-10
62.0000, 84.0000, 9.524e-10
64.0000, 84.0000, 9.523e-10
66.0000, 84.0000, 9.546e-10
68.0000, 84.0000, 9.650e-10
70.0000, 84.0000, 9.657e-10
72.0000, 84.0000, 9.644e-10
74.0000, 84.0000, 9.623e-10
76.0000, 84.0000, 9.582e-10
78.0000, 84.0000, 9.557e-10
80.0000, 84.0000, 9.545e-10
82.0000, 84.0000, 9.523e-10
84.0000, 84.0000, 9.487e-10
86.0000, 84.0000, 9.439e-10
88.0000, 84.0000, 9.434e-10
90.0000, 84.0000, 9.526e-10
92.0000, 84.0000, 9.543e-10
94.0000, 84.0000, 9.541e-10
96.0000, 84.0000, 9.583e-10
98.0000, 84.0000, 9.595e-10
100.0000, 84.0000, 9.619e-10
102.0000, 84.0000, 9.741e-10
104.0000, 84.0000, 9.783e-10
106.0000, 84.0000, 9.858e-10
108.0000, 84.0000, 9.937e-10
110.0000, 84.0000, 9.932e-10
112.0000, 84.0000, 1.014e-9
114.0000, 84.0000, 1.037e-9
116.0000, 84.0000, 1.040e-9
118.0000, 84.0000, 1.038e-9
120.0000, 84.0000, 1.048e-9
122.0000, 84.0000, 1.062e-9
124.0000, 84.0000, 1.074e-9
126.0000, 84.0000, 1.073e-9
128.0000, 84.0000, 1.072e-9
130.0000, 84.0000, 1.090e-9
132.0000, 84.0000, 1.094e-9
134.0000, 84.0000, 1.095e-9
136.0000, 84.0000, 1.100e-9
138.0000, 84.0000, 1.094e-9
140.0000, 84.0000, 1.088e-9
142.0000, 84.0000, 1.097e-9
144.0000, 84.0000, 1.098e-9
146.0000, 84.0000, 1.088e-9
148.0000, 84.0000, 1.083e-9
150.0000, 84.0000, 1.093e-9
152.0000, 84.0000, 1.094e-9
154.0000, 84.0000, 1.078e-9
156.0000, 84.0000, 1.073e-9
158.0000, 84.0000, 1.085e-9
160.0000, 84.0000, 1.088e-9
162.0000, 84.0000, 1.093e-9
164.0000, 84.0000, 1.124e-9
166.0000, 84.0000, 1.142e-9
168.0000, 84.0000, 1.127e-9
170.0000, 84.0000, 1.132e-9
172.0000, 84.0000, 1.164e-9
174.0000, 84.0000, 1.168e-9
176.0000, 84.0000, 1.160e-9
178.0000, 84.0000, 1.170e-9
180.0000, 84.0000, 1.184e-9
182.0000, 84.0000, 1.177e-9
184.0000, 84.0000, 1.162e-9
186.0000, 84.0000, 1.178e-9
188.0000, 84.0000, 1.200e-9
190.0000, 84.0000, 1.187e-9
192.0000, 84.0000, 1.177e-9
194.0000, 84.0000, 1.197e-9
196.0000, 84.0000, 1.201e-9
198.0000, 84.0000, 1.182e-9
200.0000, 84.0000, 1.185e-9
202.0000, 84.0000, 1.200e-9
204.0000, 84.0000, 1.189e-9
206.0000, 84.0000, 1.171e-9
208.0000, 84.0000, 1.174e-9
210.0000, 84.0000, 1.180e-9
212.0000, 84.0000, 1.163e-9
214.0000, 84.0000, 1.160e-9
216.0000, 84.0000, 1.168e-9
218.0000, 84.0000, 1.166e-9
220.0000, 84.0000, 1.156e-9
222.0000, 84.0000, 1.158e-9
224.0000, 84.0000, 1.168e-9
226.0000, 84.0000, 1.168e-9
228.0000, 84.0000, 1.166e-9
230.0000, 84.0000, 1.177e-9
232.0000, 84.0000, 1.184e-9
234.0000, 84.0000, 1.172e-9
236.0000, 84.0000, 1.170e-9
238.0000, 84.0000, 1.190e-9
240.0000, 84.0000, 1.190e-9
242.0000, 84.0000, 1.178e-9
244.0000, 84.0000, 1.191e-9
246.0000, 84.0000, 1.212e-9
248.0000, 84.0000, 1.213e-9
0.0000, 86.0000, 1.305e-9
2.0000, 86.0000, 1.247e-9
4.0000, 86.0000, 1.213e-9
6.0000, 86.0000, 1.180e-9
8.0000, 86.0000, 1.119e-9
10.0000, 86.0000, 1.092e-9
12.0000, 86.0000, 1.101e-9
14.0000, 86.0000, 1.066e-9
16.0000, 86.0000, 1.049e-9
18.0000, 86.0000, 1.070e-9
20.0000, 86.0000, 1.045e-9
22.0000, 86.0000, 1.005e-9
24.0000, 86.0000, 9.779e-10
26.0000, 86.0000, 9.572e-10
28.0000, 86.0000, 9.414e-10
30.0000, 86.0000, 9.338e-10
32.0000, 86.0000, 9.260e-10
34.0000, 86.0000, 9.214e-10
36.0000, 86.0000, 9.177e-10
38.0000, 86.0000, 9.226e-10
40.0000, 86.0000, 9.515e-10
42.0000, 86.0000, 9.530e-10
44.0000, 86.0000, 9.543e-10
46.0000, 86.0000, 9.722e-10
48.0000, 86.0000, 9.667e-10
50.0000, 86.0000, 9.512e-10
52.0000, 86.0000, 9.457e-10
54.0000, 86.0000, 9.430e-10
56.0000, 86.0000, 9.354e-10
58.0000, 86.0000, 9.259e-10
60.0000, 86.0000, 9.291e-10
62.0000, 86.0000, 9.356e-10
64.0000, 86.0000, 9.343e-10
66.0000, 86.0000, 9.353e-10
68.0000, 86.0000, 9.453e-10
70.0000, 86.0000, 9.496e-10
72.0000, 86.0000, 9.502e-10
74.0000, 86.0000, 9.524e-10
76.0000, 86.0000, 9.523e-10
78.0000, 86.0000, 9.485e-10
80.0000, 86.0000, 9.449e-10
82.0000, 86.0000, 9.547e-10
84.0000, 86.0000, 9.578e-10
86.0000, 86.0000, 9.530e-10
88.0000, 86.0000, 9.564e-10
90.0000, 86.0000, 9.713e-10
92.0000, 86.0000, 9.771e-10
94.0000, 86.0000, 9.751e-10
96.0000, 86.0000, 9.742e-10
98.0000, 86.0000, 9.774e-10
100.0000, 86.0000, 9.851e-10
102.0000, 86.0000, 9.900e-10
104.0000, 86.0000, 9.999e-10
106.0000, 86.0000, 1.013e-9
108.0000, 86.0000, 1.017e-9
110.0000, 86.0000, 1.016e-9
112.0000, 86.0000, 1.042e-9
114.0000, 86.0000, 1.051e-9
116.0000, 86.0000, 1.048e-9
118.0000, 86.0000, 1.056e-9
120.0000, 86.0000, 1.066e-9
122.0000, 86.0000, 1.073e-9
124.0000, 86.0000, 1.078e-9
126.0000, 86.0000, 1.081e-9
128.0000, 86.0000, 1.086e-9
130.0000, 86.0000, 1.104e-9
132.0000, 86.0000, 1.109e-9
134.0000, 86.0000, 1.102e-9
136.0000, 86.0000, 1.097e-9
138.0000, 86.0000, 1.097e-9
140.0000, 86.0000, 1.105e-9
142.0000, 86.0000, 1.113e-9
144.0000, 86.0000, 1.112e-9
146.0000, 86.0000, 1.110e-9
148.0000, 86.0000, 1.105e-9
150.0000, 86.0000, 1.097e-9
152.0000, 86.0000, 1.102e-9
154.0000, 86.0000, 1.107e-9
156.0000, 86.0000, 1.109e-9
158.0000, 86.0000, 1.120e-9
160.0000, 86.0000, 1.135e-9
162.0000, 86.0000, 1.125e-9
164.0000, 86.0000, 1.122e-9
166.0000, 86.0000, 1.138e-9
168.0000, 86.0000, 1.142e-9
170.0000, 86.0000, 1.137e-9
172.0000, 86.0000, 1.156e-9
174.0000, 86.0000, 1.176e-9
176.0000, 86.0000, 1.175e-9
178.0000, 86.0000, 1.173e-9
180.0000, 86.0000, 1.187e-9
182.0000, 86.0000, 1.191e-9
184.0000, 86.0000, 1.183e-9
186.0000, 86.0000, 1.189e-9
188.0000, 86.0000, 1.209e-9
190.0000, 86.0000, 1.214e-9
192.0000, 86.0000, 1.202e-9
194.0000, 86.0000, 1.208e-9
196.0000, 86.0000, 1.213e-9
198.0000, 86.0000, 1.195e-9
200.0000, 86.0000, 1.177e-9
202.0000, 86.0000, 1.194e-9
204.0000, 86.0000, 1.204e-9
206.0000, 86.0000, 1.192e-9
208.0000, 86.0000, 1.184e-9
210.0000, 86.0000, 1.188e-9
212.0000, 86.0000, 1.183e-9
214.0000, 86.0000, 1.182e-9
216.0000, 86.0000, 1.187e-9
218.0000, 86.0000, 1.187e-9
220.0000, 86.0000, 1.183e-9
222.0000, 86.0000, 1.180e-9
224.0000, 86.0000, 1.176e-9
226.0000, 86.0000, 1.175e-9
228.0000, 86.0000, 1.182e-9
230.0000, 86.0000, 1.187e-9
232.0000, 86.0000, 1.188e-9
234.0000, 86.0000, 1.187e-9
236.0000, 86.0000, 1.185e-9
238.0000, 86.0000, 1.187e-9
240.0000, 86.0000, 1.192e-9
242.0000, 86.0000, 1.195e-9
244.0000, 86.0000, 1.197e-9
246.0000, 86.0000, 1.198e-9
248.0000, 86.0000, 1.204e-9
0.0000, 88.0000, 1.245e-9
2.0000, 88.0000, 1.171e-9
4.0000, 88.0000, 1.155e-9
6.0000, 88.0000, 1.143e-9
8.0000, 88.0000, 1.098e-9
10.0000, 88.0000, 1.101e-9
12.0000, 88.0000, 1.124e-9
14.0000, 88.0000, 1.086e-9
16.0000, 88.0000, 1.067e-9
18.0000, 88.0000, 1.084e-9
20.0000, 88.0000, 1.053e-9
22.0000, 88.0000, 1.008e-9
24.0000, 88.0000, 9.760e-10
26.0000, 88.0000, 9.508e-10
28.0000, 88.0000, 9.337e-10
30.0000, 88.0000, 9.262e-10
32.0000, 88.0000, 9.213e-10
34.0000, 88.0000, 9.270e-10
36.0000, 88.0000, 9.261e-10
38.0000, 88.0000, 9.293e-10
40.0000, 88.0000, 9.544e-10
42.0000, 88.0000, 9.522e-10
44.0000, 88.0000, 9.514e-10
46.0000, 88.0000, 9.599e-10
48.0000, 88.0000, 9.517e-10
50.0000, 88.0000, 9.407e-10
52.0000, 88.0000, 9.426e-10
54.0000, 88.0000, 9.421e-10
56.0000, 88.0000, 9.355e-10
58.0000, 88.0000, 9.311e-10
60.0000, 88.0000, 9.394e-10
62.0000, 88.0000, 9.454e-10
64.0000, 88.0000, 9.418e-10
66.0000, 88.0000, 9.416e-10
68.0000, 88.0000, 9.493e-10
70.0000, 88.0000, 9.504e-10
72.0000, 88.0000, 9.522e-10
74.0000, 88.0000, 9.564e-10
76.0000, 88.0000, 9.558e-10
78.0000, 88.0000, 9.511e-10
80.0000, 88.0000, 9.535e-10
82.0000, 88.0000, 9.662e-10
84.0000, 88.0000, 9.718e-10
86.0000, 88.0000, 9.667e-10
88.0000, 88.0000, 9.641e-10
90.0000, 88.0000, 9.763e-10
92.0000, 88.0000, 9.794e-10
94.0000, 88.0000, 9.735e-10
96.0000, 88.0000, 9.752e-10
98.0000, 88.0000, 9.831e-10
100.0000, 88.0000, 9.892e-10
102.0000, 88.0000, 9.910e-10
104.0000, 88.0000, 1.001e-9
106.0000, 88.0000, 1.020e-9
108.0000, 88.0000, 1.029e-9
110.0000, 88.0000, 1.023e-9
112.0000, 88.0000, 1.038e-9
114.0000, 88.0000, 1.057e-9
116.0000, 88.0000, 1.053e-9
118.0000, 88.0000, 1.053e-9
120.0000, 88.0000, 1.079e-9
122.0000, 88.0000, 1.086e-9
124.0000, 88.0000, 1.084e-9
126.0000, 88.0000, 1.092e-9
128.0000, 88.0000, 1.104e-9
130.0000, 88.0000, 1.116e-9
132.0000, 88.0000, 1.117e-9
134.0000, 88.0000, 1.125e-9
136.0000, 88.0000, 1.131e-9
138.0000, 88.0000, 1.117e-9
140.0000, 88.0000, 1.111e-9
142.0000, 88.0000, 1.131e-9
144.0000, 88.0000, 1.135e-9
146.0000, 88.0000, 1.123e-9
148.0000, 88.0000, 1.118e-9
150.0000, 88.0000, 1.132e-9
152.0000, 88.0000, 1.135e-9
154.0000, 88.0000, 1.131e-9
156.0000, 88.0000, 1.139e-9
158.0000, 88.0000, 1.147e-9
160.0000, 88.0000, 1.136e-9
162.0000, 88.0000, 1.128e-9
164.0000, 88.0000, 1.136e-9
166.0000, 88.0000, 1.145e-9
168.0000, 88.0000, 1.143e-9
170.0000, 88.0000, 1.149e-9
172.0000, 88.0000, 1.175e-9
174.0000, 88.0000, 1.187e-9
176.0000, 88.0000, 1.182e-9
178.0000, 88.0000, 1.186e-9
180.0000, 88.0000, 1.206e-9
182.0000, 88.0000, 1.207e-9
184.0000, 88.0000, 1.193e-9
186.0000, 88.0000, 1.206e-9
188.0000, 88.0000, 1.225e-9
190.0000, 88.0000, 1.213e-9
192.0000, 88.0000, 1.205e-9
194.0000, 88.0000, 1.220e-9
196.0000, 88.0000, 1.222e-9
198.0000, 88.0000, 1.204e-9
200.0000, 88.0000, 1.201e-9
202.0000, 88.0000, 1.205e-9
204.0000, 88.0000, 1.199e-9
206.0000, 88.0000, 1.190e-9
208.0000, 88.0000, 1.188e-9
210.0000, 88.0000, 1.191e-9
212.0000, 88.0000, 1.184e-9
214.0000, 88.0000, 1.181e-9
216.0000, 88.0000, 1.186e-9
218.0000, 88.0000, 1.186e-9
220.0000, 88.0000, 1.180e-9
222.0000, 88.0000, 1.178e-9
224.0000, 88.0000, 1.181e-9
226.0000, 88.0000, 1.177e-9
228.0000, 88.0000, 1.172e-9
230.0000, 88.0000, 1.185e-9
232.0000, 88.0000, 1.196e-9
234.0000, 88.0000, 1.186e-9
236.0000, 88.0000, 1.179e-9
238.0000, 88.0000, 1.191e-9
240.0000, 88.0000, 1.202e-9
242.0000, 88.0000, 1.201e-9
244.0000, 88.0000, 1.206e-9
246.0000, 88.0000, 1.216e-9
248.0000, 88.0000, 1.215e-9
0.0000, 90.0000, 1.339e-9
2.0000, 90.0000, 1.239e-9
4.0000, 90.0000, 1.208e-9
6.0000, 90.0000, 1.194e-9
8.0000, 90.0000, 1.139e-9
10.0000, 90.0000, 1.115e-9
12.0000, 90.0000, 1.182e-9
14.0000, 90.0000, 1.168e-9
16.0000, 90.0000, 1.124e-9
18.0000, 90.0000, 1.139e-9
20.0000, 90.0000, 1.110e-9
22.0000, 90.0000, 1.053e-9
24.0000, 90.0000, 1.020e-9
26.0000, 90.0000, 9.982e-10
28.0000, 90.0000, 9.699e-10
30.0000, 90.0000, 9.446e-10
32.0000, 90.0000, 9.248e-10
34.0000, 90.0000, 9.171e-10
36.0000, 90.0000, 9.145e-10
38.0000, 90.0000, 9.214e-10
40.0000, 90.0000, 9.614e-10
42.0000, 90.0000, 9.688e-10
44.0000, 90.0000, 9.551e-10
46.0000, 90.0000, 9.613e-10
48.0000, 90.0000, 9.631e-10
50.0000, 90.0000, 9.490e-10
52.0000, 90.0000, 9.373e-10
54.0000, 90.0000, 9.348e-10
56.0000, 90.0000, 9.346e-10
58.0000, 90.0000, 9.294e-10
60.0000, 90.0000, 9.281e-10
62.0000, 90.0000, 9.360e-10
64.0000, 90.0000, 9.400e-10
66.0000, 90.0000, 9.409e-10
68.0000, 90.0000, 9.454e-10
70.0000, 90.0000, 9.493e-10
72.0000, 90.0000, 9.431e-10
74.0000, 90.0000, 9.402e-10
76.0000, 90.0000, 9.432e-10
78.0000, 90.0000, 9.425e-10
80.0000, 90.0000, 9.389e-10
82.0000, 90.0000, 9.538e-10
84.0000, 90.0000, 9.658e-10
86.0000, 90.0000, 9.647e-10
88.0000, 90.0000, 9.618e-10
90.0000, 90.0000, 9.698e-10
92.0000, 90.0000, 9.776e-10
94.0000, 90.0000, 9.739e-10
96.0000, 90.0000, 9.680e-10
98.0000, 90.0000, 9.713e-10
100.0000, 90.0000, 9.759e-10
102.0000, 90.0000, 9.745e-10
104.0000, 90.0000, 9.849e-10
106.0000, 90.0000, 1.006e-9
108.0000, 90.0000, 1.017e-9
110.0000, 90.0000, 1.015e-9
112.0000, 90.0000, 1.029e-9
114.0000, 90.0000, 1.042e-9
116.0000, 90.0000, 1.046e-9
118.0000, 90.0000, 1.046e-9
120.0000, 90.0000, 1.050e-9
122.0000, 90.0000, 1.061e-9
124.0000, 90.0000, 1.064e-9
126.0000, 90.0000, 1.068e-9
128.0000, 90.0000, 1.079e-9
130.0000, 90.0000, 1.093e-9
132.0000, 90.0000, 1.092e-9
134.0000, 90.0000, 1.093e-9
136.0000, 90.0000, 1.105e-9
138.0000, 90.0000, 1.109e-9
140.0000, 90.0000, 1.100e-9
142.0000, 90.0000, 1.101e-9
144.0000, 90.0000, 1.105e-9
146.0000, 90.0000, 1.103e-9
148.0000, 90.0000, 1.099e-9
150.0000, 90.0000, 1.111e-9
152.0000, 90.0000, 1.124e-9
154.0000, 90.0000, 1.117e-9
156.0000, 90.0000, 1.113e-9
158.0000, 90.0000, 1.121e-9
160.0000, 90.0000, 1.123e-9
162.0000, 90.0000, 1.116e-9
164.0000, 90.0000, 1.128e-9
166.0000, 90.0000, 1.145e-9
168.0000, 90.0000, 1.143e-9
170.0000, 90.0000, 1.146e-9
172.0000, 90.0000, 1.168e-9
174.0000, 90.0000, 1.177e-9
176.0000, 90.0000, 1.172e-9
178.0000, 90.0000, 1.174e-9
180.0000, 90.0000, 1.188e-9
182.0000, 90.0000, 1.187e-9
184.0000, 90.0000, 1.181e-9
186.0000, 90.0000, 1.192e-9
188.0000, 90.0000, 1.207e-9
190.0000, 90.0000, 1.199e-9
192.0000, 90.0000, 1.189e-9
194.0000, 90.0000, 1.196e-9
196.0000, 90.0000, 1.198e-9
198.0000, 90.0000, 1.186e-9
200.0000, 90.0000, 1.179e-9
202.0000, 90.0000, 1.189e-9
204.0000, 90.0000, 1.189e-9
206.0000, 90.0000, 1.178e-9
208.0000, 90.0000, 1.174e-9
210.0000, 90.0000, 1.176e-9
212.0000, 90.0000, 1.167e-9
214.0000, 90.0000, 1.164e-9
216.0000, 90.0000, 1.172e-9
218.0000, 90.0000, 1.175e-9
220.0000, 90.0000, 1.168e-9
222.0000, 90.0000, 1.166e-9
224.0000, 90.0000, 1.173e-9
226.0000, 90.0000, 1.178e-9
228.0000, 90.0000, 1.174e-9
230.0000, 90.0000, 1.169e-9
232.0000, 90.0000, 1.166e-9
234.0000, 90.0000, 1.164e-9
236.0000, 90.0000, 1.166e-9
238.0000, 90.0000, 1.175e-9
240.0000, 90.0000, 1.185e-9
242.0000, 90.0000, 1.181e-9
244.0000, 90.0000, 1.182e-9
246.0000, 90.0000, 1.192e-9
248.0000, 90.0000, 1.197e-9
0.0000, 92.0000, 1.440e-9
2.0000, 92.0000, 1.334e-9
4.0000, 92.0000, 1.239e-9
6.0000, 92.0000, 1.162e-9
8.0000, 92.0000, 1.101e-9
10.0000, 92.0000, 1.052e-9
12.0000, 92.0000, 1.036e-9
14.0000, 92.0000, 1.068e-9
16.0000, 92.0000, 1.058e-9
18.0000, 92.0000, 1.054e-9
20.0000, 92.0000, 1.155e-9
22.0000, 92.0000, 1.169e-9
24.0000, 92.0000, 1.117e-9
26.0000, 92.0000, 1.143e-9
28.0000, 92.0000, 1.158e-9
30.0000, 92.0000, 1.109e-9
32.0000, 92.0000, 1.077e-9
34.0000, 92.0000, 1.044e-9
36.0000, 92.0000, 1.010e-9
38.0000, 92.0000, 9.865e-10
40.0000, 92.0000, 9.615e-10
42.0000, 92.0000, 9.518e-10
44.0000, 92.0000, 9.468e-10
46.0000, 92.0000, 9.349e-10
48.0000, 92.0000, 9.421e-10
50.0000, 92.0000, 9.767e-10
52.0000, 92.0000, 9.754e-10
54.0000, 92.0000, 9.896e-10
56.0000, 92.0000, 1.005e-9
58.0000, 92.0000, 9.911e-10
60.0000, 92.0000, 9.868e-10
62.0000, 92.0000, 9.826e-10
64.0000, 92.0000, 9.657e-10
66.0000, 92.0000, 9.656e-10
68.0000, 92.0000, 9.774e-10
70.0000, 92.0000, 9.757e-10
72.0000, 92.0000, 9.732e-10
74.0000, 92.0000, 9.679e-10
76.0000, 92.0000, 9.646e-10
78.0000, 92.0000, 9.612e-10
80.0000, 92.0000, 9.561e-10
82.0000, 92.0000, 9.677e-10
84.0000, 92.0000, 9.789e-10
86.0000, 92.0000, 9.720e-10
88.0000, 92.0000, 9.703e-10
90.0000, 92.0000, 1.000e-9
92.0000, 92.0000, 1.008e-9
94.0000, 92.0000, 1.001e-9
96.0000, 92.0000, 1.001e-9
98.0000, 92.0000, 1.005e-9
100.0000, 92.0000, 1.002e-9
102.0000, 92.0000, 1.009e-9
104.0000, 92.0000, 1.016e-9
106.0000, 92.0000, 1.024e-9
108.0000, 92.0000, 1.032e-9
110.0000, 92.0000, 1.031e-9
112.0000, 92.0000, 1.047e-9
114.0000, 92.0000, 1.068e-9
116.0000, 92.0000, 1.072e-9
118.0000, 92.0000, 1.077e-9
120.0000, 92.0000, 1.097e-9
122.0000, 92.0000, 1.103e-9
124.0000, 92.0000, 1.099e-9
126.0000, 92.0000, 1.102e-9
128.0000, 92.0000, 1.118e-9
130.0000, 92.0000, 1.136e-9
132.0000, 92.0000, 1.127e-9
134.0000, 92.0000, 1.117e-9
136.0000, 92.0000, 1.123e-9
138.0000, 92.0000, 1.132e-9
140.0000, 92.0000, 1.130e-9
142.0000, 92.0000, 1.125e-9
144.0000, 92.0000, 1.132e-9
146.0000, 92.0000, 1.130e-9
148.0000, 92.0000, 1.120e-9
150.0000, 92.0000, 1.130e-9
152.0000, 92.0000, 1.138e-9
154.0000, 92.0000, 1.140e-9
156.0000, 92.0000, 1.149e-9
158.0000, 92.0000, 1.156e-9
160.0000, 92.0000, 1.151e-9
162.0000, 92.0000, 1.147e-9
164.0000, 92.0000, 1.150e-9
166.0000, 92.0000, 1.156e-9
168.0000, 92.0000, 1.157e-9
170.0000, 92.0000, 1.163e-9
172.0000, 92.0000, 1.185e-9
174.0000, 92.0000, 1.193e-9
176.0000, 92.0000, 1.185e-9
178.0000, 92.0000, 1.188e-9
180.0000, 92.0000, 1.207e-9
182.0000, 92.0000, 1.206e-9
184.0000, 92.0000, 1.204e-9
186.0000, 92.0000, 1.230e-9
188.0000, 92.0000, 1.247e-9
190.0000, 92.0000, 1.226e-9
192.0000, 92.0000, 1.220e-9
194.0000, 92.0000, 1.239e-9
196.0000, 92.0000, 1.240e-9
198.0000, 92.0000, 1.216e-9
200.0000, 92.0000, 1.198e-9
202.0000, 92.0000, 1.220e-9
204.0000, 92.0000, 1.232e-9
206.0000, 92.0000, 1.215e-9
208.0000, 92.0000, 1.203e-9
210.0000, 92.0000, 1.225e-9
212.0000, 92.0000, 1.227e-9
214.0000, 92.0000, 1.209e-9
216.0000, 92.0000, 1.209e-9
218.0000, 92.0000, 1.223e-9
220.0000, 92.0000, 1.218e-9
222.0000, 92.0000, 1.205e-9
224.0000, 92.0000, 1.209e-9
226.0000, 92.0000, 1.213e-9
228.0000, 92.0000, 1.198e-9
230.0000, 92.0000, 1.188e-9
232.0000, 92.0000, 1.211e-9
234.0000, 92.0000, 1.221e-9
236.0000, 92.0000, 1.212e-9
238.0000, 92.0000, 1.204e-9
240.0000, 92.0000, 1.211e-9
242.0000, 92.0000, 1.217e-9
244.0000, 92.0000, 1.216e-9
246.0000, 92.0000, 1.221e-9
248.0000, 92.0000, 1.229e-9
0.0000, 94.0000, 1.389e-9
2.0000, 94.0000, 1.291e-9
4.0000, 94.0000, 1.206e-9
6.0000, 94.0000, 1.143e-9
8.0000, 94.0000, 1.089e-9
10.0000, 94.0000, 1.044e-9
12.0000, 94.0000, 1.041e-9
14.0000, 94.0000, 1.052e-9
16.0000, 94.0000, 1.026e-9
18.0000, 94.0000, 1.027e-9
20.0000, 94.0000, 1.125e-9
22.0000, 94.0000, 1.137e-9
24.0000, 94.0000, 1.088e-9
26.0000, 94.0000, 1.097e-9
28.0000, 94.0000, 1.106e-9
30.0000, 94.0000, 1.063e-9
32.0000, 94.0000, 1.019e-9
34.0000, 94.0000, 9.896e-10
36.0000, 94.0000, 9.648e-10
38.0000, 94.0000, 9.442e-10
40.0000, 94.0000, 9.332e-10
42.0000, 94.0000, 9.290e-10
44.0000, 94.0000, 9.266e-10
46.0000, 94.0000, 9.223e-10
48.0000, 94.0000, 9.318e-10
50.0000, 94.0000, 9.589e-10
52.0000, 94.0000, 9.573e-10
54.0000, 94.0000, 9.622e-10
56.0000, 94.0000, 9.735e-10
58.0000, 94.0000, 9.654e-10
60.0000, 94.0000, 9.665e-10
62.0000, 94.0000, 9.612e-10
64.0000, 94.0000, 9.457e-10
66.0000, 94.0000, 9.445e-10
68.0000, 94.0000, 9.559e-10
70.0000, 94.0000, 9.637e-10
72.0000, 94.0000, 9.645e-10
74.0000, 94.0000, 9.615e-10
76.0000, 94.0000, 9.657e-10
78.0000, 94.0000, 9.706e-10
80.0000, 94.0000, 9.663e-10
82.0000, 94.0000, 9.875e-10
84.0000, 94.0000, 1.010e-9
86.0000, 94.0000, 1.010e-9
88.0000, 94.0000, 1.005e-9
90.0000, 94.0000, 1.026e-9
92.0000, 94.0000, 1.030e-9
94.0000, 94.0000, 1.018e-9
96.0000, 94.0000, 1.014e-9
98.0000, 94.0000, 1.016e-9
100.0000, 94.0000, 1.015e-9
102.0000, 94.0000, 1.013e-9
104.0000, 94.0000, 1.022e-9
106.0000, 94.0000, 1.044e-9
108.0000, 94.0000, 1.058e-9
110.0000, 94.0000, 1.054e-9
112.0000, 94.0000, 1.076e-9
114.0000, 94.0000, 1.096e-9
116.0000, 94.0000, 1.090e-9
118.0000, 94.0000, 1.091e-9
120.0000, 94.0000, 1.119e-9
122.0000, 94.0000, 1.129e-9
124.0000, 94.0000, 1.121e-9
126.0000, 94.0000, 1.123e-9
128.0000, 94.0000, 1.135e-9
130.0000, 94.0000, 1.137e-9
132.0000, 94.0000, 1.146e-9
134.0000, 94.0000, 1.160e-9
136.0000, 94.0000, 1.162e-9
138.0000, 94.0000, 1.157e-9
140.0000, 94.0000, 1.162e-9
142.0000, 94.0000, 1.171e-9
144.0000, 94.0000, 1.171e-9
146.0000, 94.0000, 1.159e-9
148.0000, 94.0000, 1.146e-9
150.0000, 94.0000, 1.152e-9
152.0000, 94.0000, 1.152e-9
154.0000, 94.0000, 1.153e-9
156.0000, 94.0000, 1.166e-9
158.0000, 94.0000, 1.172e-9
160.0000, 94.0000, 1.158e-9
162.0000, 94.0000, 1.156e-9
164.0000, 94.0000, 1.172e-9
166.0000, 94.0000, 1.181e-9
168.0000, 94.0000, 1.178e-9
170.0000, 94.0000, 1.191e-9
172.0000, 94.0000, 1.211e-9
174.0000, 94.0000, 1.215e-9
176.0000, 94.0000, 1.211e-9
178.0000, 94.0000, 1.214e-9
180.0000, 94.0000, 1.226e-9
182.0000, 94.0000, 1.226e-9
184.0000, 94.0000, 1.220e-9
186.0000, 94.0000, 1.229e-9
188.0000, 94.0000, 1.242e-9
190.0000, 94.0000, 1.238e-9
192.0000, 94.0000, 1.238e-9
194.0000, 94.0000, 1.246e-9
196.0000, 94.0000, 1.242e-9
198.0000, 94.0000, 1.226e-9
200.0000, 94.0000, 1.219e-9
202.0000, 94.0000, 1.233e-9
204.0000, 94.0000, 1.236e-9
206.0000, 94.0000, 1.224e-9
208.0000, 94.0000, 1.218e-9
210.0000, 94.0000, 1.225e-9
212.0000, 94.0000, 1.218e-9
214.0000, 94.0000, 1.211e-9
216.0000, 94.0000, 1.216e-9
218.0000, 94.0000, 1.217e-9
220.0000, 94.0000, 1.207e-9
222.0000, 94.0000, 1.204e-9
224.0000, 94.0000, 1.214e-9
226.0000, 94.0000, 1.216e-9
228.0000, 94.0000, 1.208e-9
230.0000, 94.0000, 1.217e-9
232.0000, 94.0000, 1.241e-9
234.0000, 94.0000, 1.237e-9
236.0000, 94.0000, 1.221e-9
238.0000, 94.0000, 1.225e-9
240.0000, 94.0000, 1.230e-9
242.0000, 94.0000, 1.217e-9
244.0000, 94.0000, 1.222e-9
246.0000, 94.0000, 1.249e-9
248.0000, 94.0000, 1.257e-9
0.0000, 96.0000, 1.369e-9
2.0000, 96.0000, 1.295e-9
4.0000, 96.0000, 1.226e-9
6.0000, 96.0000, 1.173e-9
8.0000, 96.0000, 1.113e-9
10.0000, 96.0000, 1.100e-9
12.0000, 96.0000, 1.148e-9
14.0000, 96.0000, 1.124e-9
16.0000, 96.0000, 1.096e-9
18.0000, 96.0000, 1.122e-9
20.0000, 96.0000, 1.101e-9
22.0000, 96.0000, 1.053e-9
24.0000, 96.0000, 1.058e-9
26.0000, 96.0000, 1.056e-9
28.0000, 96.0000, 1.032e-9
30.0000, 96.0000, 1.029e-9
32.0000, 96.0000, 1.006e-9
34.0000, 96.0000, 9.781e-10
36.0000, 96.0000, 9.559e-10
38.0000, 96.0000, 9.411e-10
40.0000, 96.0000, 9.635e-10
42.0000, 96.0000, 9.690e-10
44.0000, 96.0000, 9.540e-10
46.0000, 96.0000, 9.566e-10
48.0000, 96.0000, 9.584e-10
50.0000, 96.0000, 9.467e-10
52.0000, 96.0000, 9.613e-10
54.0000, 96.0000, 9.678e-10
56.0000, 96.0000, 9.572e-10
58.0000, 96.0000, 9.582e-10
60.0000, 96.0000, 9.738e-10
62.0000, 96.0000, 9.707e-10
64.0000, 96.0000, 9.633e-10
66.0000, 96.0000, 9.520e-10
68.0000, 96.0000, 9.530e-10
70.0000, 96.0000, 9.883e-10
72.0000, 96.0000, 9.967e-10
74.0000, 96.0000, 9.893e-10
76.0000, 96.0000, 9.979e-10
78.0000, 96.0000, 1.004e-9
80.0000, 96.0000, 9.977e-10
82.0000, 96.0000, 1.014e-9
84.0000, 96.0000, 1.020e-9
86.0000, 96.0000, 1.019e-9
88.0000, 96.0000, 1.023e-9
90.0000, 96.0000, 1.029e-9
92.0000, 96.0000, 1.037e-9
94.0000, 96.0000, 1.037e-9
96.0000, 96.0000, 1.028e-9
98.0000, 96.0000, 1.029e-9
100.0000, 96.0000, 1.040e-9
102.0000, 96.0000, 1.035e-9
104.0000, 96.0000, 1.037e-9
106.0000, 96.0000, 1.054e-9
108.0000, 96.0000, 1.059e-9
110.0000, 96.0000, 1.051e-9
112.0000, 96.0000, 1.076e-9
114.0000, 96.0000, 1.095e-9
116.0000, 96.0000, 1.092e-9
118.0000, 96.0000, 1.094e-9
120.0000, 96.0000, 1.116e-9
122.0000, 96.0000, 1.128e-9
124.0000, 96.0000, 1.130e-9
126.0000, 96.0000, 1.132e-9
128.0000, 96.0000, 1.135e-9
130.0000, 96.0000, 1.136e-9
132.0000, 96.0000, 1.141e-9
134.0000, 96.0000, 1.147e-9
136.0000, 96.0000, 1.153e-9
138.0000, 96.0000, 1.152e-9
140.0000, 96.0000, 1.154e-9
142.0000, 96.0000, 1.163e-9
144.0000, 96.0000, 1.166e-9
146.0000, 96.0000, 1.163e-9
148.0000, 96.0000, 1.165e-9
150.0000, 96.0000, 1.175e-9
152.0000, 96.0000, 1.165e-9
154.0000, 96.0000, 1.161e-9
156.0000, 96.0000, 1.172e-9
158.0000, 96.0000, 1.176e-9
160.0000, 96.0000, 1.167e-9
162.0000, 96.0000, 1.171e-9
164.0000, 96.0000, 1.185e-9
166.0000, 96.0000, 1.186e-9
168.0000, 96.0000, 1.173e-9
170.0000, 96.0000, 1.179e-9
172.0000, 96.0000, 1.202e-9
174.0000, 96.0000, 1.208e-9
176.0000, 96.0000, 1.205e-9
178.0000, 96.0000, 1.212e-9
180.0000, 96.0000, 1.229e-9
182.0000, 96.0000, 1.227e-9
184.0000, 96.0000, 1.227e-9
186.0000, 96.0000, 1.242e-9
188.0000, 96.0000, 1.249e-9
190.0000, 96.0000, 1.235e-9
192.0000, 96.0000, 1.234e-9
194.0000, 96.0000, 1.245e-9
196.0000, 96.0000, 1.244e-9
198.0000, 96.0000, 1.229e-9
200.0000, 96.0000, 1.221e-9
202.0000, 96.0000, 1.227e-9
204.0000, 96.0000, 1.226e-9
206.0000, 96.0000, 1.219e-9
208.0000, 96.0000, 1.219e-9
210.0000, 96.0000, 1.225e-9
212.0000, 96.0000, 1.218e-9
214.0000, 96.0000, 1.210e-9
216.0000, 96.0000, 1.217e-9
218.0000, 96.0000, 1.224e-9
220.0000, 96.0000, 1.217e-9
222.0000, 96.0000, 1.217e-9
224.0000, 96.0000, 1.221e-9
226.0000, 96.0000, 1.214e-9
228.0000, 96.0000, 1.210e-9
230.0000, 96.0000, 1.225e-9
232.0000, 96.0000, 1.228e-9
234.0000, 96.0000, 1.217e-9
236.0000, 96.0000, 1.226e-9
238.0000, 96.0000, 1.247e-9
240.0000, 96.0000, 1.242e-9
242.0000, 96.0000, 1.230e-9
244.0000, 96.0000, 1.242e-9
246.0000, 96.0000, 1.251e-9
248.0000, 96.0000, 1.245e-9
0.0000, 98.0000, 1.295e-9
2.0000, 98.0000, 1.206e-9
4.0000, 98.0000, 1.171e-9
6.0000, 98.0000, 1.163e-9
8.0000, 98.0000, 1.116e-9
10.0000, 98.0000, 1.099e-9
12.0000, 98.0000, 1.153e-9
14.0000, 98.0000, 1.131e-9
16.0000, 98.0000, 1.088e-9
18.0000, 98.0000, 1.091e-9
20.0000, 98.0000, 1.068e-9
22.0000, 98.0000, 1.023e-9
24.0000, 98.0000, 1.017e-9
26.0000, 98.0000, 1.016e-9
28.0000, 98.0000, 9.903e-10
30.0000, 98.0000, 9.677e-10
32.0000, 98.0000, 9.452e-10
34.0000, 98.0000, 9.351e-10
36.0000, 98.0000, 9.314e-10
38.0000, 98.0000, 9.283e-10
40.0000, 98.0000, 9.501e-10
42.0000, 98.0000, 9.514e-10
44.0000, 98.0000, 9.398e-10
46.0000, 98.0000, 9.613e-10
48.0000, 98.0000, 9.822e-10
50.0000, 98.0000, 9.686e-10
52.0000, 98.0000, 9.689e-10
54.0000, 98.0000, 9.735e-10
56.0000, 98.0000, 9.602e-10
58.0000, 98.0000, 9.546e-10
60.0000, 98.0000, 9.682e-10
62.0000, 98.0000, 9.658e-10
64.0000, 98.0000, 9.535e-10
66.0000, 98.0000, 9.489e-10
68.0000, 98.0000, 9.577e-10
70.0000, 98.0000, 9.691e-10
72.0000, 98.0000, 9.634e-10
74.0000, 98.0000, 9.666e-10
76.0000, 98.0000, 9.808e-10
78.0000, 98.0000, 9.822e-10
80.0000, 98.0000, 9.799e-10
82.0000, 98.0000, 1.016e-9
84.0000, 98.0000, 1.026e-9
86.0000, 98.0000, 1.009e-9
88.0000, 98.0000, 1.010e-9
90.0000, 98.0000, 1.032e-9
92.0000, 98.0000, 1.034e-9
94.0000, 98.0000, 1.031e-9
96.0000, 98.0000, 1.035e-9
98.0000, 98.0000, 1.043e-9
100.0000, 98.0000, 1.048e-9
102.0000, 98.0000, 1.048e-9
104.0000, 98.0000, 1.065e-9
106.0000, 98.0000, 1.089e-9
108.0000, 98.0000, 1.090e-9
110.0000, 98.0000, 1.083e-9
112.0000, 98.0000, 1.109e-9
114.0000, 98.0000, 1.115e-9
116.0000, 98.0000, 1.102e-9
118.0000, 98.0000, 1.109e-9
120.0000, 98.0000, 1.127e-9
122.0000, 98.0000, 1.129e-9
124.0000, 98.0000, 1.133e-9
126.0000, 98.0000, 1.142e-9
128.0000, 98.0000, 1.145e-9
130.0000, 98.0000, 1.149e-9
132.0000, 98.0000, 1.154e-9
134.0000, 98.0000, 1.150e-9
136.0000, 98.0000, 1.148e-9
138.0000, 98.0000, 1.152e-9
140.0000, 98.0000, 1.156e-9
142.0000, 98.0000, 1.157e-9
144.0000, 98.0000, 1.150e-9
146.0000, 98.0000, 1.143e-9
148.0000, 98.0000, 1.151e-9
150.0000, 98.0000, 1.168e-9
152.0000, 98.0000, 1.165e-9
154.0000, 98.0000, 1.163e-9
156.0000, 98.0000, 1.173e-9
158.0000, 98.0000, 1.179e-9
160.0000, 98.0000, 1.170e-9
162.0000, 98.0000, 1.171e-9
164.0000, 98.0000, 1.182e-9
166.0000, 98.0000, 1.189e-9
168.0000, 98.0000, 1.189e-9
170.0000, 98.0000, 1.189e-9
172.0000, 98.0000, 1.202e-9
174.0000, 98.0000, 1.212e-9
176.0000, 98.0000, 1.211e-9
178.0000, 98.0000, 1.211e-9
180.0000, 98.0000, 1.226e-9
182.0000, 98.0000, 1.226e-9
184.0000, 98.0000, 1.227e-9
186.0000, 98.0000, 1.241e-9
188.0000, 98.0000, 1.251e-9
190.0000, 98.0000, 1.238e-9
192.0000, 98.0000, 1.241e-9
194.0000, 98.0000, 1.252e-9
196.0000, 98.0000, 1.246e-9
198.0000, 98.0000, 1.229e-9
200.0000, 98.0000, 1.224e-9
202.0000, 98.0000, 1.237e-9
204.0000, 98.0000, 1.239e-9
206.0000, 98.0000, 1.226e-9
208.0000, 98.0000, 1.219e-9
210.0000, 98.0000, 1.226e-9
212.0000, 98.0000, 1.219e-9
214.0000, 98.0000, 1.214e-9
216.0000, 98.0000, 1.226e-9
218.0000, 98.0000, 1.231e-9
220.0000, 98.0000, 1.220e-9
222.0000, 98.0000, 1.221e-9
224.0000, 98.0000, 1.231e-9
226.0000, 98.0000, 1.228e-9
228.0000, 98.0000, 1.219e-9
230.0000, 98.0000, 1.231e-9
232.0000, 98.0000, 1.236e-9
234.0000, 98.0000, 1.225e-9
236.0000, 98.0000, 1.222e-9
238.0000, 98.0000, 1.228e-9
240.0000, 98.0000, 1.226e-9
242.0000, 98.0000, 1.216e-9
244.0000, 98.0000, 1.224e-9
246.0000, 98.0000, 1.243e-9
248.0000, 98.0000, 1.250e-9
0.0000, 100.0000, 1.408e-9
2.0000, 100.0000, 1.308e-9
4.0000, 100.0000, 1.258e-9
6.0000, 100.0000, 1.208e-9
8.0000, 100.0000, 1.135e-9
10.0000, 100.0000, 1.072e-9
12.0000, 100.0000, 1.026e-9
14.0000, 100.0000, 1.014e-9
16.0000, 100.0000, 1.001e-9
18.0000, 100.0000, 9.872e-10
20.0000, 100.0000, 1.060e-9
22.0000, 100.0000, 1.091e-9
24.0000, 100.0000, 1.054e-9
26.0000, 100.0000, 1.079e-9
28.0000, 100.0000, 1.126e-9
30.0000, 100.0000, 1.093e-9
32.0000, 100.0000, 1.060e-9
34.0000, 100.0000, 1.053e-9
36.0000, 100.0000, 1.026e-9
38.0000, 100.0000, 1.000e-9
40.0000, 100.0000, 1.002e-9
42.0000, 100.0000, 9.846e-10
44.0000, 100.0000, 9.711e-10
46.0000, 100.0000, 9.577e-10
48.0000, 100.0000, 9.537e-10
50.0000, 100.0000, 9.853e-10
52.0000, 100.0000, 9.829e-10
54.0000, 100.0000, 9.776e-10
56.0000, 100.0000, 1.001e-9
58.0000, 100.0000, 1.003e-9
60.0000, 100.0000, 9.837e-10
62.0000, 100.0000, 1.003e-9
64.0000, 100.0000, 1.003e-9
66.0000, 100.0000, 9.826e-10
68.0000, 100.0000, 9.790e-10
70.0000, 100.0000, 9.797e-10
72.0000, 100.0000, 9.669e-10
74.0000, 100.0000, 9.584e-10
76.0000, 100.0000, 9.579e-10
78.0000, 100.0000, 9.649e-10
80.0000, 100.0000, 9.738e-10
82.0000, 100.0000, 9.818e-10
84.0000, 100.0000, 1.001e-9
86.0000, 100.0000, 1.006e-9
88.0000, 100.0000, 9.949e-10
90.0000, 100.0000, 1.009e-9
92.0000, 100.0000, 1.034e-9
94.0000, 100.0000, 1.028e-9
96.0000, 100.0000, 1.026e-9
98.0000, 100.0000, 1.044e-9
100.0000, 100.0000, 1.048e-9
102.0000, 100.0000, 1.041e-9
104.0000, 100.0000, 1.057e-9
106.0000, 100.0000, 1.071e-9
108.0000, 100.0000, 1.067e-9
110.0000, 100.0000, 1.069e-9
112.0000, 100.0000, 1.091e-9
114.0000, 100.0000, 1.094e-9
116.0000, 100.0000, 1.089e-9
118.0000, 100.0000, 1.101e-9
120.0000, 100.0000, 1.115e-9
122.0000, 100.0000, 1.115e-9
124.0000, 100.0000, 1.113e-9
126.0000, 100.0000, 1.126e-9
128.0000, 100.0000, 1.138e-9
130.0000, 100.0000, 1.132e-9
132.0000, 100.0000, 1.133e-9
134.0000, 100.0000, 1.138e-9
136.0000, 100.0000, 1.137e-9
138.0000, 100.0000, 1.143e-9
140.0000, 100.0000, 1.160e-9
142.0000, 100.0000, 1.161e-9
144.0000, 100.0000, 1.153e-9
146.0000, 100.0000, 1.147e-9
148.0000, 100.0000, 1.145e-9
150.0000, 100.0000, 1.148e-9
152.0000, 100.0000, 1.155e-9
154.0000, 100.0000, 1.164e-9
156.0000, 100.0000, 1.167e-9
158.0000, 100.0000, 1.160e-9
160.0000, 100.0000, 1.151e-9
162.0000, 100.0000, 1.155e-9
164.0000, 100.0000, 1.157e-9
166.0000, 100.0000, 1.156e-9
168.0000, 100.0000, 1.165e-9
170.0000, 100.0000, 1.186e-9
172.0000, 100.0000, 1.197e-9
174.0000, 100.0000, 1.200e-9
176.0000, 100.0000, 1.205e-9
178.0000, 100.0000, 1.210e-9
180.0000, 100.0000, 1.209e-9
182.0000, 100.0000, 1.205e-9
184.0000, 100.0000, 1.216e-9
186.0000, 100.0000, 1.230e-9
188.0000, 100.0000, 1.231e-9
190.0000, 100.0000, 1.221e-9
192.0000, 100.0000, 1.219e-9
194.0000, 100.0000, 1.222e-9
196.0000, 100.0000, 1.218e-9
198.0000, 100.0000, 1.211e-9
200.0000, 100.0000, 1.209e-9
202.0000, 100.0000, 1.221e-9
204.0000, 100.0000, 1.221e-9
206.0000, 100.0000, 1.214e-9
208.0000, 100.0000, 1.216e-9
210.0000, 100.0000, 1.215e-9
212.0000, 100.0000, 1.202e-9
214.0000, 100.0000, 1.206e-9
216.0000, 100.0000, 1.220e-9
218.0000, 100.0000, 1.216e-9
220.0000, 100.0000, 1.204e-9
222.0000, 100.0000, 1.221e-9
224.0000, 100.0000, 1.230e-9
226.0000, 100.0000, 1.218e-9
228.0000, 100.0000, 1.210e-9
230.0000, 100.0000, 1.225e-9
232.0000, 100.0000, 1.221e-9
234.0000, 100.0000, 1.208e-9
236.0000, 100.0000, 1.205e-9
238.0000, 100.0000, 1.218e-9
240.0000, 100.0000, 1.225e-9
242.0000, 100.0000, 1.219e-9
244.0000, 100.0000, 1.225e-9
246.0000, 100.0000, 1.241e-9
248.0000, 100.0000, 1.245e-9
0.0000, 102.0000, 1.382e-9
2.0000, 102.0000, 1.305e-9
4.0000, 102.0000, 1.246e-9
6.0000, 102.0000, 1.227e-9
8.0000, 102.0000, 1.184e-9
10.0000, 102.0000, 1.142e-9
12.0000, 102.0000, 1.205e-9
14.0000, 102.0000, 1.207e-9
16.0000, 102.0000, 1.148e-9
18.0000, 102.0000, 1.162e-9
20.0000, 102.0000, 1.181e-9
22.0000, 102.0000, 1.130e-9
24.0000, 102.0000, 1.126e-9
26.0000, 102.0000, 1.143e-9
28.0000, 102.0000, 1.103e-9
30.0000, 102.0000, 1.060e-9
32.0000, 102.0000, 1.031e-9
34.0000, 102.0000, 9.987e-10
36.0000, 102.0000, 9.688e-10
38.0000, 102.0000, 9.454e-10
40.0000, 102.0000, 9.641e-10
42.0000, 102.0000, 1.001e-9
44.0000, 102.0000, 9.887e-10
46.0000, 102.0000, 9.834e-10
48.0000, 102.0000, 1.004e-9
50.0000, 102.0000, 9.902e-10
52.0000, 102.0000, 9.871e-10
54.0000, 102.0000, 1.020e-9
56.0000, 102.0000, 1.016e-9
58.0000, 102.0000, 1.005e-9
60.0000, 102.0000, 1.031e-9
62.0000, 102.0000, 1.022e-9
64.0000, 102.0000, 1.007e-9
66.0000, 102.0000, 1.007e-9
68.0000, 102.0000, 1.000e-9
70.0000, 102.0000, 9.961e-10
72.0000, 102.0000, 9.919e-10
74.0000, 102.0000, 9.784e-10
76.0000, 102.0000, 9.891e-10
78.0000, 102.0000, 1.013e-9
80.0000, 102.0000, 1.001e-9
82.0000, 102.0000, 1.024e-9
84.0000, 102.0000, 1.062e-9
86.0000, 102.0000, 1.061e-9
88.0000, 102.0000, 1.048e-9
90.0000, 102.0000, 1.062e-9
92.0000, 102.0000, 1.061e-9
94.0000, 102.0000, 1.052e-9
96.0000, 102.0000, 1.044e-9
98.0000, 102.0000, 1.042e-9
100.0000, 102.0000, 1.058e-9
102.0000, 102.0000, 1.059e-9
104.0000, 102.0000, 1.057e-9
106.0000, 102.0000, 1.079e-9
108.0000, 102.0000, 1.099e-9
110.0000, 102.0000, 1.084e-9
112.0000, 102.0000, 1.111e-9
114.0000, 102.0000, 1.142e-9
116.0000, 102.0000, 1.128e-9
118.0000, 102.0000, 1.120e-9
120.0000, 102.0000, 1.158e-9
122.0000, 102.0000, 1.164e-9
124.0000, 102.0000, 1.148e-9
126.0000, 102.0000, 1.145e-9
128.0000, 102.0000, 1.150e-9
130.0000, 102.0000, 1.151e-9
132.0000, 102.0000, 1.157e-9
134.0000, 102.0000, 1.161e-9
136.0000, 102.0000, 1.161e-9
138.0000, 102.0000, 1.165e-9
140.0000, 102.0000, 1.175e-9
142.0000, 102.0000, 1.180e-9
144.0000, 102.0000, 1.184e-9
146.0000, 102.0000, 1.177e-9
148.0000, 102.0000, 1.164e-9
150.0000, 102.0000, 1.174e-9
152.0000, 102.0000, 1.178e-9
154.0000, 102.0000, 1.169e-9
156.0000, 102.0000, 1.170e-9
158.0000, 102.0000, 1.177e-9
160.0000, 102.0000, 1.169e-9
162.0000, 102.0000, 1.170e-9
164.0000, 102.0000, 1.178e-9
166.0000, 102.0000, 1.180e-9
168.0000, 102.0000, 1.181e-9
170.0000, 102.0000, 1.188e-9
172.0000, 102.0000, 1.193e-9
174.0000, 102.0000, 1.196e-9
176.0000, 102.0000, 1.200e-9
178.0000, 102.0000, 1.206e-9
180.0000, 102.0000, 1.212e-9
182.0000, 102.0000, 1.220e-9
184.0000, 102.0000, 1.224e-9
186.0000, 102.0000, 1.228e-9
188.0000, 102.0000, 1.234e-9
190.0000, 102.0000, 1.231e-9
192.0000, 102.0000, 1.230e-9
194.0000, 102.0000, 1.236e-9
196.0000, 102.0000, 1.232e-9
198.0000, 102.0000, 1.217e-9
200.0000, 102.0000, 1.215e-9
202.0000, 102.0000, 1.226e-9
204.0000, 102.0000, 1.220e-9
206.0000, 102.0000, 1.212e-9
208.0000, 102.0000, 1.220e-9
210.0000, 102.0000, 1.225e-9
212.0000, 102.0000, 1.212e-9
214.0000, 102.0000, 1.214e-9
216.0000, 102.0000, 1.229e-9
218.0000, 102.0000, 1.227e-9
220.0000, 102.0000, 1.211e-9
222.0000, 102.0000, 1.224e-9
224.0000, 102.0000, 1.236e-9
226.0000, 102.0000, 1.226e-9
228.0000, 102.0000, 1.216e-9
230.0000, 102.0000, 1.225e-9
232.0000, 102.0000, 1.226e-9
234.0000, 102.0000, 1.221e-9
236.0000, 102.0000, 1.225e-9
238.0000, 102.0000, 1.230e-9
240.0000, 102.0000, 1.226e-9
242.0000, 102.0000, 1.219e-9
244.0000, 102.0000, 1.226e-9
246.0000, 102.0000, 1.239e-9
248.0000, 102.0000, 1.242e-9
0.0000, 104.0000, 1.345e-9
2.0000, 104.0000, 1.270e-9
4.0000, 104.0000, 1.195e-9
6.0000, 104.0000, 1.148e-9
8.0000, 104.0000, 1.102e-9
10.0000, 104.0000, 1.073e-9
12.0000, 104.0000, 1.116e-9
14.0000, 104.0000, 1.105e-9
16.0000, 104.0000, 1.073e-9
18.0000, 104.0000, 1.093e-9
20.0000, 104.0000, 1.086e-9
22.0000, 104.0000, 1.043e-9
24.0000, 104.0000, 1.026e-9
26.0000, 104.0000, 1.012e-9
28.0000, 104.0000, 9.854e-10
30.0000, 104.0000, 9.727e-10
32.0000, 104.0000, 9.544e-10
34.0000, 104.0000, 9.390e-10
36.0000, 104.0000, 9.340e-10
38.0000, 104.0000, 9.314e-10
40.0000, 104.0000, 9.401e-10
42.0000, 104.0000, 9.501e-10
44.0000, 104.0000, 9.422e-10
46.0000, 104.0000, 9.547e-10
48.0000, 104.0000, 9.776e-10
50.0000, 104.0000, 9.682e-10
52.0000, 104.0000, 9.718e-10
54.0000, 104.0000, 9.932e-10
56.0000, 104.0000, 9.878e-10
58.0000, 104.0000, 9.778e-10
60.0000, 104.0000, 9.961e-10
62.0000, 104.0000, 9.918e-10
64.0000, 104.0000, 9.882e-10
66.0000, 104.0000, 9.980e-10
68.0000, 104.0000, 9.964e-10
70.0000, 104.0000, 1.001e-9
72.0000, 104.0000, 1.010e-9
74.0000, 104.0000, 9.989e-10
76.0000, 104.0000, 1.004e-9
78.0000, 104.0000, 1.024e-9
80.0000, 104.0000, 1.018e-9
82.0000, 104.0000, 1.033e-9
84.0000, 104.0000, 1.044e-9
86.0000, 104.0000, 1.040e-9
88.0000, 104.0000, 1.047e-9
90.0000, 104.0000, 1.071e-9
92.0000, 104.0000, 1.067e-9
94.0000, 104.0000, 1.064e-9
96.0000, 104.0000, 1.070e-9
98.0000, 104.0000, 1.066e-9
100.0000, 104.0000, 1.062e-9
102.0000, 104.0000, 1.083e-9
104.0000, 104.0000, 1.103e-9
106.0000, 104.0000, 1.106e-9
108.0000, 104.0000, 1.098e-9
110.0000, 104.0000, 1.096e-9
112.0000, 104.0000, 1.113e-9
114.0000, 104.0000, 1.119e-9
116.0000, 104.0000, 1.115e-9
118.0000, 104.0000, 1.124e-9
120.0000, 104.0000, 1.142e-9
122.0000, 104.0000, 1.149e-9
124.0000, 104.0000, 1.153e-9
126.0000, 104.0000, 1.160e-9
128.0000, 104.0000, 1.160e-9
130.0000, 104.0000, 1.160e-9
132.0000, 104.0000, 1.179e-9
134.0000, 104.0000, 1.183e-9
136.0000, 104.0000, 1.166e-9
138.0000, 104.0000, 1.159e-9
140.0000, 104.0000, 1.184e-9
142.0000, 104.0000, 1.187e-9
144.0000, 104.0000, 1.185e-9
146.0000, 104.0000, 1.189e-9
148.0000, 104.0000, 1.188e-9
150.0000, 104.0000, 1.182e-9
152.0000, 104.0000, 1.179e-9
154.0000, 104.0000, 1.176e-9
156.0000, 104.0000, 1.178e-9
158.0000, 104.0000, 1.183e-9
160.0000, 104.0000, 1.185e-9
162.0000, 104.0000, 1.184e-9
164.0000, 104.0000, 1.186e-9
166.0000, 104.0000, 1.185e-9
168.0000, 104.0000, 1.185e-9
170.0000, 104.0000, 1.201e-9
172.0000, 104.0000, 1.215e-9
174.0000, 104.0000, 1.219e-9
176.0000, 104.0000, 1.224e-9
178.0000, 104.0000, 1.231e-9
180.0000, 104.0000, 1.230e-9
182.0000, 104.0000, 1.226e-9
184.0000, 104.0000, 1.236e-9
186.0000, 104.0000, 1.247e-9
188.0000, 104.0000, 1.245e-9
190.0000, 104.0000, 1.236e-9
192.0000, 104.0000, 1.247e-9
194.0000, 104.0000, 1.250e-9
196.0000, 104.0000, 1.242e-9
198.0000, 104.0000, 1.239e-9
200.0000, 104.0000, 1.245e-9
202.0000, 104.0000, 1.245e-9
204.0000, 104.0000, 1.229e-9
206.0000, 104.0000, 1.225e-9
208.0000, 104.0000, 1.251e-9
210.0000, 104.0000, 1.258e-9
212.0000, 104.0000, 1.240e-9
214.0000, 104.0000, 1.247e-9
216.0000, 104.0000, 1.266e-9
218.0000, 104.0000, 1.259e-9
220.0000, 104.0000, 1.240e-9
222.0000, 104.0000, 1.247e-9
224.0000, 104.0000, 1.250e-9
226.0000, 104.0000, 1.235e-9
228.0000, 104.0000, 1.227e-9
230.0000, 104.0000, 1.240e-9
232.0000, 104.0000, 1.240e-9
234.0000, 104.0000, 1.233e-9
236.0000, 104.0000, 1.238e-9
238.0000, 104.0000, 1.247e-9
240.0000, 104.0000, 1.243e-9
242.0000, 104.0000, 1.230e-9
244.0000, 104.0000, 1.232e-9
246.0000, 104.0000, 1.253e-9
248.0000, 104.0000, 1.261e-9
0.0000, 106.0000, 1.281e-9
2.0000, 106.0000, 1.212e-9
4.0000, 106.0000, 1.171e-9
6.0000, 106.0000, 1.166e-9
8.0000, 106.0000, 1.131e-9
10.0000, 106.0000, 1.097e-9
12.0000, 106.0000, 1.142e-9
14.0000, 106.0000, 1.132e-9
16.0000, 106.0000, 1.093e-9
18.0000, 106.0000, 1.117e-9
20.0000, 106.0000, 1.111e-9
22.0000, 106.0000, 1.063e-9
24.0000, 106.0000, 1.047e-9
26.0000, 106.0000, 1.037e-9
28.0000, 106.0000, 1.010e-9
30.0000, 106.0000, 9.980e-10
32.0000, 106.0000, 9.803e-10
34.0000, 106.0000, 9.691e-10
36.0000, 106.0000, 9.766e-10
38.0000, 106.0000, 9.729e-10
40.0000, 106.0000, 9.830e-10
42.0000, 106.0000, 9.972e-10
44.0000, 106.0000, 9.815e-10
46.0000, 106.0000, 9.825e-10
48.0000, 106.0000, 1.015e-9
50.0000, 106.0000, 1.011e-9
52.0000, 106.0000, 1.002e-9
54.0000, 106.0000, 1.016e-9
56.0000, 106.0000, 1.012e-9
58.0000, 106.0000, 9.959e-10
60.0000, 106.0000, 1.010e-9
62.0000, 106.0000, 1.012e-9
64.0000, 106.0000, 1.003e-9
66.0000, 106.0000, 1.005e-9
68.0000, 106.0000, 1.002e-9
70.0000, 106.0000, 1.006e-9
72.0000, 106.0000, 1.021e-9
74.0000, 106.0000, 1.014e-9
76.0000, 106.0000, 1.018e-9
78.0000, 106.0000, 1.043e-9
80.0000, 106.0000, 1.044e-9
82.0000, 106.0000, 1.049e-9
84.0000, 106.0000, 1.076e-9
86.0000, 106.0000, 1.081e-9
88.0000, 106.0000, 1.072e-9
90.0000, 106.0000, 1.099e-9
92.0000, 106.0000, 1.105e-9
94.0000, 106.0000, 1.091e-9
96.0000, 106.0000, 1.096e-9
98.0000, 106.0000, 1.111e-9
100.0000, 106.0000, 1.101e-9
102.0000, 106.0000, 1.106e-9
104.0000, 106.0000, 1.122e-9
106.0000, 106.0000, 1.121e-9
108.0000, 106.0000, 1.112e-9
110.0000, 106.0000, 1.123e-9
112.0000, 106.0000, 1.142e-9
114.0000, 106.0000, 1.145e-9
116.0000, 106.0000, 1.138e-9
118.0000, 106.0000, 1.142e-9
120.0000, 106.0000, 1.159e-9
122.0000, 106.0000, 1.161e-9
124.0000, 106.0000, 1.157e-9
126.0000, 106.0000, 1.171e-9
128.0000, 106.0000, 1.184e-9
130.0000, 106.0000, 1.180e-9
132.0000, 106.0000, 1.187e-9
134.0000, 106.0000, 1.187e-9
136.0000, 106.0000, 1.182e-9
138.0000, 106.0000, 1.194e-9
140.0000, 106.0000, 1.219e-9
142.0000, 106.0000, 1.212e-9
144.0000, 106.0000, 1.207e-9
146.0000, 106.0000, 1.217e-9
148.0000, 106.0000, 1.217e-9
150.0000, 106.0000, 1.200e-9
152.0000, 106.0000, 1.202e-9
154.0000, 106.0000, 1.214e-9
156.0000, 106.0000, 1.211e-9
158.0000, 106.0000, 1.201e-9
160.0000, 106.0000, 1.201e-9
162.0000, 106.0000, 1.205e-9
164.0000, 106.0000, 1.202e-9
166.0000, 106.0000, 1.199e-9
168.0000, 106.0000, 1.207e-9
170.0000, 106.0000, 1.220e-9
172.0000, 106.0000, 1.225e-9
174.0000, 106.0000, 1.228e-9
176.0000, 106.0000, 1.238e-9
178.0000, 106.0000, 1.246e-9
180.0000, 106.0000, 1.242e-9
182.0000, 106.0000, 1.240e-9
184.0000, 106.0000, 1.250e-9
186.0000, 106.0000, 1.259e-9
188.0000, 106.0000, 1.255e-9
190.0000, 106.0000, 1.250e-9
192.0000, 106.0000, 1.252e-9
194.0000, 106.0000, 1.258e-9
196.0000, 106.0000, 1.251e-9
198.0000, 106.0000, 1.241e-9
200.0000, 106.0000, 1.242e-9
202.0000, 106.0000, 1.248e-9
204.0000, 106.0000, 1.243e-9
206.0000, 106.0000, 1.237e-9
208.0000, 106.0000, 1.247e-9
210.0000, 106.0000, 1.250e-9
212.0000, 106.0000, 1.234e-9
214.0000, 106.0000, 1.238e-9
216.0000, 106.0000, 1.255e-9
218.0000, 106.0000, 1.249e-9
220.0000, 106.0000, 1.234e-9
222.0000, 106.0000, 1.248e-9
224.0000, 106.0000, 1.253e-9
226.0000, 106.0000, 1.241e-9
228.0000, 106.0000, 1.234e-9
230.0000, 106.0000, 1.239e-9
232.0000, 106.0000, 1.238e-9
234.0000, 106.0000, 1.231e-9
236.0000, 106.0000, 1.227e-9
238.0000, 106.0000, 1.230e-9
240.0000, 106.0000, 1.237e-9
242.0000, 106.0000, 1.231e-9
244.0000, 106.0000, 1.228e-9
246.0000, 106.0000, 1.237e-9
248.0000, 106.0000, 1.244e-9
0.0000, 108.0000, 1.384e-9
2.0000, 108.0000, 1.319e-9
4.0000, 108.0000, 1.240e-9
6.0000, 108.0000, 1.178e-9
8.0000, 108.0000, 1.124e-9
10.0000, 108.0000, 1.091e-9
12.0000, 108.0000, 1.136e-9
14.0000, 108.0000, 1.127e-9
16.0000, 108.0000, 1.089e-9
18.0000, 108.0000, 1.116e-9
20.0000, 108.0000, 1.122e-9
22.0000, 108.0000, 1.081e-9
24.0000, 108.0000, 1.079e-9
26.0000, 108.0000, 1.086e-9
28.0000, 108.0000, 1.056e-9
30.0000, 108.0000, 1.046e-9
32.0000, 108.0000, 1.041e-9
34.0000, 108.0000, 1.018e-9
36.0000, 108.0000, 1.010e-9
38.0000, 108.0000, 1.003e-9
40.0000, 108.0000, 9.940e-10
42.0000, 108.0000, 9.960e-10
44.0000, 108.0000, 9.859e-10
46.0000, 108.0000, 9.818e-10
48.0000, 108.0000, 9.912e-10
50.0000, 108.0000, 9.872e-10
52.0000, 108.0000, 9.893e-10
54.0000, 108.0000, 1.015e-9
56.0000, 108.0000, 1.017e-9
58.0000, 108.0000, 1.010e-9
60.0000, 108.0000, 1.037e-9
62.0000, 108.0000, 1.040e-9
64.0000, 108.0000, 1.021e-9
66.0000, 108.0000, 1.025e-9
68.0000, 108.0000, 1.042e-9
70.0000, 108.0000, 1.038e-9
72.0000, 108.0000, 1.031e-9
74.0000, 108.0000, 1.028e-9
76.0000, 108.0000, 1.036e-9
78.0000, 108.0000, 1.050e-9
80.0000, 108.0000, 1.050e-9
82.0000, 108.0000, 1.062e-9
84.0000, 108.0000, 1.090e-9
86.0000, 108.0000, 1.094e-9
88.0000, 108.0000, 1.081e-9
90.0000, 108.0000, 1.101e-9
92.0000, 108.0000, 1.124e-9
94.0000, 108.0000, 1.110e-9
96.0000, 108.0000, 1.098e-9
98.0000, 108.0000, 1.114e-9
100.0000, 108.0000, 1.116e-9
102.0000, 108.0000, 1.110e-9
104.0000, 108.0000, 1.120e-9
106.0000, 108.0000, 1.133e-9
108.0000, 108.0000, 1.132e-9
110.0000, 108.0000, 1.127e-9
112.0000, 108.0000, 1.146e-9
114.0000, 108.0000, 1.156e-9
116.0000, 108.0000, 1.150e-9
118.0000, 108.0000, 1.151e-9
120.0000, 108.0000, 1.170e-9
122.0000, 108.0000, 1.177e-9
124.0000, 108.0000, 1.178e-9
126.0000, 108.0000, 1.183e-9
128.0000, 108.0000, 1.192e-9
130.0000, 108.0000, 1.196e-9
132.0000, 108.0000, 1.193e-9
134.0000, 108.0000, 1.191e-9
136.0000, 108.0000, 1.190e-9
138.0000, 108.0000, 1.192e-9
140.0000, 108.0000, 1.203e-9
142.0000, 108.0000, 1.202e-9
144.0000, 108.0000, 1.204e-9
146.0000, 108.0000, 1.212e-9
148.0000, 108.0000, 1.209e-9
150.0000, 108.0000, 1.199e-9
152.0000, 108.0000, 1.202e-9
154.0000, 108.0000, 1.206e-9
156.0000, 108.0000, 1.202e-9
158.0000, 108.0000, 1.201e-9
160.0000, 108.0000, 1.209e-9
162.0000, 108.0000, 1.209e-9
164.0000, 108.0000, 1.203e-9
166.0000, 108.0000, 1.201e-9
168.0000, 108.0000, 1.206e-9
170.0000, 108.0000, 1.216e-9
172.0000, 108.0000, 1.228e-9
174.0000, 108.0000, 1.237e-9
176.0000, 108.0000, 1.241e-9
178.0000, 108.0000, 1.241e-9
180.0000, 108.0000, 1.239e-9
182.0000, 108.0000, 1.241e-9
184.0000, 108.0000, 1.250e-9
186.0000, 108.0000, 1.260e-9
188.0000, 108.0000, 1.260e-9
190.0000, 108.0000, 1.253e-9
192.0000, 108.0000, 1.258e-9
194.0000, 108.0000, 1.257e-9
196.0000, 108.0000, 1.249e-9
198.0000, 108.0000, 1.248e-9
200.0000, 108.0000, 1.250e-9
202.0000, 108.0000, 1.250e-9
204.0000, 108.0000, 1.246e-9
206.0000, 108.0000, 1.242e-9
208.0000, 108.0000, 1.245e-9
210.0000, 108.0000, 1.246e-9
212.0000, 108.0000, 1.236e-9
214.0000, 108.0000, 1.237e-9
216.0000, 108.0000, 1.250e-9
218.0000, 108.0000, 1.248e-9
220.0000, 108.0000, 1.238e-9
222.0000, 108.0000, 1.249e-9
224.0000, 108.0000, 1.255e-9
226.0000, 108.0000, 1.247e-9
228.0000, 108.0000, 1.244e-9
230.0000, 108.0000, 1.254e-9
232.0000, 108.0000, 1.249e-9
234.0000, 108.0000, 1.242e-9
236.0000, 108.0000, 1.248e-9
238.0000, 108.0000, 1.253e-9
240.0000, 108.0000, 1.246e-9
242.0000, 108.0000, 1.239e-9
244.0000, 108.0000, 1.239e-9
246.0000, 108.0000, 1.252e-9
248.0000, 108.0000, 1.261e-9
0.0000, 110.0000, 1.423e-9
2.0000, 110.0000, 1.333e-9
4.0000, 110.0000, 1.243e-9
6.0000, 110.0000, 1.198e-9
8.0000, 110.0000, 1.161e-9
10.0000, 110.0000, 1.116e-9
12.0000, 110.0000, 1.151e-9
14.0000, 110.0000, 1.149e-9
16.0000, 110.0000, 1.098e-9
18.0000, 110.0000, 1.124e-9
20.0000, 110.0000, 1.190e-9
22.0000, 110.0000, 1.161e-9
24.0000, 110.0000, 1.148e-9
26.0000, 110.0000, 1.173e-9
28.0000, 110.0000, 1.146e-9
30.0000, 110.0000, 1.101e-9
32.0000, 110.0000, 1.093e-9
34.0000, 110.0000, 1.071e-9
36.0000, 110.0000, 1.042e-9
38.0000, 110.0000, 1.018e-9
40.0000, 110.0000, 9.958e-10
42.0000, 110.0000, 1.004e-9
44.0000, 110.0000, 9.946e-10
46.0000, 110.0000, 9.805e-10
48.0000, 110.0000, 1.007e-9
50.0000, 110.0000, 1.030e-9
52.0000, 110.0000, 1.009e-9
54.0000, 110.0000, 1.030e-9
56.0000, 110.0000, 1.062e-9
58.0000, 110.0000, 1.048e-9
60.0000, 110.0000, 1.042e-9
62.0000, 110.0000, 1.067e-9
64.0000, 110.0000, 1.056e-9
66.0000, 110.0000, 1.041e-9
68.0000, 110.0000, 1.054e-9
70.0000, 110.0000, 1.059e-9
72.0000, 110.0000, 1.054e-9
74.0000, 110.0000, 1.047e-9
76.0000, 110.0000, 1.043e-9
78.0000, 110.0000, 1.050e-9
80.0000, 110.0000, 1.057e-9
82.0000, 110.0000, 1.050e-9
84.0000, 110.0000, 1.060e-9
86.0000, 110.0000, 1.076e-9
88.0000, 110.0000, 1.070e-9
90.0000, 110.0000, 1.068e-9
92.0000, 110.0000, 1.093e-9
94.0000, 110.0000, 1.089e-9
96.0000, 110.0000, 1.076e-9
98.0000, 110.0000, 1.095e-9
100.0000, 110.0000, 1.112e-9
102.0000, 110.0000, 1.104e-9
104.0000, 110.0000, 1.112e-9
106.0000, 110.0000, 1.124e-9
108.0000, 110.0000, 1.122e-9
110.0000, 110.0000, 1.119e-9
112.0000, 110.0000, 1.131e-9
114.0000, 110.0000, 1.131e-9
116.0000, 110.0000, 1.127e-9
118.0000, 110.0000, 1.136e-9
120.0000, 110.0000, 1.150e-9
122.0000, 110.0000, 1.154e-9
124.0000, 110.0000, 1.160e-9
126.0000, 110.0000, 1.167e-9
128.0000, 110.0000, 1.172e-9
130.0000, 110.0000, 1.174e-9
132.0000, 110.0000, 1.172e-9
134.0000, 110.0000, 1.181e-9
136.0000, 110.0000, 1.191e-9
138.0000, 110.0000, 1.188e-9
140.0000, 110.0000, 1.185e-9
142.0000, 110.0000, 1.195e-9
144.0000, 110.0000, 1.192e-9
146.0000, 110.0000, 1.181e-9
148.0000, 110.0000, 1.181e-9
150.0000, 110.0000, 1.196e-9
152.0000, 110.0000, 1.198e-9
154.0000, 110.0000, 1.189e-9
156.0000, 110.0000, 1.187e-9
158.0000, 110.0000, 1.194e-9
160.0000, 110.0000, 1.198e-9
162.0000, 110.0000, 1.193e-9
164.0000, 110.0000, 1.195e-9
166.0000, 110.0000, 1.208e-9
168.0000, 110.0000, 1.211e-9
170.0000, 110.0000, 1.203e-9
172.0000, 110.0000, 1.213e-9
174.0000, 110.0000, 1.225e-9
176.0000, 110.0000, 1.223e-9
178.0000, 110.0000, 1.223e-9
180.0000, 110.0000, 1.237e-9
182.0000, 110.0000, 1.239e-9
184.0000, 110.0000, 1.240e-9
186.0000, 110.0000, 1.252e-9
188.0000, 110.0000, 1.257e-9
190.0000, 110.0000, 1.248e-9
192.0000, 110.0000, 1.251e-9
194.0000, 110.0000, 1.258e-9
196.0000, 110.0000, 1.256e-9
198.0000, 110.0000, 1.248e-9
200.0000, 110.0000, 1.243e-9
202.0000, 110.0000, 1.245e-9
204.0000, 110.0000, 1.247e-9
206.0000, 110.0000, 1.242e-9
208.0000, 110.0000, 1.237e-9
210.0000, 110.0000, 1.246e-9
212.0000, 110.0000, 1.246e-9
214.0000, 110.0000, 1.239e-9
216.0000, 110.0000, 1.244e-9
218.0000, 110.0000, 1.247e-9
220.0000, 110.0000, 1.236e-9
222.0000, 110.0000, 1.233e-9
224.0000, 110.0000, 1.240e-9
226.0000, 110.0000, 1.240e-9
228.0000, 110.0000, 1.236e-9
230.0000, 110.0000, 1.238e-9
232.0000, 110.0000, 1.234e-9
234.0000, 110.0000, 1.239e-9
236.0000, 110.0000, 1.243e-9
238.0000, 110.0000, 1.237e-9
240.0000, 110.0000, 1.234e-9
242.0000, 110.0000, 1.248e-9
244.0000, 110.0000, 1.255e-9
246.0000, 110.0000, 1.249e-9
248.0000, 110.0000, 1.248e-9
0.0000, 112.0000, 1.395e-9
2.0000, 112.0000, 1.299e-9
4.0000, 112.0000, 1.242e-9
6.0000, 112.0000, 1.189e-9
8.0000, 112.0000, 1.127e-9
10.0000, 112.0000, 1.070e-9
12.0000, 112.0000, 1.044e-9
14.0000, 112.0000, 1.027e-9
16.0000, 112.0000, 9.962e-10
18.0000, 112.0000, 9.949e-10
20.0000, 112.0000, 1.047e-9
22.0000, 112.0000, 1.040e-9
24.0000, 112.0000, 1.025e-9
26.0000, 112.0000, 1.091e-9
28.0000, 112.0000, 1.123e-9
30.0000, 112.0000, 1.090e-9
32.0000, 112.0000, 1.092e-9
34.0000, 112.0000, 1.084e-9
36.0000, 112.0000, 1.047e-9
38.0000, 112.0000, 1.036e-9
40.0000, 112.0000, 1.051e-9
42.0000, 112.0000, 1.031e-9
44.0000, 112.0000, 1.016e-9
46.0000, 112.0000, 1.007e-9
48.0000, 112.0000, 9.972e-10
50.0000, 112.0000, 1.017e-9
52.0000, 112.0000, 1.016e-9
54.0000, 112.0000, 1.003e-9
56.0000, 112.0000, 1.015e-9
58.0000, 112.0000, 1.018e-9
60.0000, 112.0000, 1.002e-9
62.0000, 112.0000, 1.025e-9
64.0000, 112.0000, 1.027e-9
66.0000, 112.0000, 1.013e-9
68.0000, 112.0000, 1.036e-9
70.0000, 112.0000, 1.055e-9
72.0000, 112.0000, 1.035e-9
74.0000, 112.0000, 1.042e-9
76.0000, 112.0000, 1.059e-9
78.0000, 112.0000, 1.048e-9
80.0000, 112.0000, 1.042e-9
82.0000, 112.0000, 1.066e-9
84.0000, 112.0000, 1.072e-9
86.0000, 112.0000, 1.063e-9
88.0000, 112.0000, 1.065e-9
90.0000, 112.0000, 1.074e-9
92.0000, 112.0000, 1.079e-9
94.0000, 112.0000, 1.078e-9
96.0000, 112.0000, 1.075e-9
98.0000, 112.0000, 1.085e-9
100.0000, 112.0000, 1.100e-9
102.0000, 112.0000, 1.097e-9
104.0000, 112.0000, 1.111e-9
106.0000, 112.0000, 1.135e-9
108.0000, 112.0000, 1.136e-9
110.0000, 112.0000, 1.125e-9
112.0000, 112.0000, 1.152e-9
114.0000, 112.0000, 1.163e-9
116.0000, 112.0000, 1.151e-9
118.0000, 112.0000, 1.152e-9
120.0000, 112.0000, 1.170e-9
122.0000, 112.0000, 1.164e-9
124.0000, 112.0000, 1.162e-9
126.0000, 112.0000, 1.168e-9
128.0000, 112.0000, 1.170e-9
130.0000, 112.0000, 1.179e-9
132.0000, 112.0000, 1.189e-9
134.0000, 112.0000, 1.180e-9
136.0000, 112.0000, 1.172e-9
138.0000, 112.0000, 1.186e-9
140.0000, 112.0000, 1.196e-9
142.0000, 112.0000, 1.186e-9
144.0000, 112.0000, 1.185e-9
146.0000, 112.0000, 1.193e-9
148.0000, 112.0000, 1.190e-9
150.0000, 112.0000, 1.182e-9
152.0000, 112.0000, 1.182e-9
154.0000, 112.0000, 1.192e-9
156.0000, 112.0000, 1.195e-9
158.0000, 112.0000, 1.190e-9
160.0000, 112.0000, 1.194e-9
162.0000, 112.0000, 1.208e-9
164.0000, 112.0000, 1.202e-9
166.0000, 112.0000, 1.195e-9
168.0000, 112.0000, 1.208e-9
170.0000, 112.0000, 1.220e-9
172.0000, 112.0000, 1.215e-9
174.0000, 112.0000, 1.224e-9
176.0000, 112.0000, 1.242e-9
178.0000, 112.0000, 1.245e-9
180.0000, 112.0000, 1.237e-9
182.0000, 112.0000, 1.240e-9
184.0000, 112.0000, 1.248e-9
186.0000, 112.0000, 1.253e-9
188.0000, 112.0000, 1.253e-9
190.0000, 112.0000, 1.246e-9
192.0000, 112.0000, 1.253e-9
194.0000, 112.0000, 1.257e-9
196.0000, 112.0000, 1.249e-9
198.0000, 112.0000, 1.244e-9
200.0000, 112.0000, 1.251e-9
202.0000, 112.0000, 1.249e-9
204.0000, 112.0000, 1.240e-9
206.0000, 112.0000, 1.241e-9
208.0000, 112.0000, 1.246e-9
210.0000, 112.0000, 1.241e-9
212.0000, 112.0000, 1.233e-9
214.0000, 112.0000, 1.239e-9
216.0000, 112.0000, 1.246e-9
218.0000, 112.0000, 1.237e-9
220.0000, 112.0000, 1.231e-9
222.0000, 112.0000, 1.243e-9
224.0000, 112.0000, 1.248e-9
226.0000, 112.0000, 1.241e-9
228.0000, 112.0000, 1.238e-9
230.0000, 112.0000, 1.242e-9
232.0000, 112.0000, 1.240e-9
234.0000, 112.0000, 1.236e-9
236.0000, 112.0000, 1.239e-9
238.0000, 112.0000, 1.243e-9
240.0000, 112.0000, 1.240e-9
242.0000, 112.0000, 1.235e-9
244.0000, 112.0000, 1.238e-9
246.0000, 112.0000, 1.243e-9
248.0000, 112.0000, 1.245e-9
0.0000, 114.0000, 1.307e-9
2.0000, 114.0000, 1.238e-9
4.0000, 114.0000, 1.167e-9
6.0000, 114.0000, 1.120e-9
8.0000, 114.0000, 1.079e-9
10.0000, 114.0000, 1.048e-9
12.0000, 114.0000, 1.068e-9
14.0000, 114.0000, 1.052e-9
16.0000, 114.0000, 1.035e-9
18.0000, 114.0000, 1.069e-9
20.0000, 114.0000, 1.071e-9
22.0000, 114.0000, 1.031e-9
24.0000, 114.0000, 1.023e-9
26.0000, 114.0000, 1.024e-9
28.0000, 114.0000, 9.981e-10
30.0000, 114.0000, 9.835e-10
32.0000, 114.0000, 9.762e-10
34.0000, 114.0000, 9.645e-10
36.0000, 114.0000, 9.622e-10
38.0000, 114.0000, 9.571e-10
40.0000, 114.0000, 9.576e-10
42.0000, 114.0000, 9.619e-10
44.0000, 114.0000, 9.539e-10
46.0000, 114.0000, 9.627e-10
48.0000, 114.0000, 9.809e-10
50.0000, 114.0000, 9.736e-10
52.0000, 114.0000, 9.766e-10
54.0000, 114.0000, 1.001e-9
56.0000, 114.0000, 1.000e-9
58.0000, 114.0000, 9.896e-10
60.0000, 114.0000, 1.010e-9
62.0000, 114.0000, 1.005e-9
64.0000, 114.0000, 9.907e-10
66.0000, 114.0000, 1.005e-9
68.0000, 114.0000, 1.019e-9
70.0000, 114.0000, 1.016e-9
72.0000, 114.0000, 1.020e-9
74.0000, 114.0000, 1.021e-9
76.0000, 114.0000, 1.020e-9
78.0000, 114.0000, 1.027e-9
80.0000, 114.0000, 1.033e-9
82.0000, 114.0000, 1.042e-9
84.0000, 114.0000, 1.061e-9
86.0000, 114.0000, 1.063e-9
88.0000, 114.0000, 1.060e-9
90.0000, 114.0000, 1.091e-9
92.0000, 114.0000, 1.102e-9
94.0000, 114.0000, 1.091e-9
96.0000, 114.0000, 1.096e-9
98.0000, 114.0000, 1.111e-9
100.0000, 114.0000, 1.105e-9
102.0000, 114.0000, 1.106e-9
104.0000, 114.0000, 1.118e-9
106.0000, 114.0000, 1.120e-9
108.0000, 114.0000, 1.116e-9
110.0000, 114.0000, 1.126e-9
112.0000, 114.0000, 1.141e-9
114.0000, 114.0000, 1.143e-9
116.0000, 114.0000, 1.139e-9
118.0000, 114.0000, 1.144e-9
120.0000, 114.0000, 1.156e-9
122.0000, 114.0000, 1.159e-9
124.0000, 114.0000, 1.168e-9
126.0000, 114.0000, 1.182e-9
128.0000, 114.0000, 1.180e-9
130.0000, 114.0000, 1.165e-9
132.0000, 114.0000, 1.172e-9
134.0000, 114.0000, 1.177e-9
136.0000, 114.0000, 1.171e-9
138.0000, 114.0000, 1.172e-9
140.0000, 114.0000, 1.192e-9
142.0000, 114.0000, 1.197e-9
144.0000, 114.0000, 1.194e-9
146.0000, 114.0000, 1.197e-9
148.0000, 114.0000, 1.201e-9
150.0000, 114.0000, 1.194e-9
152.0000, 114.0000, 1.191e-9
154.0000, 114.0000, 1.193e-9
156.0000, 114.0000, 1.190e-9
158.0000, 114.0000, 1.186e-9
160.0000, 114.0000, 1.193e-9
162.0000, 114.0000, 1.198e-9
164.0000, 114.0000, 1.195e-9
166.0000, 114.0000, 1.189e-9
168.0000, 114.0000, 1.191e-9
170.0000, 114.0000, 1.203e-9
172.0000, 114.0000, 1.211e-9
174.0000, 114.0000, 1.213e-9
176.0000, 114.0000, 1.222e-9
178.0000, 114.0000, 1.235e-9
180.0000, 114.0000, 1.234e-9
182.0000, 114.0000, 1.227e-9
184.0000, 114.0000, 1.236e-9
186.0000, 114.0000, 1.250e-9
188.0000, 114.0000, 1.248e-9
190.0000, 114.0000, 1.239e-9
192.0000, 114.0000, 1.252e-9
194.0000, 114.0000, 1.258e-9
196.0000, 114.0000, 1.248e-9
198.0000, 114.0000, 1.240e-9
200.0000, 114.0000, 1.248e-9
202.0000, 114.0000, 1.248e-9
204.0000, 114.0000, 1.239e-9
206.0000, 114.0000, 1.241e-9
208.0000, 114.0000, 1.253e-9
210.0000, 114.0000, 1.250e-9
212.0000, 114.0000, 1.236e-9
214.0000, 114.0000, 1.244e-9
216.0000, 114.0000, 1.255e-9
218.0000, 114.0000, 1.244e-9
220.0000, 114.0000, 1.235e-9
222.0000, 114.0000, 1.253e-9
224.0000, 114.0000, 1.257e-9
226.0000, 114.0000, 1.246e-9
228.0000, 114.0000, 1.245e-9
230.0000, 114.0000, 1.255e-9
232.0000, 114.0000, 1.251e-9
234.0000, 114.0000, 1.243e-9
236.0000, 114.0000, 1.241e-9
238.0000, 114.0000, 1.245e-9
240.0000, 114.0000, 1.247e-9
242.0000, 114.0000, 1.245e-9
244.0000, 114.0000, 1.248e-9
246.0000, 114.0000, 1.256e-9
248.0000, 114.0000, 1.257e-9
0.0000, 116.0000, 1.285e-9
2.0000, 116.0000, 1.210e-9
4.0000, 116.0000, 1.190e-9
6.0000, 116.0000, 1.164e-9
8.0000, 116.0000, 1.123e-9
10.0000, 116.0000, 1.143e-9
12.0000, 116.0000, 1.117e-9
14.0000, 116.0000, 1.095e-9
16.0000, 116.0000, 1.151e-9
18.0000, 116.0000, 1.151e-9
20.0000, 116.0000, 1.115e-9
22.0000, 116.0000, 1.157e-9
24.0000, 116.0000, 1.154e-9
26.0000, 116.0000, 1.120e-9
28.0000, 116.0000, 1.148e-9
30.0000, 116.0000, 1.154e-9
32.0000, 116.0000, 1.111e-9
34.0000, 116.0000, 1.099e-9
36.0000, 116.0000, 1.087e-9
38.0000, 116.0000, 1.056e-9
40.0000, 116.0000, 1.059e-9
42.0000, 116.0000, 1.044e-9
44.0000, 116.0000, 1.022e-9
46.0000, 116.0000, 1.030e-9
48.0000, 116.0000, 1.027e-9
50.0000, 116.0000, 1.015e-9
52.0000, 116.0000, 1.046e-9
54.0000, 116.0000, 1.042e-9
56.0000, 116.0000, 1.029e-9
58.0000, 116.0000, 1.062e-9
60.0000, 116.0000, 1.070e-9
62.0000, 116.0000, 1.041e-9
64.0000, 116.0000, 1.061e-9
66.0000, 116.0000, 1.080e-9
68.0000, 116.0000, 1.058e-9
70.0000, 116.0000, 1.064e-9
72.0000, 116.0000, 1.086e-9
74.0000, 116.0000, 1.072e-9
76.0000, 116.0000, 1.061e-9
78.0000, 116.0000, 1.072e-9
80.0000, 116.0000, 1.065e-9
82.0000, 116.0000, 1.071e-9
84.0000, 116.0000, 1.078e-9
86.0000, 116.0000, 1.073e-9
88.0000, 116.0000, 1.076e-9
90.0000, 116.0000, 1.095e-9
92.0000, 116.0000, 1.090e-9
94.0000, 116.0000, 1.085e-9
96.0000, 116.0000, 1.092e-9
98.0000, 116.0000, 1.095e-9
100.0000, 116.0000, 1.095e-9
102.0000, 116.0000, 1.109e-9
104.0000, 116.0000, 1.105e-9
106.0000, 116.0000, 1.106e-9
108.0000, 116.0000, 1.124e-9
110.0000, 116.0000, 1.130e-9
112.0000, 116.0000, 1.132e-9
114.0000, 116.0000, 1.150e-9
116.0000, 116.0000, 1.155e-9
118.0000, 116.0000, 1.147e-9
120.0000, 116.0000, 1.154e-9
122.0000, 116.0000, 1.170e-9
124.0000, 116.0000, 1.176e-9
126.0000, 116.0000, 1.177e-9
128.0000, 116.0000, 1.176e-9
130.0000, 116.0000, 1.173e-9
132.0000, 116.0000, 1.188e-9
134.0000, 116.0000, 1.192e-9
136.0000, 116.0000, 1.183e-9
138.0000, 116.0000, 1.186e-9
140.0000, 116.0000, 1.218e-9
142.0000, 116.0000, 1.214e-9
144.0000, 116.0000, 1.209e-9
146.0000, 116.0000, 1.224e-9
148.0000, 116.0000, 1.225e-9
150.0000, 116.0000, 1.206e-9
152.0000, 116.0000, 1.210e-9
154.0000, 116.0000, 1.218e-9
156.0000, 116.0000, 1.207e-9
158.0000, 116.0000, 1.190e-9
160.0000, 116.0000, 1.194e-9
162.0000, 116.0000, 1.202e-9
164.0000, 116.0000, 1.198e-9
166.0000, 116.0000, 1.194e-9
168.0000, 116.0000, 1.201e-9
170.0000, 116.0000, 1.218e-9
172.0000, 116.0000, 1.219e-9
174.0000, 116.0000, 1.217e-9
176.0000, 116.0000, 1.230e-9
178.0000, 116.0000, 1.242e-9
180.0000, 116.0000, 1.237e-9
182.0000, 116.0000, 1.235e-9
184.0000, 116.0000, 1.249e-9
186.0000, 116.0000, 1.259e-9
188.0000, 116.0000, 1.253e-9
190.0000, 116.0000, 1.245e-9
192.0000, 116.0000, 1.253e-9
194.0000, 116.0000, 1.253e-9
196.0000, 116.0000, 1.242e-9
198.0000, 116.0000, 1.237e-9
200.0000, 116.0000, 1.250e-9
202.0000, 116.0000, 1.255e-9
204.0000, 116.0000, 1.246e-9
206.0000, 116.0000, 1.245e-9
208.0000, 116.0000, 1.255e-9
210.0000, 116.0000, 1.251e-9
212.0000, 116.0000, 1.239e-9
214.0000, 116.0000, 1.249e-9
216.0000, 116.0000, 1.259e-9
218.0000, 116.0000, 1.249e-9
220.0000, 116.0000, 1.241e-9
222.0000, 116.0000, 1.252e-9
224.0000, 116.0000, 1.250e-9
226.0000, 116.0000, 1.240e-9
228.0000, 116.0000, 1.240e-9
230.0000, 116.0000, 1.245e-9
232.0000, 116.0000, 1.245e-9
234.0000, 116.0000, 1.244e-9
236.0000, 116.0000, 1.242e-9
238.0000, 116.0000, 1.243e-9
240.0000, 116.0000, 1.249e-9
242.0000, 116.0000, 1.248e-9
244.0000, 116.0000, 1.245e-9
246.0000, 116.0000, 1.253e-9
248.0000, 116.0000, 1.260e-9
0.0000, 118.0000, 1.336e-9
2.0000, 118.0000, 1.281e-9
4.0000, 118.0000, 1.205e-9
6.0000, 118.0000, 1.152e-9
8.0000, 118.0000, 1.117e-9
10.0000, 118.0000, 1.071e-9
12.0000, 118.0000, 1.066e-9
14.0000, 118.0000, 1.050e-9
16.0000, 118.0000, 1.026e-9
18.0000, 118.0000, 1.045e-9
20.0000, 118.0000, 1.053e-9
22.0000, 118.0000, 1.024e-9
24.0000, 118.0000, 1.029e-9
26.0000, 118.0000, 1.036e-9
28.0000, 118.0000, 1.012e-9
30.0000, 118.0000, 1.021e-9
32.0000, 118.0000, 1.031e-9
34.0000, 118.0000, 1.006e-9
36.0000, 118.0000, 1.007e-9
38.0000, 118.0000, 1.021e-9
40.0000, 118.0000, 1.003e-9
42.0000, 118.0000, 9.924e-10
44.0000, 118.0000, 9.980e-10
46.0000, 118.0000, 9.925e-10
48.0000, 118.0000, 9.915e-10
50.0000, 118.0000, 1.003e-9
52.0000, 118.0000, 9.922e-10
54.0000, 118.0000, 9.994e-10
56.0000, 118.0000, 1.008e-9
58.0000, 118.0000, 9.938e-10
60.0000, 118.0000, 9.982e-10
62.0000, 118.0000, 1.016e-9
64.0000, 118.0000, 1.009e-9
66.0000, 118.0000, 1.012e-9
68.0000, 118.0000, 1.027e-9
70.0000, 118.0000, 1.025e-9
72.0000, 118.0000, 1.033e-9
74.0000, 118.0000, 1.041e-9
76.0000, 118.0000, 1.037e-9
78.0000, 118.0000, 1.040e-9
80.0000, 118.0000, 1.061e-9
82.0000, 118.0000, 1.066e-9
84.0000, 118.0000, 1.067e-9
86.0000, 118.0000, 1.075e-9
88.0000, 118.0000, 1.080e-9
90.0000, 118.0000, 1.079e-9
92.0000, 118.0000, 1.086e-9
94.0000, 118.0000, 1.086e-9
96.0000, 118.0000, 1.089e-9
98.0000, 118.0000, 1.104e-9
100.0000, 118.0000, 1.109e-9
102.0000, 118.0000, 1.104e-9
104.0000, 118.0000, 1.110e-9
106.0000, 118.0000, 1.123e-9
108.0000, 118.0000, 1.131e-9
110.0000, 118.0000, 1.135e-9
112.0000, 118.0000, 1.148e-9
114.0000, 118.0000, 1.151e-9
116.0000, 118.0000, 1.152e-9
118.0000, 118.0000, 1.154e-9
120.0000, 118.0000, 1.151e-9
122.0000, 118.0000, 1.163e-9
124.0000, 118.0000, 1.180e-9
126.0000, 118.0000, 1.178e-9
128.0000, 118.0000, 1.172e-9
130.0000, 118.0000, 1.189e-9
132.0000, 118.0000, 1.207e-9
134.0000, 118.0000, 1.209e-9
136.0000, 118.0000, 1.204e-9
138.0000, 118.0000, 1.205e-9
140.0000, 118.0000, 1.209e-9
142.0000, 118.0000, 1.201e-9
144.0000, 118.0000, 1.195e-9
146.0000, 118.0000, 1.199e-9
148.0000, 118.0000, 1.200e-9
150.0000, 118.0000, 1.193e-9
152.0000, 118.0000, 1.196e-9
154.0000, 118.0000, 1.206e-9
156.0000, 118.0000, 1.203e-9
158.0000, 118.0000, 1.194e-9
160.0000, 118.0000, 1.206e-9
162.0000, 118.0000, 1.220e-9
164.0000, 118.0000, 1.214e-9
166.0000, 118.0000, 1.208e-9
168.0000, 118.0000, 1.217e-9
170.0000, 118.0000, 1.224e-9
172.0000, 118.0000, 1.219e-9
174.0000, 118.0000, 1.220e-9
176.0000, 118.0000, 1.230e-9
178.0000, 118.0000, 1.236e-9
180.0000, 118.0000, 1.236e-9
182.0000, 118.0000, 1.235e-9
184.0000, 118.0000, 1.244e-9
186.0000, 118.0000, 1.258e-9
188.0000, 118.0000, 1.258e-9
190.0000, 118.0000, 1.250e-9
192.0000, 118.0000, 1.257e-9
194.0000, 118.0000, 1.263e-9
196.0000, 118.0000, 1.253e-9
198.0000, 118.0000, 1.244e-9
200.0000, 118.0000, 1.254e-9
202.0000, 118.0000, 1.255e-9
204.0000, 118.0000, 1.246e-9
206.0000, 118.0000, 1.252e-9
208.0000, 118.0000, 1.265e-9
210.0000, 118.0000, 1.257e-9
212.0000, 118.0000, 1.247e-9
214.0000, 118.0000, 1.255e-9
216.0000, 118.0000, 1.259e-9
218.0000, 118.0000, 1.249e-9
220.0000, 118.0000, 1.245e-9
222.0000, 118.0000, 1.258e-9
224.0000, 118.0000, 1.257e-9
226.0000, 118.0000, 1.246e-9
228.0000, 118.0000, 1.245e-9
230.0000, 118.0000, 1.254e-9
232.0000, 118.0000, 1.253e-9
234.0000, 118.0000, 1.248e-9
236.0000, 118.0000, 1.250e-9
238.0000, 118.0000, 1.258e-9
240.0000, 118.0000, 1.259e-9
242.0000, 118.0000, 1.255e-9
244.0000, 118.0000, 1.254e-9
246.0000, 118.0000, 1.256e-9
248.0000, 118.0000, 1.260e-9
0.0000, 120.0000, 1.353e-9
2.0000, 120.0000, 1.272e-9
4.0000, 120.0000, 1.189e-9
6.0000, 120.0000, 1.133e-9
8.0000, 120.0000, 1.090e-9
10.0000, 120.0000, 1.054e-9
12.0000, 120.0000, 1.074e-9
14.0000, 120.0000, 1.062e-9
16.0000, 120.0000, 1.034e-9
18.0000, 120.0000, 1.060e-9
20.0000, 120.0000, 1.077e-9
22.0000, 120.0000, 1.042e-9
24.0000, 120.0000, 1.018e-9
26.0000, 120.0000, 1.010e-9
28.0000, 120.0000, 9.906e-10
30.0000, 120.0000, 9.730e-10
32.0000, 120.0000, 9.712e-10
34.0000, 120.0000, 9.593e-10
36.0000, 120.0000, 9.489e-10
38.0000, 120.0000, 9.519e-10
40.0000, 120.0000, 9.644e-10
42.0000, 120.0000, 9.617e-10
44.0000, 120.0000, 9.540e-10
46.0000, 120.0000, 9.572e-10
48.0000, 120.0000, 9.678e-10
50.0000, 120.0000, 9.719e-10
52.0000, 120.0000, 9.755e-10
54.0000, 120.0000, 9.942e-10
56.0000, 120.0000, 9.994e-10
58.0000, 120.0000, 9.874e-10
60.0000, 120.0000, 9.915e-10
62.0000, 120.0000, 1.003e-9
64.0000, 120.0000, 9.989e-10
66.0000, 120.0000, 9.949e-10
68.0000, 120.0000, 9.995e-10
70.0000, 120.0000, 1.007e-9
72.0000, 120.0000, 1.012e-9
74.0000, 120.0000, 1.007e-9
76.0000, 120.0000, 1.009e-9
78.0000, 120.0000, 1.026e-9
80.0000, 120.0000, 1.043e-9
82.0000, 120.0000, 1.049e-9
84.0000, 120.0000, 1.052e-9
86.0000, 120.0000, 1.056e-9
88.0000, 120.0000, 1.063e-9
90.0000, 120.0000, 1.074e-9
92.0000, 120.0000, 1.077e-9
94.0000, 120.0000, 1.075e-9
96.0000, 120.0000, 1.084e-9
98.0000, 120.0000, 1.095e-9
100.0000, 120.0000, 1.094e-9
102.0000, 120.0000, 1.097e-9
104.0000, 120.0000, 1.110e-9
106.0000, 120.0000, 1.115e-9
108.0000, 120.0000, 1.110e-9
110.0000, 120.0000, 1.117e-9
112.0000, 120.0000, 1.140e-9
114.0000, 120.0000, 1.143e-9
116.0000, 120.0000, 1.137e-9
118.0000, 120.0000, 1.143e-9
120.0000, 120.0000, 1.155e-9
122.0000, 120.0000, 1.159e-9
124.0000, 120.0000, 1.159e-9
126.0000, 120.0000, 1.162e-9
128.0000, 120.0000, 1.163e-9
130.0000, 120.0000, 1.162e-9
132.0000, 120.0000, 1.171e-9
134.0000, 120.0000, 1.176e-9
136.0000, 120.0000, 1.173e-9
138.0000, 120.0000, 1.173e-9
140.0000, 120.0000, 1.179e-9
142.0000, 120.0000, 1.175e-9
144.0000, 120.0000, 1.177e-9
146.0000, 120.0000, 1.186e-9
148.0000, 120.0000, 1.188e-9
150.0000, 120.0000, 1.184e-9
152.0000, 120.0000, 1.189e-9
154.0000, 120.0000, 1.197e-9
156.0000, 120.0000, 1.193e-9
158.0000, 120.0000, 1.185e-9
160.0000, 120.0000, 1.199e-9
162.0000, 120.0000, 1.211e-9
164.0000, 120.0000, 1.202e-9
166.0000, 120.0000, 1.190e-9
168.0000, 120.0000, 1.198e-9
170.0000, 120.0000, 1.215e-9
172.0000, 120.0000, 1.214e-9
174.0000, 120.0000, 1.215e-9
176.0000, 120.0000, 1.230e-9
178.0000, 120.0000, 1.241e-9
180.0000, 120.0000, 1.233e-9
182.0000, 120.0000, 1.228e-9
184.0000, 120.0000, 1.244e-9
186.0000, 120.0000, 1.254e-9
188.0000, 120.0000, 1.244e-9
190.0000, 120.0000, 1.240e-9
192.0000, 120.0000, 1.258e-9
194.0000, 120.0000, 1.257e-9
196.0000, 120.0000, 1.241e-9
198.0000, 120.0000, 1.241e-9
200.0000, 120.0000, 1.251e-9
202.0000, 120.0000, 1.244e-9
204.0000, 120.0000, 1.233e-9
206.0000, 120.0000, 1.239e-9
208.0000, 120.0000, 1.249e-9
210.0000, 120.0000, 1.239e-9
212.0000, 120.0000, 1.231e-9
214.0000, 120.0000, 1.246e-9
216.0000, 120.0000, 1.251e-9
218.0000, 120.0000, 1.239e-9
220.0000, 120.0000, 1.235e-9
222.0000, 120.0000, 1.253e-9
224.0000, 120.0000, 1.251e-9
226.0000, 120.0000, 1.237e-9
228.0000, 120.0000, 1.237e-9
230.0000, 120.0000, 1.247e-9
232.0000, 120.0000, 1.242e-9
234.0000, 120.0000, 1.240e-9
236.0000, 120.0000, 1.245e-9
238.0000, 120.0000, 1.244e-9
240.0000, 120.0000, 1.237e-9
242.0000, 120.0000, 1.237e-9
244.0000, 120.0000, 1.243e-9
246.0000, 120.0000, 1.245e-9
248.0000, 120.0000, 1.251e-9
0.0000, 122.0000, 1.335e-9
2.0000, 122.0000, 1.271e-9
4.0000, 122.0000, 1.197e-9
6.0000, 122.0000, 1.150e-9
8.0000, 122.0000, 1.112e-9
10.0000, 122.0000, 1.070e-9
12.0000, 122.0000, 1.077e-9
14.0000, 122.0000, 1.063e-9
16.0000, 122.0000, 1.034e-9
18.0000, 122.0000, 1.066e-9
20.0000, 122.0000, 1.088e-9
22.0000, 122.0000, 1.059e-9
24.0000, 122.0000, 1.062e-9
26.0000, 122.0000, 1.078e-9
28.0000, 122.0000, 1.051e-9
30.0000, 122.0000, 1.027e-9
32.0000, 122.0000, 1.037e-9
34.0000, 122.0000, 1.025e-9
36.0000, 122.0000, 1.001e-9
38.0000, 122.0000, 9.993e-10
40.0000, 122.0000, 1.009e-9
42.0000, 122.0000, 1.003e-9
44.0000, 122.0000, 9.876e-10
46.0000, 122.0000, 9.768e-10
48.0000, 122.0000, 9.858e-10
50.0000, 122.0000, 9.999e-10
52.0000, 122.0000, 9.862e-10
54.0000, 122.0000, 1.001e-9
56.0000, 122.0000, 1.023e-9
58.0000, 122.0000, 1.015e-9
60.0000, 122.0000, 1.007e-9
62.0000, 122.0000, 1.028e-9
64.0000, 122.0000, 1.030e-9
66.0000, 122.0000, 1.023e-9
68.0000, 122.0000, 1.022e-9
70.0000, 122.0000, 1.024e-9
72.0000, 122.0000, 1.032e-9
74.0000, 122.0000, 1.034e-9
76.0000, 122.0000, 1.031e-9
78.0000, 122.0000, 1.041e-9
80.0000, 122.0000, 1.067e-9
82.0000, 122.0000, 1.074e-9
84.0000, 122.0000, 1.069e-9
86.0000, 122.0000, 1.072e-9
88.0000, 122.0000, 1.083e-9
90.0000, 122.0000, 1.084e-9
92.0000, 122.0000, 1.080e-9
94.0000, 122.0000, 1.082e-9
96.0000, 122.0000, 1.090e-9
98.0000, 122.0000, 1.097e-9
100.0000, 122.0000, 1.096e-9
102.0000, 122.0000, 1.100e-9
104.0000, 122.0000, 1.114e-9
106.0000, 122.0000, 1.120e-9
108.0000, 122.0000, 1.117e-9
110.0000, 122.0000, 1.129e-9
112.0000, 122.0000, 1.149e-9
114.0000, 122.0000, 1.145e-9
116.0000, 122.0000, 1.146e-9
118.0000, 122.0000, 1.162e-9
120.0000, 122.0000, 1.165e-9
122.0000, 122.0000, 1.167e-9
124.0000, 122.0000, 1.184e-9
126.0000, 122.0000, 1.186e-9
128.0000, 122.0000, 1.174e-9
130.0000, 122.0000, 1.187e-9
132.0000, 122.0000, 1.213e-9
134.0000, 122.0000, 1.207e-9
136.0000, 122.0000, 1.192e-9
138.0000, 122.0000, 1.201e-9
140.0000, 122.0000, 1.209e-9
142.0000, 122.0000, 1.197e-9
144.0000, 122.0000, 1.194e-9
146.0000, 122.0000, 1.206e-9
148.0000, 122.0000, 1.208e-9
150.0000, 122.0000, 1.196e-9
152.0000, 122.0000, 1.194e-9
154.0000, 122.0000, 1.206e-9
156.0000, 122.0000, 1.204e-9
158.0000, 122.0000, 1.195e-9
160.0000, 122.0000, 1.206e-9
162.0000, 122.0000, 1.224e-9
164.0000, 122.0000, 1.214e-9
166.0000, 122.0000, 1.199e-9
168.0000, 122.0000, 1.212e-9
170.0000, 122.0000, 1.233e-9
172.0000, 122.0000, 1.227e-9
174.0000, 122.0000, 1.225e-9
176.0000, 122.0000, 1.242e-9
178.0000, 122.0000, 1.252e-9
180.0000, 122.0000, 1.241e-9
182.0000, 122.0000, 1.234e-9
184.0000, 122.0000, 1.246e-9
186.0000, 122.0000, 1.256e-9
188.0000, 122.0000, 1.248e-9
190.0000, 122.0000, 1.243e-9
192.0000, 122.0000, 1.261e-9
194.0000, 122.0000, 1.264e-9
196.0000, 122.0000, 1.251e-9
198.0000, 122.0000, 1.250e-9
200.0000, 122.0000, 1.261e-9
202.0000, 122.0000, 1.254e-9
204.0000, 122.0000, 1.242e-9
206.0000, 122.0000, 1.250e-9
208.0000, 122.0000, 1.259e-9
210.0000, 122.0000, 1.245e-9
212.0000, 122.0000, 1.237e-9
214.0000, 122.0000, 1.253e-9
216.0000, 122.0000, 1.255e-9
218.0000, 122.0000, 1.241e-9
220.0000, 122.0000, 1.240e-9
222.0000, 122.0000, 1.250e-9
224.0000, 122.0000, 1.245e-9
226.0000, 122.0000, 1.234e-9
228.0000, 122.0000, 1.236e-9
230.0000, 122.0000, 1.243e-9
232.0000, 122.0000, 1.238e-9
234.0000, 122.0000, 1.234e-9
236.0000, 122.0000, 1.242e-9
238.0000, 122.0000, 1.249e-9
240.0000, 122.0000, 1.243e-9
242.0000, 122.0000, 1.244e-9
244.0000, 122.0000, 1.258e-9
246.0000, 122.0000, 1.259e-9
248.0000, 122.0000, 1.252e-9
0.0000, 124.0000, 1.363e-9
2.0000, 124.0000, 1.277e-9
4.0000, 124.0000, 1.222e-9
6.0000, 124.0000, 1.176e-9
8.0000, 124.0000, 1.121e-9
10.0000, 124.0000, 1.070e-9
12.0000, 124.0000, 1.068e-9
14.0000, 124.0000, 1.053e-9
16.0000, 124.0000, 1.016e-9
18.0000, 124.0000, 1.026e-9
20.0000, 124.0000, 1.069e-9
22.0000, 124.0000, 1.046e-9
24.0000, 124.0000, 1.025e-9
26.0000, 124.0000, 1.065e-9
28.0000, 124.0000, 1.078e-9
30.0000, 124.0000, 1.043e-9
32.0000, 124.0000, 1.037e-9
34.0000, 124.0000, 1.037e-9
36.0000, 124.0000, 1.014e-9
38.0000, 124.0000, 9.984e-10
40.0000, 124.0000, 1.011e-9
42.0000, 124.0000, 1.011e-9
44.0000, 124.0000, 9.976e-10
46.0000, 124.0000, 9.845e-10
48.0000, 124.0000, 9.914e-10
50.0000, 124.0000, 1.021e-9
52.0000, 124.0000, 1.014e-9
54.0000, 124.0000, 1.017e-9
56.0000, 124.0000, 1.045e-9
58.0000, 124.0000, 1.045e-9
60.0000, 124.0000, 1.025e-9
62.0000, 124.0000, 1.045e-9
64.0000, 124.0000, 1.057e-9
66.0000, 124.0000, 1.042e-9
68.0000, 124.0000, 1.038e-9
70.0000, 124.0000, 1.064e-9
72.0000, 124.0000, 1.065e-9
74.0000, 124.0000, 1.050e-9
76.0000, 124.0000, 1.050e-9
78.0000, 124.0000, 1.067e-9
80.0000, 124.0000, 1.076e-9
82.0000, 124.0000, 1.076e-9
84.0000, 124.0000, 1.073e-9
86.0000, 124.0000, 1.075e-9
88.0000, 124.0000, 1.084e-9
90.0000, 124.0000, 1.089e-9
92.0000, 124.0000, 1.086e-9
94.0000, 124.0000, 1.082e-9
96.0000, 124.0000, 1.084e-9
98.0000, 124.0000, 1.092e-9
100.0000, 124.0000, 1.098e-9
102.0000, 124.0000, 1.100e-9
104.0000, 124.0000, 1.109e-9
106.0000, 124.0000, 1.121e-9
108.0000, 124.0000, 1.125e-9
110.0000, 124.0000, 1.126e-9
112.0000, 124.0000, 1.137e-9
114.0000, 124.0000, 1.145e-9
116.0000, 124.0000, 1.149e-9
118.0000, 124.0000, 1.152e-9
120.0000, 124.0000, 1.154e-9
122.0000, 124.0000, 1.164e-9
124.0000, 124.0000, 1.174e-9
126.0000, 124.0000, 1.172e-9
128.0000, 124.0000, 1.166e-9
130.0000, 124.0000, 1.184e-9
132.0000, 124.0000, 1.206e-9
134.0000, 124.0000, 1.200e-9
136.0000, 124.0000, 1.191e-9
138.0000, 124.0000, 1.204e-9
140.0000, 124.0000, 1.216e-9
142.0000, 124.0000, 1.206e-9
144.0000, 124.0000, 1.204e-9
146.0000, 124.0000, 1.211e-9
148.0000, 124.0000, 1.208e-9
150.0000, 124.0000, 1.199e-9
152.0000, 124.0000, 1.204e-9
154.0000, 124.0000, 1.212e-9
156.0000, 124.0000, 1.209e-9
158.0000, 124.0000, 1.203e-9
160.0000, 124.0000, 1.207e-9
162.0000, 124.0000, 1.217e-9
164.0000, 124.0000, 1.215e-9
166.0000, 124.0000, 1.208e-9
168.0000, 124.0000, 1.213e-9
170.0000, 124.0000, 1.229e-9
172.0000, 124.0000, 1.226e-9
174.0000, 124.0000, 1.222e-9
176.0000, 124.0000, 1.231e-9
178.0000, 124.0000, 1.243e-9
180.0000, 124.0000, 1.244e-9
182.0000, 124.0000, 1.240e-9
184.0000, 124.0000, 1.248e-9
186.0000, 124.0000, 1.257e-9
188.0000, 124.0000, 1.253e-9
190.0000, 124.0000, 1.246e-9
192.0000, 124.0000, 1.253e-9
194.0000, 124.0000, 1.257e-9
196.0000, 124.0000, 1.249e-9
198.0000, 124.0000, 1.240e-9
200.0000, 124.0000, 1.247e-9
202.0000, 124.0000, 1.250e-9
204.0000, 124.0000, 1.243e-9
206.0000, 124.0000, 1.247e-9
208.0000, 124.0000, 1.261e-9
210.0000, 124.0000, 1.256e-9
212.0000, 124.0000, 1.244e-9
214.0000, 124.0000, 1.254e-9
216.0000, 124.0000, 1.258e-9
218.0000, 124.0000, 1.246e-9
220.0000, 124.0000, 1.239e-9
222.0000, 124.0000, 1.248e-9
224.0000, 124.0000, 1.249e-9
226.0000, 124.0000, 1.241e-9
228.0000, 124.0000, 1.239e-9
230.0000, 124.0000, 1.246e-9
232.0000, 124.0000, 1.247e-9
234.0000, 124.0000, 1.241e-9
236.0000, 124.0000, 1.239e-9
238.0000, 124.0000, 1.245e-9
240.0000, 124.0000, 1.250e-9
242.0000, 124.0000, 1.247e-9
244.0000, 124.0000, 1.245e-9
246.0000, 124.0000, 1.245e-9
248.0000, 124.0000, 1.246e-9
0.0000, 126.0000, 1.441e-9
2.0000, 126.0000, 1.359e-9
4.0000, 126.0000, 1.350e-9
6.0000, 126.0000, 1.336e-9
8.0000, 126.0000, 1.265e-9
10.0000, 126.0000, 1.193e-9
12.0000, 126.0000, 1.140e-9
14.0000, 126.0000, 1.117e-9
16.0000, 126.0000, 1.100e-9
18.0000, 126.0000, 1.061e-9
20.0000, 126.0000, 1.082e-9
22.0000, 126.0000, 1.137e-9
24.0000, 126.0000, 1.118e-9
26.0000, 126.0000, 1.128e-9
28.0000, 126.0000, 1.205e-9
30.0000, 126.0000, 1.200e-9
32.0000, 126.0000, 1.157e-9
34.0000, 126.0000, 1.186e-9
36.0000, 126.0000, 1.189e-9
38.0000, 126.0000, 1.146e-9
40.0000, 126.0000, 1.151e-9
42.0000, 126.0000, 1.149e-9
44.0000, 126.0000, 1.111e-9
46.0000, 126.0000, 1.089e-9
48.0000, 126.0000, 1.088e-9
50.0000, 126.0000, 1.067e-9
52.0000, 126.0000, 1.063e-9
54.0000, 126.0000, 1.053e-9
56.0000, 126.0000, 1.048e-9
58.0000, 126.0000, 1.064e-9
60.0000, 126.0000, 1.062e-9
62.0000, 126.0000, 1.044e-9
64.0000, 126.0000, 1.073e-9
66.0000, 126.0000, 1.087e-9
68.0000, 126.0000, 1.067e-9
70.0000, 126.0000, 1.101e-9
72.0000, 126.0000, 1.132e-9
74.0000, 126.0000, 1.110e-9
76.0000, 126.0000, 1.104e-9
78.0000, 126.0000, 1.131e-9
80.0000, 126.0000, 1.125e-9
82.0000, 126.0000, 1.113e-9
84.0000, 126.0000, 1.119e-9
86.0000, 126.0000, 1.114e-9
88.0000, 126.0000, 1.106e-9
90.0000, 126.0000, 1.118e-9
92.0000, 126.0000, 1.115e-9
94.0000, 126.0000, 1.115e-9
96.0000, 126.0000, 1.122e-9
98.0000, 126.0000, 1.120e-9
100.0000, 126.0000, 1.115e-9
102.0000, 126.0000, 1.139e-9
104.0000, 126.0000, 1.143e-9
106.0000, 126.0000, 1.139e-9
108.0000, 126.0000, 1.154e-9
110.0000, 126.0000, 1.167e-9
112.0000, 126.0000, 1.156e-9
114.0000, 126.0000, 1.167e-9
116.0000, 126.0000, 1.186e-9
118.0000, 126.0000, 1.187e-9
120.0000, 126.0000, 1.179e-9
122.0000, 126.0000, 1.190e-9
124.0000, 126.0000, 1.190e-9
126.0000, 126.0000, 1.178e-9
128.0000, 126.0000, 1.172e-9
130.0000, 126.0000, 1.183e-9
132.0000, 126.0000, 1.196e-9
134.0000, 126.0000, 1.191e-9
136.0000, 126.0000, 1.182e-9
138.0000, 126.0000, 1.193e-9
140.0000, 126.0000, 1.216e-9
142.0000, 126.0000, 1.211e-9
144.0000, 126.0000, 1.210e-9
146.0000, 126.0000, 1.225e-9
148.0000, 126.0000, 1.229e-9
150.0000, 126.0000, 1.215e-9
152.0000, 126.0000, 1.226e-9
154.0000, 126.0000, 1.238e-9
156.0000, 126.0000, 1.229e-9
158.0000, 126.0000, 1.217e-9
160.0000, 126.0000, 1.223e-9
162.0000, 126.0000, 1.226e-9
164.0000, 126.0000, 1.219e-9
166.0000, 126.0000, 1.215e-9
168.0000, 126.0000, 1.223e-9
170.0000, 126.0000, 1.236e-9
172.0000, 126.0000, 1.236e-9
174.0000, 126.0000, 1.232e-9
176.0000, 126.0000, 1.242e-9
178.0000, 126.0000, 1.257e-9
180.0000, 126.0000, 1.255e-9
182.0000, 126.0000, 1.253e-9
184.0000, 126.0000, 1.268e-9
186.0000, 126.0000, 1.275e-9
188.0000, 126.0000, 1.265e-9
190.0000, 126.0000, 1.262e-9
192.0000, 126.0000, 1.268e-9
194.0000, 126.0000, 1.264e-9
196.0000, 126.0000, 1.256e-9
198.0000, 126.0000, 1.256e-9
200.0000, 126.0000, 1.260e-9
202.0000, 126.0000, 1.257e-9
204.0000, 126.0000, 1.248e-9
206.0000, 126.0000, 1.247e-9
208.0000, 126.0000, 1.256e-9
210.0000, 126.0000, 1.255e-9
212.0000, 126.0000, 1.243e-9
214.0000, 126.0000, 1.250e-9
216.0000, 126.0000, 1.258e-9
218.0000, 126.0000, 1.251e-9
220.0000, 126.0000, 1.249e-9
222.0000, 126.0000, 1.266e-9
224.0000, 126.0000, 1.266e-9
226.0000, 126.0000, 1.248e-9
228.0000, 126.0000, 1.241e-9
230.0000, 126.0000, 1.257e-9
232.0000, 126.0000, 1.258e-9
234.0000, 126.0000, 1.241e-9
236.0000, 126.0000, 1.239e-9
238.0000, 126.0000, 1.257e-9
240.0000, 126.0000, 1.259e-9
242.0000, 126.0000, 1.247e-9
244.0000, 126.0000, 1.257e-9
246.0000, 126.0000, 1.281e-9
248.0000, 126.0000, 1.283e-9
0.0000, 128.0000, 1.297e-9
2.0000, 128.0000, 1.225e-9
4.0000, 128.0000, 1.176e-9
6.0000, 128.0000, 1.139e-9
8.0000, 128.0000, 1.098e-9
10.0000, 128.0000, 1.063e-9
12.0000, 128.0000, 1.077e-9
14.0000, 128.0000, 1.069e-9
16.0000, 128.0000, 1.035e-9
18.0000, 128.0000, 1.036e-9
20.0000, 128.0000, 1.055e-9
22.0000, 128.0000, 1.030e-9
24.0000, 128.0000, 1.003e-9
26.0000, 128.0000, 1.014e-9
28.0000, 128.0000, 1.021e-9
30.0000, 128.0000, 1.003e-9
32.0000, 128.0000, 1.000e-9
34.0000, 128.0000, 1.012e-9
36.0000, 128.0000, 1.008e-9
38.0000, 128.0000, 9.976e-10
40.0000, 128.0000, 1.013e-9
42.0000, 128.0000, 1.026e-9
44.0000, 128.0000, 1.027e-9
46.0000, 128.0000, 1.020e-9
48.0000, 128.0000, 1.021e-9
50.0000, 128.0000, 1.036e-9
52.0000, 128.0000, 1.049e-9
54.0000, 128.0000, 1.047e-9
56.0000, 128.0000, 1.043e-9
58.0000, 128.0000, 1.045e-9
60.0000, 128.0000, 1.047e-9
62.0000, 128.0000, 1.051e-9
64.0000, 128.0000, 1.054e-9
66.0000, 128.0000, 1.049e-9
68.0000, 128.0000, 1.049e-9
70.0000, 128.0000, 1.070e-9
72.0000, 128.0000, 1.077e-9
74.0000, 128.0000, 1.066e-9
76.0000, 128.0000, 1.068e-9
78.0000, 128.0000, 1.086e-9
80.0000, 128.0000, 1.085e-9
82.0000, 128.0000, 1.088e-9
84.0000, 128.0000, 1.098e-9
86.0000, 128.0000, 1.098e-9
88.0000, 128.0000, 1.097e-9
90.0000, 128.0000, 1.106e-9
92.0000, 128.0000, 1.110e-9
94.0000, 128.0000, 1.110e-9
96.0000, 128.0000, 1.113e-9
98.0000, 128.0000, 1.117e-9
100.0000, 128.0000, 1.116e-9
102.0000, 128.0000, 1.124e-9
104.0000, 128.0000, 1.132e-9
106.0000, 128.0000, 1.136e-9
108.0000, 128.0000, 1.140e-9
110.0000, 128.0000, 1.145e-9
112.0000, 128.0000, 1.146e-9
114.0000, 128.0000, 1.150e-9
116.0000, 128.0000, 1.158e-9
118.0000, 128.0000, 1.164e-9
120.0000, 128.0000, 1.165e-9
122.0000, 128.0000, 1.173e-9
124.0000, 128.0000, 1.189e-9
126.0000, 128.0000, 1.201e-9
128.0000, 128.0000, 1.201e-9
130.0000, 128.0000, 1.198e-9
132.0000, 128.0000, 1.206e-9
134.0000, 128.0000, 1.207e-9
136.0000, 128.0000, 1.204e-9
138.0000, 128.0000, 1.207e-9
140.0000, 128.0000, 1.219e-9
142.0000, 128.0000, 1.215e-9
144.0000, 128.0000, 1.212e-9
146.0000, 128.0000, 1.217e-9
148.0000, 128.0000, 1.219e-9
150.0000, 128.0000, 1.213e-9
152.0000, 128.0000, 1.218e-9
154.0000, 128.0000, 1.221e-9
156.0000, 128.0000, 1.218e-9
158.0000, 128.0000, 1.217e-9
160.0000, 128.0000, 1.220e-9
162.0000, 128.0000, 1.219e-9
164.0000, 128.0000, 1.216e-9
166.0000, 128.0000, 1.215e-9
168.0000, 128.0000, 1.219e-9
170.0000, 128.0000, 1.231e-9
172.0000, 128.0000, 1.237e-9
174.0000, 128.0000, 1.235e-9
176.0000, 128.0000, 1.237e-9
178.0000, 128.0000, 1.245e-9
180.0000, 128.0000, 1.248e-9
182.0000, 128.0000, 1.247e-9
184.0000, 128.0000, 1.258e-9
186.0000, 128.0000, 1.270e-9
188.0000, 128.0000, 1.269e-9
190.0000, 128.0000, 1.262e-9
192.0000, 128.0000, 1.272e-9
194.0000, 128.0000, 1.280e-9
196.0000, 128.0000, 1.273e-9
198.0000, 128.0000, 1.264e-9
200.0000, 128.0000, 1.269e-9
202.0000, 128.0000, 1.272e-9
204.0000, 128.0000, 1.261e-9
206.0000, 128.0000, 1.255e-9
208.0000, 128.0000, 1.267e-9
210.0000, 128.0000, 1.266e-9
212.0000, 128.0000, 1.253e-9
214.0000, 128.0000, 1.261e-9
216.0000, 128.0000, 1.272e-9
218.0000, 128.0000, 1.265e-9
220.0000, 128.0000, 1.258e-9
222.0000, 128.0000, 1.267e-9
224.0000, 128.0000, 1.267e-9
226.0000, 128.0000, 1.256e-9
228.0000, 128.0000, 1.251e-9
230.0000, 128.0000, 1.253e-9
232.0000, 128.0000, 1.249e-9
234.0000, 128.0000, 1.245e-9
236.0000, 128.0000, 1.250e-9
238.0000, 128.0000, 1.260e-9
240.0000, 128.0000, 1.264e-9
242.0000, 128.0000, 1.264e-9
244.0000, 128.0000, 1.259e-9
246.0000, 128.0000, 1.253e-9
248.0000, 128.0000, 1.254e-9
0.0000, 130.0000, 1.396e-9
2.0000, 130.0000, 1.310e-9
4.0000, 130.0000, 1.263e-9
6.0000, 130.0000, 1.219e-9
8.0000, 130.0000, 1.160e-9
10.0000, 130.0000, 1.101e-9
12.0000, 130.0000, 1.090e-9
14.0000, 130.0000, 1.109e-9
16.0000, 130.0000, 1.092e-9
18.0000, 130.0000, 1.066e-9
20.0000, 130.0000, 1.113e-9
22.0000, 130.0000, 1.133e-9
24.0000, 130.0000, 1.097e-9
26.0000, 130.0000, 1.119e-9
28.0000, 130.0000, 1.163e-9
30.0000, 130.0000, 1.127e-9
32.0000, 130.0000, 1.105e-9
34.0000, 130.0000, 1.130e-9
36.0000, 130.0000, 1.117e-9
38.0000, 130.0000, 1.086e-9
40.0000, 130.0000, 1.101e-9
42.0000, 130.0000, 1.090e-9
44.0000, 130.0000, 1.063e-9
46.0000, 130.0000, 1.051e-9
48.0000, 130.0000, 1.050e-9
50.0000, 130.0000, 1.047e-9
52.0000, 130.0000, 1.048e-9
54.0000, 130.0000, 1.042e-9
56.0000, 130.0000, 1.054e-9
58.0000, 130.0000, 1.062e-9
60.0000, 130.0000, 1.044e-9
62.0000, 130.0000, 1.064e-9
64.0000, 130.0000, 1.095e-9
66.0000, 130.0000, 1.085e-9
68.0000, 130.0000, 1.070e-9
70.0000, 130.0000, 1.109e-9
72.0000, 130.0000, 1.122e-9
74.0000, 130.0000, 1.100e-9
76.0000, 130.0000, 1.107e-9
78.0000, 130.0000, 1.125e-9
80.0000, 130.0000, 1.109e-9
82.0000, 130.0000, 1.110e-9
84.0000, 130.0000, 1.123e-9
86.0000, 130.0000, 1.118e-9
88.0000, 130.0000, 1.109e-9
90.0000, 130.0000, 1.119e-9
92.0000, 130.0000, 1.116e-9
94.0000, 130.0000, 1.111e-9
96.0000, 130.0000, 1.117e-9
98.0000, 130.0000, 1.121e-9
100.0000, 130.0000, 1.115e-9
102.0000, 130.0000, 1.121e-9
104.0000, 130.0000, 1.125e-9
106.0000, 130.0000, 1.126e-9
108.0000, 130.0000, 1.129e-9
110.0000, 130.0000, 1.133e-9
112.0000, 130.0000, 1.137e-9
114.0000, 130.0000, 1.146e-9
116.0000, 130.0000, 1.155e-9
118.0000, 130.0000, 1.159e-9
120.0000, 130.0000, 1.165e-9
122.0000, 130.0000, 1.172e-9
124.0000, 130.0000, 1.180e-9
126.0000, 130.0000, 1.184e-9
128.0000, 130.0000, 1.179e-9
130.0000, 130.0000, 1.179e-9
132.0000, 130.0000, 1.195e-9
134.0000, 130.0000, 1.201e-9
136.0000, 130.0000, 1.197e-9
138.0000, 130.0000, 1.200e-9
140.0000, 130.0000, 1.215e-9
142.0000, 130.0000, 1.210e-9
144.0000, 130.0000, 1.208e-9
146.0000, 130.0000, 1.213e-9
148.0000, 130.0000, 1.209e-9
150.0000, 130.0000, 1.204e-9
152.0000, 130.0000, 1.220e-9
154.0000, 130.0000, 1.220e-9
156.0000, 130.0000, 1.210e-9
158.0000, 130.0000, 1.213e-9
160.0000, 130.0000, 1.224e-9
162.0000, 130.0000, 1.217e-9
164.0000, 130.0000, 1.214e-9
166.0000, 130.0000, 1.221e-9
168.0000, 130.0000, 1.228e-9
170.0000, 130.0000, 1.229e-9
172.0000, 130.0000, 1.224e-9
174.0000, 130.0000, 1.226e-9
176.0000, 130.0000, 1.236e-9
178.0000, 130.0000, 1.243e-9
180.0000, 130.0000, 1.241e-9
182.0000, 130.0000, 1.246e-9
184.0000, 130.0000, 1.258e-9
186.0000, 130.0000, 1.263e-9
188.0000, 130.0000, 1.259e-9
190.0000, 130.0000, 1.259e-9
192.0000, 130.0000, 1.259e-9
194.0000, 130.0000, 1.262e-9
196.0000, 130.0000, 1.263e-9
198.0000, 130.0000, 1.259e-9
200.0000, 130.0000, 1.259e-9
202.0000, 130.0000, 1.263e-9
204.0000, 130.0000, 1.259e-9
206.0000, 130.0000, 1.252e-9
208.0000, 130.0000, 1.254e-9
210.0000, 130.0000, 1.254e-9
212.0000, 130.0000, 1.248e-9
214.0000, 130.0000, 1.252e-9
216.0000, 130.0000, 1.256e-9
218.0000, 130.0000, 1.251e-9
220.0000, 130.0000, 1.251e-9
222.0000, 130.0000, 1.255e-9
224.0000, 130.0000, 1.251e-9
226.0000, 130.0000, 1.251e-9
228.0000, 130.0000, 1.258e-9
230.0000, 130.0000, 1.255e-9
232.0000, 130.0000, 1.249e-9
234.0000, 130.0000, 1.252e-9
236.0000, 130.0000, 1.251e-9
238.0000, 130.0000, 1.247e-9
240.0000, 130.0000, 1.247e-9
242.0000, 130.0000, 1.248e-9
244.0000, 130.0000, 1.244e-9
246.0000, 130.0000, 1.241e-9
248.0000, 130.0000, 1.255e-9
0.0000, 132.0000, 1.469e-9
2.0000, 132.0000, 1.378e-9
4.0000, 132.0000, 1.351e-9
6.0000, 132.0000, 1.313e-9
8.0000, 132.0000, 1.240e-9
10.0000, 132.0000, 1.168e-9
12.0000, 132.0000, 1.162e-9
14.0000, 132.0000, 1.169e-9
16.0000, 132.0000, 1.133e-9
18.0000, 132.0000, 1.107e-9
20.0000, 132.0000, 1.165e-9
22.0000, 132.0000, 1.179e-9
24.0000, 132.0000, 1.135e-9
26.0000, 132.0000, 1.161e-9
28.0000, 132.0000, 1.206e-9
30.0000, 132.0000, 1.169e-9
32.0000, 132.0000, 1.141e-9
34.0000, 132.0000, 1.174e-9
36.0000, 132.0000, 1.167e-9
38.0000, 132.0000, 1.128e-9
40.0000, 132.0000, 1.137e-9
42.0000, 132.0000, 1.135e-9
44.0000, 132.0000, 1.105e-9
46.0000, 132.0000, 1.076e-9
48.0000, 132.0000, 1.067e-9
50.0000, 132.0000, 1.077e-9
52.0000, 132.0000, 1.079e-9
54.0000, 132.0000, 1.063e-9
56.0000, 132.0000, 1.070e-9
58.0000, 132.0000, 1.091e-9
60.0000, 132.0000, 1.075e-9
62.0000, 132.0000, 1.069e-9
64.0000, 132.0000, 1.101e-9
66.0000, 132.0000, 1.104e-9
68.0000, 132.0000, 1.083e-9
70.0000, 132.0000, 1.122e-9
72.0000, 132.0000, 1.151e-9
74.0000, 132.0000, 1.128e-9
76.0000, 132.0000, 1.119e-9
78.0000, 132.0000, 1.142e-9
80.0000, 132.0000, 1.140e-9
82.0000, 132.0000, 1.123e-9
84.0000, 132.0000, 1.121e-9
86.0000, 132.0000, 1.123e-9
88.0000, 132.0000, 1.121e-9
90.0000, 132.0000, 1.118e-9
92.0000, 132.0000, 1.111e-9
94.0000, 132.0000, 1.123e-9
96.0000, 132.0000, 1.134e-9
98.0000, 132.0000, 1.127e-9
100.0000, 132.0000, 1.126e-9
102.0000, 132.0000, 1.144e-9
104.0000, 132.0000, 1.140e-9
106.0000, 132.0000, 1.137e-9
108.0000, 132.0000, 1.154e-9
110.0000, 132.0000, 1.161e-9
112.0000, 132.0000, 1.151e-9
114.0000, 132.0000, 1.154e-9
116.0000, 132.0000, 1.168e-9
118.0000, 132.0000, 1.172e-9
120.0000, 132.0000, 1.169e-9
122.0000, 132.0000, 1.177e-9
124.0000, 132.0000, 1.187e-9
126.0000, 132.0000, 1.193e-9
128.0000, 132.0000, 1.190e-9
130.0000, 132.0000, 1.184e-9
132.0000, 132.0000, 1.202e-9
134.0000, 132.0000, 1.209e-9
136.0000, 132.0000, 1.208e-9
138.0000, 132.0000, 1.218e-9
140.0000, 132.0000, 1.234e-9
142.0000, 132.0000, 1.222e-9
144.0000, 132.0000, 1.218e-9
146.0000, 132.0000, 1.230e-9
148.0000, 132.0000, 1.227e-9
150.0000, 132.0000, 1.215e-9
152.0000, 132.0000, 1.230e-9
154.0000, 132.0000, 1.232e-9
156.0000, 132.0000, 1.217e-9
158.0000, 132.0000, 1.212e-9
160.0000, 132.0000, 1.226e-9
162.0000, 132.0000, 1.225e-9
164.0000, 132.0000, 1.220e-9
166.0000, 132.0000, 1.220e-9
168.0000, 132.0000, 1.222e-9
170.0000, 132.0000, 1.224e-9
172.0000, 132.0000, 1.225e-9
174.0000, 132.0000, 1.227e-9
176.0000, 132.0000, 1.238e-9
178.0000, 132.0000, 1.249e-9
180.0000, 132.0000, 1.248e-9
182.0000, 132.0000, 1.249e-9
184.0000, 132.0000, 1.259e-9
186.0000, 132.0000, 1.265e-9
188.0000, 132.0000, 1.261e-9
190.0000, 132.0000, 1.261e-9
192.0000, 132.0000, 1.267e-9
194.0000, 132.0000, 1.267e-9
196.0000, 132.0000, 1.262e-9
198.0000, 132.0000, 1.260e-9
200.0000, 132.0000, 1.263e-9
202.0000, 132.0000, 1.258e-9
204.0000, 132.0000, 1.250e-9
206.0000, 132.0000, 1.252e-9
208.0000, 132.0000, 1.257e-9
210.0000, 132.0000, 1.252e-9
212.0000, 132.0000, 1.248e-9
214.0000, 132.0000, 1.257e-9
216.0000, 132.0000, 1.262e-9
218.0000, 132.0000, 1.253e-9
220.0000, 132.0000, 1.249e-9
222.0000, 132.0000, 1.257e-9
224.0000, 132.0000, 1.256e-9
226.0000, 132.0000, 1.251e-9
228.0000, 132.0000, 1.250e-9
230.0000, 132.0000, 1.253e-9
232.0000, 132.0000, 1.254e-9
234.0000, 132.0000, 1.252e-9
236.0000, 132.0000, 1.248e-9
238.0000, 132.0000, 1.251e-9
240.0000, 132.0000, 1.256e-9
242.0000, 132.0000, 1.252e-9
244.0000, 132.0000, 1.247e-9
246.0000, 132.0000, 1.252e-9
248.0000, 132.0000, 1.260e-9
0.0000, 134.0000, 1.371e-9
2.0000, 134.0000, 1.298e-9
4.0000, 134.0000, 1.241e-9
6.0000, 134.0000, 1.219e-9
8.0000, 134.0000, 1.185e-9
10.0000, 134.0000, 1.140e-9
12.0000, 134.0000, 1.183e-9
14.0000, 134.0000, 1.185e-9
16.0000, 134.0000, 1.134e-9
18.0000, 134.0000, 1.149e-9
20.0000, 134.0000, 1.190e-9
22.0000, 134.0000, 1.154e-9
24.0000, 134.0000, 1.133e-9
26.0000, 134.0000, 1.159e-9
28.0000, 134.0000, 1.150e-9
30.0000, 134.0000, 1.109e-9
32.0000, 134.0000, 1.100e-9
34.0000, 134.0000, 1.087e-9
36.0000, 134.0000, 1.060e-9
38.0000, 134.0000, 1.037e-9
40.0000, 134.0000, 1.044e-9
42.0000, 134.0000, 1.066e-9
44.0000, 134.0000, 1.069e-9
46.0000, 134.0000, 1.050e-9
48.0000, 134.0000, 1.053e-9
50.0000, 134.0000, 1.090e-9
52.0000, 134.0000, 1.087e-9
54.0000, 134.0000, 1.075e-9
56.0000, 134.0000, 1.072e-9
58.0000, 134.0000, 1.071e-9
60.0000, 134.0000, 1.073e-9
62.0000, 134.0000, 1.092e-9
64.0000, 134.0000, 1.093e-9
66.0000, 134.0000, 1.087e-9
68.0000, 134.0000, 1.101e-9
70.0000, 134.0000, 1.117e-9
72.0000, 134.0000, 1.110e-9
74.0000, 134.0000, 1.100e-9
76.0000, 134.0000, 1.101e-9
78.0000, 134.0000, 1.110e-9
80.0000, 134.0000, 1.117e-9
82.0000, 134.0000, 1.122e-9
84.0000, 134.0000, 1.119e-9
86.0000, 134.0000, 1.118e-9
88.0000, 134.0000, 1.128e-9
90.0000, 134.0000, 1.131e-9
92.0000, 134.0000, 1.123e-9
94.0000, 134.0000, 1.128e-9
96.0000, 134.0000, 1.134e-9
98.0000, 134.0000, 1.133e-9
100.0000, 134.0000, 1.131e-9
102.0000, 134.0000, 1.139e-9
104.0000, 134.0000, 1.145e-9
106.0000, 134.0000, 1.145e-9
108.0000, 134.0000, 1.145e-9
110.0000, 134.0000, 1.152e-9
112.0000, 134.0000, 1.158e-9
114.0000, 134.0000, 1.159e-9
116.0000, 134.0000, 1.167e-9
118.0000, 134.0000, 1.180e-9
120.0000, 134.0000, 1.181e-9
122.0000, 134.0000, 1.178e-9
124.0000, 134.0000, 1.194e-9
126.0000, 134.0000, 1.208e-9
128.0000, 134.0000, 1.205e-9
130.0000, 134.0000, 1.201e-9
132.0000, 134.0000, 1.224e-9
134.0000, 134.0000, 1.227e-9
136.0000, 134.0000, 1.217e-9
138.0000, 134.0000, 1.221e-9
140.0000, 134.0000, 1.236e-9
142.0000, 134.0000, 1.231e-9
144.0000, 134.0000, 1.226e-9
146.0000, 134.0000, 1.230e-9
148.0000, 134.0000, 1.229e-9
150.0000, 134.0000, 1.222e-9
152.0000, 134.0000, 1.226e-9
154.0000, 134.0000, 1.226e-9
156.0000, 134.0000, 1.219e-9
158.0000, 134.0000, 1.217e-9
160.0000, 134.0000, 1.225e-9
162.0000, 134.0000, 1.228e-9
164.0000, 134.0000, 1.225e-9
166.0000, 134.0000, 1.223e-9
168.0000, 134.0000, 1.228e-9
170.0000, 134.0000, 1.235e-9
172.0000, 134.0000, 1.236e-9
174.0000, 134.0000, 1.241e-9
176.0000, 134.0000, 1.251e-9
178.0000, 134.0000, 1.257e-9
180.0000, 134.0000, 1.257e-9
182.0000, 134.0000, 1.259e-9
184.0000, 134.0000, 1.266e-9
186.0000, 134.0000, 1.270e-9
188.0000, 134.0000, 1.267e-9
190.0000, 134.0000, 1.267e-9
192.0000, 134.0000, 1.274e-9
194.0000, 134.0000, 1.277e-9
196.0000, 134.0000, 1.274e-9
198.0000, 134.0000, 1.272e-9
200.0000, 134.0000, 1.275e-9
202.0000, 134.0000, 1.275e-9
204.0000, 134.0000, 1.268e-9
206.0000, 134.0000, 1.263e-9
208.0000, 134.0000, 1.263e-9
210.0000, 134.0000, 1.263e-9
212.0000, 134.0000, 1.264e-9
214.0000, 134.0000, 1.268e-9
216.0000, 134.0000, 1.265e-9
218.0000, 134.0000, 1.262e-9
220.0000, 134.0000, 1.267e-9
222.0000, 134.0000, 1.267e-9
224.0000, 134.0000, 1.260e-9
226.0000, 134.0000, 1.257e-9
228.0000, 134.0000, 1.258e-9
230.0000, 134.0000, 1.261e-9
232.0000, 134.0000, 1.262e-9
234.0000, 134.0000, 1.258e-9
236.0000, 134.0000, 1.260e-9
238.0000, 134.0000, 1.273e-9
240.0000, 134.0000, 1.277e-9
242.0000, 134.0000, 1.268e-9
244.0000, 134.0000, 1.264e-9
246.0000, 134.0000, 1.271e-9
248.0000, 134.0000, 1.274e-9
0.0000, 136.0000, 1.396e-9
2.0000, 136.0000, 1.325e-9
4.0000, 136.0000, 1.314e-9
6.0000, 136.0000, 1.309e-9
8.0000, 136.0000, 1.256e-9
10.0000, 136.0000, 1.197e-9
12.0000, 136.0000, 1.166e-9
14.0000, 136.0000, 1.143e-9
16.0000, 136.0000, 1.113e-9
18.0000, 136.0000, 1.084e-9
20.0000, 136.0000, 1.122e-9
22.0000, 136.0000, 1.165e-9
24.0000, 136.0000, 1.140e-9
26.0000, 136.0000, 1.138e-9
28.0000, 136.0000, 1.197e-9
30.0000, 136.0000, 1.196e-9
32.0000, 136.0000, 1.151e-9
34.0000, 136.0000, 1.173e-9
36.0000, 136.0000, 1.185e-9
38.0000, 136.0000, 1.147e-9
40.0000, 136.0000, 1.135e-9
42.0000, 136.0000, 1.156e-9
44.0000, 136.0000, 1.137e-9
46.0000, 136.0000, 1.110e-9
48.0000, 136.0000, 1.115e-9
50.0000, 136.0000, 1.120e-9
52.0000, 136.0000, 1.103e-9
54.0000, 136.0000, 1.084e-9
56.0000, 136.0000, 1.081e-9
58.0000, 136.0000, 1.094e-9
60.0000, 136.0000, 1.096e-9
62.0000, 136.0000, 1.083e-9
64.0000, 136.0000, 1.103e-9
66.0000, 136.0000, 1.122e-9
68.0000, 136.0000, 1.113e-9
70.0000, 136.0000, 1.118e-9
72.0000, 136.0000, 1.153e-9
74.0000, 136.0000, 1.146e-9
76.0000, 136.0000, 1.128e-9
78.0000, 136.0000, 1.150e-9
80.0000, 136.0000, 1.173e-9
82.0000, 136.0000, 1.155e-9
84.0000, 136.0000, 1.143e-9
86.0000, 136.0000, 1.149e-9
88.0000, 136.0000, 1.149e-9
90.0000, 136.0000, 1.145e-9
92.0000, 136.0000, 1.140e-9
94.0000, 136.0000, 1.141e-9
96.0000, 136.0000, 1.152e-9
98.0000, 136.0000, 1.153e-9
100.0000, 136.0000, 1.145e-9
102.0000, 136.0000, 1.167e-9
104.0000, 136.0000, 1.181e-9
106.0000, 136.0000, 1.174e-9
108.0000, 136.0000, 1.171e-9
110.0000, 136.0000, 1.193e-9
112.0000, 136.0000, 1.194e-9
114.0000, 136.0000, 1.188e-9
116.0000, 136.0000, 1.192e-9
118.0000, 136.0000, 1.198e-9
120.0000, 136.0000, 1.193e-9
122.0000, 136.0000, 1.198e-9
124.0000, 136.0000, 1.203e-9
126.0000, 136.0000, 1.200e-9
128.0000, 136.0000, 1.197e-9
130.0000, 136.0000, 1.201e-9
132.0000, 136.0000, 1.208e-9
134.0000, 136.0000, 1.211e-9
136.0000, 136.0000, 1.208e-9
138.0000, 136.0000, 1.208e-9
140.0000, 136.0000, 1.223e-9
142.0000, 136.0000, 1.229e-9
144.0000, 136.0000, 1.228e-9
146.0000, 136.0000, 1.234e-9
148.0000, 136.0000, 1.237e-9
150.0000, 136.0000, 1.231e-9
152.0000, 136.0000, 1.235e-9
154.0000, 136.0000, 1.240e-9
156.0000, 136.0000, 1.235e-9
158.0000, 136.0000, 1.233e-9
160.0000, 136.0000, 1.243e-9
162.0000, 136.0000, 1.242e-9
164.0000, 136.0000, 1.235e-9
166.0000, 136.0000, 1.236e-9
168.0000, 136.0000, 1.244e-9
170.0000, 136.0000, 1.250e-9
172.0000, 136.0000, 1.254e-9
174.0000, 136.0000, 1.255e-9
176.0000, 136.0000, 1.255e-9
178.0000, 136.0000, 1.258e-9
180.0000, 136.0000, 1.261e-9
182.0000, 136.0000, 1.262e-9
184.0000, 136.0000, 1.273e-9
186.0000, 136.0000, 1.285e-9
188.0000, 136.0000, 1.286e-9
190.0000, 136.0000, 1.283e-9
192.0000, 136.0000, 1.289e-9
194.0000, 136.0000, 1.288e-9
196.0000, 136.0000, 1.280e-9
198.0000, 136.0000, 1.277e-9
200.0000, 136.0000, 1.281e-9
202.0000, 136.0000, 1.280e-9
204.0000, 136.0000, 1.270e-9
206.0000, 136.0000, 1.267e-9
208.0000, 136.0000, 1.275e-9
210.0000, 136.0000, 1.276e-9
212.0000, 136.0000, 1.273e-9
214.0000, 136.0000, 1.278e-9
216.0000, 136.0000, 1.284e-9
218.0000, 136.0000, 1.278e-9
220.0000, 136.0000, 1.274e-9
222.0000, 136.0000, 1.281e-9
224.0000, 136.0000, 1.281e-9
226.0000, 136.0000, 1.275e-9
228.0000, 136.0000, 1.277e-9
230.0000, 136.0000, 1.284e-9
232.0000, 136.0000, 1.279e-9
234.0000, 136.0000, 1.277e-9
236.0000, 136.0000, 1.285e-9
238.0000, 136.0000, 1.289e-9
240.0000, 136.0000, 1.280e-9
242.0000, 136.0000, 1.270e-9
244.0000, 136.0000, 1.273e-9
246.0000, 136.0000, 1.281e-9
248.0000, 136.0000, 1.283e-9
0.0000, 138.0000, 1.353e-9
2.0000, 138.0000, 1.272e-9
4.0000, 138.0000, 1.235e-9
6.0000, 138.0000, 1.195e-9
8.0000, 138.0000, 1.149e-9
10.0000, 138.0000, 1.135e-9
12.0000, 138.0000, 1.127e-9
14.0000, 138.0000, 1.098e-9
16.0000, 138.0000, 1.076e-9
18.0000, 138.0000, 1.088e-9
20.0000, 138.0000, 1.102e-9
22.0000, 138.0000, 1.081e-9
24.0000, 138.0000, 1.057e-9
26.0000, 138.0000, 1.090e-9
28.0000, 138.0000, 1.117e-9
30.0000, 138.0000, 1.090e-9
32.0000, 138.0000, 1.089e-9
34.0000, 138.0000, 1.125e-9
36.0000, 138.0000, 1.117e-9
38.0000, 138.0000, 1.095e-9
40.0000, 138.0000, 1.133e-9
42.0000, 138.0000, 1.151e-9
44.0000, 138.0000, 1.125e-9
46.0000, 138.0000, 1.113e-9
48.0000, 138.0000, 1.124e-9
50.0000, 138.0000, 1.120e-9
52.0000, 138.0000, 1.106e-9
54.0000, 138.0000, 1.099e-9
56.0000, 138.0000, 1.106e-9
58.0000, 138.0000, 1.110e-9
60.0000, 138.0000, 1.102e-9
62.0000, 138.0000, 1.105e-9
64.0000, 138.0000, 1.128e-9
66.0000, 138.0000, 1.127e-9
68.0000, 138.0000, 1.112e-9
70.0000, 138.0000, 1.142e-9
72.0000, 138.0000, 1.162e-9
74.0000, 138.0000, 1.141e-9
76.0000, 138.0000, 1.133e-9
78.0000, 138.0000, 1.158e-9
80.0000, 138.0000, 1.165e-9
82.0000, 138.0000, 1.152e-9
84.0000, 138.0000, 1.156e-9
86.0000, 138.0000, 1.161e-9
88.0000, 138.0000, 1.153e-9
90.0000, 138.0000, 1.148e-9
92.0000, 138.0000, 1.147e-9
94.0000, 138.0000, 1.141e-9
96.0000, 138.0000, 1.141e-9
98.0000, 138.0000, 1.147e-9
100.0000, 138.0000, 1.150e-9
102.0000, 138.0000, 1.157e-9
104.0000, 138.0000, 1.159e-9
106.0000, 138.0000, 1.160e-9
108.0000, 138.0000, 1.169e-9
110.0000, 138.0000, 1.177e-9
112.0000, 138.0000, 1.176e-9
114.0000, 138.0000, 1.181e-9
116.0000, 138.0000, 1.189e-9
118.0000, 138.0000, 1.192e-9
120.0000, 138.0000, 1.195e-9
122.0000, 138.0000, 1.199e-9
124.0000, 138.0000, 1.203e-9
126.0000, 138.0000, 1.208e-9
128.0000, 138.0000, 1.209e-9
130.0000, 138.0000, 1.205e-9
132.0000, 138.0000, 1.215e-9
134.0000, 138.0000, 1.227e-9
136.0000, 138.0000, 1.227e-9
138.0000, 138.0000, 1.223e-9
140.0000, 138.0000, 1.235e-9
142.0000, 138.0000, 1.239e-9
144.0000, 138.0000, 1.235e-9
146.0000, 138.0000, 1.235e-9
148.0000, 138.0000, 1.236e-9
150.0000, 138.0000, 1.234e-9
152.0000, 138.0000, 1.242e-9
154.0000, 138.0000, 1.243e-9
156.0000, 138.0000, 1.236e-9
158.0000, 138.0000, 1.237e-9
160.0000, 138.0000, 1.245e-9
162.0000, 138.0000, 1.245e-9
164.0000, 138.0000, 1.245e-9
166.0000, 138.0000, 1.247e-9
168.0000, 138.0000, 1.247e-9
170.0000, 138.0000, 1.248e-9
172.0000, 138.0000, 1.253e-9
174.0000, 138.0000, 1.256e-9
176.0000, 138.0000, 1.262e-9
178.0000, 138.0000, 1.272e-9
180.0000, 138.0000, 1.277e-9
182.0000, 138.0000, 1.277e-9
184.0000, 138.0000, 1.284e-9
186.0000, 138.0000, 1.287e-9
188.0000, 138.0000, 1.284e-9
190.0000, 138.0000, 1.287e-9
192.0000, 138.0000, 1.296e-9
194.0000, 138.0000, 1.296e-9
196.0000, 138.0000, 1.292e-9
198.0000, 138.0000, 1.294e-9
200.0000, 138.0000, 1.292e-9
202.0000, 138.0000, 1.283e-9
204.0000, 138.0000, 1.279e-9
206.0000, 138.0000, 1.284e-9
208.0000, 138.0000, 1.285e-9
210.0000, 138.0000, 1.278e-9
212.0000, 138.0000, 1.281e-9
214.0000, 138.0000, 1.295e-9
216.0000, 138.0000, 1.294e-9
218.0000, 138.0000, 1.283e-9
220.0000, 138.0000, 1.282e-9
222.0000, 138.0000, 1.287e-9
224.0000, 138.0000, 1.280e-9
226.0000, 138.0000, 1.273e-9
228.0000, 138.0000, 1.281e-9
230.0000, 138.0000, 1.290e-9
232.0000, 138.0000, 1.282e-9
234.0000, 138.0000, 1.276e-9
236.0000, 138.0000, 1.286e-9
238.0000, 138.0000, 1.293e-9
240.0000, 138.0000, 1.284e-9
242.0000, 138.0000, 1.280e-9
244.0000, 138.0000, 1.294e-9
246.0000, 138.0000, 1.299e-9
248.0000, 138.0000, 1.289e-9
0.0000, 140.0000, 1.321e-9
2.0000, 140.0000, 1.241e-9
4.0000, 140.0000, 1.218e-9
6.0000, 140.0000, 1.213e-9
8.0000, 140.0000, 1.178e-9
10.0000, 140.0000, 1.121e-9
12.0000, 140.0000, 1.132e-9
14.0000, 140.0000, 1.157e-9
16.0000, 140.0000, 1.132e-9
18.0000, 140.0000, 1.105e-9
20.0000, 140.0000, 1.121e-9
22.0000, 140.0000, 1.111e-9
24.0000, 140.0000, 1.075e-9
26.0000, 140.0000, 1.086e-9
28.0000, 140.0000, 1.109e-9
30.0000, 140.0000, 1.088e-9
32.0000, 140.0000, 1.066e-9
34.0000, 140.0000, 1.081e-9
36.0000, 140.0000, 1.082e-9
38.0000, 140.0000, 1.065e-9
40.0000, 140.0000, 1.069e-9
42.0000, 140.0000, 1.086e-9
44.0000, 140.0000, 1.079e-9
46.0000, 140.0000, 1.064e-9
48.0000, 140.0000, 1.065e-9
50.0000, 140.0000, 1.080e-9
52.0000, 140.0000, 1.077e-9
54.0000, 140.0000, 1.068e-9
56.0000, 140.0000, 1.070e-9
58.0000, 140.0000, 1.078e-9
60.0000, 140.0000, 1.076e-9
62.0000, 140.0000, 1.076e-9
64.0000, 140.0000, 1.085e-9
66.0000, 140.0000, 1.087e-9
68.0000, 140.0000, 1.081e-9
70.0000, 140.0000, 1.084e-9
72.0000, 140.0000, 1.097e-9
74.0000, 140.0000, 1.096e-9
76.0000, 140.0000, 1.094e-9
78.0000, 140.0000, 1.106e-9
80.0000, 140.0000, 1.127e-9
82.0000, 140.0000, 1.133e-9
84.0000, 140.0000, 1.123e-9
86.0000, 140.0000, 1.122e-9
88.0000, 140.0000, 1.139e-9
90.0000, 140.0000, 1.143e-9
92.0000, 140.0000, 1.130e-9
94.0000, 140.0000, 1.137e-9
96.0000, 140.0000, 1.153e-9
98.0000, 140.0000, 1.151e-9
100.0000, 140.0000, 1.143e-9
102.0000, 140.0000, 1.161e-9
104.0000, 140.0000, 1.173e-9
106.0000, 140.0000, 1.166e-9
108.0000, 140.0000, 1.161e-9
110.0000, 140.0000, 1.172e-9
112.0000, 140.0000, 1.181e-9
114.0000, 140.0000, 1.181e-9
116.0000, 140.0000, 1.185e-9
118.0000, 140.0000, 1.195e-9
120.0000, 140.0000, 1.196e-9
122.0000, 140.0000, 1.189e-9
124.0000, 140.0000, 1.193e-9
126.0000, 140.0000, 1.201e-9
128.0000, 140.0000, 1.202e-9
130.0000, 140.0000, 1.202e-9
132.0000, 140.0000, 1.215e-9
134.0000, 140.0000, 1.221e-9
136.0000, 140.0000, 1.218e-9
138.0000, 140.0000, 1.220e-9
140.0000, 140.0000, 1.233e-9
142.0000, 140.0000, 1.232e-9
144.0000, 140.0000, 1.229e-9
146.0000, 140.0000, 1.234e-9
148.0000, 140.0000, 1.235e-9
150.0000, 140.0000, 1.229e-9
152.0000, 140.0000, 1.230e-9
154.0000, 140.0000, 1.232e-9
156.0000, 140.0000, 1.231e-9
158.0000, 140.0000, 1.231e-9
160.0000, 140.0000, 1.237e-9
162.0000, 140.0000, 1.239e-9
164.0000, 140.0000, 1.234e-9
166.0000, 140.0000, 1.230e-9
168.0000, 140.0000, 1.233e-9
170.0000, 140.0000, 1.243e-9
172.0000, 140.0000, 1.246e-9
174.0000, 140.0000, 1.249e-9
176.0000, 140.0000, 1.259e-9
178.0000, 140.0000, 1.267e-9
180.0000, 140.0000, 1.263e-9
182.0000, 140.0000, 1.265e-9
184.0000, 140.0000, 1.276e-9
186.0000, 140.0000, 1.282e-9
188.0000, 140.0000, 1.278e-9
190.0000, 140.0000, 1.281e-9
192.0000, 140.0000, 1.289e-9
194.0000, 140.0000, 1.285e-9
196.0000, 140.0000, 1.278e-9
198.0000, 140.0000, 1.283e-9
200.0000, 140.0000, 1.288e-9
202.0000, 140.0000, 1.279e-9
204.0000, 140.0000, 1.273e-9
206.0000, 140.0000, 1.281e-9
208.0000, 140.0000, 1.283e-9
210.0000, 140.0000, 1.273e-9
212.0000, 140.0000, 1.277e-9
214.0000, 140.0000, 1.290e-9
216.0000, 140.0000, 1.287e-9
218.0000, 140.0000, 1.276e-9
220.0000, 140.0000, 1.285e-9
222.0000, 140.0000, 1.295e-9
224.0000, 140.0000, 1.287e-9
226.0000, 140.0000, 1.278e-9
228.0000, 140.0000, 1.287e-9
230.0000, 140.0000, 1.292e-9
232.0000, 140.0000, 1.279e-9
234.0000, 140.0000, 1.272e-9
236.0000, 140.0000, 1.284e-9
238.0000, 140.0000, 1.290e-9
240.0000, 140.0000, 1.280e-9
242.0000, 140.0000, 1.276e-9
244.0000, 140.0000, 1.286e-9
246.0000, 140.0000, 1.289e-9
248.0000, 140.0000, 1.283e-9
0.0000, 142.0000, 1.482e-9
2.0000, 142.0000, 1.400e-9
4.0000, 142.0000, 1.396e-9
6.0000, 142.0000, 1.403e-9
8.0000, 142.0000, 1.345e-9
10.0000, 142.0000, 1.267e-9
12.0000, 142.0000, 1.227e-9
14.0000, 142.0000, 1.193e-9
16.0000, 142.0000, 1.149e-9
18.0000, 142.0000, 1.107e-9
20.0000, 142.0000, 1.136e-9
22.0000, 142.0000, 1.181e-9
24.0000, 142.0000, 1.157e-9
26.0000, 142.0000, 1.139e-9
28.0000, 142.0000, 1.203e-9
30.0000, 142.0000, 1.224e-9
32.0000, 142.0000, 1.179e-9
34.0000, 142.0000, 1.193e-9
36.0000, 142.0000, 1.213e-9
38.0000, 142.0000, 1.177e-9
40.0000, 142.0000, 1.154e-9
42.0000, 142.0000, 1.175e-9
44.0000, 142.0000, 1.159e-9
46.0000, 142.0000, 1.135e-9
48.0000, 142.0000, 1.144e-9
50.0000, 142.0000, 1.145e-9
52.0000, 142.0000, 1.124e-9
54.0000, 142.0000, 1.111e-9
56.0000, 142.0000, 1.104e-9
58.0000, 142.0000, 1.106e-9
60.0000, 142.0000, 1.115e-9
62.0000, 142.0000, 1.103e-9
64.0000, 142.0000, 1.109e-9
66.0000, 142.0000, 1.128e-9
68.0000, 142.0000, 1.129e-9
70.0000, 142.0000, 1.129e-9
72.0000, 142.0000, 1.154e-9
74.0000, 142.0000, 1.148e-9
76.0000, 142.0000, 1.134e-9
78.0000, 142.0000, 1.157e-9
80.0000, 142.0000, 1.182e-9
82.0000, 142.0000, 1.165e-9
84.0000, 142.0000, 1.158e-9
86.0000, 142.0000, 1.169e-9
88.0000, 142.0000, 1.167e-9
90.0000, 142.0000, 1.156e-9
92.0000, 142.0000, 1.153e-9
94.0000, 142.0000, 1.152e-9
96.0000, 142.0000, 1.156e-9
98.0000, 142.0000, 1.157e-9
100.0000, 142.0000, 1.150e-9
102.0000, 142.0000, 1.164e-9
104.0000, 142.0000, 1.179e-9
106.0000, 142.0000, 1.174e-9
108.0000, 142.0000, 1.167e-9
110.0000, 142.0000, 1.189e-9
112.0000, 142.0000, 1.198e-9
114.0000, 142.0000, 1.198e-9
116.0000, 142.0000, 1.208e-9
118.0000, 142.0000, 1.217e-9
120.0000, 142.0000, 1.207e-9
122.0000, 142.0000, 1.205e-9
124.0000, 142.0000, 1.213e-9
126.0000, 142.0000, 1.213e-9
128.0000, 142.0000, 1.206e-9
130.0000, 142.0000, 1.209e-9
132.0000, 142.0000, 1.216e-9
134.0000, 142.0000, 1.220e-9
136.0000, 142.0000, 1.220e-9
138.0000, 142.0000, 1.223e-9
140.0000, 142.0000, 1.237e-9
142.0000, 142.0000, 1.241e-9
144.0000, 142.0000, 1.238e-9
146.0000, 142.0000, 1.247e-9
148.0000, 142.0000, 1.255e-9
150.0000, 142.0000, 1.245e-9
152.0000, 142.0000, 1.240e-9
154.0000, 142.0000, 1.247e-9
156.0000, 142.0000, 1.245e-9
158.0000, 142.0000, 1.237e-9
160.0000, 142.0000, 1.248e-9
162.0000, 142.0000, 1.256e-9
164.0000, 142.0000, 1.249e-9
166.0000, 142.0000, 1.241e-9
168.0000, 142.0000, 1.244e-9
170.0000, 142.0000, 1.248e-9
172.0000, 142.0000, 1.249e-9
174.0000, 142.0000, 1.252e-9
176.0000, 142.0000, 1.259e-9
178.0000, 142.0000, 1.268e-9
180.0000, 142.0000, 1.272e-9
182.0000, 142.0000, 1.272e-9
184.0000, 142.0000, 1.280e-9
186.0000, 142.0000, 1.287e-9
188.0000, 142.0000, 1.285e-9
190.0000, 142.0000, 1.282e-9
192.0000, 142.0000, 1.288e-9
194.0000, 142.0000, 1.287e-9
196.0000, 142.0000, 1.285e-9
198.0000, 142.0000, 1.290e-9
200.0000, 142.0000, 1.290e-9
202.0000, 142.0000, 1.281e-9
204.0000, 142.0000, 1.278e-9
206.0000, 142.0000, 1.285e-9
208.0000, 142.0000, 1.284e-9
210.0000, 142.0000, 1.276e-9
212.0000, 142.0000, 1.279e-9
214.0000, 142.0000, 1.288e-9
216.0000, 142.0000, 1.287e-9
218.0000, 142.0000, 1.280e-9
220.0000, 142.0000, 1.283e-9
222.0000, 142.0000, 1.289e-9
224.0000, 142.0000, 1.282e-9
226.0000, 142.0000, 1.275e-9
228.0000, 142.0000, 1.283e-9
230.0000, 142.0000, 1.291e-9
232.0000, 142.0000, 1.284e-9
234.0000, 142.0000, 1.277e-9
236.0000, 142.0000, 1.287e-9
238.0000, 142.0000, 1.297e-9
240.0000, 142.0000, 1.293e-9
242.0000, 142.0000, 1.287e-9
244.0000, 142.0000, 1.288e-9
246.0000, 142.0000, 1.289e-9
248.0000, 142.0000, 1.288e-9
0.0000, 144.0000, 1.387e-9
2.0000, 144.0000, 1.312e-9
4.0000, 144.0000, 1.299e-9
6.0000, 144.0000, 1.333e-9
8.0000, 144.0000, 1.301e-9
10.0000, 144.0000, 1.234e-9
12.0000, 144.0000, 1.234e-9
14.0000, 144.0000, 1.240e-9
16.0000, 144.0000, 1.200e-9
18.0000, 144.0000, 1.154e-9
20.0000, 144.0000, 1.179e-9
22.0000, 144.0000, 1.194e-9
24.0000, 144.0000, 1.156e-9
26.0000, 144.0000, 1.156e-9
28.0000, 144.0000, 1.203e-9
30.0000, 144.0000, 1.187e-9
32.0000, 144.0000, 1.146e-9
34.0000, 144.0000, 1.175e-9
36.0000, 144.0000, 1.193e-9
38.0000, 144.0000, 1.157e-9
40.0000, 144.0000, 1.142e-9
42.0000, 144.0000, 1.168e-9
44.0000, 144.0000, 1.158e-9
46.0000, 144.0000, 1.129e-9
48.0000, 144.0000, 1.137e-9
50.0000, 144.0000, 1.158e-9
52.0000, 144.0000, 1.140e-9
54.0000, 144.0000, 1.121e-9
56.0000, 144.0000, 1.135e-9
58.0000, 144.0000, 1.145e-9
60.0000, 144.0000, 1.129e-9
62.0000, 144.0000, 1.124e-9
64.0000, 144.0000, 1.146e-9
66.0000, 144.0000, 1.149e-9
68.0000, 144.0000, 1.133e-9
70.0000, 144.0000, 1.138e-9
72.0000, 144.0000, 1.166e-9
74.0000, 144.0000, 1.158e-9
76.0000, 144.0000, 1.143e-9
78.0000, 144.0000, 1.161e-9
80.0000, 144.0000, 1.183e-9
82.0000, 144.0000, 1.169e-9
84.0000, 144.0000, 1.153e-9
86.0000, 144.0000, 1.160e-9
88.0000, 144.0000, 1.170e-9
90.0000, 144.0000, 1.159e-9
92.0000, 144.0000, 1.149e-9
94.0000, 144.0000, 1.159e-9
96.0000, 144.0000, 1.166e-9
98.0000, 144.0000, 1.158e-9
100.0000, 144.0000, 1.153e-9
102.0000, 144.0000, 1.172e-9
104.0000, 144.0000, 1.178e-9
106.0000, 144.0000, 1.170e-9
108.0000, 144.0000, 1.172e-9
110.0000, 144.0000, 1.191e-9
112.0000, 144.0000, 1.195e-9
114.0000, 144.0000, 1.193e-9
116.0000, 144.0000, 1.206e-9
118.0000, 144.0000, 1.220e-9
120.0000, 144.0000, 1.213e-9
122.0000, 144.0000, 1.210e-9
124.0000, 144.0000, 1.223e-9
126.0000, 144.0000, 1.225e-9
128.0000, 144.0000, 1.215e-9
130.0000, 144.0000, 1.218e-9
132.0000, 144.0000, 1.236e-9
134.0000, 144.0000, 1.237e-9
136.0000, 144.0000, 1.229e-9
138.0000, 144.0000, 1.235e-9
140.0000, 144.0000, 1.252e-9
142.0000, 144.0000, 1.248e-9
144.0000, 144.0000, 1.245e-9
146.0000, 144.0000, 1.253e-9
148.0000, 144.0000, 1.256e-9
150.0000, 144.0000, 1.250e-9
152.0000, 144.0000, 1.249e-9
154.0000, 144.0000, 1.252e-9
156.0000, 144.0000, 1.250e-9
158.0000, 144.0000, 1.244e-9
160.0000, 144.0000, 1.246e-9
162.0000, 144.0000, 1.250e-9
164.0000, 144.0000, 1.248e-9
166.0000, 144.0000, 1.247e-9
168.0000, 144.0000, 1.254e-9
170.0000, 144.0000, 1.264e-9
172.0000, 144.0000, 1.263e-9
174.0000, 144.0000, 1.262e-9
176.0000, 144.0000, 1.269e-9
178.0000, 144.0000, 1.275e-9
180.0000, 144.0000, 1.274e-9
182.0000, 144.0000, 1.279e-9
184.0000, 144.0000, 1.289e-9
186.0000, 144.0000, 1.294e-9
188.0000, 144.0000, 1.292e-9
190.0000, 144.0000, 1.295e-9
192.0000, 144.0000, 1.299e-9
194.0000, 144.0000, 1.295e-9
196.0000, 144.0000, 1.293e-9
198.0000, 144.0000, 1.298e-9
200.0000, 144.0000, 1.298e-9
202.0000, 144.0000, 1.290e-9
204.0000, 144.0000, 1.287e-9
206.0000, 144.0000, 1.289e-9
208.0000, 144.0000, 1.290e-9
210.0000, 144.0000, 1.284e-9
212.0000, 144.0000, 1.286e-9
214.0000, 144.0000, 1.295e-9
216.0000, 144.0000, 1.295e-9
218.0000, 144.0000, 1.288e-9
220.0000, 144.0000, 1.287e-9
222.0000, 144.0000, 1.289e-9
224.0000, 144.0000, 1.287e-9
226.0000, 144.0000, 1.284e-9
228.0000, 144.0000, 1.285e-9
230.0000, 144.0000, 1.286e-9
232.0000, 144.0000, 1.284e-9
234.0000, 144.0000, 1.281e-9
236.0000, 144.0000, 1.287e-9
238.0000, 144.0000, 1.293e-9
240.0000, 144.0000, 1.291e-9
242.0000, 144.0000, 1.287e-9
244.0000, 144.0000, 1.293e-9
246.0000, 144.0000, 1.301e-9
248.0000, 144.0000, 1.300e-9
0.0000, 146.0000, 1.318e-9
2.0000, 146.0000, 1.257e-9
4.0000, 146.0000, 1.262e-9
6.0000, 146.0000, 1.230e-9
8.0000, 146.0000, 1.176e-9
10.0000, 146.0000, 1.174e-9
12.0000, 146.0000, 1.178e-9
14.0000, 146.0000, 1.144e-9
16.0000, 146.0000, 1.120e-9
18.0000, 146.0000, 1.136e-9
20.0000, 146.0000, 1.135e-9
22.0000, 146.0000, 1.103e-9
24.0000, 146.0000, 1.090e-9
26.0000, 146.0000, 1.111e-9
28.0000, 146.0000, 1.115e-9
30.0000, 146.0000, 1.091e-9
32.0000, 146.0000, 1.083e-9
34.0000, 146.0000, 1.100e-9
36.0000, 146.0000, 1.102e-9
38.0000, 146.0000, 1.089e-9
40.0000, 146.0000, 1.091e-9
42.0000, 146.0000, 1.107e-9
44.0000, 146.0000, 1.100e-9
46.0000, 146.0000, 1.085e-9
48.0000, 146.0000, 1.090e-9
50.0000, 146.0000, 1.110e-9
52.0000, 146.0000, 1.108e-9
54.0000, 146.0000, 1.102e-9
56.0000, 146.0000, 1.116e-9
58.0000, 146.0000, 1.127e-9
60.0000, 146.0000, 1.119e-9
62.0000, 146.0000, 1.111e-9
64.0000, 146.0000, 1.124e-9
66.0000, 146.0000, 1.136e-9
68.0000, 146.0000, 1.128e-9
70.0000, 146.0000, 1.123e-9
72.0000, 146.0000, 1.143e-9
74.0000, 146.0000, 1.150e-9
76.0000, 146.0000, 1.140e-9
78.0000, 146.0000, 1.144e-9
80.0000, 146.0000, 1.175e-9
82.0000, 146.0000, 1.182e-9
84.0000, 146.0000, 1.167e-9
86.0000, 146.0000, 1.168e-9
88.0000, 146.0000, 1.190e-9
90.0000, 146.0000, 1.190e-9
92.0000, 146.0000, 1.172e-9
94.0000, 146.0000, 1.175e-9
96.0000, 146.0000, 1.191e-9
98.0000, 146.0000, 1.187e-9
100.0000, 146.0000, 1.177e-9
102.0000, 146.0000, 1.195e-9
104.0000, 146.0000, 1.206e-9
106.0000, 146.0000, 1.197e-9
108.0000, 146.0000, 1.193e-9
110.0000, 146.0000, 1.211e-9
112.0000, 146.0000, 1.217e-9
114.0000, 146.0000, 1.207e-9
116.0000, 146.0000, 1.210e-9
118.0000, 146.0000, 1.226e-9
120.0000, 146.0000, 1.227e-9
122.0000, 146.0000, 1.217e-9
124.0000, 146.0000, 1.227e-9
126.0000, 146.0000, 1.240e-9
128.0000, 146.0000, 1.240e-9
130.0000, 146.0000, 1.234e-9
132.0000, 146.0000, 1.247e-9
134.0000, 146.0000, 1.254e-9
136.0000, 146.0000, 1.245e-9
138.0000, 146.0000, 1.242e-9
140.0000, 146.0000, 1.263e-9
142.0000, 146.0000, 1.267e-9
144.0000, 146.0000, 1.260e-9
146.0000, 146.0000, 1.264e-9
148.0000, 146.0000, 1.271e-9
150.0000, 146.0000, 1.262e-9
152.0000, 146.0000, 1.256e-9
154.0000, 146.0000, 1.260e-9
156.0000, 146.0000, 1.263e-9
158.0000, 146.0000, 1.258e-9
160.0000, 146.0000, 1.255e-9
162.0000, 146.0000, 1.261e-9
164.0000, 146.0000, 1.262e-9
166.0000, 146.0000, 1.258e-9
168.0000, 146.0000, 1.260e-9
170.0000, 146.0000, 1.275e-9
172.0000, 146.0000, 1.280e-9
174.0000, 146.0000, 1.275e-9
176.0000, 146.0000, 1.278e-9
178.0000, 146.0000, 1.288e-9
180.0000, 146.0000, 1.288e-9
182.0000, 146.0000, 1.289e-9
184.0000, 146.0000, 1.299e-9
186.0000, 146.0000, 1.307e-9
188.0000, 146.0000, 1.303e-9
190.0000, 146.0000, 1.302e-9
192.0000, 146.0000, 1.308e-9
194.0000, 146.0000, 1.306e-9
196.0000, 146.0000, 1.300e-9
198.0000, 146.0000, 1.303e-9
200.0000, 146.0000, 1.308e-9
202.0000, 146.0000, 1.302e-9
204.0000, 146.0000, 1.294e-9
206.0000, 146.0000, 1.295e-9
208.0000, 146.0000, 1.297e-9
210.0000, 146.0000, 1.291e-9
212.0000, 146.0000, 1.293e-9
214.0000, 146.0000, 1.300e-9
216.0000, 146.0000, 1.300e-9
218.0000, 146.0000, 1.294e-9
220.0000, 146.0000, 1.293e-9
222.0000, 146.0000, 1.297e-9
224.0000, 146.0000, 1.296e-9
226.0000, 146.0000, 1.293e-9
228.0000, 146.0000, 1.296e-9
230.0000, 146.0000, 1.301e-9
232.0000, 146.0000, 1.298e-9
234.0000, 146.0000, 1.294e-9
236.0000, 146.0000, 1.299e-9
238.0000, 146.0000, 1.304e-9
240.0000, 146.0000, 1.301e-9
242.0000, 146.0000, 1.295e-9
244.0000, 146.0000, 1.298e-9
246.0000, 146.0000, 1.306e-9
248.0000, 146.0000, 1.305e-9
0.0000, 148.0000, 1.377e-9
2.0000, 148.0000, 1.302e-9
4.0000, 148.0000, 1.296e-9
6.0000, 148.0000, 1.280e-9
8.0000, 148.0000, 1.229e-9
10.0000, 148.0000, 1.196e-9
12.0000, 148.0000, 1.207e-9
14.0000, 148.0000, 1.188e-9
16.0000, 148.0000, 1.152e-9
18.0000, 148.0000, 1.144e-9
20.0000, 148.0000, 1.160e-9
22.0000, 148.0000, 1.141e-9
24.0000, 148.0000, 1.122e-9
26.0000, 148.0000, 1.134e-9
28.0000, 148.0000, 1.139e-9
30.0000, 148.0000, 1.118e-9
32.0000, 148.0000, 1.095e-9
34.0000, 148.0000, 1.108e-9
36.0000, 148.0000, 1.125e-9
38.0000, 148.0000, 1.117e-9
40.0000, 148.0000, 1.108e-9
42.0000, 148.0000, 1.131e-9
44.0000, 148.0000, 1.132e-9
46.0000, 148.0000, 1.114e-9
48.0000, 148.0000, 1.121e-9
50.0000, 148.0000, 1.145e-9
52.0000, 148.0000, 1.139e-9
54.0000, 148.0000, 1.127e-9
56.0000, 148.0000, 1.135e-9
58.0000, 148.0000, 1.147e-9
60.0000, 148.0000, 1.139e-9
62.0000, 148.0000, 1.132e-9
64.0000, 148.0000, 1.146e-9
66.0000, 148.0000, 1.156e-9
68.0000, 148.0000, 1.147e-9
70.0000, 148.0000, 1.143e-9
72.0000, 148.0000, 1.171e-9
74.0000, 148.0000, 1.176e-9
76.0000, 148.0000, 1.163e-9
78.0000, 148.0000, 1.168e-9
80.0000, 148.0000, 1.192e-9
82.0000, 148.0000, 1.191e-9
84.0000, 148.0000, 1.180e-9
86.0000, 148.0000, 1.182e-9
88.0000, 148.0000, 1.188e-9
90.0000, 148.0000, 1.185e-9
92.0000, 148.0000, 1.180e-9
94.0000, 148.0000, 1.181e-9
96.0000, 148.0000, 1.184e-9
98.0000, 148.0000, 1.180e-9
100.0000, 148.0000, 1.181e-9
102.0000, 148.0000, 1.190e-9
104.0000, 148.0000, 1.193e-9
106.0000, 148.0000, 1.189e-9
108.0000, 148.0000, 1.192e-9
110.0000, 148.0000, 1.206e-9
112.0000, 148.0000, 1.211e-9
114.0000, 148.0000, 1.210e-9
116.0000, 148.0000, 1.219e-9
118.0000, 148.0000, 1.227e-9
120.0000, 148.0000, 1.224e-9
122.0000, 148.0000, 1.225e-9
124.0000, 148.0000, 1.231e-9
126.0000, 148.0000, 1.231e-9
128.0000, 148.0000, 1.228e-9
130.0000, 148.0000, 1.232e-9
132.0000, 148.0000, 1.242e-9
134.0000, 148.0000, 1.245e-9
136.0000, 148.0000, 1.244e-9
138.0000, 148.0000, 1.246e-9
140.0000, 148.0000, 1.255e-9
142.0000, 148.0000, 1.255e-9
144.0000, 148.0000, 1.257e-9
146.0000, 148.0000, 1.263e-9
148.0000, 148.0000, 1.262e-9
150.0000, 148.0000, 1.259e-9
152.0000, 148.0000, 1.260e-9
154.0000, 148.0000, 1.260e-9
156.0000, 148.0000, 1.258e-9
158.0000, 148.0000, 1.258e-9
160.0000, 148.0000, 1.266e-9
162.0000, 148.0000, 1.269e-9
164.0000, 148.0000, 1.266e-9
166.0000, 148.0000, 1.264e-9
168.0000, 148.0000, 1.266e-9
170.0000, 148.0000, 1.274e-9
172.0000, 148.0000, 1.277e-9
174.0000, 148.0000, 1.279e-9
176.0000, 148.0000, 1.286e-9
178.0000, 148.0000, 1.292e-9
180.0000, 148.0000, 1.291e-9
182.0000, 148.0000, 1.295e-9
184.0000, 148.0000, 1.302e-9
186.0000, 148.0000, 1.304e-9
188.0000, 148.0000, 1.303e-9
190.0000, 148.0000, 1.310e-9
192.0000, 148.0000, 1.314e-9
194.0000, 148.0000, 1.309e-9
196.0000, 148.0000, 1.307e-9
198.0000, 148.0000, 1.313e-9
200.0000, 148.0000, 1.311e-9
202.0000, 148.0000, 1.302e-9
204.0000, 148.0000, 1.299e-9
206.0000, 148.0000, 1.302e-9
208.0000, 148.0000, 1.301e-9
210.0000, 148.0000, 1.296e-9
212.0000, 148.0000, 1.298e-9
214.0000, 148.0000, 1.304e-9
216.0000, 148.0000, 1.304e-9
218.0000, 148.0000, 1.297e-9
220.0000, 148.0000, 1.298e-9
222.0000, 148.0000, 1.302e-9
224.0000, 148.0000, 1.302e-9
226.0000, 148.0000, 1.299e-9
228.0000, 148.0000, 1.292e-9
230.0000, 148.0000, 1.289e-9
232.0000, 148.0000, 1.297e-9
234.0000, 148.0000, 1.302e-9
236.0000, 148.0000, 1.299e-9
238.0000, 148.0000, 1.297e-9
240.0000, 148.0000, 1.304e-9
242.0000, 148.0000, 1.305e-9
244.0000, 148.0000, 1.301e-9
246.0000, 148.0000, 1.306e-9
248.0000, 148.0000, 1.313e-9
0.0000, 150.0000, 1.381e-9
2.0000, 150.0000, 1.305e-9
4.0000, 150.0000, 1.297e-9
6.0000, 150.0000, 1.288e-9
8.0000, 150.0000, 1.234e-9
10.0000, 150.0000, 1.185e-9
12.0000, 150.0000, 1.192e-9
14.0000, 150.0000, 1.180e-9
16.0000, 150.0000, 1.142e-9
18.0000, 150.0000, 1.140e-9
20.0000, 150.0000, 1.162e-9
22.0000, 150.0000, 1.139e-9
24.0000, 150.0000, 1.120e-9
26.0000, 150.0000, 1.145e-9
28.0000, 150.0000, 1.154e-9
30.0000, 150.0000, 1.125e-9
32.0000, 150.0000, 1.123e-9
34.0000, 150.0000, 1.150e-9
36.0000, 150.0000, 1.147e-9
38.0000, 150.0000, 1.124e-9
40.0000, 150.0000, 1.128e-9
42.0000, 150.0000, 1.142e-9
44.0000, 150.0000, 1.127e-9
46.0000, 150.0000, 1.109e-9
48.0000, 150.0000, 1.115e-9
50.0000, 150.0000, 1.130e-9
52.0000, 150.0000, 1.124e-9
54.0000, 150.0000, 1.116e-9
56.0000, 150.0000, 1.128e-9
58.0000, 150.0000, 1.138e-9
60.0000, 150.0000, 1.131e-9
62.0000, 150.0000, 1.129e-9
64.0000, 150.0000, 1.144e-9
66.0000, 150.0000, 1.145e-9
68.0000, 150.0000, 1.132e-9
70.0000, 150.0000, 1.131e-9
72.0000, 150.0000, 1.148e-9
74.0000, 150.0000, 1.147e-9
76.0000, 150.0000, 1.137e-9
78.0000, 150.0000, 1.145e-9
80.0000, 150.0000, 1.169e-9
82.0000, 150.0000, 1.173e-9
84.0000, 150.0000, 1.162e-9
86.0000, 150.0000, 1.164e-9
88.0000, 150.0000, 1.182e-9
90.0000, 150.0000, 1.184e-9
92.0000, 150.0000, 1.170e-9
94.0000, 150.0000, 1.173e-9
96.0000, 150.0000, 1.187e-9
98.0000, 150.0000, 1.185e-9
100.0000, 150.0000, 1.177e-9
102.0000, 150.0000, 1.192e-9
104.0000, 150.0000, 1.197e-9
106.0000, 150.0000, 1.188e-9
108.0000, 150.0000, 1.187e-9
110.0000, 150.0000, 1.201e-9
112.0000, 150.0000, 1.203e-9
114.0000, 150.0000, 1.200e-9
116.0000, 150.0000, 1.208e-9
118.0000, 150.0000, 1.221e-9
120.0000, 150.0000, 1.221e-9
122.0000, 150.0000, 1.216e-9
124.0000, 150.0000, 1.223e-9
126.0000, 150.0000, 1.234e-9
128.0000, 150.0000, 1.235e-9
130.0000, 150.0000, 1.229e-9
132.0000, 150.0000, 1.237e-9
134.0000, 150.0000, 1.246e-9
136.0000, 150.0000, 1.243e-9
138.0000, 150.0000, 1.239e-9
140.0000, 150.0000, 1.251e-9
142.0000, 150.0000, 1.254e-9
144.0000, 150.0000, 1.247e-9
146.0000, 150.0000, 1.249e-9
148.0000, 150.0000, 1.253e-9
150.0000, 150.0000, 1.251e-9
152.0000, 150.0000, 1.251e-9
154.0000, 150.0000, 1.253e-9
156.0000, 150.0000, 1.253e-9
158.0000, 150.0000, 1.250e-9
160.0000, 150.0000, 1.251e-9
162.0000, 150.0000, 1.254e-9
164.0000, 150.0000, 1.256e-9
166.0000, 150.0000, 1.256e-9
168.0000, 150.0000, 1.260e-9
170.0000, 150.0000, 1.268e-9
172.0000, 150.0000, 1.270e-9
174.0000, 150.0000, 1.269e-9
176.0000, 150.0000, 1.275e-9
178.0000, 150.0000, 1.279e-9
180.0000, 150.0000, 1.280e-9
182.0000, 150.0000, 1.287e-9
184.0000, 150.0000, 1.296e-9
186.0000, 150.0000, 1.296e-9
188.0000, 150.0000, 1.293e-9
190.0000, 150.0000, 1.299e-9
192.0000, 150.0000, 1.305e-9
194.0000, 150.0000, 1.301e-9
196.0000, 150.0000, 1.299e-9
198.0000, 150.0000, 1.305e-9
200.0000, 150.0000, 1.304e-9
202.0000, 150.0000, 1.296e-9
204.0000, 150.0000, 1.295e-9
206.0000, 150.0000, 1.299e-9
208.0000, 150.0000, 1.298e-9
210.0000, 150.0000, 1.291e-9
212.0000, 150.0000, 1.293e-9
214.0000, 150.0000, 1.301e-9
216.0000, 150.0000, 1.298e-9
218.0000, 150.0000, 1.292e-9
220.0000, 150.0000, 1.295e-9
222.0000, 150.0000, 1.298e-9
224.0000, 150.0000, 1.292e-9
226.0000, 150.0000, 1.288e-9
228.0000, 150.0000, 1.293e-9
230.0000, 150.0000, 1.290e-9
232.0000, 150.0000, 1.282e-9
234.0000, 150.0000, 1.290e-9
236.0000, 150.0000, 1.302e-9
238.0000, 150.0000, 1.299e-9
240.0000, 150.0000, 1.296e-9
242.0000, 150.0000, 1.305e-9
244.0000, 150.0000, 1.309e-9
246.0000, 150.0000, 1.304e-9
248.0000, 150.0000, 1.303e-9
0.0000, 152.0000, 1.386e-9
2.0000, 152.0000, 1.317e-9
4.0000, 152.0000, 1.320e-9
6.0000, 152.0000, 1.353e-9
8.0000, 152.0000, 1.313e-9
10.0000, 152.0000, 1.243e-9
12.0000, 152.0000, 1.253e-9
14.0000, 152.0000, 1.260e-9
16.0000, 152.0000, 1.214e-9
18.0000, 152.0000, 1.177e-9
20.0000, 152.0000, 1.202e-9
22.0000, 152.0000, 1.196e-9
24.0000, 152.0000, 1.156e-9
26.0000, 152.0000, 1.163e-9
28.0000, 152.0000, 1.189e-9
30.0000, 152.0000, 1.168e-9
32.0000, 152.0000, 1.140e-9
34.0000, 152.0000, 1.166e-9
36.0000, 152.0000, 1.172e-9
38.0000, 152.0000, 1.143e-9
40.0000, 152.0000, 1.148e-9
42.0000, 152.0000, 1.179e-9
44.0000, 152.0000, 1.164e-9
46.0000, 152.0000, 1.134e-9
48.0000, 152.0000, 1.131e-9
50.0000, 152.0000, 1.143e-9
52.0000, 152.0000, 1.130e-9
54.0000, 152.0000, 1.114e-9
56.0000, 152.0000, 1.119e-9
58.0000, 152.0000, 1.128e-9
60.0000, 152.0000, 1.125e-9
62.0000, 152.0000, 1.116e-9
64.0000, 152.0000, 1.130e-9
66.0000, 152.0000, 1.142e-9
68.0000, 152.0000, 1.136e-9
70.0000, 152.0000, 1.136e-9
72.0000, 152.0000, 1.156e-9
74.0000, 152.0000, 1.157e-9
76.0000, 152.0000, 1.148e-9
78.0000, 152.0000, 1.155e-9
80.0000, 152.0000, 1.177e-9
82.0000, 152.0000, 1.178e-9
84.0000, 152.0000, 1.166e-9
86.0000, 152.0000, 1.167e-9
88.0000, 152.0000, 1.182e-9
90.0000, 152.0000, 1.183e-9
92.0000, 152.0000, 1.169e-9
94.0000, 152.0000, 1.168e-9
96.0000, 152.0000, 1.179e-9
98.0000, 152.0000, 1.178e-9
100.0000, 152.0000, 1.172e-9
102.0000, 152.0000, 1.183e-9
104.0000, 152.0000, 1.188e-9
106.0000, 152.0000, 1.182e-9
108.0000, 152.0000, 1.183e-9
110.0000, 152.0000, 1.199e-9
112.0000, 152.0000, 1.203e-9
114.0000, 152.0000, 1.200e-9
116.0000, 152.0000, 1.208e-9
118.0000, 152.0000, 1.219e-9
120.0000, 152.0000, 1.216e-9
122.0000, 152.0000, 1.215e-9
124.0000, 152.0000, 1.225e-9
126.0000, 152.0000, 1.231e-9
128.0000, 152.0000, 1.227e-9
130.0000, 152.0000, 1.225e-9
132.0000, 152.0000, 1.235e-9
134.0000, 152.0000, 1.241e-9
136.0000, 152.0000, 1.238e-9
138.0000, 152.0000, 1.239e-9
140.0000, 152.0000, 1.254e-9
142.0000, 152.0000, 1.256e-9
144.0000, 152.0000, 1.251e-9
146.0000, 152.0000, 1.252e-9
148.0000, 152.0000, 1.254e-9
150.0000, 152.0000, 1.248e-9
152.0000, 152.0000, 1.246e-9
154.0000, 152.0000, 1.251e-9
156.0000, 152.0000, 1.253e-9
158.0000, 152.0000, 1.253e-9
160.0000, 152.0000, 1.255e-9
162.0000, 152.0000, 1.256e-9
164.0000, 152.0000, 1.255e-9
166.0000, 152.0000, 1.253e-9
168.0000, 152.0000, 1.255e-9
170.0000, 152.0000, 1.262e-9
172.0000, 152.0000, 1.268e-9
174.0000, 152.0000, 1.273e-9
176.0000, 152.0000, 1.277e-9
178.0000, 152.0000, 1.279e-9
180.0000, 152.0000, 1.280e-9
182.0000, 152.0000, 1.285e-9
184.0000, 152.0000, 1.291e-9
186.0000, 152.0000, 1.294e-9
188.0000, 152.0000, 1.294e-9
190.0000, 152.0000, 1.299e-9
192.0000, 152.0000, 1.302e-9
194.0000, 152.0000, 1.299e-9
196.0000, 152.0000, 1.298e-9
198.0000, 152.0000, 1.301e-9
200.0000, 152.0000, 1.300e-9
202.0000, 152.0000, 1.293e-9
204.0000, 152.0000, 1.291e-9
206.0000, 152.0000, 1.296e-9
208.0000, 152.0000, 1.297e-9
210.0000, 152.0000, 1.291e-9
212.0000, 152.0000, 1.295e-9
214.0000, 152.0000, 1.300e-9
216.0000, 152.0000, 1.296e-9
218.0000, 152.0000, 1.291e-9
220.0000, 152.0000, 1.296e-9
222.0000, 152.0000, 1.299e-9
224.0000, 152.0000, 1.293e-9
226.0000, 152.0000, 1.290e-9
228.0000, 152.0000, 1.294e-9
230.0000, 152.0000, 1.295e-9
232.0000, 152.0000, 1.289e-9
234.0000, 152.0000, 1.290e-9
236.0000, 152.0000, 1.302e-9
238.0000, 152.0000, 1.304e-9
240.0000, 152.0000, 1.301e-9
242.0000, 152.0000, 1.302e-9
244.0000, 152.0000, 1.301e-9
246.0000, 152.0000, 1.299e-9
248.0000, 152.0000, 1.301e-9
0.0000, 154.0000, 1.392e-9
2.0000, 154.0000, 1.323e-9
4.0000, 154.0000, 1.307e-9
6.0000, 154.0000, 1.329e-9
8.0000, 154.0000, 1.298e-9
10.0000, 154.0000, 1.230e-9
12.0000, 154.0000, 1.230e-9
14.0000, 154.0000, 1.237e-9
16.0000, 154.0000, 1.196e-9
18.0000, 154.0000, 1.149e-9
20.0000, 154.0000, 1.157e-9
22.0000, 154.0000, 1.165e-9
24.0000, 154.0000, 1.136e-9
26.0000, 154.0000, 1.118e-9
28.0000, 154.0000, 1.137e-9
30.0000, 154.0000, 1.134e-9
32.0000, 154.0000, 1.101e-9
34.0000, 154.0000, 1.106e-9
36.0000, 154.0000, 1.138e-9
38.0000, 154.0000, 1.134e-9
40.0000, 154.0000, 1.112e-9
42.0000, 154.0000, 1.133e-9
44.0000, 154.0000, 1.136e-9
46.0000, 154.0000, 1.115e-9
48.0000, 154.0000, 1.119e-9
50.0000, 154.0000, 1.146e-9
52.0000, 154.0000, 1.137e-9
54.0000, 154.0000, 1.123e-9
56.0000, 154.0000, 1.128e-9
58.0000, 154.0000, 1.135e-9
60.0000, 154.0000, 1.130e-9
62.0000, 154.0000, 1.119e-9
64.0000, 154.0000, 1.124e-9
66.0000, 154.0000, 1.138e-9
68.0000, 154.0000, 1.137e-9
70.0000, 154.0000, 1.129e-9
72.0000, 154.0000, 1.150e-9
74.0000, 154.0000, 1.163e-9
76.0000, 154.0000, 1.155e-9
78.0000, 154.0000, 1.155e-9
80.0000, 154.0000, 1.189e-9
82.0000, 154.0000, 1.196e-9
84.0000, 154.0000, 1.185e-9
86.0000, 154.0000, 1.188e-9
88.0000, 154.0000, 1.200e-9
90.0000, 154.0000, 1.190e-9
92.0000, 154.0000, 1.172e-9
94.0000, 154.0000, 1.171e-9
96.0000, 154.0000, 1.179e-9
98.0000, 154.0000, 1.174e-9
100.0000, 154.0000, 1.166e-9
102.0000, 154.0000, 1.176e-9
104.0000, 154.0000, 1.187e-9
106.0000, 154.0000, 1.183e-9
108.0000, 154.0000, 1.181e-9
110.0000, 154.0000, 1.200e-9
112.0000, 154.0000, 1.205e-9
114.0000, 154.0000, 1.196e-9
116.0000, 154.0000, 1.208e-9
118.0000, 154.0000, 1.231e-9
120.0000, 154.0000, 1.228e-9
122.0000, 154.0000, 1.223e-9
124.0000, 154.0000, 1.238e-9
126.0000, 154.0000, 1.243e-9
128.0000, 154.0000, 1.234e-9
130.0000, 154.0000, 1.233e-9
132.0000, 154.0000, 1.242e-9
134.0000, 154.0000, 1.243e-9
136.0000, 154.0000, 1.237e-9
138.0000, 154.0000, 1.238e-9
140.0000, 154.0000, 1.250e-9
142.0000, 154.0000, 1.251e-9
144.0000, 154.0000, 1.245e-9
146.0000, 154.0000, 1.246e-9
148.0000, 154.0000, 1.249e-9
150.0000, 154.0000, 1.248e-9
152.0000, 154.0000, 1.246e-9
154.0000, 154.0000, 1.249e-9
156.0000, 154.0000, 1.251e-9
158.0000, 154.0000, 1.247e-9
160.0000, 154.0000, 1.245e-9
162.0000, 154.0000, 1.253e-9
164.0000, 154.0000, 1.256e-9
166.0000, 154.0000, 1.255e-9
168.0000, 154.0000, 1.255e-9
170.0000, 154.0000, 1.261e-9
172.0000, 154.0000, 1.267e-9
174.0000, 154.0000, 1.269e-9
176.0000, 154.0000, 1.270e-9
178.0000, 154.0000, 1.274e-9
180.0000, 154.0000, 1.282e-9
182.0000, 154.0000, 1.287e-9
184.0000, 154.0000, 1.288e-9
186.0000, 154.0000, 1.291e-9
188.0000, 154.0000, 1.295e-9
190.0000, 154.0000, 1.295e-9
192.0000, 154.0000, 1.296e-9
194.0000, 154.0000, 1.295e-9
196.0000, 154.0000, 1.295e-9
198.0000, 154.0000, 1.297e-9
200.0000, 154.0000, 1.295e-9
202.0000, 154.0000, 1.290e-9
204.0000, 154.0000, 1.289e-9
206.0000, 154.0000, 1.291e-9
208.0000, 154.0000, 1.289e-9
210.0000, 154.0000, 1.284e-9
212.0000, 154.0000, 1.287e-9
214.0000, 154.0000, 1.292e-9
216.0000, 154.0000, 1.291e-9
218.0000, 154.0000, 1.287e-9
220.0000, 154.0000, 1.289e-9
222.0000, 154.0000, 1.291e-9
224.0000, 154.0000, 1.287e-9
226.0000, 154.0000, 1.283e-9
228.0000, 154.0000, 1.285e-9
230.0000, 154.0000, 1.287e-9
232.0000, 154.0000, 1.282e-9
234.0000, 154.0000, 1.280e-9
236.0000, 154.0000, 1.289e-9
238.0000, 154.0000, 1.293e-9
240.0000, 154.0000, 1.289e-9
242.0000, 154.0000, 1.292e-9
244.0000, 154.0000, 1.299e-9
246.0000, 154.0000, 1.298e-9
248.0000, 154.0000, 1.296e-9
0.0000, 156.0000, 1.380e-9
2.0000, 156.0000, 1.317e-9
4.0000, 156.0000, 1.308e-9
6.0000, 156.0000, 1.344e-9
8.0000, 156.0000, 1.319e-9
10.0000, 156.0000, 1.248e-9
12.0000, 156.0000, 1.239e-9
14.0000, 156.0000, 1.248e-9
16.0000, 156.0000, 1.210e-9
18.0000, 156.0000, 1.166e-9
20.0000, 156.0000, 1.193e-9
22.0000, 156.0000, 1.200e-9
24.0000, 156.0000, 1.157e-9
26.0000, 156.0000, 1.146e-9
28.0000, 156.0000, 1.176e-9
30.0000, 156.0000, 1.165e-9
32.0000, 156.0000, 1.127e-9
34.0000, 156.0000, 1.143e-9
36.0000, 156.0000, 1.162e-9
38.0000, 156.0000, 1.138e-9
40.0000, 156.0000, 1.121e-9
42.0000, 156.0000, 1.147e-9
44.0000, 156.0000, 1.139e-9
46.0000, 156.0000, 1.117e-9
48.0000, 156.0000, 1.128e-9
50.0000, 156.0000, 1.142e-9
52.0000, 156.0000, 1.123e-9
54.0000, 156.0000, 1.106e-9
56.0000, 156.0000, 1.107e-9
58.0000, 156.0000, 1.112e-9
60.0000, 156.0000, 1.106e-9
62.0000, 156.0000, 1.099e-9
64.0000, 156.0000, 1.104e-9
66.0000, 156.0000, 1.112e-9
68.0000, 156.0000, 1.110e-9
70.0000, 156.0000, 1.111e-9
72.0000, 156.0000, 1.125e-9
74.0000, 156.0000, 1.123e-9
76.0000, 156.0000, 1.115e-9
78.0000, 156.0000, 1.125e-9
80.0000, 156.0000, 1.149e-9
82.0000, 156.0000, 1.148e-9
84.0000, 156.0000, 1.139e-9
86.0000, 156.0000, 1.143e-9
88.0000, 156.0000, 1.155e-9
90.0000, 156.0000, 1.155e-9
92.0000, 156.0000, 1.142e-9
94.0000, 156.0000, 1.145e-9
96.0000, 156.0000, 1.162e-9
98.0000, 156.0000, 1.163e-9
100.0000, 156.0000, 1.153e-9
102.0000, 156.0000, 1.167e-9
104.0000, 156.0000, 1.182e-9
106.0000, 156.0000, 1.176e-9
108.0000, 156.0000, 1.169e-9
110.0000, 156.0000, 1.186e-9
112.0000, 156.0000, 1.191e-9
114.0000, 156.0000, 1.182e-9
116.0000, 156.0000, 1.189e-9
118.0000, 156.0000, 1.205e-9
120.0000, 156.0000, 1.203e-9
122.0000, 156.0000, 1.200e-9
124.0000, 156.0000, 1.207e-9
126.0000, 156.0000, 1.216e-9
128.0000, 156.0000, 1.217e-9
130.0000, 156.0000, 1.217e-9
132.0000, 156.0000, 1.226e-9
134.0000, 156.0000, 1.232e-9
136.0000, 156.0000, 1.226e-9
138.0000, 156.0000, 1.222e-9
140.0000, 156.0000, 1.236e-9
142.0000, 156.0000, 1.239e-9
144.0000, 156.0000, 1.234e-9
146.0000, 156.0000, 1.239e-9
148.0000, 156.0000, 1.245e-9
150.0000, 156.0000, 1.239e-9
152.0000, 156.0000, 1.235e-9
154.0000, 156.0000, 1.240e-9
156.0000, 156.0000, 1.244e-9
158.0000, 156.0000, 1.241e-9
160.0000, 156.0000, 1.241e-9
162.0000, 156.0000, 1.250e-9
164.0000, 156.0000, 1.254e-9
166.0000, 156.0000, 1.248e-9
168.0000, 156.0000, 1.243e-9
170.0000, 156.0000, 1.251e-9
172.0000, 156.0000, 1.258e-9
174.0000, 156.0000, 1.259e-9
176.0000, 156.0000, 1.263e-9
178.0000, 156.0000, 1.270e-9
180.0000, 156.0000, 1.274e-9
182.0000, 156.0000, 1.276e-9
184.0000, 156.0000, 1.282e-9
186.0000, 156.0000, 1.286e-9
188.0000, 156.0000, 1.285e-9
190.0000, 156.0000, 1.287e-9
192.0000, 156.0000, 1.289e-9
194.0000, 156.0000, 1.287e-9
196.0000, 156.0000, 1.288e-9
198.0000, 156.0000, 1.292e-9
200.0000, 156.0000, 1.287e-9
202.0000, 156.0000, 1.281e-9
204.0000, 156.0000, 1.285e-9
206.0000, 156.0000, 1.289e-9
208.0000, 156.0000, 1.285e-9
210.0000, 156.0000, 1.280e-9
212.0000, 156.0000, 1.283e-9
214.0000, 156.0000, 1.284e-9
216.0000, 156.0000, 1.280e-9
218.0000, 156.0000, 1.279e-9
220.0000, 156.0000, 1.283e-9
222.0000, 156.0000, 1.282e-9
224.0000, 156.0000, 1.278e-9
226.0000, 156.0000, 1.279e-9
228.0000, 156.0000, 1.283e-9
230.0000, 156.0000, 1.283e-9
232.0000, 156.0000, 1.279e-9
234.0000, 156.0000, 1.280e-9
236.0000, 156.0000, 1.284e-9
238.0000, 156.0000, 1.284e-9
240.0000, 156.0000, 1.284e-9
242.0000, 156.0000, 1.287e-9
244.0000, 156.0000, 1.289e-9
246.0000, 156.0000, 1.290e-9
248.0000, 156.0000, 1.293e-9
0.0000, 158.0000, 1.319e-9
2.0000, 158.0000, 1.247e-9
4.0000, 158.0000, 1.244e-9
6.0000, 158.0000, 1.233e-9
8.0000, 158.0000, 1.185e-9
10.0000, 158.0000, 1.153e-9
12.0000, 158.0000, 1.156e-9
14.0000, 158.0000, 1.141e-9
16.0000, 158.0000, 1.113e-9
18.0000, 158.0000, 1.100e-9
20.0000, 158.0000, 1.104e-9
22.0000, 158.0000, 1.080e-9
24.0000, 158.0000, 1.054e-9
26.0000, 158.0000, 1.073e-9
28.0000, 158.0000, 1.097e-9
30.0000, 158.0000, 1.084e-9
32.0000, 158.0000, 1.061e-9
34.0000, 158.0000, 1.067e-9
36.0000, 158.0000, 1.076e-9
38.0000, 158.0000, 1.066e-9
40.0000, 158.0000, 1.060e-9
42.0000, 158.0000, 1.070e-9
44.0000, 158.0000, 1.074e-9
46.0000, 158.0000, 1.068e-9
48.0000, 158.0000, 1.061e-9
50.0000, 158.0000, 1.059e-9
52.0000, 158.0000, 1.062e-9
54.0000, 158.0000, 1.068e-9
56.0000, 158.0000, 1.074e-9
58.0000, 158.0000, 1.075e-9
60.0000, 158.0000, 1.083e-9
62.0000, 158.0000, 1.092e-9
64.0000, 158.0000, 1.091e-9
66.0000, 158.0000, 1.094e-9
68.0000, 158.0000, 1.106e-9
70.0000, 158.0000, 1.114e-9
72.0000, 158.0000, 1.116e-9
74.0000, 158.0000, 1.117e-9
76.0000, 158.0000, 1.118e-9
78.0000, 158.0000, 1.122e-9
80.0000, 158.0000, 1.131e-9
82.0000, 158.0000, 1.136e-9
84.0000, 158.0000, 1.138e-9
86.0000, 158.0000, 1.140e-9
88.0000, 158.0000, 1.145e-9
90.0000, 158.0000, 1.149e-9
92.0000, 158.0000, 1.144e-9
94.0000, 158.0000, 1.139e-9
96.0000, 158.0000, 1.145e-9
98.0000, 158.0000, 1.151e-9
100.0000, 158.0000, 1.150e-9
102.0000, 158.0000, 1.153e-9
104.0000, 158.0000, 1.158e-9
106.0000, 158.0000, 1.159e-9
108.0000, 158.0000, 1.158e-9
110.0000, 158.0000, 1.166e-9
112.0000, 158.0000, 1.173e-9
114.0000, 158.0000, 1.173e-9
116.0000, 158.0000, 1.176e-9
118.0000, 158.0000, 1.186e-9
120.0000, 158.0000, 1.191e-9
122.0000, 158.0000, 1.192e-9
124.0000, 158.0000, 1.195e-9
126.0000, 158.0000, 1.201e-9
128.0000, 158.0000, 1.205e-9
130.0000, 158.0000, 1.204e-9
132.0000, 158.0000, 1.210e-9
134.0000, 158.0000, 1.218e-9
136.0000, 158.0000, 1.217e-9
138.0000, 158.0000, 1.212e-9
140.0000, 158.0000, 1.223e-9
142.0000, 158.0000, 1.231e-9
144.0000, 158.0000, 1.228e-9
146.0000, 158.0000, 1.229e-9
148.0000, 158.0000, 1.236e-9
150.0000, 158.0000, 1.238e-9
152.0000, 158.0000, 1.235e-9
154.0000, 158.0000, 1.240e-9
156.0000, 158.0000, 1.245e-9
158.0000, 158.0000, 1.242e-9
160.0000, 158.0000, 1.238e-9
162.0000, 158.0000, 1.244e-9
164.0000, 158.0000, 1.248e-9
166.0000, 158.0000, 1.243e-9
168.0000, 158.0000, 1.241e-9
170.0000, 158.0000, 1.251e-9
172.0000, 158.0000, 1.257e-9
174.0000, 158.0000, 1.257e-9
176.0000, 158.0000, 1.260e-9
178.0000, 158.0000, 1.266e-9
180.0000, 158.0000, 1.267e-9
182.0000, 158.0000, 1.270e-9
184.0000, 158.0000, 1.276e-9
186.0000, 158.0000, 1.279e-9
188.0000, 158.0000, 1.278e-9
190.0000, 158.0000, 1.285e-9
192.0000, 158.0000, 1.290e-9
194.0000, 158.0000, 1.286e-9
196.0000, 158.0000, 1.282e-9
198.0000, 158.0000, 1.285e-9
200.0000, 158.0000, 1.284e-9
202.0000, 158.0000, 1.276e-9
204.0000, 158.0000, 1.273e-9
206.0000, 158.0000, 1.277e-9
208.0000, 158.0000, 1.276e-9
210.0000, 158.0000, 1.269e-9
212.0000, 158.0000, 1.270e-9
214.0000, 158.0000, 1.274e-9
216.0000, 158.0000, 1.270e-9
218.0000, 158.0000, 1.268e-9
220.0000, 158.0000, 1.278e-9
222.0000, 158.0000, 1.279e-9
224.0000, 158.0000, 1.271e-9
226.0000, 158.0000, 1.271e-9
228.0000, 158.0000, 1.277e-9
230.0000, 158.0000, 1.276e-9
232.0000, 158.0000, 1.268e-9
234.0000, 158.0000, 1.270e-9
236.0000, 158.0000, 1.276e-9
238.0000, 158.0000, 1.272e-9
240.0000, 158.0000, 1.269e-9
242.0000, 158.0000, 1.273e-9
244.0000, 158.0000, 1.275e-9
246.0000, 158.0000, 1.271e-9
248.0000, 158.0000, 1.270e-9
0.0000, 160.0000, 1.373e-9
2.0000, 160.0000, 1.298e-9
4.0000, 160.0000, 1.275e-9
6.0000, 160.0000, 1.274e-9
8.0000, 160.0000, 1.234e-9
10.0000, 160.0000, 1.172e-9
12.0000, 160.0000, 1.137e-9
14.0000, 160.0000, 1.132e-9
16.0000, 160.0000, 1.114e-9
18.0000, 160.0000, 1.078e-9
20.0000, 160.0000, 1.079e-9
22.0000, 160.0000, 1.113e-9
24.0000, 160.0000, 1.097e-9
26.0000, 160.0000, 1.081e-9
28.0000, 160.0000, 1.129e-9
30.0000, 160.0000, 1.141e-9
32.0000, 160.0000, 1.103e-9
34.0000, 160.0000, 1.117e-9
36.0000, 160.0000, 1.136e-9
38.0000, 160.0000, 1.108e-9
40.0000, 160.0000, 1.091e-9
42.0000, 160.0000, 1.111e-9
44.0000, 160.0000, 1.104e-9
46.0000, 160.0000, 1.085e-9
48.0000, 160.0000, 1.084e-9
50.0000, 160.0000, 1.087e-9
52.0000, 160.0000, 1.085e-9
54.0000, 160.0000, 1.080e-9
56.0000, 160.0000, 1.080e-9
58.0000, 160.0000, 1.089e-9
60.0000, 160.0000, 1.098e-9
62.0000, 160.0000, 1.087e-9
64.0000, 160.0000, 1.090e-9
66.0000, 160.0000, 1.103e-9
68.0000, 160.0000, 1.104e-9
70.0000, 160.0000, 1.100e-9
72.0000, 160.0000, 1.114e-9
74.0000, 160.0000, 1.114e-9
76.0000, 160.0000, 1.106e-9
78.0000, 160.0000, 1.117e-9
80.0000, 160.0000, 1.134e-9
82.0000, 160.0000, 1.127e-9
84.0000, 160.0000, 1.121e-9
86.0000, 160.0000, 1.124e-9
88.0000, 160.0000, 1.126e-9
90.0000, 160.0000, 1.125e-9
92.0000, 160.0000, 1.126e-9
94.0000, 160.0000, 1.132e-9
96.0000, 160.0000, 1.136e-9
98.0000, 160.0000, 1.129e-9
100.0000, 160.0000, 1.125e-9
102.0000, 160.0000, 1.139e-9
104.0000, 160.0000, 1.144e-9
106.0000, 160.0000, 1.140e-9
108.0000, 160.0000, 1.144e-9
110.0000, 160.0000, 1.166e-9
112.0000, 160.0000, 1.166e-9
114.0000, 160.0000, 1.164e-9
116.0000, 160.0000, 1.182e-9
118.0000, 160.0000, 1.194e-9
120.0000, 160.0000, 1.184e-9
122.0000, 160.0000, 1.184e-9
124.0000, 160.0000, 1.197e-9
126.0000, 160.0000, 1.199e-9
128.0000, 160.0000, 1.193e-9
130.0000, 160.0000, 1.198e-9
132.0000, 160.0000, 1.209e-9
134.0000, 160.0000, 1.210e-9
136.0000, 160.0000, 1.206e-9
138.0000, 160.0000, 1.210e-9
140.0000, 160.0000, 1.217e-9
142.0000, 160.0000, 1.215e-9
144.0000, 160.0000, 1.211e-9
146.0000, 160.0000, 1.216e-9
148.0000, 160.0000, 1.221e-9
150.0000, 160.0000, 1.218e-9
152.0000, 160.0000, 1.221e-9
154.0000, 160.0000, 1.224e-9
156.0000, 160.0000, 1.220e-9
158.0000, 160.0000, 1.216e-9
160.0000, 160.0000, 1.223e-9
162.0000, 160.0000, 1.228e-9
164.0000, 160.0000, 1.227e-9
166.0000, 160.0000, 1.227e-9
168.0000, 160.0000, 1.228e-9
170.0000, 160.0000, 1.230e-9
172.0000, 160.0000, 1.234e-9
174.0000, 160.0000, 1.239e-9
176.0000, 160.0000, 1.245e-9
178.0000, 160.0000, 1.249e-9
180.0000, 160.0000, 1.253e-9
182.0000, 160.0000, 1.258e-9
184.0000, 160.0000, 1.262e-9
186.0000, 160.0000, 1.263e-9
188.0000, 160.0000, 1.263e-9
190.0000, 160.0000, 1.270e-9
192.0000, 160.0000, 1.273e-9
194.0000, 160.0000, 1.270e-9
196.0000, 160.0000, 1.270e-9
198.0000, 160.0000, 1.274e-9
200.0000, 160.0000, 1.272e-9
202.0000, 160.0000, 1.265e-9
204.0000, 160.0000, 1.263e-9
206.0000, 160.0000, 1.262e-9
208.0000, 160.0000, 1.259e-9
210.0000, 160.0000, 1.256e-9
212.0000, 160.0000, 1.258e-9
214.0000, 160.0000, 1.262e-9
216.0000, 160.0000, 1.262e-9
218.0000, 160.0000, 1.260e-9
220.0000, 160.0000, 1.261e-9
222.0000, 160.0000, 1.261e-9
224.0000, 160.0000, 1.255e-9
226.0000, 160.0000, 1.254e-9
228.0000, 160.0000, 1.260e-9
230.0000, 160.0000, 1.264e-9
232.0000, 160.0000, 1.256e-9
234.0000, 160.0000, 1.258e-9
236.0000, 160.0000, 1.273e-9
238.0000, 160.0000, 1.274e-9
240.0000, 160.0000, 1.263e-9
242.0000, 160.0000, 1.269e-9
244.0000, 160.0000, 1.278e-9
246.0000, 160.0000, 1.274e-9
248.0000, 160.0000, 1.276e-9
0.0000, 162.0000, 1.360e-9
2.0000, 162.0000, 1.286e-9
4.0000, 162.0000, 1.232e-9
6.0000, 162.0000, 1.181e-9
8.0000, 162.0000, 1.135e-9
10.0000, 162.0000, 1.115e-9
12.0000, 162.0000, 1.143e-9
14.0000, 162.0000, 1.130e-9
16.0000, 162.0000, 1.098e-9
18.0000, 162.0000, 1.129e-9
20.0000, 162.0000, 1.147e-9
22.0000, 162.0000, 1.113e-9
24.0000, 162.0000, 1.117e-9
26.0000, 162.0000, 1.148e-9
28.0000, 162.0000, 1.133e-9
30.0000, 162.0000, 1.106e-9
32.0000, 162.0000, 1.119e-9
34.0000, 162.0000, 1.106e-9
36.0000, 162.0000, 1.078e-9
38.0000, 162.0000, 1.076e-9
40.0000, 162.0000, 1.081e-9
42.0000, 162.0000, 1.076e-9
44.0000, 162.0000, 1.059e-9
46.0000, 162.0000, 1.048e-9
48.0000, 162.0000, 1.061e-9
50.0000, 162.0000, 1.085e-9
52.0000, 162.0000, 1.083e-9
54.0000, 162.0000, 1.085e-9
56.0000, 162.0000, 1.102e-9
58.0000, 162.0000, 1.107e-9
60.0000, 162.0000, 1.092e-9
62.0000, 162.0000, 1.100e-9
64.0000, 162.0000, 1.106e-9
66.0000, 162.0000, 1.098e-9
68.0000, 162.0000, 1.096e-9
70.0000, 162.0000, 1.117e-9
72.0000, 162.0000, 1.119e-9
74.0000, 162.0000, 1.109e-9
76.0000, 162.0000, 1.107e-9
78.0000, 162.0000, 1.113e-9
80.0000, 162.0000, 1.124e-9
82.0000, 162.0000, 1.127e-9
84.0000, 162.0000, 1.121e-9
86.0000, 162.0000, 1.124e-9
88.0000, 162.0000, 1.133e-9
90.0000, 162.0000, 1.134e-9
92.0000, 162.0000, 1.136e-9
94.0000, 162.0000, 1.154e-9
96.0000, 162.0000, 1.158e-9
98.0000, 162.0000, 1.141e-9
100.0000, 162.0000, 1.145e-9
102.0000, 162.0000, 1.167e-9
104.0000, 162.0000, 1.163e-9
106.0000, 162.0000, 1.151e-9
108.0000, 162.0000, 1.158e-9
110.0000, 162.0000, 1.172e-9
112.0000, 162.0000, 1.168e-9
114.0000, 162.0000, 1.165e-9
116.0000, 162.0000, 1.177e-9
118.0000, 162.0000, 1.188e-9
120.0000, 162.0000, 1.183e-9
122.0000, 162.0000, 1.181e-9
124.0000, 162.0000, 1.193e-9
126.0000, 162.0000, 1.196e-9
128.0000, 162.0000, 1.189e-9
130.0000, 162.0000, 1.192e-9
132.0000, 162.0000, 1.209e-9
134.0000, 162.0000, 1.209e-9
136.0000, 162.0000, 1.208e-9
138.0000, 162.0000, 1.221e-9
140.0000, 162.0000, 1.229e-9
142.0000, 162.0000, 1.223e-9
144.0000, 162.0000, 1.226e-9
146.0000, 162.0000, 1.233e-9
148.0000, 162.0000, 1.230e-9
150.0000, 162.0000, 1.226e-9
152.0000, 162.0000, 1.230e-9
154.0000, 162.0000, 1.229e-9
156.0000, 162.0000, 1.225e-9
158.0000, 162.0000, 1.225e-9
160.0000, 162.0000, 1.227e-9
162.0000, 162.0000, 1.229e-9
164.0000, 162.0000, 1.227e-9
166.0000, 162.0000, 1.226e-9
168.0000, 162.0000, 1.229e-9
170.0000, 162.0000, 1.237e-9
172.0000, 162.0000, 1.241e-9
174.0000, 162.0000, 1.248e-9
176.0000, 162.0000, 1.256e-9
178.0000, 162.0000, 1.257e-9
180.0000, 162.0000, 1.255e-9
182.0000, 162.0000, 1.264e-9
184.0000, 162.0000, 1.270e-9
186.0000, 162.0000, 1.270e-9
188.0000, 162.0000, 1.273e-9
190.0000, 162.0000, 1.283e-9
192.0000, 162.0000, 1.282e-9
194.0000, 162.0000, 1.277e-9
196.0000, 162.0000, 1.278e-9
198.0000, 162.0000, 1.278e-9
200.0000, 162.0000, 1.274e-9
202.0000, 162.0000, 1.271e-9
204.0000, 162.0000, 1.268e-9
206.0000, 162.0000, 1.266e-9
208.0000, 162.0000, 1.267e-9
210.0000, 162.0000, 1.267e-9
212.0000, 162.0000, 1.264e-9
214.0000, 162.0000, 1.264e-9
216.0000, 162.0000, 1.264e-9
218.0000, 162.0000, 1.265e-9
220.0000, 162.0000, 1.267e-9
222.0000, 162.0000, 1.264e-9
224.0000, 162.0000, 1.264e-9
226.0000, 162.0000, 1.264e-9
228.0000, 162.0000, 1.261e-9
230.0000, 162.0000, 1.259e-9
232.0000, 162.0000, 1.267e-9
234.0000, 162.0000, 1.267e-9
236.0000, 162.0000, 1.263e-9
238.0000, 162.0000, 1.267e-9
240.0000, 162.0000, 1.272e-9
242.0000, 162.0000, 1.266e-9
244.0000, 162.0000, 1.267e-9
246.0000, 162.0000, 1.274e-9
248.0000, 162.0000, 1.276e-9
0.0000, 164.0000, 1.414e-9
2.0000, 164.0000, 1.337e-9
4.0000, 164.0000, 1.303e-9
6.0000, 164.0000, 1.279e-9
8.0000, 164.0000, 1.232e-9
10.0000, 164.0000, 1.181e-9
12.0000, 164.0000, 1.149e-9
14.0000, 164.0000, 1.147e-9
16.0000, 164.0000, 1.137e-9
18.0000, 164.0000, 1.103e-9
20.0000, 164.0000, 1.112e-9
22.0000, 164.0000, 1.161e-9
24.0000, 164.0000, 1.150e-9
26.0000, 164.0000, 1.134e-9
28.0000, 164.0000, 1.180e-9
30.0000, 164.0000, 1.190e-9
32.0000, 164.0000, 1.149e-9
34.0000, 164.0000, 1.153e-9
36.0000, 164.0000, 1.162e-9
38.0000, 164.0000, 1.134e-9
40.0000, 164.0000, 1.118e-9
42.0000, 164.0000, 1.134e-9
44.0000, 164.0000, 1.120e-9
46.0000, 164.0000, 1.104e-9
48.0000, 164.0000, 1.113e-9
50.0000, 164.0000, 1.112e-9
52.0000, 164.0000, 1.098e-9
54.0000, 164.0000, 1.093e-9
56.0000, 164.0000, 1.096e-9
58.0000, 164.0000, 1.102e-9
60.0000, 164.0000, 1.109e-9
62.0000, 164.0000, 1.097e-9
64.0000, 164.0000, 1.109e-9
66.0000, 164.0000, 1.132e-9
68.0000, 164.0000, 1.136e-9
70.0000, 164.0000, 1.131e-9
72.0000, 164.0000, 1.155e-9
74.0000, 164.0000, 1.155e-9
76.0000, 164.0000, 1.141e-9
78.0000, 164.0000, 1.154e-9
80.0000, 164.0000, 1.177e-9
82.0000, 164.0000, 1.162e-9
84.0000, 164.0000, 1.150e-9
86.0000, 164.0000, 1.163e-9
88.0000, 164.0000, 1.173e-9
90.0000, 164.0000, 1.157e-9
92.0000, 164.0000, 1.141e-9
94.0000, 164.0000, 1.146e-9
96.0000, 164.0000, 1.155e-9
98.0000, 164.0000, 1.148e-9
100.0000, 164.0000, 1.140e-9
102.0000, 164.0000, 1.159e-9
104.0000, 164.0000, 1.170e-9
106.0000, 164.0000, 1.164e-9
108.0000, 164.0000, 1.167e-9
110.0000, 164.0000, 1.193e-9
112.0000, 164.0000, 1.194e-9
114.0000, 164.0000, 1.187e-9
116.0000, 164.0000, 1.200e-9
118.0000, 164.0000, 1.214e-9
120.0000, 164.0000, 1.204e-9
122.0000, 164.0000, 1.200e-9
124.0000, 164.0000, 1.208e-9
126.0000, 164.0000, 1.211e-9
128.0000, 164.0000, 1.206e-9
130.0000, 164.0000, 1.210e-9
132.0000, 164.0000, 1.217e-9
134.0000, 164.0000, 1.217e-9
136.0000, 164.0000, 1.214e-9
138.0000, 164.0000, 1.215e-9
140.0000, 164.0000, 1.223e-9
142.0000, 164.0000, 1.226e-9
144.0000, 164.0000, 1.224e-9
146.0000, 164.0000, 1.225e-9
148.0000, 164.0000, 1.227e-9
150.0000, 164.0000, 1.230e-9
152.0000, 164.0000, 1.237e-9
154.0000, 164.0000, 1.239e-9
156.0000, 164.0000, 1.235e-9
158.0000, 164.0000, 1.233e-9
160.0000, 164.0000, 1.236e-9
162.0000, 164.0000, 1.234e-9
164.0000, 164.0000, 1.231e-9
166.0000, 164.0000, 1.235e-9
168.0000, 164.0000, 1.240e-9
170.0000, 164.0000, 1.244e-9
172.0000, 164.0000, 1.251e-9
174.0000, 164.0000, 1.256e-9
176.0000, 164.0000, 1.258e-9
178.0000, 164.0000, 1.259e-9
180.0000, 164.0000, 1.265e-9
182.0000, 164.0000, 1.271e-9
184.0000, 164.0000, 1.275e-9
186.0000, 164.0000, 1.278e-9
188.0000, 164.0000, 1.280e-9
190.0000, 164.0000, 1.282e-9
192.0000, 164.0000, 1.282e-9
194.0000, 164.0000, 1.281e-9
196.0000, 164.0000, 1.284e-9
198.0000, 164.0000, 1.285e-9
200.0000, 164.0000, 1.282e-9
202.0000, 164.0000, 1.282e-9
204.0000, 164.0000, 1.282e-9
206.0000, 164.0000, 1.279e-9
208.0000, 164.0000, 1.276e-9
210.0000, 164.0000, 1.276e-9
212.0000, 164.0000, 1.275e-9
214.0000, 164.0000, 1.272e-9
216.0000, 164.0000, 1.270e-9
218.0000, 164.0000, 1.274e-9
220.0000, 164.0000, 1.278e-9
222.0000, 164.0000, 1.272e-9
224.0000, 164.0000, 1.268e-9
226.0000, 164.0000, 1.269e-9
228.0000, 164.0000, 1.270e-9
230.0000, 164.0000, 1.270e-9
232.0000, 164.0000, 1.268e-9
234.0000, 164.0000, 1.266e-9
236.0000, 164.0000, 1.267e-9
238.0000, 164.0000, 1.271e-9
240.0000, 164.0000, 1.277e-9
242.0000, 164.0000, 1.277e-9
244.0000, 164.0000, 1.275e-9
246.0000, 164.0000, 1.278e-9
248.0000, 164.0000, 1.284e-9
0.0000, 166.0000, 1.383e-9
2.0000, 166.0000, 1.308e-9
4.0000, 166.0000, 1.261e-9
6.0000, 166.0000, 1.234e-9
8.0000, 166.0000, 1.203e-9
10.0000, 166.0000, 1.163e-9
12.0000, 166.0000, 1.170e-9
14.0000, 166.0000, 1.185e-9
16.0000, 166.0000, 1.161e-9
18.0000, 166.0000, 1.135e-9
20.0000, 166.0000, 1.164e-9
22.0000, 166.0000, 1.162e-9
24.0000, 166.0000, 1.131e-9
26.0000, 166.0000, 1.149e-9
28.0000, 166.0000, 1.166e-9
30.0000, 166.0000, 1.137e-9
32.0000, 166.0000, 1.131e-9
34.0000, 166.0000, 1.144e-9
36.0000, 166.0000, 1.132e-9
38.0000, 166.0000, 1.111e-9
40.0000, 166.0000, 1.112e-9
42.0000, 166.0000, 1.105e-9
44.0000, 166.0000, 1.097e-9
46.0000, 166.0000, 1.096e-9
48.0000, 166.0000, 1.096e-9
50.0000, 166.0000, 1.094e-9
52.0000, 166.0000, 1.095e-9
54.0000, 166.0000, 1.094e-9
56.0000, 166.0000, 1.101e-9
58.0000, 166.0000, 1.113e-9
60.0000, 166.0000, 1.109e-9
62.0000, 166.0000, 1.105e-9
64.0000, 166.0000, 1.123e-9
66.0000, 166.0000, 1.130e-9
68.0000, 166.0000, 1.123e-9
70.0000, 166.0000, 1.137e-9
72.0000, 166.0000, 1.153e-9
74.0000, 166.0000, 1.142e-9
76.0000, 166.0000, 1.133e-9
78.0000, 166.0000, 1.144e-9
80.0000, 166.0000, 1.149e-9
82.0000, 166.0000, 1.145e-9
84.0000, 166.0000, 1.140e-9
86.0000, 166.0000, 1.140e-9
88.0000, 166.0000, 1.148e-9
90.0000, 166.0000, 1.154e-9
92.0000, 166.0000, 1.145e-9
94.0000, 166.0000, 1.145e-9
96.0000, 166.0000, 1.156e-9
98.0000, 166.0000, 1.156e-9
100.0000, 166.0000, 1.155e-9
102.0000, 166.0000, 1.171e-9
104.0000, 166.0000, 1.175e-9
106.0000, 166.0000, 1.169e-9
108.0000, 166.0000, 1.175e-9
110.0000, 166.0000, 1.187e-9
112.0000, 166.0000, 1.183e-9
114.0000, 166.0000, 1.183e-9
116.0000, 166.0000, 1.190e-9
118.0000, 166.0000, 1.195e-9
120.0000, 166.0000, 1.198e-9
122.0000, 166.0000, 1.200e-9
124.0000, 166.0000, 1.207e-9
126.0000, 166.0000, 1.216e-9
128.0000, 166.0000, 1.222e-9
130.0000, 166.0000, 1.220e-9
132.0000, 166.0000, 1.223e-9
134.0000, 166.0000, 1.229e-9
136.0000, 166.0000, 1.227e-9
138.0000, 166.0000, 1.225e-9
140.0000, 166.0000, 1.230e-9
142.0000, 166.0000, 1.234e-9
144.0000, 166.0000, 1.233e-9
146.0000, 166.0000, 1.232e-9
148.0000, 166.0000, 1.233e-9
150.0000, 166.0000, 1.237e-9
152.0000, 166.0000, 1.245e-9
154.0000, 166.0000, 1.244e-9
156.0000, 166.0000, 1.240e-9
158.0000, 166.0000, 1.244e-9
160.0000, 166.0000, 1.246e-9
162.0000, 166.0000, 1.242e-9
164.0000, 166.0000, 1.243e-9
166.0000, 166.0000, 1.248e-9
168.0000, 166.0000, 1.249e-9
170.0000, 166.0000, 1.254e-9
172.0000, 166.0000, 1.259e-9
174.0000, 166.0000, 1.261e-9
176.0000, 166.0000, 1.264e-9
178.0000, 166.0000, 1.268e-9
180.0000, 166.0000, 1.270e-9
182.0000, 166.0000, 1.278e-9
184.0000, 166.0000, 1.286e-9
186.0000, 166.0000, 1.287e-9
188.0000, 166.0000, 1.286e-9
190.0000, 166.0000, 1.291e-9
192.0000, 166.0000, 1.291e-9
194.0000, 166.0000, 1.292e-9
196.0000, 166.0000, 1.297e-9
198.0000, 166.0000, 1.294e-9
200.0000, 166.0000, 1.284e-9
202.0000, 166.0000, 1.285e-9
204.0000, 166.0000, 1.291e-9
206.0000, 166.0000, 1.288e-9
208.0000, 166.0000, 1.279e-9
210.0000, 166.0000, 1.284e-9
212.0000, 166.0000, 1.292e-9
214.0000, 166.0000, 1.285e-9
216.0000, 166.0000, 1.279e-9
218.0000, 166.0000, 1.288e-9
220.0000, 166.0000, 1.293e-9
222.0000, 166.0000, 1.285e-9
224.0000, 166.0000, 1.279e-9
226.0000, 166.0000, 1.284e-9
228.0000, 166.0000, 1.288e-9
230.0000, 166.0000, 1.281e-9
232.0000, 166.0000, 1.277e-9
234.0000, 166.0000, 1.283e-9
236.0000, 166.0000, 1.286e-9
238.0000, 166.0000, 1.282e-9
240.0000, 166.0000, 1.283e-9
242.0000, 166.0000, 1.285e-9
244.0000, 166.0000, 1.280e-9
246.0000, 166.0000, 1.281e-9
248.0000, 166.0000, 1.297e-9
0.0000, 168.0000, 1.365e-9
2.0000, 168.0000, 1.297e-9
4.0000, 168.0000, 1.297e-9
6.0000, 168.0000, 1.288e-9
8.0000, 168.0000, 1.239e-9
10.0000, 168.0000, 1.202e-9
12.0000, 168.0000, 1.193e-9
14.0000, 168.0000, 1.168e-9
16.0000, 168.0000, 1.136e-9
18.0000, 168.0000, 1.130e-9
20.0000, 168.0000, 1.127e-9
22.0000, 168.0000, 1.112e-9
24.0000, 168.0000, 1.086e-9
26.0000, 168.0000, 1.084e-9
28.0000, 168.0000, 1.105e-9
30.0000, 168.0000, 1.101e-9
32.0000, 168.0000, 1.086e-9
34.0000, 168.0000, 1.096e-9
36.0000, 168.0000, 1.102e-9
38.0000, 168.0000, 1.087e-9
40.0000, 168.0000, 1.074e-9
42.0000, 168.0000, 1.077e-9
44.0000, 168.0000, 1.077e-9
46.0000, 168.0000, 1.074e-9
48.0000, 168.0000, 1.077e-9
50.0000, 168.0000, 1.091e-9
52.0000, 168.0000, 1.101e-9
54.0000, 168.0000, 1.102e-9
56.0000, 168.0000, 1.102e-9
58.0000, 168.0000, 1.111e-9
60.0000, 168.0000, 1.124e-9
62.0000, 168.0000, 1.120e-9
64.0000, 168.0000, 1.119e-9
66.0000, 168.0000, 1.133e-9
68.0000, 168.0000, 1.138e-9
70.0000, 168.0000, 1.125e-9
72.0000, 168.0000, 1.128e-9
74.0000, 168.0000, 1.137e-9
76.0000, 168.0000, 1.134e-9
78.0000, 168.0000, 1.133e-9
80.0000, 168.0000, 1.149e-9
82.0000, 168.0000, 1.156e-9
84.0000, 168.0000, 1.149e-9
86.0000, 168.0000, 1.146e-9
88.0000, 168.0000, 1.161e-9
90.0000, 168.0000, 1.168e-9
92.0000, 168.0000, 1.156e-9
94.0000, 168.0000, 1.152e-9
96.0000, 168.0000, 1.165e-9
98.0000, 168.0000, 1.168e-9
100.0000, 168.0000, 1.159e-9
102.0000, 168.0000, 1.167e-9
104.0000, 168.0000, 1.180e-9
106.0000, 168.0000, 1.177e-9
108.0000, 168.0000, 1.173e-9
110.0000, 168.0000, 1.190e-9
112.0000, 168.0000, 1.199e-9
114.0000, 168.0000, 1.195e-9
116.0000, 168.0000, 1.201e-9
118.0000, 168.0000, 1.216e-9
120.0000, 168.0000, 1.216e-9
122.0000, 168.0000, 1.211e-9
124.0000, 168.0000, 1.216e-9
126.0000, 168.0000, 1.223e-9
128.0000, 168.0000, 1.224e-9
130.0000, 168.0000, 1.226e-9
132.0000, 168.0000, 1.228e-9
134.0000, 168.0000, 1.233e-9
136.0000, 168.0000, 1.237e-9
138.0000, 168.0000, 1.236e-9
140.0000, 168.0000, 1.236e-9
142.0000, 168.0000, 1.242e-9
144.0000, 168.0000, 1.243e-9
146.0000, 168.0000, 1.238e-9
148.0000, 168.0000, 1.237e-9
150.0000, 168.0000, 1.244e-9
152.0000, 168.0000, 1.249e-9
154.0000, 168.0000, 1.247e-9
156.0000, 168.0000, 1.245e-9
158.0000, 168.0000, 1.247e-9
160.0000, 168.0000, 1.248e-9
162.0000, 168.0000, 1.246e-9
164.0000, 168.0000, 1.249e-9
166.0000, 168.0000, 1.255e-9
168.0000, 168.0000, 1.256e-9
170.0000, 168.0000, 1.257e-9
172.0000, 168.0000, 1.260e-9
174.0000, 168.0000, 1.263e-9
176.0000, 168.0000, 1.266e-9
178.0000, 168.0000, 1.270e-9
180.0000, 168.0000, 1.276e-9
182.0000, 168.0000, 1.284e-9
184.0000, 168.0000, 1.288e-9
186.0000, 168.0000, 1.289e-9
188.0000, 168.0000, 1.290e-9
190.0000, 168.0000, 1.294e-9
192.0000, 168.0000, 1.295e-9
194.0000, 168.0000, 1.292e-9
196.0000, 168.0000, 1.292e-9
198.0000, 168.0000, 1.294e-9
200.0000, 168.0000, 1.292e-9
202.0000, 168.0000, 1.290e-9
204.0000, 168.0000, 1.291e-9
206.0000, 168.0000, 1.291e-9
208.0000, 168.0000, 1.288e-9
210.0000, 168.0000, 1.287e-9
212.0000, 168.0000, 1.291e-9
214.0000, 168.0000, 1.290e-9
216.0000, 168.0000, 1.285e-9
218.0000, 168.0000, 1.283e-9
220.0000, 168.0000, 1.283e-9
222.0000, 168.0000, 1.281e-9
224.0000, 168.0000, 1.281e-9
226.0000, 168.0000, 1.282e-9
228.0000, 168.0000, 1.283e-9
230.0000, 168.0000, 1.285e-9
232.0000, 168.0000, 1.286e-9
234.0000, 168.0000, 1.283e-9
236.0000, 168.0000, 1.283e-9
238.0000, 168.0000, 1.289e-9
240.0000, 168.0000, 1.293e-9
242.0000, 168.0000, 1.289e-9
244.0000, 168.0000, 1.287e-9
246.0000, 168.0000, 1.292e-9
248.0000, 168.0000, 1.295e-9
0.0000, 170.0000, 1.353e-9
2.0000, 170.0000, 1.281e-9
4.0000, 170.0000, 1.270e-9
6.0000, 170.0000, 1.256e-9
8.0000, 170.0000, 1.211e-9
10.0000, 170.0000, 1.177e-9
12.0000, 170.0000, 1.190e-9
14.0000, 170.0000, 1.179e-9
16.0000, 170.0000, 1.146e-9
18.0000, 170.0000, 1.136e-9
20.0000, 170.0000, 1.152e-9
22.0000, 170.0000, 1.133e-9
24.0000, 170.0000, 1.107e-9
26.0000, 170.0000, 1.117e-9
28.0000, 170.0000, 1.125e-9
30.0000, 170.0000, 1.102e-9
32.0000, 170.0000, 1.091e-9
34.0000, 170.0000, 1.091e-9
36.0000, 170.0000, 1.078e-9
38.0000, 170.0000, 1.069e-9
40.0000, 170.0000, 1.087e-9
42.0000, 170.0000, 1.111e-9
44.0000, 170.0000, 1.102e-9
46.0000, 170.0000, 1.092e-9
48.0000, 170.0000, 1.102e-9
50.0000, 170.0000, 1.106e-9
52.0000, 170.0000, 1.100e-9
54.0000, 170.0000, 1.111e-9
56.0000, 170.0000, 1.116e-9
58.0000, 170.0000, 1.109e-9
60.0000, 170.0000, 1.117e-9
62.0000, 170.0000, 1.130e-9
64.0000, 170.0000, 1.123e-9
66.0000, 170.0000, 1.124e-9
68.0000, 170.0000, 1.143e-9
70.0000, 170.0000, 1.149e-9
72.0000, 170.0000, 1.139e-9
74.0000, 170.0000, 1.138e-9
76.0000, 170.0000, 1.146e-9
78.0000, 170.0000, 1.150e-9
80.0000, 170.0000, 1.152e-9
82.0000, 170.0000, 1.154e-9
84.0000, 170.0000, 1.153e-9
86.0000, 170.0000, 1.152e-9
88.0000, 170.0000, 1.159e-9
90.0000, 170.0000, 1.162e-9
92.0000, 170.0000, 1.154e-9
94.0000, 170.0000, 1.154e-9
96.0000, 170.0000, 1.160e-9
98.0000, 170.0000, 1.158e-9
100.0000, 170.0000, 1.155e-9
102.0000, 170.0000, 1.163e-9
104.0000, 170.0000, 1.169e-9
106.0000, 170.0000, 1.166e-9
108.0000, 170.0000, 1.166e-9
110.0000, 170.0000, 1.182e-9
112.0000, 170.0000, 1.188e-9
114.0000, 170.0000, 1.186e-9
116.0000, 170.0000, 1.194e-9
118.0000, 170.0000, 1.206e-9
120.0000, 170.0000, 1.203e-9
122.0000, 170.0000, 1.198e-9
124.0000, 170.0000, 1.203e-9
126.0000, 170.0000, 1.209e-9
128.0000, 170.0000, 1.210e-9
130.0000, 170.0000, 1.215e-9
132.0000, 170.0000, 1.219e-9
134.0000, 170.0000, 1.222e-9
136.0000, 170.0000, 1.227e-9
138.0000, 170.0000, 1.232e-9
140.0000, 170.0000, 1.234e-9
142.0000, 170.0000, 1.234e-9
144.0000, 170.0000, 1.237e-9
146.0000, 170.0000, 1.239e-9
148.0000, 170.0000, 1.240e-9
150.0000, 170.0000, 1.242e-9
152.0000, 170.0000, 1.248e-9
154.0000, 170.0000, 1.250e-9
156.0000, 170.0000, 1.250e-9
158.0000, 170.0000, 1.250e-9
160.0000, 170.0000, 1.251e-9
162.0000, 170.0000, 1.248e-9
164.0000, 170.0000, 1.246e-9
166.0000, 170.0000, 1.247e-9
168.0000, 170.0000, 1.250e-9
170.0000, 170.0000, 1.255e-9
172.0000, 170.0000, 1.259e-9
174.0000, 170.0000, 1.263e-9
176.0000, 170.0000, 1.265e-9
178.0000, 170.0000, 1.266e-9
180.0000, 170.0000, 1.270e-9
182.0000, 170.0000, 1.279e-9
184.0000, 170.0000, 1.285e-9
186.0000, 170.0000, 1.286e-9
188.0000, 170.0000, 1.288e-9
190.0000, 170.0000, 1.294e-9
192.0000, 170.0000, 1.296e-9
194.0000, 170.0000, 1.293e-9
196.0000, 170.0000, 1.294e-9
198.0000, 170.0000, 1.298e-9
200.0000, 170.0000, 1.297e-9
202.0000, 170.0000, 1.292e-9
204.0000, 170.0000, 1.289e-9
206.0000, 170.0000, 1.290e-9
208.0000, 170.0000, 1.288e-9
210.0000, 170.0000, 1.284e-9
212.0000, 170.0000, 1.282e-9
214.0000, 170.0000, 1.284e-9
216.0000, 170.0000, 1.284e-9
218.0000, 170.0000, 1.281e-9
220.0000, 170.0000, 1.281e-9
222.0000, 170.0000, 1.279e-9
224.0000, 170.0000, 1.277e-9
226.0000, 170.0000, 1.276e-9
228.0000, 170.0000, 1.277e-9
230.0000, 170.0000, 1.280e-9
232.0000, 170.0000, 1.280e-9
234.0000, 170.0000, 1.279e-9
236.0000, 170.0000, 1.279e-9
238.0000, 170.0000, 1.281e-9
240.0000, 170.0000, 1.281e-9
242.0000, 170.0000, 1.282e-9
244.0000, 170.0000, 1.285e-9
246.0000, 170.0000, 1.287e-9
248.0000, 170.0000, 1.289e-9
0.0000, 172.0000, 1.459e-9
2.0000, 172.0000, 1.398e-9
4.0000, 172.0000, 1.370e-9
6.0000, 172.0000, 1.393e-9
8.0000, 172.0000, 1.368e-9
10.0000, 172.0000, 1.299e-9
12.0000, 172.0000, 1.296e-9
14.0000, 172.0000, 1.296e-9
16.0000, 172.0000, 1.253e-9
18.0000, 172.0000, 1.206e-9
20.0000, 172.0000, 1.216e-9
22.0000, 172.0000, 1.219e-9
24.0000, 172.0000, 1.185e-9
26.0000, 172.0000, 1.161e-9
28.0000, 172.0000, 1.194e-9
30.0000, 172.0000, 1.202e-9
32.0000, 172.0000, 1.163e-9
34.0000, 172.0000, 1.170e-9
36.0000, 172.0000, 1.211e-9
38.0000, 172.0000, 1.201e-9
40.0000, 172.0000, 1.165e-9
42.0000, 172.0000, 1.183e-9
44.0000, 172.0000, 1.188e-9
46.0000, 172.0000, 1.166e-9
48.0000, 172.0000, 1.155e-9
50.0000, 172.0000, 1.159e-9
52.0000, 172.0000, 1.146e-9
54.0000, 172.0000, 1.141e-9
56.0000, 172.0000, 1.145e-9
58.0000, 172.0000, 1.141e-9
60.0000, 172.0000, 1.134e-9
62.0000, 172.0000, 1.142e-9
64.0000, 172.0000, 1.146e-9
66.0000, 172.0000, 1.144e-9
68.0000, 172.0000, 1.141e-9
70.0000, 172.0000, 1.142e-9
72.0000, 172.0000, 1.147e-9
74.0000, 172.0000, 1.142e-9
76.0000, 172.0000, 1.138e-9
78.0000, 172.0000, 1.151e-9
80.0000, 172.0000, 1.170e-9
82.0000, 172.0000, 1.164e-9
84.0000, 172.0000, 1.159e-9
86.0000, 172.0000, 1.169e-9
88.0000, 172.0000, 1.176e-9
90.0000, 172.0000, 1.166e-9
92.0000, 172.0000, 1.165e-9
94.0000, 172.0000, 1.172e-9
96.0000, 172.0000, 1.173e-9
98.0000, 172.0000, 1.169e-9
100.0000, 172.0000, 1.173e-9
102.0000, 172.0000, 1.178e-9
104.0000, 172.0000, 1.181e-9
106.0000, 172.0000, 1.180e-9
108.0000, 172.0000, 1.180e-9
110.0000, 172.0000, 1.187e-9
112.0000, 172.0000, 1.187e-9
114.0000, 172.0000, 1.189e-9
116.0000, 172.0000, 1.202e-9
118.0000, 172.0000, 1.214e-9
120.0000, 172.0000, 1.213e-9
122.0000, 172.0000, 1.216e-9
124.0000, 172.0000, 1.223e-9
126.0000, 172.0000, 1.226e-9
128.0000, 172.0000, 1.228e-9
130.0000, 172.0000, 1.235e-9
132.0000, 172.0000, 1.235e-9
134.0000, 172.0000, 1.232e-9
136.0000, 172.0000, 1.238e-9
138.0000, 172.0000, 1.242e-9
140.0000, 172.0000, 1.238e-9
142.0000, 172.0000, 1.240e-9
144.0000, 172.0000, 1.245e-9
146.0000, 172.0000, 1.245e-9
148.0000, 172.0000, 1.247e-9
150.0000, 172.0000, 1.255e-9
152.0000, 172.0000, 1.257e-9
154.0000, 172.0000, 1.253e-9
156.0000, 172.0000, 1.253e-9
158.0000, 172.0000, 1.255e-9
160.0000, 172.0000, 1.256e-9
162.0000, 172.0000, 1.256e-9
164.0000, 172.0000, 1.257e-9
166.0000, 172.0000, 1.258e-9
168.0000, 172.0000, 1.259e-9
170.0000, 172.0000, 1.259e-9
172.0000, 172.0000, 1.262e-9
174.0000, 172.0000, 1.270e-9
176.0000, 172.0000, 1.275e-9
178.0000, 172.0000, 1.275e-9
180.0000, 172.0000, 1.281e-9
182.0000, 172.0000, 1.290e-9
184.0000, 172.0000, 1.292e-9
186.0000, 172.0000, 1.291e-9
188.0000, 172.0000, 1.295e-9
190.0000, 172.0000, 1.301e-9
192.0000, 172.0000, 1.300e-9
194.0000, 172.0000, 1.298e-9
196.0000, 172.0000, 1.302e-9
198.0000, 172.0000, 1.304e-9
200.0000, 172.0000, 1.300e-9
202.0000, 172.0000, 1.295e-9
204.0000, 172.0000, 1.294e-9
206.0000, 172.0000, 1.293e-9
208.0000, 172.0000, 1.290e-9
210.0000, 172.0000, 1.288e-9
212.0000, 172.0000, 1.291e-9
214.0000, 172.0000, 1.293e-9
216.0000, 172.0000, 1.290e-9
218.0000, 172.0000, 1.289e-9
220.0000, 172.0000, 1.293e-9
222.0000, 172.0000, 1.291e-9
224.0000, 172.0000, 1.288e-9
226.0000, 172.0000, 1.288e-9
228.0000, 172.0000, 1.286e-9
230.0000, 172.0000, 1.286e-9
232.0000, 172.0000, 1.288e-9
234.0000, 172.0000, 1.286e-9
236.0000, 172.0000, 1.286e-9
238.0000, 172.0000, 1.292e-9
240.0000, 172.0000, 1.296e-9
242.0000, 172.0000, 1.294e-9
244.0000, 172.0000, 1.293e-9
246.0000, 172.0000, 1.296e-9
248.0000, 172.0000, 1.299e-9
0.0000, 174.0000, 1.390e-9
2.0000, 174.0000, 1.327e-9
4.0000, 174.0000, 1.325e-9
6.0000, 174.0000, 1.314e-9
8.0000, 174.0000, 1.272e-9
10.0000, 174.0000, 1.245e-9
12.0000, 174.0000, 1.257e-9
14.0000, 174.0000, 1.235e-9
16.0000, 174.0000, 1.203e-9
18.0000, 174.0000, 1.202e-9
20.0000, 174.0000, 1.199e-9
22.0000, 174.0000, 1.169e-9
24.0000, 174.0000, 1.148e-9
26.0000, 174.0000, 1.146e-9
28.0000, 174.0000, 1.135e-9
30.0000, 174.0000, 1.117e-9
32.0000, 174.0000, 1.102e-9
34.0000, 174.0000, 1.103e-9
36.0000, 174.0000, 1.109e-9
38.0000, 174.0000, 1.105e-9
40.0000, 174.0000, 1.108e-9
42.0000, 174.0000, 1.134e-9
44.0000, 174.0000, 1.136e-9
46.0000, 174.0000, 1.124e-9
48.0000, 174.0000, 1.129e-9
50.0000, 174.0000, 1.144e-9
52.0000, 174.0000, 1.140e-9
54.0000, 174.0000, 1.139e-9
56.0000, 174.0000, 1.157e-9
58.0000, 174.0000, 1.163e-9
60.0000, 174.0000, 1.148e-9
62.0000, 174.0000, 1.145e-9
64.0000, 174.0000, 1.152e-9
66.0000, 174.0000, 1.154e-9
68.0000, 174.0000, 1.154e-9
70.0000, 174.0000, 1.160e-9
72.0000, 174.0000, 1.166e-9
74.0000, 174.0000, 1.165e-9
76.0000, 174.0000, 1.161e-9
78.0000, 174.0000, 1.167e-9
80.0000, 174.0000, 1.182e-9
82.0000, 174.0000, 1.180e-9
84.0000, 174.0000, 1.171e-9
86.0000, 174.0000, 1.176e-9
88.0000, 174.0000, 1.190e-9
90.0000, 174.0000, 1.186e-9
92.0000, 174.0000, 1.177e-9
94.0000, 174.0000, 1.185e-9
96.0000, 174.0000, 1.193e-9
98.0000, 174.0000, 1.187e-9
100.0000, 174.0000, 1.184e-9
102.0000, 174.0000, 1.198e-9
104.0000, 174.0000, 1.202e-9
106.0000, 174.0000, 1.195e-9
108.0000, 174.0000, 1.197e-9
110.0000, 174.0000, 1.214e-9
112.0000, 174.0000, 1.217e-9
114.0000, 174.0000, 1.215e-9
116.0000, 174.0000, 1.228e-9
118.0000, 174.0000, 1.238e-9
120.0000, 174.0000, 1.232e-9
122.0000, 174.0000, 1.229e-9
124.0000, 174.0000, 1.238e-9
126.0000, 174.0000, 1.242e-9
128.0000, 174.0000, 1.238e-9
130.0000, 174.0000, 1.238e-9
132.0000, 174.0000, 1.245e-9
134.0000, 174.0000, 1.248e-9
136.0000, 174.0000, 1.250e-9
138.0000, 174.0000, 1.255e-9
140.0000, 174.0000, 1.258e-9
142.0000, 174.0000, 1.259e-9
144.0000, 174.0000, 1.260e-9
146.0000, 174.0000, 1.261e-9
148.0000, 174.0000, 1.262e-9
150.0000, 174.0000, 1.264e-9
152.0000, 174.0000, 1.263e-9
154.0000, 174.0000, 1.263e-9
156.0000, 174.0000, 1.264e-9
158.0000, 174.0000, 1.266e-9
160.0000, 174.0000, 1.270e-9
162.0000, 174.0000, 1.273e-9
164.0000, 174.0000, 1.271e-9
166.0000, 174.0000, 1.268e-9
168.0000, 174.0000, 1.270e-9
170.0000, 174.0000, 1.274e-9
172.0000, 174.0000, 1.275e-9
174.0000, 174.0000, 1.281e-9
176.0000, 174.0000, 1.289e-9
178.0000, 174.0000, 1.290e-9
180.0000, 174.0000, 1.291e-9
182.0000, 174.0000, 1.299e-9
184.0000, 174.0000, 1.303e-9
186.0000, 174.0000, 1.303e-9
188.0000, 174.0000, 1.302e-9
190.0000, 174.0000, 1.307e-9
192.0000, 174.0000, 1.313e-9
194.0000, 174.0000, 1.311e-9
196.0000, 174.0000, 1.310e-9
198.0000, 174.0000, 1.316e-9
200.0000, 174.0000, 1.316e-9
202.0000, 174.0000, 1.309e-9
204.0000, 174.0000, 1.308e-9
206.0000, 174.0000, 1.311e-9
208.0000, 174.0000, 1.304e-9
210.0000, 174.0000, 1.299e-9
212.0000, 174.0000, 1.307e-9
214.0000, 174.0000, 1.310e-9
216.0000, 174.0000, 1.303e-9
218.0000, 174.0000, 1.302e-9
220.0000, 174.0000, 1.309e-9
222.0000, 174.0000, 1.306e-9
224.0000, 174.0000, 1.299e-9
226.0000, 174.0000, 1.299e-9
228.0000, 174.0000, 1.303e-9
230.0000, 174.0000, 1.301e-9
232.0000, 174.0000, 1.298e-9
234.0000, 174.0000, 1.299e-9
236.0000, 174.0000, 1.301e-9
238.0000, 174.0000, 1.302e-9
240.0000, 174.0000, 1.306e-9
242.0000, 174.0000, 1.307e-9
244.0000, 174.0000, 1.304e-9
246.0000, 174.0000, 1.303e-9
248.0000, 174.0000, 1.308e-9
0.0000, 176.0000, 1.476e-9
2.0000, 176.0000, 1.431e-9
4.0000, 176.0000, 1.407e-9
6.0000, 176.0000, 1.428e-9
8.0000, 176.0000, 1.413e-9
10.0000, 176.0000, 1.349e-9
12.0000, 176.0000, 1.342e-9
14.0000, 176.0000, 1.363e-9
16.0000, 176.0000, 1.338e-9
18.0000, 176.0000, 1.286e-9
20.0000, 176.0000, 1.300e-9
22.0000, 176.0000, 1.310e-9
24.0000, 176.0000, 1.273e-9
26.0000, 176.0000, 1.244e-9
28.0000, 176.0000, 1.261e-9
30.0000, 176.0000, 1.253e-9
32.0000, 176.0000, 1.215e-9
34.0000, 176.0000, 1.210e-9
36.0000, 176.0000, 1.224e-9
38.0000, 176.0000, 1.208e-9
40.0000, 176.0000, 1.183e-9
42.0000, 176.0000, 1.190e-9
44.0000, 176.0000, 1.183e-9
46.0000, 176.0000, 1.165e-9
48.0000, 176.0000, 1.166e-9
50.0000, 176.0000, 1.178e-9
52.0000, 176.0000, 1.174e-9
54.0000, 176.0000, 1.166e-9
56.0000, 176.0000, 1.168e-9
58.0000, 176.0000, 1.169e-9
60.0000, 176.0000, 1.162e-9
62.0000, 176.0000, 1.162e-9
64.0000, 176.0000, 1.170e-9
66.0000, 176.0000, 1.171e-9
68.0000, 176.0000, 1.167e-9
70.0000, 176.0000, 1.170e-9
72.0000, 176.0000, 1.177e-9
74.0000, 176.0000, 1.172e-9
76.0000, 176.0000, 1.163e-9
78.0000, 176.0000, 1.177e-9
80.0000, 176.0000, 1.197e-9
82.0000, 176.0000, 1.192e-9
84.0000, 176.0000, 1.183e-9
86.0000, 176.0000, 1.192e-9
88.0000, 176.0000, 1.205e-9
90.0000, 176.0000, 1.201e-9
92.0000, 176.0000, 1.191e-9
94.0000, 176.0000, 1.199e-9
96.0000, 176.0000, 1.210e-9
98.0000, 176.0000, 1.205e-9
100.0000, 176.0000, 1.200e-9
102.0000, 176.0000, 1.213e-9
104.0000, 176.0000, 1.219e-9
106.0000, 176.0000, 1.212e-9
108.0000, 176.0000, 1.214e-9
110.0000, 176.0000, 1.235e-9
112.0000, 176.0000, 1.237e-9
114.0000, 176.0000, 1.231e-9
116.0000, 176.0000, 1.242e-9
118.0000, 176.0000, 1.254e-9
120.0000, 176.0000, 1.250e-9
122.0000, 176.0000, 1.243e-9
124.0000, 176.0000, 1.250e-9
126.0000, 176.0000, 1.256e-9
128.0000, 176.0000, 1.253e-9
130.0000, 176.0000, 1.253e-9
132.0000, 176.0000, 1.261e-9
134.0000, 176.0000, 1.264e-9
136.0000, 176.0000, 1.261e-9
138.0000, 176.0000, 1.261e-9
140.0000, 176.0000, 1.268e-9
142.0000, 176.0000, 1.271e-9
144.0000, 176.0000, 1.268e-9
146.0000, 176.0000, 1.268e-9
148.0000, 176.0000, 1.272e-9
150.0000, 176.0000, 1.274e-9
152.0000, 176.0000, 1.272e-9
154.0000, 176.0000, 1.277e-9
156.0000, 176.0000, 1.282e-9
158.0000, 176.0000, 1.281e-9
160.0000, 176.0000, 1.282e-9
162.0000, 176.0000, 1.284e-9
164.0000, 176.0000, 1.282e-9
166.0000, 176.0000, 1.280e-9
168.0000, 176.0000, 1.281e-9
170.0000, 176.0000, 1.286e-9
172.0000, 176.0000, 1.290e-9
174.0000, 176.0000, 1.293e-9
176.0000, 176.0000, 1.294e-9
178.0000, 176.0000, 1.296e-9
180.0000, 176.0000, 1.299e-9
182.0000, 176.0000, 1.304e-9
184.0000, 176.0000, 1.310e-9
186.0000, 176.0000, 1.314e-9
188.0000, 176.0000, 1.315e-9
190.0000, 176.0000, 1.320e-9
192.0000, 176.0000, 1.324e-9
194.0000, 176.0000, 1.322e-9
196.0000, 176.0000, 1.322e-9
198.0000, 176.0000, 1.327e-9
200.0000, 176.0000, 1.325e-9
202.0000, 176.0000, 1.320e-9
204.0000, 176.0000, 1.318e-9
206.0000, 176.0000, 1.318e-9
208.0000, 176.0000, 1.315e-9
210.0000, 176.0000, 1.311e-9
212.0000, 176.0000, 1.310e-9
214.0000, 176.0000, 1.310e-9
216.0000, 176.0000, 1.308e-9
218.0000, 176.0000, 1.308e-9
220.0000, 176.0000, 1.309e-9
222.0000, 176.0000, 1.310e-9
224.0000, 176.0000, 1.309e-9
226.0000, 176.0000, 1.307e-9
228.0000, 176.0000, 1.307e-9
230.0000, 176.0000, 1.311e-9
232.0000, 176.0000, 1.311e-9
234.0000, 176.0000, 1.307e-9
236.0000, 176.0000, 1.308e-9
238.0000, 176.0000, 1.313e-9
240.0000, 176.0000, 1.313e-9
242.0000, 176.0000, 1.310e-9
244.0000, 176.0000, 1.310e-9
246.0000, 176.0000, 1.310e-9
248.0000, 176.0000, 1.309e-9
0.0000, 178.0000, 1.444e-9
2.0000, 178.0000, 1.383e-9
4.0000, 178.0000, 1.372e-9
6.0000, 178.0000, 1.367e-9
8.0000, 178.0000, 1.333e-9
10.0000, 178.0000, 1.292e-9
12.0000, 178.0000, 1.294e-9
14.0000, 178.0000, 1.279e-9
16.0000, 178.0000, 1.243e-9
18.0000, 178.0000, 1.225e-9
20.0000, 178.0000, 1.224e-9
22.0000, 178.0000, 1.204e-9
24.0000, 178.0000, 1.182e-9
26.0000, 178.0000, 1.184e-9
28.0000, 178.0000, 1.186e-9
30.0000, 178.0000, 1.169e-9
32.0000, 178.0000, 1.153e-9
34.0000, 178.0000, 1.156e-9
36.0000, 178.0000, 1.157e-9
38.0000, 178.0000, 1.148e-9
40.0000, 178.0000, 1.145e-9
42.0000, 178.0000, 1.161e-9
44.0000, 178.0000, 1.161e-9
46.0000, 178.0000, 1.152e-9
48.0000, 178.0000, 1.150e-9
50.0000, 178.0000, 1.161e-9
52.0000, 178.0000, 1.163e-9
54.0000, 178.0000, 1.158e-9
56.0000, 178.0000, 1.158e-9
58.0000, 178.0000, 1.166e-9
60.0000, 178.0000, 1.172e-9
62.0000, 178.0000, 1.167e-9
64.0000, 178.0000, 1.171e-9
66.0000, 178.0000, 1.186e-9
68.0000, 178.0000, 1.188e-9
70.0000, 178.0000, 1.178e-9
72.0000, 178.0000, 1.184e-9
74.0000, 178.0000, 1.195e-9
76.0000, 178.0000, 1.192e-9
78.0000, 178.0000, 1.184e-9
80.0000, 178.0000, 1.203e-9
82.0000, 178.0000, 1.217e-9
84.0000, 178.0000, 1.205e-9
86.0000, 178.0000, 1.204e-9
88.0000, 178.0000, 1.223e-9
90.0000, 178.0000, 1.223e-9
92.0000, 178.0000, 1.211e-9
94.0000, 178.0000, 1.214e-9
96.0000, 178.0000, 1.221e-9
98.0000, 178.0000, 1.214e-9
100.0000, 178.0000, 1.210e-9
102.0000, 178.0000, 1.220e-9
104.0000, 178.0000, 1.224e-9
106.0000, 178.0000, 1.218e-9
108.0000, 178.0000, 1.218e-9
110.0000, 178.0000, 1.232e-9
112.0000, 178.0000, 1.236e-9
114.0000, 178.0000, 1.235e-9
116.0000, 178.0000, 1.242e-9
118.0000, 178.0000, 1.253e-9
120.0000, 178.0000, 1.252e-9
122.0000, 178.0000, 1.247e-9
124.0000, 178.0000, 1.251e-9
126.0000, 178.0000, 1.260e-9
128.0000, 178.0000, 1.263e-9
130.0000, 178.0000, 1.262e-9
132.0000, 178.0000, 1.262e-9
134.0000, 178.0000, 1.267e-9
136.0000, 178.0000, 1.271e-9
138.0000, 178.0000, 1.271e-9
140.0000, 178.0000, 1.272e-9
142.0000, 178.0000, 1.278e-9
144.0000, 178.0000, 1.277e-9
146.0000, 178.0000, 1.275e-9
148.0000, 178.0000, 1.278e-9
150.0000, 178.0000, 1.285e-9
152.0000, 178.0000, 1.285e-9
154.0000, 178.0000, 1.282e-9
156.0000, 178.0000, 1.282e-9
158.0000, 178.0000, 1.282e-9
160.0000, 178.0000, 1.281e-9
162.0000, 178.0000, 1.281e-9
164.0000, 178.0000, 1.282e-9
166.0000, 178.0000, 1.284e-9
168.0000, 178.0000, 1.289e-9
170.0000, 178.0000, 1.292e-9
172.0000, 178.0000, 1.292e-9
174.0000, 178.0000, 1.297e-9
176.0000, 178.0000, 1.303e-9
178.0000, 178.0000, 1.303e-9
180.0000, 178.0000, 1.302e-9
182.0000, 178.0000, 1.308e-9
184.0000, 178.0000, 1.314e-9
186.0000, 178.0000, 1.314e-9
188.0000, 178.0000, 1.315e-9
190.0000, 178.0000, 1.329e-9
192.0000, 178.0000, 1.335e-9
194.0000, 178.0000, 1.327e-9
196.0000, 178.0000, 1.325e-9
198.0000, 178.0000, 1.336e-9
200.0000, 178.0000, 1.338e-9
202.0000, 178.0000, 1.327e-9
204.0000, 178.0000, 1.324e-9
206.0000, 178.0000, 1.331e-9
208.0000, 178.0000, 1.330e-9
210.0000, 178.0000, 1.321e-9
212.0000, 178.0000, 1.323e-9
214.0000, 178.0000, 1.328e-9
216.0000, 178.0000, 1.325e-9
218.0000, 178.0000, 1.318e-9
220.0000, 178.0000, 1.319e-9
222.0000, 178.0000, 1.320e-9
224.0000, 178.0000, 1.315e-9
226.0000, 178.0000, 1.314e-9
228.0000, 178.0000, 1.318e-9
230.0000, 178.0000, 1.317e-9
232.0000, 178.0000, 1.313e-9
234.0000, 178.0000, 1.315e-9
236.0000, 178.0000, 1.319e-9
238.0000, 178.0000, 1.319e-9
240.0000, 178.0000, 1.320e-9
242.0000, 178.0000, 1.320e-9
244.0000, 178.0000, 1.315e-9
246.0000, 178.0000, 1.312e-9
248.0000, 178.0000, 1.320e-9
0.0000, 180.0000, 1.473e-9
2.0000, 180.0000, 1.419e-9
4.0000, 180.0000, 1.392e-9
6.0000, 180.0000, 1.348e-9
8.0000, 180.0000, 1.299e-9
10.0000, 180.0000, 1.292e-9
12.0000, 180.0000, 1.295e-9
14.0000, 180.0000, 1.262e-9
16.0000, 180.0000, 1.235e-9
18.0000, 180.0000, 1.247e-9
20.0000, 180.0000, 1.238e-9
22.0000, 180.0000, 1.201e-9
24.0000, 180.0000, 1.192e-9
26.0000, 180.0000, 1.209e-9
28.0000, 180.0000, 1.196e-9
30.0000, 180.0000, 1.171e-9
32.0000, 180.0000, 1.167e-9
34.0000, 180.0000, 1.159e-9
36.0000, 180.0000, 1.152e-9
38.0000, 180.0000, 1.152e-9
40.0000, 180.0000, 1.149e-9
42.0000, 180.0000, 1.144e-9
44.0000, 180.0000, 1.148e-9
46.0000, 180.0000, 1.151e-9
48.0000, 180.0000, 1.149e-9
50.0000, 180.0000, 1.158e-9
52.0000, 180.0000, 1.163e-9
54.0000, 180.0000, 1.159e-9
56.0000, 180.0000, 1.166e-9
58.0000, 180.0000, 1.174e-9
60.0000, 180.0000, 1.170e-9
62.0000, 180.0000, 1.171e-9
64.0000, 180.0000, 1.176e-9
66.0000, 180.0000, 1.176e-9
68.0000, 180.0000, 1.174e-9
70.0000, 180.0000, 1.177e-9
72.0000, 180.0000, 1.175e-9
74.0000, 180.0000, 1.176e-9
76.0000, 180.0000, 1.178e-9
78.0000, 180.0000, 1.179e-9
80.0000, 180.0000, 1.188e-9
82.0000, 180.0000, 1.190e-9
84.0000, 180.0000, 1.184e-9
86.0000, 180.0000, 1.188e-9
88.0000, 180.0000, 1.198e-9
90.0000, 180.0000, 1.198e-9
92.0000, 180.0000, 1.193e-9
94.0000, 180.0000, 1.197e-9
96.0000, 180.0000, 1.201e-9
98.0000, 180.0000, 1.198e-9
100.0000, 180.0000, 1.203e-9
102.0000, 180.0000, 1.207e-9
104.0000, 180.0000, 1.206e-9
106.0000, 180.0000, 1.209e-9
108.0000, 180.0000, 1.212e-9
110.0000, 180.0000, 1.214e-9
112.0000, 180.0000, 1.217e-9
114.0000, 180.0000, 1.223e-9
116.0000, 180.0000, 1.228e-9
118.0000, 180.0000, 1.232e-9
120.0000, 180.0000, 1.239e-9
122.0000, 180.0000, 1.241e-9
124.0000, 180.0000, 1.240e-9
126.0000, 180.0000, 1.247e-9
128.0000, 180.0000, 1.255e-9
130.0000, 180.0000, 1.255e-9
132.0000, 180.0000, 1.254e-9
134.0000, 180.0000, 1.259e-9
136.0000, 180.0000, 1.267e-9
138.0000, 180.0000, 1.268e-9
140.0000, 180.0000, 1.267e-9
142.0000, 180.0000, 1.273e-9
144.0000, 180.0000, 1.279e-9
146.0000, 180.0000, 1.276e-9
148.0000, 180.0000, 1.272e-9
150.0000, 180.0000, 1.279e-9
152.0000, 180.0000, 1.283e-9
154.0000, 180.0000, 1.279e-9
156.0000, 180.0000, 1.281e-9
158.0000, 180.0000, 1.287e-9
160.0000, 180.0000, 1.284e-9
162.0000, 180.0000, 1.278e-9
164.0000, 180.0000, 1.279e-9
166.0000, 180.0000, 1.283e-9
168.0000, 180.0000, 1.284e-9
170.0000, 180.0000, 1.287e-9
172.0000, 180.0000, 1.292e-9
174.0000, 180.0000, 1.296e-9
176.0000, 180.0000, 1.296e-9
178.0000, 180.0000, 1.295e-9
180.0000, 180.0000, 1.301e-9
182.0000, 180.0000, 1.312e-9
184.0000, 180.0000, 1.315e-9
186.0000, 180.0000, 1.313e-9
188.0000, 180.0000, 1.316e-9
190.0000, 180.0000, 1.322e-9
192.0000, 180.0000, 1.320e-9
194.0000, 180.0000, 1.316e-9
196.0000, 180.0000, 1.319e-9
198.0000, 180.0000, 1.325e-9
200.0000, 180.0000, 1.324e-9
202.0000, 180.0000, 1.319e-9
204.0000, 180.0000, 1.316e-9
206.0000, 180.0000, 1.319e-9
208.0000, 180.0000, 1.320e-9
210.0000, 180.0000, 1.314e-9
212.0000, 180.0000, 1.311e-9
214.0000, 180.0000, 1.318e-9
216.0000, 180.0000, 1.323e-9
218.0000, 180.0000, 1.319e-9
220.0000, 180.0000, 1.315e-9
222.0000, 180.0000, 1.315e-9
224.0000, 180.0000, 1.315e-9
226.0000, 180.0000, 1.312e-9
228.0000, 180.0000, 1.309e-9
230.0000, 180.0000, 1.309e-9
232.0000, 180.0000, 1.312e-9
234.0000, 180.0000, 1.309e-9
236.0000, 180.0000, 1.307e-9
238.0000, 180.0000, 1.311e-9
240.0000, 180.0000, 1.314e-9
242.0000, 180.0000, 1.310e-9
244.0000, 180.0000, 1.305e-9
246.0000, 180.0000, 1.312e-9
248.0000, 180.0000, 1.324e-9
0.0000, 182.0000, 1.464e-9
2.0000, 182.0000, 1.398e-9
4.0000, 182.0000, 1.389e-9
6.0000, 182.0000, 1.384e-9
8.0000, 182.0000, 1.345e-9
10.0000, 182.0000, 1.314e-9
12.0000, 182.0000, 1.301e-9
14.0000, 182.0000, 1.268e-9
16.0000, 182.0000, 1.238e-9
18.0000, 182.0000, 1.225e-9
20.0000, 182.0000, 1.211e-9
22.0000, 182.0000, 1.194e-9
24.0000, 182.0000, 1.177e-9
26.0000, 182.0000, 1.164e-9
28.0000, 182.0000, 1.157e-9
30.0000, 182.0000, 1.154e-9
32.0000, 182.0000, 1.143e-9
34.0000, 182.0000, 1.140e-9
36.0000, 182.0000, 1.150e-9
38.0000, 182.0000, 1.151e-9
40.0000, 182.0000, 1.140e-9
42.0000, 182.0000, 1.144e-9
44.0000, 182.0000, 1.149e-9
46.0000, 182.0000, 1.148e-9
48.0000, 182.0000, 1.149e-9
50.0000, 182.0000, 1.152e-9
52.0000, 182.0000, 1.152e-9
54.0000, 182.0000, 1.155e-9
56.0000, 182.0000, 1.158e-9
58.0000, 182.0000, 1.160e-9
60.0000, 182.0000, 1.165e-9
62.0000, 182.0000, 1.167e-9
64.0000, 182.0000, 1.163e-9
66.0000, 182.0000, 1.166e-9
68.0000, 182.0000, 1.176e-9
70.0000, 182.0000, 1.176e-9
72.0000, 182.0000, 1.170e-9
74.0000, 182.0000, 1.174e-9
76.0000, 182.0000, 1.181e-9
78.0000, 182.0000, 1.184e-9
80.0000, 182.0000, 1.189e-9
82.0000, 182.0000, 1.186e-9
84.0000, 182.0000, 1.184e-9
86.0000, 182.0000, 1.190e-9
88.0000, 182.0000, 1.193e-9
90.0000, 182.0000, 1.192e-9
92.0000, 182.0000, 1.195e-9
94.0000, 182.0000, 1.197e-9
96.0000, 182.0000, 1.199e-9
98.0000, 182.0000, 1.204e-9
100.0000, 182.0000, 1.210e-9
102.0000, 182.0000, 1.210e-9
104.0000, 182.0000, 1.213e-9
106.0000, 182.0000, 1.216e-9
108.0000, 182.0000, 1.216e-9
110.0000, 182.0000, 1.219e-9
112.0000, 182.0000, 1.222e-9
114.0000, 182.0000, 1.225e-9
116.0000, 182.0000, 1.230e-9
118.0000, 182.0000, 1.237e-9
120.0000, 182.0000, 1.243e-9
122.0000, 182.0000, 1.243e-9
124.0000, 182.0000, 1.244e-9
126.0000, 182.0000, 1.249e-9
128.0000, 182.0000, 1.255e-9
130.0000, 182.0000, 1.258e-9
132.0000, 182.0000, 1.257e-9
134.0000, 182.0000, 1.262e-9
136.0000, 182.0000, 1.271e-9
138.0000, 182.0000, 1.272e-9
140.0000, 182.0000, 1.270e-9
142.0000, 182.0000, 1.275e-9
144.0000, 182.0000, 1.276e-9
146.0000, 182.0000, 1.273e-9
148.0000, 182.0000, 1.274e-9
150.0000, 182.0000, 1.281e-9
152.0000, 182.0000, 1.281e-9
154.0000, 182.0000, 1.279e-9
156.0000, 182.0000, 1.280e-9
158.0000, 182.0000, 1.282e-9
160.0000, 182.0000, 1.282e-9
162.0000, 182.0000, 1.282e-9
164.0000, 182.0000, 1.282e-9
166.0000, 182.0000, 1.286e-9
168.0000, 182.0000, 1.288e-9
170.0000, 182.0000, 1.286e-9
172.0000, 182.0000, 1.287e-9
174.0000, 182.0000, 1.294e-9
176.0000, 182.0000, 1.298e-9
178.0000, 182.0000, 1.298e-9
180.0000, 182.0000, 1.304e-9
182.0000, 182.0000, 1.314e-9
184.0000, 182.0000, 1.315e-9
186.0000, 182.0000, 1.313e-9
188.0000, 182.0000, 1.315e-9
190.0000, 182.0000, 1.322e-9
192.0000, 182.0000, 1.322e-9
194.0000, 182.0000, 1.320e-9
196.0000, 182.0000, 1.323e-9
198.0000, 182.0000, 1.325e-9
200.0000, 182.0000, 1.322e-9
202.0000, 182.0000, 1.317e-9
204.0000, 182.0000, 1.316e-9
206.0000, 182.0000, 1.316e-9
208.0000, 182.0000, 1.313e-9
210.0000, 182.0000, 1.312e-9
212.0000, 182.0000, 1.314e-9
214.0000, 182.0000, 1.315e-9
216.0000, 182.0000, 1.316e-9
218.0000, 182.0000, 1.316e-9
220.0000, 182.0000, 1.316e-9
222.0000, 182.0000, 1.315e-9
224.0000, 182.0000, 1.315e-9
226.0000, 182.0000, 1.314e-9
228.0000, 182.0000, 1.313e-9
230.0000, 182.0000, 1.316e-9
232.0000, 182.0000, 1.314e-9
234.0000, 182.0000, 1.310e-9
236.0000, 182.0000, 1.315e-9
238.0000, 182.0000, 1.323e-9
240.0000, 182.0000, 1.323e-9
242.0000, 182.0000, 1.316e-9
244.0000, 182.0000, 1.316e-9
246.0000, 182.0000, 1.322e-9
248.0000, 182.0000, 1.325e-9
0.0000, 184.0000, 1.464e-9
2.0000, 184.0000, 1.400e-9
4.0000, 184.0000, 1.373e-9
6.0000, 184.0000, 1.345e-9
8.0000, 184.0000, 1.303e-9
10.0000, 184.0000, 1.266e-9
12.0000, 184.0000, 1.262e-9
14.0000, 184.0000, 1.244e-9
16.0000, 184.0000, 1.215e-9
18.0000, 184.0000, 1.207e-9
20.0000, 184.0000, 1.209e-9
22.0000, 184.0000, 1.185e-9
24.0000, 184.0000, 1.167e-9
26.0000, 184.0000, 1.180e-9
28.0000, 184.0000, 1.179e-9
30.0000, 184.0000, 1.154e-9
32.0000, 184.0000, 1.142e-9
34.0000, 184.0000, 1.148e-9
36.0000, 184.0000, 1.145e-9
38.0000, 184.0000, 1.136e-9
40.0000, 184.0000, 1.143e-9
42.0000, 184.0000, 1.155e-9
44.0000, 184.0000, 1.147e-9
46.0000, 184.0000, 1.140e-9
48.0000, 184.0000, 1.153e-9
50.0000, 184.0000, 1.159e-9
52.0000, 184.0000, 1.149e-9
54.0000, 184.0000, 1.158e-9
56.0000, 184.0000, 1.172e-9
58.0000, 184.0000, 1.168e-9
60.0000, 184.0000, 1.162e-9
62.0000, 184.0000, 1.170e-9
64.0000, 184.0000, 1.168e-9
66.0000, 184.0000, 1.161e-9
68.0000, 184.0000, 1.170e-9
70.0000, 184.0000, 1.185e-9
72.0000, 184.0000, 1.179e-9
74.0000, 184.0000, 1.168e-9
76.0000, 184.0000, 1.175e-9
78.0000, 184.0000, 1.191e-9
80.0000, 184.0000, 1.189e-9
82.0000, 184.0000, 1.180e-9
84.0000, 184.0000, 1.184e-9
86.0000, 184.0000, 1.192e-9
88.0000, 184.0000, 1.193e-9
90.0000, 184.0000, 1.191e-9
92.0000, 184.0000, 1.193e-9
94.0000, 184.0000, 1.197e-9
96.0000, 184.0000, 1.196e-9
98.0000, 184.0000, 1.195e-9
100.0000, 184.0000, 1.200e-9
102.0000, 184.0000, 1.206e-9
104.0000, 184.0000, 1.206e-9
106.0000, 184.0000, 1.207e-9
108.0000, 184.0000, 1.209e-9
110.0000, 184.0000, 1.213e-9
112.0000, 184.0000, 1.216e-9
114.0000, 184.0000, 1.221e-9
116.0000, 184.0000, 1.225e-9
118.0000, 184.0000, 1.229e-9
120.0000, 184.0000, 1.234e-9
122.0000, 184.0000, 1.236e-9
124.0000, 184.0000, 1.238e-9
126.0000, 184.0000, 1.243e-9
128.0000, 184.0000, 1.250e-9
130.0000, 184.0000, 1.251e-9
132.0000, 184.0000, 1.251e-9
134.0000, 184.0000, 1.256e-9
136.0000, 184.0000, 1.263e-9
138.0000, 184.0000, 1.264e-9
140.0000, 184.0000, 1.261e-9
142.0000, 184.0000, 1.262e-9
144.0000, 184.0000, 1.263e-9
146.0000, 184.0000, 1.263e-9
148.0000, 184.0000, 1.264e-9
150.0000, 184.0000, 1.269e-9
152.0000, 184.0000, 1.272e-9
154.0000, 184.0000, 1.274e-9
156.0000, 184.0000, 1.278e-9
158.0000, 184.0000, 1.277e-9
160.0000, 184.0000, 1.273e-9
162.0000, 184.0000, 1.273e-9
164.0000, 184.0000, 1.274e-9
166.0000, 184.0000, 1.275e-9
168.0000, 184.0000, 1.277e-9
170.0000, 184.0000, 1.281e-9
172.0000, 184.0000, 1.284e-9
174.0000, 184.0000, 1.288e-9
176.0000, 184.0000, 1.291e-9
178.0000, 184.0000, 1.291e-9
180.0000, 184.0000, 1.295e-9
182.0000, 184.0000, 1.303e-9
184.0000, 184.0000, 1.308e-9
186.0000, 184.0000, 1.308e-9
188.0000, 184.0000, 1.312e-9
190.0000, 184.0000, 1.319e-9
192.0000, 184.0000, 1.317e-9
194.0000, 184.0000, 1.313e-9
196.0000, 184.0000, 1.318e-9
198.0000, 184.0000, 1.322e-9
200.0000, 184.0000, 1.318e-9
202.0000, 184.0000, 1.312e-9
204.0000, 184.0000, 1.311e-9
206.0000, 184.0000, 1.311e-9
208.0000, 184.0000, 1.309e-9
210.0000, 184.0000, 1.308e-9
212.0000, 184.0000, 1.307e-9
214.0000, 184.0000, 1.310e-9
216.0000, 184.0000, 1.312e-9
218.0000, 184.0000, 1.311e-9
220.0000, 184.0000, 1.310e-9
222.0000, 184.0000, 1.308e-9
224.0000, 184.0000, 1.306e-9
226.0000, 184.0000, 1.306e-9
228.0000, 184.0000, 1.306e-9
230.0000, 184.0000, 1.306e-9
232.0000, 184.0000, 1.305e-9
234.0000, 184.0000, 1.303e-9
236.0000, 184.0000, 1.305e-9
238.0000, 184.0000, 1.310e-9
240.0000, 184.0000, 1.311e-9
242.0000, 184.0000, 1.307e-9
244.0000, 184.0000, 1.307e-9
246.0000, 184.0000, 1.313e-9
248.0000, 184.0000, 1.315e-9
0.0000, 186.0000, 1.469e-9
2.0000, 186.0000, 1.401e-9
4.0000, 186.0000, 1.383e-9
6.0000, 186.0000, 1.365e-9
8.0000, 186.0000, 1.324e-9
10.0000, 186.0000, 1.297e-9
12.0000, 186.0000, 1.294e-9
14.0000, 186.0000, 1.266e-9
16.0000, 186.0000, 1.236e-9
18.0000, 186.0000, 1.237e-9
20.0000, 186.0000, 1.241e-9
22.0000, 186.0000, 1.214e-9
24.0000, 186.0000, 1.190e-9
26.0000, 186.0000, 1.194e-9
28.0000, 186.0000, 1.198e-9
30.0000, 186.0000, 1.173e-9
32.0000, 186.0000, 1.147e-9
34.0000, 186.0000, 1.160e-9
36.0000, 186.0000, 1.172e-9
38.0000, 186.0000, 1.160e-9
40.0000, 186.0000, 1.151e-9
42.0000, 186.0000, 1.169e-9
44.0000, 186.0000, 1.166e-9
46.0000, 186.0000, 1.150e-9
48.0000, 186.0000, 1.154e-9
50.0000, 186.0000, 1.170e-9
52.0000, 186.0000, 1.161e-9
54.0000, 186.0000, 1.156e-9
56.0000, 186.0000, 1.172e-9
58.0000, 186.0000, 1.176e-9
60.0000, 186.0000, 1.164e-9
62.0000, 186.0000, 1.164e-9
64.0000, 186.0000, 1.174e-9
66.0000, 186.0000, 1.172e-9
68.0000, 186.0000, 1.160e-9
70.0000, 186.0000, 1.163e-9
72.0000, 186.0000, 1.178e-9
74.0000, 186.0000, 1.175e-9
76.0000, 186.0000, 1.165e-9
78.0000, 186.0000, 1.173e-9
80.0000, 186.0000, 1.188e-9
82.0000, 186.0000, 1.186e-9
84.0000, 186.0000, 1.181e-9
86.0000, 186.0000, 1.190e-9
88.0000, 186.0000, 1.199e-9
90.0000, 186.0000, 1.193e-9
92.0000, 186.0000, 1.187e-9
94.0000, 186.0000, 1.191e-9
96.0000, 186.0000, 1.195e-9
98.0000, 186.0000, 1.194e-9
100.0000, 186.0000, 1.196e-9
102.0000, 186.0000, 1.201e-9
104.0000, 186.0000, 1.205e-9
106.0000, 186.0000, 1.203e-9
108.0000, 186.0000, 1.203e-9
110.0000, 186.0000, 1.208e-9
112.0000, 186.0000, 1.214e-9
114.0000, 186.0000, 1.215e-9
116.0000, 186.0000, 1.220e-9
118.0000, 186.0000, 1.229e-9
120.0000, 186.0000, 1.235e-9
122.0000, 186.0000, 1.234e-9
124.0000, 186.0000, 1.237e-9
126.0000, 186.0000, 1.246e-9
128.0000, 186.0000, 1.252e-9
130.0000, 186.0000, 1.249e-9
132.0000, 186.0000, 1.250e-9
134.0000, 186.0000, 1.259e-9
136.0000, 186.0000, 1.264e-9
138.0000, 186.0000, 1.260e-9
140.0000, 186.0000, 1.261e-9
142.0000, 186.0000, 1.269e-9
144.0000, 186.0000, 1.266e-9
146.0000, 186.0000, 1.262e-9
148.0000, 186.0000, 1.268e-9
150.0000, 186.0000, 1.274e-9
152.0000, 186.0000, 1.269e-9
154.0000, 186.0000, 1.267e-9
156.0000, 186.0000, 1.274e-9
158.0000, 186.0000, 1.276e-9
160.0000, 186.0000, 1.271e-9
162.0000, 186.0000, 1.271e-9
164.0000, 186.0000, 1.273e-9
166.0000, 186.0000, 1.273e-9
168.0000, 186.0000, 1.272e-9
170.0000, 186.0000, 1.273e-9
172.0000, 186.0000, 1.277e-9
174.0000, 186.0000, 1.283e-9
176.0000, 186.0000, 1.287e-9
178.0000, 186.0000, 1.287e-9
180.0000, 186.0000, 1.291e-9
182.0000, 186.0000, 1.299e-9
184.0000, 186.0000, 1.301e-9
186.0000, 186.0000, 1.300e-9
188.0000, 186.0000, 1.303e-9
190.0000, 186.0000, 1.310e-9
192.0000, 186.0000, 1.312e-9
194.0000, 186.0000, 1.311e-9
196.0000, 186.0000, 1.311e-9
198.0000, 186.0000, 1.311e-9
200.0000, 186.0000, 1.308e-9
202.0000, 186.0000, 1.302e-9
204.0000, 186.0000, 1.300e-9
206.0000, 186.0000, 1.299e-9
208.0000, 186.0000, 1.299e-9
210.0000, 186.0000, 1.301e-9
212.0000, 186.0000, 1.303e-9
214.0000, 186.0000, 1.305e-9
216.0000, 186.0000, 1.306e-9
218.0000, 186.0000, 1.305e-9
220.0000, 186.0000, 1.305e-9
222.0000, 186.0000, 1.304e-9
224.0000, 186.0000, 1.302e-9
226.0000, 186.0000, 1.300e-9
228.0000, 186.0000, 1.300e-9
230.0000, 186.0000, 1.303e-9
232.0000, 186.0000, 1.302e-9
234.0000, 186.0000, 1.299e-9
236.0000, 186.0000, 1.303e-9
238.0000, 186.0000, 1.308e-9
240.0000, 186.0000, 1.306e-9
242.0000, 186.0000, 1.302e-9
244.0000, 186.0000, 1.303e-9
246.0000, 186.0000, 1.306e-9
248.0000, 186.0000, 1.309e-9
0.0000, 188.0000, 1.454e-9
2.0000, 188.0000, 1.392e-9
4.0000, 188.0000, 1.376e-9
6.0000, 188.0000, 1.357e-9
8.0000, 188.0000, 1.318e-9
10.0000, 188.0000, 1.292e-9
12.0000, 188.0000, 1.291e-9
14.0000, 188.0000, 1.259e-9
16.0000, 188.0000, 1.225e-9
18.0000, 188.0000, 1.228e-9
20.0000, 188.0000, 1.229e-9
22.0000, 188.0000, 1.193e-9
24.0000, 188.0000, 1.172e-9
26.0000, 188.0000, 1.187e-9
28.0000, 188.0000, 1.187e-9
30.0000, 188.0000, 1.162e-9
32.0000, 188.0000, 1.151e-9
34.0000, 188.0000, 1.167e-9
36.0000, 188.0000, 1.165e-9
38.0000, 188.0000, 1.147e-9
40.0000, 188.0000, 1.153e-9
42.0000, 188.0000, 1.174e-9
44.0000, 188.0000, 1.163e-9
46.0000, 188.0000, 1.148e-9
48.0000, 188.0000, 1.162e-9
50.0000, 188.0000, 1.173e-9
52.0000, 188.0000, 1.159e-9
54.0000, 188.0000, 1.152e-9
56.0000, 188.0000, 1.155e-9
58.0000, 188.0000, 1.153e-9
60.0000, 188.0000, 1.150e-9
62.0000, 188.0000, 1.153e-9
64.0000, 188.0000, 1.157e-9
66.0000, 188.0000, 1.159e-9
68.0000, 188.0000, 1.157e-9
70.0000, 188.0000, 1.159e-9
72.0000, 188.0000, 1.166e-9
74.0000, 188.0000, 1.165e-9
76.0000, 188.0000, 1.161e-9
78.0000, 188.0000, 1.169e-9
80.0000, 188.0000, 1.181e-9
82.0000, 188.0000, 1.178e-9
84.0000, 188.0000, 1.174e-9
86.0000, 188.0000, 1.183e-9
88.0000, 188.0000, 1.191e-9
90.0000, 188.0000, 1.189e-9
92.0000, 188.0000, 1.187e-9
94.0000, 188.0000, 1.190e-9
96.0000, 188.0000, 1.192e-9
98.0000, 188.0000, 1.193e-9
100.0000, 188.0000, 1.195e-9
102.0000, 188.0000, 1.199e-9
104.0000, 188.0000, 1.202e-9
106.0000, 188.0000, 1.203e-9
108.0000, 188.0000, 1.204e-9
110.0000, 188.0000, 1.209e-9
112.0000, 188.0000, 1.211e-9
114.0000, 188.0000, 1.215e-9
116.0000, 188.0000, 1.225e-9
118.0000, 188.0000, 1.233e-9
120.0000, 188.0000, 1.234e-9
122.0000, 188.0000, 1.234e-9
124.0000, 188.0000, 1.239e-9
126.0000, 188.0000, 1.244e-9
128.0000, 188.0000, 1.246e-9
130.0000, 188.0000, 1.247e-9
132.0000, 188.0000, 1.249e-9
134.0000, 188.0000, 1.254e-9
136.0000, 188.0000, 1.256e-9
138.0000, 188.0000, 1.255e-9
140.0000, 188.0000, 1.257e-9
142.0000, 188.0000, 1.261e-9
144.0000, 188.0000, 1.261e-9
146.0000, 188.0000, 1.261e-9
148.0000, 188.0000, 1.264e-9
150.0000, 188.0000, 1.266e-9
152.0000, 188.0000, 1.263e-9
154.0000, 188.0000, 1.263e-9
156.0000, 188.0000, 1.265e-9
158.0000, 188.0000, 1.264e-9
160.0000, 188.0000, 1.264e-9
162.0000, 188.0000, 1.268e-9
164.0000, 188.0000, 1.269e-9
166.0000, 188.0000, 1.269e-9
168.0000, 188.0000, 1.270e-9
170.0000, 188.0000, 1.270e-9
172.0000, 188.0000, 1.271e-9
174.0000, 188.0000, 1.278e-9
176.0000, 188.0000, 1.282e-9
178.0000, 188.0000, 1.283e-9
180.0000, 188.0000, 1.289e-9
182.0000, 188.0000, 1.298e-9
184.0000, 188.0000, 1.300e-9
186.0000, 188.0000, 1.299e-9
188.0000, 188.0000, 1.302e-9
190.0000, 188.0000, 1.311e-9
192.0000, 188.0000, 1.312e-9
194.0000, 188.0000, 1.309e-9
196.0000, 188.0000, 1.311e-9
198.0000, 188.0000, 1.316e-9
200.0000, 188.0000, 1.311e-9
202.0000, 188.0000, 1.301e-9
204.0000, 188.0000, 1.303e-9
206.0000, 188.0000, 1.309e-9
208.0000, 188.0000, 1.305e-9
210.0000, 188.0000, 1.300e-9
212.0000, 188.0000, 1.303e-9
214.0000, 188.0000, 1.308e-9
216.0000, 188.0000, 1.306e-9
218.0000, 188.0000, 1.301e-9
220.0000, 188.0000, 1.300e-9
222.0000, 188.0000, 1.301e-9
224.0000, 188.0000, 1.301e-9
226.0000, 188.0000, 1.300e-9
228.0000, 188.0000, 1.301e-9
230.0000, 188.0000, 1.301e-9
232.0000, 188.0000, 1.299e-9
234.0000, 188.0000, 1.301e-9
236.0000, 188.0000, 1.303e-9
238.0000, 188.0000, 1.303e-9
240.0000, 188.0000, 1.303e-9
242.0000, 188.0000, 1.306e-9
244.0000, 188.0000, 1.305e-9
246.0000, 188.0000, 1.305e-9
248.0000, 188.0000, 1.308e-9
0.0000, 190.0000, 1.501e-9
2.0000, 190.0000, 1.455e-9
4.0000, 190.0000, 1.428e-9
6.0000, 190.0000, 1.432e-9
8.0000, 190.0000, 1.408e-9
10.0000, 190.0000, 1.346e-9
12.0000, 190.0000, 1.337e-9
14.0000, 190.0000, 1.341e-9
16.0000, 190.0000, 1.305e-9
18.0000, 190.0000, 1.256e-9
20.0000, 190.0000, 1.271e-9
22.0000, 190.0000, 1.277e-9
24.0000, 190.0000, 1.238e-9
26.0000, 190.0000, 1.210e-9
28.0000, 190.0000, 1.231e-9
30.0000, 190.0000, 1.227e-9
32.0000, 190.0000, 1.188e-9
34.0000, 190.0000, 1.185e-9
36.0000, 190.0000, 1.213e-9
38.0000, 190.0000, 1.206e-9
40.0000, 190.0000, 1.173e-9
42.0000, 190.0000, 1.180e-9
44.0000, 190.0000, 1.187e-9
46.0000, 190.0000, 1.169e-9
48.0000, 190.0000, 1.154e-9
50.0000, 190.0000, 1.167e-9
52.0000, 190.0000, 1.167e-9
54.0000, 190.0000, 1.159e-9
56.0000, 190.0000, 1.162e-9
58.0000, 190.0000, 1.166e-9
60.0000, 190.0000, 1.159e-9
62.0000, 190.0000, 1.147e-9
64.0000, 190.0000, 1.155e-9
66.0000, 190.0000, 1.163e-9
68.0000, 190.0000, 1.155e-9
70.0000, 190.0000, 1.149e-9
72.0000, 190.0000, 1.163e-9
74.0000, 190.0000, 1.167e-9
76.0000, 190.0000, 1.159e-9
78.0000, 190.0000, 1.161e-9
80.0000, 190.0000, 1.179e-9
82.0000, 190.0000, 1.180e-9
84.0000, 190.0000, 1.176e-9
86.0000, 190.0000, 1.181e-9
88.0000, 190.0000, 1.183e-9
90.0000, 190.0000, 1.180e-9
92.0000, 190.0000, 1.178e-9
94.0000, 190.0000, 1.178e-9
96.0000, 190.0000, 1.180e-9
98.0000, 190.0000, 1.183e-9
100.0000, 190.0000, 1.189e-9
102.0000, 190.0000, 1.192e-9
104.0000, 190.0000, 1.195e-9
106.0000, 190.0000, 1.198e-9
108.0000, 190.0000, 1.202e-9
110.0000, 190.0000, 1.203e-9
112.0000, 190.0000, 1.205e-9
114.0000, 190.0000, 1.212e-9
116.0000, 190.0000, 1.221e-9
118.0000, 190.0000, 1.225e-9
120.0000, 190.0000, 1.228e-9
122.0000, 190.0000, 1.231e-9
124.0000, 190.0000, 1.234e-9
126.0000, 190.0000, 1.238e-9
128.0000, 190.0000, 1.244e-9
130.0000, 190.0000, 1.244e-9
132.0000, 190.0000, 1.244e-9
134.0000, 190.0000, 1.250e-9
136.0000, 190.0000, 1.256e-9
138.0000, 190.0000, 1.256e-9
140.0000, 190.0000, 1.256e-9
142.0000, 190.0000, 1.261e-9
144.0000, 190.0000, 1.261e-9
146.0000, 190.0000, 1.259e-9
148.0000, 190.0000, 1.262e-9
150.0000, 190.0000, 1.266e-9
152.0000, 190.0000, 1.265e-9
154.0000, 190.0000, 1.265e-9
156.0000, 190.0000, 1.267e-9
158.0000, 190.0000, 1.266e-9
160.0000, 190.0000, 1.264e-9
162.0000, 190.0000, 1.264e-9
164.0000, 190.0000, 1.263e-9
166.0000, 190.0000, 1.265e-9
168.0000, 190.0000, 1.271e-9
170.0000, 190.0000, 1.273e-9
172.0000, 190.0000, 1.272e-9
174.0000, 190.0000, 1.277e-9
176.0000, 190.0000, 1.282e-9
178.0000, 190.0000, 1.282e-9
180.0000, 190.0000, 1.286e-9
182.0000, 190.0000, 1.296e-9
184.0000, 190.0000, 1.299e-9
186.0000, 190.0000, 1.297e-9
188.0000, 190.0000, 1.298e-9
190.0000, 190.0000, 1.306e-9
192.0000, 190.0000, 1.307e-9
194.0000, 190.0000, 1.303e-9
196.0000, 190.0000, 1.304e-9
198.0000, 190.0000, 1.309e-9
200.0000, 190.0000, 1.307e-9
202.0000, 190.0000, 1.300e-9
204.0000, 190.0000, 1.296e-9
206.0000, 190.0000, 1.298e-9
208.0000, 190.0000, 1.301e-9
210.0000, 190.0000, 1.300e-9
212.0000, 190.0000, 1.295e-9
214.0000, 190.0000, 1.299e-9
216.0000, 190.0000, 1.307e-9
218.0000, 190.0000, 1.304e-9
220.0000, 190.0000, 1.299e-9
222.0000, 190.0000, 1.302e-9
224.0000, 190.0000, 1.304e-9
226.0000, 190.0000, 1.299e-9
228.0000, 190.0000, 1.296e-9
230.0000, 190.0000, 1.302e-9
232.0000, 190.0000, 1.302e-9
234.0000, 190.0000, 1.296e-9
236.0000, 190.0000, 1.296e-9
238.0000, 190.0000, 1.305e-9
240.0000, 190.0000, 1.308e-9
242.0000, 190.0000, 1.302e-9
244.0000, 190.0000, 1.301e-9
246.0000, 190.0000, 1.308e-9
248.0000, 190.0000, 1.312e-9
0.0000, 192.0000, 1.458e-9
2.0000, 192.0000, 1.397e-9
4.0000, 192.0000, 1.391e-9
6.0000, 192.0000, 1.380e-9
8.0000, 192.0000, 1.335e-9
10.0000, 192.0000, 1.300e-9
12.0000, 192.0000, 1.307e-9
14.0000, 192.0000, 1.282e-9
16.0000, 192.0000, 1.244e-9
18.0000, 192.0000, 1.235e-9
20.0000, 192.0000, 1.243e-9
22.0000, 192.0000, 1.220e-9
24.0000, 192.0000, 1.193e-9
26.0000, 192.0000, 1.195e-9
28.0000, 192.0000, 1.197e-9
30.0000, 192.0000, 1.173e-9
32.0000, 192.0000, 1.146e-9
34.0000, 192.0000, 1.151e-9
36.0000, 192.0000, 1.163e-9
38.0000, 192.0000, 1.153e-9
40.0000, 192.0000, 1.137e-9
42.0000, 192.0000, 1.152e-9
44.0000, 192.0000, 1.158e-9
46.0000, 192.0000, 1.145e-9
48.0000, 192.0000, 1.142e-9
50.0000, 192.0000, 1.163e-9
52.0000, 192.0000, 1.164e-9
54.0000, 192.0000, 1.158e-9
56.0000, 192.0000, 1.171e-9
58.0000, 192.0000, 1.180e-9
60.0000, 192.0000, 1.167e-9
62.0000, 192.0000, 1.157e-9
64.0000, 192.0000, 1.165e-9
66.0000, 192.0000, 1.175e-9
68.0000, 192.0000, 1.169e-9
70.0000, 192.0000, 1.156e-9
72.0000, 192.0000, 1.166e-9
74.0000, 192.0000, 1.176e-9
76.0000, 192.0000, 1.168e-9
78.0000, 192.0000, 1.163e-9
80.0000, 192.0000, 1.177e-9
82.0000, 192.0000, 1.183e-9
84.0000, 192.0000, 1.177e-9
86.0000, 192.0000, 1.180e-9
88.0000, 192.0000, 1.192e-9
90.0000, 192.0000, 1.193e-9
92.0000, 192.0000, 1.187e-9
94.0000, 192.0000, 1.190e-9
96.0000, 192.0000, 1.193e-9
98.0000, 192.0000, 1.190e-9
100.0000, 192.0000, 1.195e-9
102.0000, 192.0000, 1.206e-9
104.0000, 192.0000, 1.206e-9
106.0000, 192.0000, 1.203e-9
108.0000, 192.0000, 1.207e-9
110.0000, 192.0000, 1.213e-9
112.0000, 192.0000, 1.212e-9
114.0000, 192.0000, 1.213e-9
116.0000, 192.0000, 1.222e-9
118.0000, 192.0000, 1.229e-9
120.0000, 192.0000, 1.230e-9
122.0000, 192.0000, 1.230e-9
124.0000, 192.0000, 1.237e-9
126.0000, 192.0000, 1.243e-9
128.0000, 192.0000, 1.244e-9
130.0000, 192.0000, 1.243e-9
132.0000, 192.0000, 1.246e-9
134.0000, 192.0000, 1.251e-9
136.0000, 192.0000, 1.255e-9
138.0000, 192.0000, 1.255e-9
140.0000, 192.0000, 1.256e-9
142.0000, 192.0000, 1.258e-9
144.0000, 192.0000, 1.257e-9
146.0000, 192.0000, 1.256e-9
148.0000, 192.0000, 1.259e-9
150.0000, 192.0000, 1.262e-9
152.0000, 192.0000, 1.262e-9
154.0000, 192.0000, 1.264e-9
156.0000, 192.0000, 1.268e-9
158.0000, 192.0000, 1.268e-9
160.0000, 192.0000, 1.267e-9
162.0000, 192.0000, 1.269e-9
164.0000, 192.0000, 1.269e-9
166.0000, 192.0000, 1.270e-9
168.0000, 192.0000, 1.275e-9
170.0000, 192.0000, 1.276e-9
172.0000, 192.0000, 1.275e-9
174.0000, 192.0000, 1.278e-9
176.0000, 192.0000, 1.279e-9
178.0000, 192.0000, 1.280e-9
180.0000, 192.0000, 1.287e-9
182.0000, 192.0000, 1.299e-9
184.0000, 192.0000, 1.301e-9
186.0000, 192.0000, 1.300e-9
188.0000, 192.0000, 1.305e-9
190.0000, 192.0000, 1.312e-9
192.0000, 192.0000, 1.310e-9
194.0000, 192.0000, 1.308e-9
196.0000, 192.0000, 1.310e-9
198.0000, 192.0000, 1.311e-9
200.0000, 192.0000, 1.307e-9
202.0000, 192.0000, 1.299e-9
204.0000, 192.0000, 1.296e-9
206.0000, 192.0000, 1.301e-9
208.0000, 192.0000, 1.302e-9
210.0000, 192.0000, 1.298e-9
212.0000, 192.0000, 1.295e-9
214.0000, 192.0000, 1.301e-9
216.0000, 192.0000, 1.309e-9
218.0000, 192.0000, 1.305e-9
220.0000, 192.0000, 1.297e-9
222.0000, 192.0000, 1.298e-9
224.0000, 192.0000, 1.302e-9
226.0000, 192.0000, 1.299e-9
228.0000, 192.0000, 1.296e-9
230.0000, 192.0000, 1.304e-9
232.0000, 192.0000, 1.305e-9
234.0000, 192.0000, 1.297e-9
236.0000, 192.0000, 1.297e-9
238.0000, 192.0000, 1.304e-9
240.0000, 192.0000, 1.305e-9
242.0000, 192.0000, 1.297e-9
244.0000, 192.0000, 1.298e-9
246.0000, 192.0000, 1.305e-9
248.0000, 192.0000, 1.306e-9
0.0000, 194.0000, 1.486e-9
2.0000, 194.0000, 1.441e-9
4.0000, 194.0000, 1.422e-9
6.0000, 194.0000, 1.438e-9
8.0000, 194.0000, 1.412e-9
10.0000, 194.0000, 1.348e-9
12.0000, 194.0000, 1.342e-9
14.0000, 194.0000, 1.341e-9
16.0000, 194.0000, 1.298e-9
18.0000, 194.0000, 1.247e-9
20.0000, 194.0000, 1.251e-9
22.0000, 194.0000, 1.252e-9
24.0000, 194.0000, 1.215e-9
26.0000, 194.0000, 1.195e-9
28.0000, 194.0000, 1.211e-9
30.0000, 194.0000, 1.201e-9
32.0000, 194.0000, 1.167e-9
34.0000, 194.0000, 1.166e-9
36.0000, 194.0000, 1.180e-9
38.0000, 194.0000, 1.169e-9
40.0000, 194.0000, 1.150e-9
42.0000, 194.0000, 1.156e-9
44.0000, 194.0000, 1.152e-9
46.0000, 194.0000, 1.141e-9
48.0000, 194.0000, 1.141e-9
50.0000, 194.0000, 1.141e-9
52.0000, 194.0000, 1.139e-9
54.0000, 194.0000, 1.142e-9
56.0000, 194.0000, 1.146e-9
58.0000, 194.0000, 1.146e-9
60.0000, 194.0000, 1.147e-9
62.0000, 194.0000, 1.148e-9
64.0000, 194.0000, 1.150e-9
66.0000, 194.0000, 1.152e-9
68.0000, 194.0000, 1.155e-9
70.0000, 194.0000, 1.156e-9
72.0000, 194.0000, 1.153e-9
74.0000, 194.0000, 1.151e-9
76.0000, 194.0000, 1.156e-9
78.0000, 194.0000, 1.162e-9
80.0000, 194.0000, 1.167e-9
82.0000, 194.0000, 1.170e-9
84.0000, 194.0000, 1.170e-9
86.0000, 194.0000, 1.172e-9
88.0000, 194.0000, 1.178e-9
90.0000, 194.0000, 1.182e-9
92.0000, 194.0000, 1.179e-9
94.0000, 194.0000, 1.179e-9
96.0000, 194.0000, 1.187e-9
98.0000, 194.0000, 1.192e-9
100.0000, 194.0000, 1.190e-9
102.0000, 194.0000, 1.193e-9
104.0000, 194.0000, 1.201e-9
106.0000, 194.0000, 1.203e-9
108.0000, 194.0000, 1.201e-9
110.0000, 194.0000, 1.206e-9
112.0000, 194.0000, 1.213e-9
114.0000, 194.0000, 1.217e-9
116.0000, 194.0000, 1.222e-9
118.0000, 194.0000, 1.230e-9
120.0000, 194.0000, 1.235e-9
122.0000, 194.0000, 1.235e-9
124.0000, 194.0000, 1.235e-9
126.0000, 194.0000, 1.239e-9
128.0000, 194.0000, 1.244e-9
130.0000, 194.0000, 1.244e-9
132.0000, 194.0000, 1.245e-9
134.0000, 194.0000, 1.252e-9
136.0000, 194.0000, 1.254e-9
138.0000, 194.0000, 1.251e-9
140.0000, 194.0000, 1.254e-9
142.0000, 194.0000, 1.261e-9
144.0000, 194.0000, 1.259e-9
146.0000, 194.0000, 1.254e-9
148.0000, 194.0000, 1.259e-9
150.0000, 194.0000, 1.265e-9
152.0000, 194.0000, 1.262e-9
154.0000, 194.0000, 1.260e-9
156.0000, 194.0000, 1.265e-9
158.0000, 194.0000, 1.268e-9
160.0000, 194.0000, 1.266e-9
162.0000, 194.0000, 1.264e-9
164.0000, 194.0000, 1.264e-9
166.0000, 194.0000, 1.266e-9
168.0000, 194.0000, 1.268e-9
170.0000, 194.0000, 1.269e-9
172.0000, 194.0000, 1.274e-9
174.0000, 194.0000, 1.279e-9
176.0000, 194.0000, 1.280e-9
178.0000, 194.0000, 1.278e-9
180.0000, 194.0000, 1.284e-9
182.0000, 194.0000, 1.292e-9
184.0000, 194.0000, 1.295e-9
186.0000, 194.0000, 1.295e-9
188.0000, 194.0000, 1.299e-9
190.0000, 194.0000, 1.304e-9
192.0000, 194.0000, 1.302e-9
194.0000, 194.0000, 1.300e-9
196.0000, 194.0000, 1.304e-9
198.0000, 194.0000, 1.309e-9
200.0000, 194.0000, 1.303e-9
202.0000, 194.0000, 1.296e-9
204.0000, 194.0000, 1.295e-9
206.0000, 194.0000, 1.296e-9
208.0000, 194.0000, 1.294e-9
210.0000, 194.0000, 1.295e-9
212.0000, 194.0000, 1.295e-9
214.0000, 194.0000, 1.298e-9
216.0000, 194.0000, 1.302e-9
218.0000, 194.0000, 1.301e-9
220.0000, 194.0000, 1.297e-9
222.0000, 194.0000, 1.299e-9
224.0000, 194.0000, 1.303e-9
226.0000, 194.0000, 1.298e-9
228.0000, 194.0000, 1.293e-9
230.0000, 194.0000, 1.300e-9
232.0000, 194.0000, 1.304e-9
234.0000, 194.0000, 1.299e-9
236.0000, 194.0000, 1.296e-9
238.0000, 194.0000, 1.304e-9
240.0000, 194.0000, 1.305e-9
242.0000, 194.0000, 1.298e-9
244.0000, 194.0000, 1.298e-9
246.0000, 194.0000, 1.304e-9
248.0000, 194.0000, 1.304e-9
0.0000, 196.0000, 1.437e-9
2.0000, 196.0000, 1.378e-9
4.0000, 196.0000, 1.348e-9
6.0000, 196.0000, 1.316e-9
8.0000, 196.0000, 1.285e-9
10.0000, 196.0000, 1.272e-9
12.0000, 196.0000, 1.274e-9
14.0000, 196.0000, 1.245e-9
16.0000, 196.0000, 1.213e-9
18.0000, 196.0000, 1.208e-9
20.0000, 196.0000, 1.200e-9
22.0000, 196.0000, 1.171e-9
24.0000, 196.0000, 1.146e-9
26.0000, 196.0000, 1.144e-9
28.0000, 196.0000, 1.145e-9
30.0000, 196.0000, 1.132e-9
32.0000, 196.0000, 1.119e-9
34.0000, 196.0000, 1.124e-9
36.0000, 196.0000, 1.133e-9
38.0000, 196.0000, 1.133e-9
40.0000, 196.0000, 1.130e-9
42.0000, 196.0000, 1.137e-9
44.0000, 196.0000, 1.136e-9
46.0000, 196.0000, 1.131e-9
48.0000, 196.0000, 1.132e-9
50.0000, 196.0000, 1.132e-9
52.0000, 196.0000, 1.132e-9
54.0000, 196.0000, 1.136e-9
56.0000, 196.0000, 1.139e-9
58.0000, 196.0000, 1.136e-9
60.0000, 196.0000, 1.143e-9
62.0000, 196.0000, 1.149e-9
64.0000, 196.0000, 1.147e-9
66.0000, 196.0000, 1.144e-9
68.0000, 196.0000, 1.148e-9
70.0000, 196.0000, 1.151e-9
72.0000, 196.0000, 1.152e-9
74.0000, 196.0000, 1.153e-9
76.0000, 196.0000, 1.156e-9
78.0000, 196.0000, 1.160e-9
80.0000, 196.0000, 1.167e-9
82.0000, 196.0000, 1.171e-9
84.0000, 196.0000, 1.171e-9
86.0000, 196.0000, 1.174e-9
88.0000, 196.0000, 1.179e-9
90.0000, 196.0000, 1.181e-9
92.0000, 196.0000, 1.176e-9
94.0000, 196.0000, 1.176e-9
96.0000, 196.0000, 1.181e-9
98.0000, 196.0000, 1.182e-9
100.0000, 196.0000, 1.184e-9
102.0000, 196.0000, 1.190e-9
104.0000, 196.0000, 1.195e-9
106.0000, 196.0000, 1.195e-9
108.0000, 196.0000, 1.197e-9
110.0000, 196.0000, 1.202e-9
112.0000, 196.0000, 1.209e-9
114.0000, 196.0000, 1.211e-9
116.0000, 196.0000, 1.213e-9
118.0000, 196.0000, 1.219e-9
120.0000, 196.0000, 1.225e-9
122.0000, 196.0000, 1.226e-9
124.0000, 196.0000, 1.229e-9
126.0000, 196.0000, 1.234e-9
128.0000, 196.0000, 1.237e-9
130.0000, 196.0000, 1.236e-9
132.0000, 196.0000, 1.240e-9
134.0000, 196.0000, 1.248e-9
136.0000, 196.0000, 1.251e-9
138.0000, 196.0000, 1.249e-9
140.0000, 196.0000, 1.252e-9
142.0000, 196.0000, 1.258e-9
144.0000, 196.0000, 1.257e-9
146.0000, 196.0000, 1.254e-9
148.0000, 196.0000, 1.258e-9
150.0000, 196.0000, 1.264e-9
152.0000, 196.0000, 1.260e-9
154.0000, 196.0000, 1.258e-9
156.0000, 196.0000, 1.264e-9
158.0000, 196.0000, 1.268e-9
160.0000, 196.0000, 1.264e-9
162.0000, 196.0000, 1.263e-9
164.0000, 196.0000, 1.265e-9
166.0000, 196.0000, 1.266e-9
168.0000, 196.0000, 1.266e-9
170.0000, 196.0000, 1.266e-9
172.0000, 196.0000, 1.270e-9
174.0000, 196.0000, 1.278e-9
176.0000, 196.0000, 1.282e-9
178.0000, 196.0000, 1.280e-9
180.0000, 196.0000, 1.285e-9
182.0000, 196.0000, 1.294e-9
184.0000, 196.0000, 1.295e-9
186.0000, 196.0000, 1.293e-9
188.0000, 196.0000, 1.299e-9
190.0000, 196.0000, 1.307e-9
192.0000, 196.0000, 1.304e-9
194.0000, 196.0000, 1.301e-9
196.0000, 196.0000, 1.304e-9
198.0000, 196.0000, 1.305e-9
200.0000, 196.0000, 1.298e-9
202.0000, 196.0000, 1.294e-9
204.0000, 196.0000, 1.296e-9
206.0000, 196.0000, 1.297e-9
208.0000, 196.0000, 1.297e-9
210.0000, 196.0000, 1.294e-9
212.0000, 196.0000, 1.293e-9
214.0000, 196.0000, 1.295e-9
216.0000, 196.0000, 1.297e-9
218.0000, 196.0000, 1.296e-9
220.0000, 196.0000, 1.295e-9
222.0000, 196.0000, 1.295e-9
224.0000, 196.0000, 1.295e-9
226.0000, 196.0000, 1.292e-9
228.0000, 196.0000, 1.291e-9
230.0000, 196.0000, 1.293e-9
232.0000, 196.0000, 1.293e-9
234.0000, 196.0000, 1.292e-9
236.0000, 196.0000, 1.295e-9
238.0000, 196.0000, 1.299e-9
240.0000, 196.0000, 1.297e-9
242.0000, 196.0000, 1.297e-9
244.0000, 196.0000, 1.300e-9
246.0000, 196.0000, 1.299e-9
248.0000, 196.0000, 1.297e-9
0.0000, 198.0000, 1.436e-9
2.0000, 198.0000, 1.377e-9
4.0000, 198.0000, 1.369e-9
6.0000, 198.0000, 1.354e-9
8.0000, 198.0000, 1.312e-9
10.0000, 198.0000, 1.276e-9
12.0000, 198.0000, 1.271e-9
14.0000, 198.0000, 1.244e-9
16.0000, 198.0000, 1.215e-9
18.0000, 198.0000, 1.206e-9
20.0000, 198.0000, 1.200e-9
22.0000, 198.0000, 1.182e-9
24.0000, 198.0000, 1.167e-9
26.0000, 198.0000, 1.161e-9
28.0000, 198.0000, 1.159e-9
30.0000, 198.0000, 1.149e-9
32.0000, 198.0000, 1.132e-9
34.0000, 198.0000, 1.125e-9
36.0000, 198.0000, 1.132e-9
38.0000, 198.0000, 1.129e-9
40.0000, 198.0000, 1.127e-9
42.0000, 198.0000, 1.136e-9
44.0000, 198.0000, 1.130e-9
46.0000, 198.0000, 1.124e-9
48.0000, 198.0000, 1.132e-9
50.0000, 198.0000, 1.141e-9
52.0000, 198.0000, 1.136e-9
54.0000, 198.0000, 1.141e-9
56.0000, 198.0000, 1.145e-9
58.0000, 198.0000, 1.143e-9
60.0000, 198.0000, 1.146e-9
62.0000, 198.0000, 1.148e-9
64.0000, 198.0000, 1.143e-9
66.0000, 198.0000, 1.147e-9
68.0000, 198.0000, 1.161e-9
70.0000, 198.0000, 1.161e-9
72.0000, 198.0000, 1.153e-9
74.0000, 198.0000, 1.154e-9
76.0000, 198.0000, 1.160e-9
78.0000, 198.0000, 1.162e-9
80.0000, 198.0000, 1.166e-9
82.0000, 198.0000, 1.173e-9
84.0000, 198.0000, 1.176e-9
86.0000, 198.0000, 1.179e-9
88.0000, 198.0000, 1.185e-9
90.0000, 198.0000, 1.189e-9
92.0000, 198.0000, 1.184e-9
94.0000, 198.0000, 1.182e-9
96.0000, 198.0000, 1.186e-9
98.0000, 198.0000, 1.191e-9
100.0000, 198.0000, 1.193e-9
102.0000, 198.0000, 1.192e-9
104.0000, 198.0000, 1.197e-9
106.0000, 198.0000, 1.200e-9
108.0000, 198.0000, 1.199e-9
110.0000, 198.0000, 1.202e-9
112.0000, 198.0000, 1.207e-9
114.0000, 198.0000, 1.211e-9
116.0000, 198.0000, 1.216e-9
118.0000, 198.0000, 1.222e-9
120.0000, 198.0000, 1.223e-9
122.0000, 198.0000, 1.223e-9
124.0000, 198.0000, 1.227e-9
126.0000, 198.0000, 1.233e-9
128.0000, 198.0000, 1.237e-9
130.0000, 198.0000, 1.236e-9
132.0000, 198.0000, 1.236e-9
134.0000, 198.0000, 1.244e-9
136.0000, 198.0000, 1.250e-9
138.0000, 198.0000, 1.249e-9
140.0000, 198.0000, 1.248e-9
142.0000, 198.0000, 1.252e-9
144.0000, 198.0000, 1.252e-9
146.0000, 198.0000, 1.251e-9
148.0000, 198.0000, 1.254e-9
150.0000, 198.0000, 1.260e-9
152.0000, 198.0000, 1.257e-9
154.0000, 198.0000, 1.256e-9
156.0000, 198.0000, 1.261e-9
158.0000, 198.0000, 1.263e-9
160.0000, 198.0000, 1.262e-9
162.0000, 198.0000, 1.262e-9
164.0000, 198.0000, 1.262e-9
166.0000, 198.0000, 1.263e-9
168.0000, 198.0000, 1.265e-9
170.0000, 198.0000, 1.263e-9
172.0000, 198.0000, 1.266e-9
174.0000, 198.0000, 1.274e-9
176.0000, 198.0000, 1.278e-9
178.0000, 198.0000, 1.276e-9
180.0000, 198.0000, 1.281e-9
182.0000, 198.0000, 1.291e-9
184.0000, 198.0000, 1.292e-9
186.0000, 198.0000, 1.290e-9
188.0000, 198.0000, 1.294e-9
190.0000, 198.0000, 1.298e-9
192.0000, 198.0000, 1.296e-9
194.0000, 198.0000, 1.294e-9
196.0000, 198.0000, 1.294e-9
198.0000, 198.0000, 1.294e-9
200.0000, 198.0000, 1.289e-9
202.0000, 198.0000, 1.287e-9
204.0000, 198.0000, 1.290e-9
206.0000, 198.0000, 1.290e-9
208.0000, 198.0000, 1.289e-9
210.0000, 198.0000, 1.290e-9
212.0000, 198.0000, 1.292e-9
214.0000, 198.0000, 1.293e-9
216.0000, 198.0000, 1.294e-9
218.0000, 198.0000, 1.293e-9
220.0000, 198.0000, 1.293e-9
222.0000, 198.0000, 1.293e-9
224.0000, 198.0000, 1.292e-9
226.0000, 198.0000, 1.290e-9
228.0000, 198.0000, 1.289e-9
230.0000, 198.0000, 1.293e-9
232.0000, 198.0000, 1.294e-9
234.0000, 198.0000, 1.289e-9
236.0000, 198.0000, 1.288e-9
238.0000, 198.0000, 1.296e-9
240.0000, 198.0000, 1.300e-9
242.0000, 198.0000, 1.296e-9
244.0000, 198.0000, 1.296e-9
246.0000, 198.0000, 1.307e-9
248.0000, 198.0000, 1.310e-9
0.0000, 200.0000, 1.413e-9
2.0000, 200.0000, 1.357e-9
4.0000, 200.0000, 1.353e-9
6.0000, 200.0000, 1.336e-9
8.0000, 200.0000, 1.296e-9
10.0000, 200.0000, 1.271e-9
12.0000, 200.0000, 1.267e-9
14.0000, 200.0000, 1.238e-9
16.0000, 200.0000, 1.205e-9
18.0000, 200.0000, 1.193e-9
20.0000, 200.0000, 1.190e-9
22.0000, 200.0000, 1.169e-9
24.0000, 200.0000, 1.148e-9
26.0000, 200.0000, 1.146e-9
28.0000, 200.0000, 1.148e-9
30.0000, 200.0000, 1.136e-9
32.0000, 200.0000, 1.122e-9
34.0000, 200.0000, 1.122e-9
36.0000, 200.0000, 1.128e-9
38.0000, 200.0000, 1.124e-9
40.0000, 200.0000, 1.124e-9
42.0000, 200.0000, 1.130e-9
44.0000, 200.0000, 1.127e-9
46.0000, 200.0000, 1.126e-9
48.0000, 200.0000, 1.130e-9
50.0000, 200.0000, 1.129e-9
52.0000, 200.0000, 1.128e-9
54.0000, 200.0000, 1.136e-9
56.0000, 200.0000, 1.140e-9
58.0000, 200.0000, 1.136e-9
60.0000, 200.0000, 1.138e-9
62.0000, 200.0000, 1.143e-9
64.0000, 200.0000, 1.140e-9
66.0000, 200.0000, 1.139e-9
68.0000, 200.0000, 1.146e-9
70.0000, 200.0000, 1.148e-9
72.0000, 200.0000, 1.144e-9
74.0000, 200.0000, 1.151e-9
76.0000, 200.0000, 1.160e-9
78.0000, 200.0000, 1.161e-9
80.0000, 200.0000, 1.162e-9
82.0000, 200.0000, 1.168e-9
84.0000, 200.0000, 1.171e-9
86.0000, 200.0000, 1.170e-9
88.0000, 200.0000, 1.173e-9
90.0000, 200.0000, 1.180e-9
92.0000, 200.0000, 1.181e-9
94.0000, 200.0000, 1.177e-9
96.0000, 200.0000, 1.179e-9
98.0000, 200.0000, 1.186e-9
100.0000, 200.0000, 1.190e-9
102.0000, 200.0000, 1.190e-9
104.0000, 200.0000, 1.193e-9
106.0000, 200.0000, 1.195e-9
108.0000, 200.0000, 1.194e-9
110.0000, 200.0000, 1.198e-9
112.0000, 200.0000, 1.206e-9
114.0000, 200.0000, 1.208e-9
116.0000, 200.0000, 1.210e-9
118.0000, 200.0000, 1.217e-9
120.0000, 200.0000, 1.221e-9
122.0000, 200.0000, 1.219e-9
124.0000, 200.0000, 1.223e-9
126.0000, 200.0000, 1.230e-9
128.0000, 200.0000, 1.234e-9
130.0000, 200.0000, 1.232e-9
132.0000, 200.0000, 1.233e-9
134.0000, 200.0000, 1.244e-9
136.0000, 200.0000, 1.249e-9
138.0000, 200.0000, 1.244e-9
140.0000, 200.0000, 1.245e-9
142.0000, 200.0000, 1.253e-9
144.0000, 200.0000, 1.253e-9
146.0000, 200.0000, 1.248e-9
148.0000, 200.0000, 1.252e-9
150.0000, 200.0000, 1.259e-9
152.0000, 200.0000, 1.257e-9
154.0000, 200.0000, 1.256e-9
156.0000, 200.0000, 1.261e-9
158.0000, 200.0000, 1.263e-9
160.0000, 200.0000, 1.259e-9
162.0000, 200.0000, 1.261e-9
164.0000, 200.0000, 1.264e-9
166.0000, 200.0000, 1.267e-9
168.0000, 200.0000, 1.267e-9
170.0000, 200.0000, 1.266e-9
172.0000, 200.0000, 1.268e-9
174.0000, 200.0000, 1.273e-9
176.0000, 200.0000, 1.274e-9
178.0000, 200.0000, 1.274e-9
180.0000, 200.0000, 1.284e-9
182.0000, 200.0000, 1.293e-9
184.0000, 200.0000, 1.291e-9
186.0000, 200.0000, 1.288e-9
188.0000, 200.0000, 1.295e-9
190.0000, 200.0000, 1.303e-9
192.0000, 200.0000, 1.301e-9
194.0000, 200.0000, 1.298e-9
196.0000, 200.0000, 1.301e-9
198.0000, 200.0000, 1.299e-9
200.0000, 200.0000, 1.290e-9
202.0000, 200.0000, 1.288e-9
204.0000, 200.0000, 1.296e-9
206.0000, 200.0000, 1.298e-9
208.0000, 200.0000, 1.291e-9
210.0000, 200.0000, 1.292e-9
212.0000, 200.0000, 1.301e-9
214.0000, 200.0000, 1.301e-9
216.0000, 200.0000, 1.294e-9
218.0000, 200.0000, 1.296e-9
220.0000, 200.0000, 1.299e-9
222.0000, 200.0000, 1.294e-9
224.0000, 200.0000, 1.290e-9
226.0000, 200.0000, 1.291e-9
228.0000, 200.0000, 1.293e-9
230.0000, 200.0000, 1.294e-9
232.0000, 200.0000, 1.293e-9
234.0000, 200.0000, 1.291e-9
236.0000, 200.0000, 1.292e-9
238.0000, 200.0000, 1.295e-9
240.0000, 200.0000, 1.294e-9
242.0000, 200.0000, 1.292e-9
244.0000, 200.0000, 1.293e-9
246.0000, 200.0000, 1.297e-9
248.0000, 200.0000, 1.300e-9
0.0000, 202.0000, 1.440e-9
2.0000, 202.0000, 1.389e-9
4.0000, 202.0000, 1.401e-9
6.0000, 202.0000, 1.408e-9
8.0000, 202.0000, 1.366e-9
10.0000, 202.0000, 1.320e-9
12.0000, 202.0000, 1.324e-9
14.0000, 202.0000, 1.303e-9
16.0000, 202.0000, 1.264e-9
18.0000, 202.0000, 1.243e-9
20.0000, 202.0000, 1.243e-9
22.0000, 202.0000, 1.218e-9
24.0000, 202.0000, 1.185e-9
26.0000, 202.0000, 1.174e-9
28.0000, 202.0000, 1.179e-9
30.0000, 202.0000, 1.169e-9
32.0000, 202.0000, 1.151e-9
34.0000, 202.0000, 1.155e-9
36.0000, 202.0000, 1.165e-9
38.0000, 202.0000, 1.156e-9
40.0000, 202.0000, 1.146e-9
42.0000, 202.0000, 1.156e-9
44.0000, 202.0000, 1.157e-9
46.0000, 202.0000, 1.148e-9
48.0000, 202.0000, 1.142e-9
50.0000, 202.0000, 1.147e-9
52.0000, 202.0000, 1.148e-9
54.0000, 202.0000, 1.143e-9
56.0000, 202.0000, 1.142e-9
58.0000, 202.0000, 1.146e-9
60.0000, 202.0000, 1.147e-9
62.0000, 202.0000, 1.148e-9
64.0000, 202.0000, 1.153e-9
66.0000, 202.0000, 1.158e-9
68.0000, 202.0000, 1.158e-9
70.0000, 202.0000, 1.155e-9
72.0000, 202.0000, 1.158e-9
74.0000, 202.0000, 1.163e-9
76.0000, 202.0000, 1.164e-9
78.0000, 202.0000, 1.167e-9
80.0000, 202.0000, 1.180e-9
82.0000, 202.0000, 1.183e-9
84.0000, 202.0000, 1.178e-9
86.0000, 202.0000, 1.183e-9
88.0000, 202.0000, 1.192e-9
90.0000, 202.0000, 1.190e-9
92.0000, 202.0000, 1.186e-9
94.0000, 202.0000, 1.191e-9
96.0000, 202.0000, 1.195e-9
98.0000, 202.0000, 1.195e-9
100.0000, 202.0000, 1.198e-9
102.0000, 202.0000, 1.202e-9
104.0000, 202.0000, 1.206e-9
106.0000, 202.0000, 1.205e-9
108.0000, 202.0000, 1.204e-9
110.0000, 202.0000, 1.212e-9
112.0000, 202.0000, 1.220e-9
114.0000, 202.0000, 1.221e-9
116.0000, 202.0000, 1.224e-9
118.0000, 202.0000, 1.232e-9
120.0000, 202.0000, 1.236e-9
122.0000, 202.0000, 1.231e-9
124.0000, 202.0000, 1.233e-9
126.0000, 202.0000, 1.242e-9
128.0000, 202.0000, 1.246e-9
130.0000, 202.0000, 1.243e-9
132.0000, 202.0000, 1.247e-9
134.0000, 202.0000, 1.256e-9
136.0000, 202.0000, 1.260e-9
138.0000, 202.0000, 1.255e-9
140.0000, 202.0000, 1.257e-9
142.0000, 202.0000, 1.264e-9
144.0000, 202.0000, 1.262e-9
146.0000, 202.0000, 1.260e-9
148.0000, 202.0000, 1.267e-9
150.0000, 202.0000, 1.271e-9
152.0000, 202.0000, 1.264e-9
154.0000, 202.0000, 1.265e-9
156.0000, 202.0000, 1.273e-9
158.0000, 202.0000, 1.273e-9
160.0000, 202.0000, 1.268e-9
162.0000, 202.0000, 1.273e-9
164.0000, 202.0000, 1.278e-9
166.0000, 202.0000, 1.277e-9
168.0000, 202.0000, 1.274e-9
170.0000, 202.0000, 1.275e-9
172.0000, 202.0000, 1.280e-9
174.0000, 202.0000, 1.283e-9
176.0000, 202.0000, 1.282e-9
178.0000, 202.0000, 1.283e-9
180.0000, 202.0000, 1.290e-9
182.0000, 202.0000, 1.297e-9
184.0000, 202.0000, 1.297e-9
186.0000, 202.0000, 1.297e-9
188.0000, 202.0000, 1.301e-9
190.0000, 202.0000, 1.307e-9
192.0000, 202.0000, 1.308e-9
194.0000, 202.0000, 1.304e-9
196.0000, 202.0000, 1.304e-9
198.0000, 202.0000, 1.304e-9
200.0000, 202.0000, 1.300e-9
202.0000, 202.0000, 1.296e-9
204.0000, 202.0000, 1.300e-9
206.0000, 202.0000, 1.306e-9
208.0000, 202.0000, 1.304e-9
210.0000, 202.0000, 1.296e-9
212.0000, 202.0000, 1.300e-9
214.0000, 202.0000, 1.309e-9
216.0000, 202.0000, 1.307e-9
218.0000, 202.0000, 1.299e-9
220.0000, 202.0000, 1.302e-9
222.0000, 202.0000, 1.308e-9
224.0000, 202.0000, 1.303e-9
226.0000, 202.0000, 1.300e-9
228.0000, 202.0000, 1.306e-9
230.0000, 202.0000, 1.306e-9
232.0000, 202.0000, 1.297e-9
234.0000, 202.0000, 1.301e-9
236.0000, 202.0000, 1.308e-9
238.0000, 202.0000, 1.305e-9
240.0000, 202.0000, 1.302e-9
242.0000, 202.0000, 1.306e-9
244.0000, 202.0000, 1.308e-9
246.0000, 202.0000, 1.306e-9
248.0000, 202.0000, 1.308e-9
0.0000, 204.0000, 1.433e-9
2.0000, 204.0000, 1.380e-9
4.0000, 204.0000, 1.390e-9
6.0000, 204.0000, 1.375e-9
8.0000, 204.0000, 1.334e-9
10.0000, 204.0000, 1.313e-9
12.0000, 204.0000, 1.311e-9
14.0000, 204.0000, 1.279e-9
16.0000, 204.0000, 1.244e-9
18.0000, 204.0000, 1.238e-9
20.0000, 204.0000, 1.240e-9
22.0000, 204.0000, 1.216e-9
24.0000, 204.0000, 1.189e-9
26.0000, 204.0000, 1.190e-9
28.0000, 204.0000, 1.195e-9
30.0000, 204.0000, 1.178e-9
32.0000, 204.0000, 1.165e-9
34.0000, 204.0000, 1.176e-9
36.0000, 204.0000, 1.176e-9
38.0000, 204.0000, 1.163e-9
40.0000, 204.0000, 1.168e-9
42.0000, 204.0000, 1.182e-9
44.0000, 204.0000, 1.173e-9
46.0000, 204.0000, 1.159e-9
48.0000, 204.0000, 1.168e-9
50.0000, 204.0000, 1.181e-9
52.0000, 204.0000, 1.171e-9
54.0000, 204.0000, 1.167e-9
56.0000, 204.0000, 1.175e-9
58.0000, 204.0000, 1.172e-9
60.0000, 204.0000, 1.164e-9
62.0000, 204.0000, 1.166e-9
64.0000, 204.0000, 1.171e-9
66.0000, 204.0000, 1.173e-9
68.0000, 204.0000, 1.173e-9
70.0000, 204.0000, 1.174e-9
72.0000, 204.0000, 1.178e-9
74.0000, 204.0000, 1.176e-9
76.0000, 204.0000, 1.174e-9
78.0000, 204.0000, 1.184e-9
80.0000, 204.0000, 1.195e-9
82.0000, 204.0000, 1.194e-9
84.0000, 204.0000, 1.195e-9
86.0000, 204.0000, 1.206e-9
88.0000, 204.0000, 1.209e-9
90.0000, 204.0000, 1.202e-9
92.0000, 204.0000, 1.206e-9
94.0000, 204.0000, 1.212e-9
96.0000, 204.0000, 1.209e-9
98.0000, 204.0000, 1.206e-9
100.0000, 204.0000, 1.215e-9
102.0000, 204.0000, 1.220e-9
104.0000, 204.0000, 1.215e-9
106.0000, 204.0000, 1.213e-9
108.0000, 204.0000, 1.222e-9
110.0000, 204.0000, 1.228e-9
112.0000, 204.0000, 1.226e-9
114.0000, 204.0000, 1.231e-9
116.0000, 204.0000, 1.241e-9
118.0000, 204.0000, 1.245e-9
120.0000, 204.0000, 1.243e-9
122.0000, 204.0000, 1.246e-9
124.0000, 204.0000, 1.250e-9
126.0000, 204.0000, 1.254e-9
128.0000, 204.0000, 1.257e-9
130.0000, 204.0000, 1.257e-9
132.0000, 204.0000, 1.258e-9
134.0000, 204.0000, 1.263e-9
136.0000, 204.0000, 1.269e-9
138.0000, 204.0000, 1.271e-9
140.0000, 204.0000, 1.270e-9
142.0000, 204.0000, 1.272e-9
144.0000, 204.0000, 1.275e-9
146.0000, 204.0000, 1.277e-9
148.0000, 204.0000, 1.277e-9
150.0000, 204.0000, 1.277e-9
152.0000, 204.0000, 1.278e-9
154.0000, 204.0000, 1.278e-9
156.0000, 204.0000, 1.279e-9
158.0000, 204.0000, 1.278e-9
160.0000, 204.0000, 1.280e-9
162.0000, 204.0000, 1.282e-9
164.0000, 204.0000, 1.282e-9
166.0000, 204.0000, 1.285e-9
168.0000, 204.0000, 1.287e-9
170.0000, 204.0000, 1.284e-9
172.0000, 204.0000, 1.285e-9
174.0000, 204.0000, 1.291e-9
176.0000, 204.0000, 1.293e-9
178.0000, 204.0000, 1.291e-9
180.0000, 204.0000, 1.298e-9
182.0000, 204.0000, 1.308e-9
184.0000, 204.0000, 1.307e-9
186.0000, 204.0000, 1.306e-9
188.0000, 204.0000, 1.311e-9
190.0000, 204.0000, 1.317e-9
192.0000, 204.0000, 1.316e-9
194.0000, 204.0000, 1.312e-9
196.0000, 204.0000, 1.312e-9
198.0000, 204.0000, 1.315e-9
200.0000, 204.0000, 1.312e-9
202.0000, 204.0000, 1.307e-9
204.0000, 204.0000, 1.309e-9
206.0000, 204.0000, 1.313e-9
208.0000, 204.0000, 1.311e-9
210.0000, 204.0000, 1.308e-9
212.0000, 204.0000, 1.308e-9
214.0000, 204.0000, 1.312e-9
216.0000, 204.0000, 1.313e-9
218.0000, 204.0000, 1.308e-9
220.0000, 204.0000, 1.303e-9
222.0000, 204.0000, 1.307e-9
224.0000, 204.0000, 1.311e-9
226.0000, 204.0000, 1.307e-9
228.0000, 204.0000, 1.305e-9
230.0000, 204.0000, 1.313e-9
232.0000, 204.0000, 1.314e-9
234.0000, 204.0000, 1.308e-9
236.0000, 204.0000, 1.310e-9
238.0000, 204.0000, 1.318e-9
240.0000, 204.0000, 1.317e-9
242.0000, 204.0000, 1.311e-9
244.0000, 204.0000, 1.311e-9
246.0000, 204.0000, 1.316e-9
248.0000, 204.0000, 1.317e-9
0.0000, 206.0000, 1.433e-9
2.0000, 206.0000, 1.383e-9
4.0000, 206.0000, 1.388e-9
6.0000, 206.0000, 1.380e-9
8.0000, 206.0000, 1.344e-9
10.0000, 206.0000, 1.311e-9
12.0000, 206.0000, 1.311e-9
14.0000, 206.0000, 1.290e-9
16.0000, 206.0000, 1.256e-9
18.0000, 206.0000, 1.242e-9
20.0000, 206.0000, 1.247e-9
22.0000, 206.0000, 1.227e-9
24.0000, 206.0000, 1.200e-9
26.0000, 206.0000, 1.200e-9
28.0000, 206.0000, 1.207e-9
30.0000, 206.0000, 1.193e-9
32.0000, 206.0000, 1.174e-9
34.0000, 206.0000, 1.177e-9
36.0000, 206.0000, 1.183e-9
38.0000, 206.0000, 1.174e-9
40.0000, 206.0000, 1.167e-9
42.0000, 206.0000, 1.176e-9
44.0000, 206.0000, 1.172e-9
46.0000, 206.0000, 1.163e-9
48.0000, 206.0000, 1.170e-9
50.0000, 206.0000, 1.181e-9
52.0000, 206.0000, 1.174e-9
54.0000, 206.0000, 1.170e-9
56.0000, 206.0000, 1.176e-9
58.0000, 206.0000, 1.176e-9
60.0000, 206.0000, 1.169e-9
62.0000, 206.0000, 1.172e-9
64.0000, 206.0000, 1.174e-9
66.0000, 206.0000, 1.172e-9
68.0000, 206.0000, 1.174e-9
70.0000, 206.0000, 1.174e-9
72.0000, 206.0000, 1.171e-9
74.0000, 206.0000, 1.173e-9
76.0000, 206.0000, 1.180e-9
78.0000, 206.0000, 1.184e-9
80.0000, 206.0000, 1.189e-9
82.0000, 206.0000, 1.195e-9
84.0000, 206.0000, 1.194e-9
86.0000, 206.0000, 1.196e-9
88.0000, 206.0000, 1.205e-9
90.0000, 206.0000, 1.210e-9
92.0000, 206.0000, 1.208e-9
94.0000, 206.0000, 1.209e-9
96.0000, 206.0000, 1.213e-9
98.0000, 206.0000, 1.215e-9
100.0000, 206.0000, 1.216e-9
102.0000, 206.0000, 1.218e-9
104.0000, 206.0000, 1.222e-9
106.0000, 206.0000, 1.222e-9
108.0000, 206.0000, 1.221e-9
110.0000, 206.0000, 1.227e-9
112.0000, 206.0000, 1.234e-9
114.0000, 206.0000, 1.235e-9
116.0000, 206.0000, 1.238e-9
118.0000, 206.0000, 1.247e-9
120.0000, 206.0000, 1.251e-9
122.0000, 206.0000, 1.248e-9
124.0000, 206.0000, 1.253e-9
126.0000, 206.0000, 1.262e-9
128.0000, 206.0000, 1.265e-9
130.0000, 206.0000, 1.261e-9
132.0000, 206.0000, 1.264e-9
134.0000, 206.0000, 1.272e-9
136.0000, 206.0000, 1.272e-9
138.0000, 206.0000, 1.268e-9
140.0000, 206.0000, 1.272e-9
142.0000, 206.0000, 1.279e-9
144.0000, 206.0000, 1.278e-9
146.0000, 206.0000, 1.277e-9
148.0000, 206.0000, 1.282e-9
150.0000, 206.0000, 1.285e-9
152.0000, 206.0000, 1.280e-9
154.0000, 206.0000, 1.281e-9
156.0000, 206.0000, 1.289e-9
158.0000, 206.0000, 1.291e-9
160.0000, 206.0000, 1.286e-9
162.0000, 206.0000, 1.285e-9
164.0000, 206.0000, 1.286e-9
166.0000, 206.0000, 1.286e-9
168.0000, 206.0000, 1.287e-9
170.0000, 206.0000, 1.287e-9
172.0000, 206.0000, 1.291e-9
174.0000, 206.0000, 1.296e-9
176.0000, 206.0000, 1.297e-9
178.0000, 206.0000, 1.296e-9
180.0000, 206.0000, 1.302e-9
182.0000, 206.0000, 1.310e-9
184.0000, 206.0000, 1.312e-9
186.0000, 206.0000, 1.312e-9
188.0000, 206.0000, 1.315e-9
190.0000, 206.0000, 1.319e-9
192.0000, 206.0000, 1.320e-9
194.0000, 206.0000, 1.320e-9
196.0000, 206.0000, 1.319e-9
198.0000, 206.0000, 1.317e-9
200.0000, 206.0000, 1.314e-9
202.0000, 206.0000, 1.312e-9
204.0000, 206.0000, 1.312e-9
206.0000, 206.0000, 1.315e-9
208.0000, 206.0000, 1.316e-9
210.0000, 206.0000, 1.312e-9
212.0000, 206.0000, 1.313e-9
214.0000, 206.0000, 1.318e-9
216.0000, 206.0000, 1.318e-9
218.0000, 206.0000, 1.315e-9
220.0000, 206.0000, 1.313e-9
222.0000, 206.0000, 1.312e-9
224.0000, 206.0000, 1.313e-9
226.0000, 206.0000, 1.311e-9
228.0000, 206.0000, 1.310e-9
230.0000, 206.0000, 1.313e-9
232.0000, 206.0000, 1.314e-9
234.0000, 206.0000, 1.312e-9
236.0000, 206.0000, 1.314e-9
238.0000, 206.0000, 1.319e-9
240.0000, 206.0000, 1.322e-9
242.0000, 206.0000, 1.322e-9
244.0000, 206.0000, 1.322e-9
246.0000, 206.0000, 1.324e-9
248.0000, 206.0000, 1.326e-9
0.0000, 208.0000, 1.426e-9
2.0000, 208.0000, 1.377e-9
4.0000, 208.0000, 1.384e-9
6.0000, 208.0000, 1.368e-9
8.0000, 208.0000, 1.333e-9
10.0000, 208.0000, 1.322e-9
12.0000, 208.0000, 1.326e-9
14.0000, 208.0000, 1.292e-9
16.0000, 208.0000, 1.255e-9
18.0000, 208.0000, 1.251e-9
20.0000, 208.0000, 1.247e-9
22.0000, 208.0000, 1.217e-9
24.0000, 208.0000, 1.197e-9
26.0000, 208.0000, 1.198e-9
28.0000, 208.0000, 1.194e-9
30.0000, 208.0000, 1.177e-9
32.0000, 208.0000, 1.161e-9
34.0000, 208.0000, 1.160e-9
36.0000, 208.0000, 1.166e-9
38.0000, 208.0000, 1.163e-9
40.0000, 208.0000, 1.156e-9
42.0000, 208.0000, 1.162e-9
44.0000, 208.0000, 1.165e-9
46.0000, 208.0000, 1.164e-9
48.0000, 208.0000, 1.163e-9
50.0000, 208.0000, 1.164e-9
52.0000, 208.0000, 1.163e-9
54.0000, 208.0000, 1.173e-9
56.0000, 208.0000, 1.179e-9
58.0000, 208.0000, 1.172e-9
60.0000, 208.0000, 1.172e-9
62.0000, 208.0000, 1.177e-9
64.0000, 208.0000, 1.177e-9
66.0000, 208.0000, 1.176e-9
68.0000, 208.0000, 1.180e-9
70.0000, 208.0000, 1.184e-9
72.0000, 208.0000, 1.182e-9
74.0000, 208.0000, 1.182e-9
76.0000, 208.0000, 1.185e-9
78.0000, 208.0000, 1.189e-9
80.0000, 208.0000, 1.195e-9
82.0000, 208.0000, 1.195e-9
84.0000, 208.0000, 1.195e-9
86.0000, 208.0000, 1.202e-9
88.0000, 208.0000, 1.208e-9
90.0000, 208.0000, 1.207e-9
92.0000, 208.0000, 1.208e-9
94.0000, 208.0000, 1.212e-9
96.0000, 208.0000, 1.215e-9
98.0000, 208.0000, 1.216e-9
100.0000, 208.0000, 1.221e-9
102.0000, 208.0000, 1.221e-9
104.0000, 208.0000, 1.222e-9
106.0000, 208.0000, 1.225e-9
108.0000, 208.0000, 1.227e-9
110.0000, 208.0000, 1.230e-9
112.0000, 208.0000, 1.238e-9
114.0000, 208.0000, 1.241e-9
116.0000, 208.0000, 1.243e-9
118.0000, 208.0000, 1.249e-9
120.0000, 208.0000, 1.254e-9
122.0000, 208.0000, 1.252e-9
124.0000, 208.0000, 1.253e-9
126.0000, 208.0000, 1.261e-9
128.0000, 208.0000, 1.266e-9
130.0000, 208.0000, 1.263e-9
132.0000, 208.0000, 1.266e-9
134.0000, 208.0000, 1.276e-9
136.0000, 208.0000, 1.279e-9
138.0000, 208.0000, 1.275e-9
140.0000, 208.0000, 1.275e-9
142.0000, 208.0000, 1.282e-9
144.0000, 208.0000, 1.282e-9
146.0000, 208.0000, 1.280e-9
148.0000, 208.0000, 1.283e-9
150.0000, 208.0000, 1.288e-9
152.0000, 208.0000, 1.285e-9
154.0000, 208.0000, 1.284e-9
156.0000, 208.0000, 1.289e-9
158.0000, 208.0000, 1.291e-9
160.0000, 208.0000, 1.288e-9
162.0000, 208.0000, 1.290e-9
164.0000, 208.0000, 1.293e-9
166.0000, 208.0000, 1.292e-9
168.0000, 208.0000, 1.291e-9
170.0000, 208.0000, 1.290e-9
172.0000, 208.0000, 1.292e-9
174.0000, 208.0000, 1.296e-9
176.0000, 208.0000, 1.298e-9
178.0000, 208.0000, 1.298e-9
180.0000, 208.0000, 1.305e-9
182.0000, 208.0000, 1.313e-9
184.0000, 208.0000, 1.313e-9
186.0000, 208.0000, 1.313e-9
188.0000, 208.0000, 1.319e-9
190.0000, 208.0000, 1.321e-9
192.0000, 208.0000, 1.320e-9
194.0000, 208.0000, 1.320e-9
196.0000, 208.0000, 1.322e-9
198.0000, 208.0000, 1.321e-9
200.0000, 208.0000, 1.318e-9
202.0000, 208.0000, 1.315e-9
204.0000, 208.0000, 1.313e-9
206.0000, 208.0000, 1.315e-9
208.0000, 208.0000, 1.317e-9
210.0000, 208.0000, 1.314e-9
212.0000, 208.0000, 1.313e-9
214.0000, 208.0000, 1.316e-9
216.0000, 208.0000, 1.318e-9
218.0000, 208.0000, 1.317e-9
220.0000, 208.0000, 1.316e-9
222.0000, 208.0000, 1.317e-9
224.0000, 208.0000, 1.316e-9
226.0000, 208.0000, 1.313e-9
228.0000, 208.0000, 1.312e-9
230.0000, 208.0000, 1.318e-9
232.0000, 208.0000, 1.318e-9
234.0000, 208.0000, 1.314e-9
236.0000, 208.0000, 1.318e-9
238.0000, 208.0000, 1.327e-9
240.0000, 208.0000, 1.327e-9
242.0000, 208.0000, 1.323e-9
244.0000, 208.0000, 1.323e-9
246.0000, 208.0000, 1.329e-9
248.0000, 208.0000, 1.329e-9
0.0000, 210.0000, 1.523e-9
2.0000, 210.0000, 1.477e-9
4.0000, 210.0000, 1.475e-9
6.0000, 210.0000, 1.488e-9
8.0000, 210.0000, 1.451e-9
10.0000, 210.0000, 1.384e-9
12.0000, 210.0000, 1.385e-9
14.0000, 210.0000, 1.392e-9
16.0000, 210.0000, 1.356e-9
18.0000, 210.0000, 1.309e-9
20.0000, 210.0000, 1.327e-9
22.0000, 210.0000, 1.335e-9
24.0000, 210.0000, 1.297e-9
26.0000, 210.0000, 1.271e-9
28.0000, 210.0000, 1.291e-9
30.0000, 210.0000, 1.284e-9
32.0000, 210.0000, 1.243e-9
34.0000, 210.0000, 1.233e-9
36.0000, 210.0000, 1.247e-9
38.0000, 210.0000, 1.232e-9
40.0000, 210.0000, 1.202e-9
42.0000, 210.0000, 1.198e-9
44.0000, 210.0000, 1.196e-9
46.0000, 210.0000, 1.181e-9
48.0000, 210.0000, 1.169e-9
50.0000, 210.0000, 1.171e-9
52.0000, 210.0000, 1.175e-9
54.0000, 210.0000, 1.167e-9
56.0000, 210.0000, 1.160e-9
58.0000, 210.0000, 1.165e-9
60.0000, 210.0000, 1.171e-9
62.0000, 210.0000, 1.167e-9
64.0000, 210.0000, 1.166e-9
66.0000, 210.0000, 1.172e-9
68.0000, 210.0000, 1.173e-9
70.0000, 210.0000, 1.171e-9
72.0000, 210.0000, 1.172e-9
74.0000, 210.0000, 1.172e-9
76.0000, 210.0000, 1.172e-9
78.0000, 210.0000, 1.177e-9
80.0000, 210.0000, 1.187e-9
82.0000, 210.0000, 1.187e-9
84.0000, 210.0000, 1.189e-9
86.0000, 210.0000, 1.197e-9
88.0000, 210.0000, 1.204e-9
90.0000, 210.0000, 1.202e-9
92.0000, 210.0000, 1.199e-9
94.0000, 210.0000, 1.202e-9
96.0000, 210.0000, 1.209e-9
98.0000, 210.0000, 1.210e-9
100.0000, 210.0000, 1.209e-9
102.0000, 210.0000, 1.212e-9
104.0000, 210.0000, 1.214e-9
106.0000, 210.0000, 1.214e-9
108.0000, 210.0000, 1.218e-9
110.0000, 210.0000, 1.226e-9
112.0000, 210.0000, 1.226e-9
114.0000, 210.0000, 1.228e-9
116.0000, 210.0000, 1.238e-9
118.0000, 210.0000, 1.244e-9
120.0000, 210.0000, 1.242e-9
122.0000, 210.0000, 1.243e-9
124.0000, 210.0000, 1.247e-9
126.0000, 210.0000, 1.250e-9
128.0000, 210.0000, 1.250e-9
130.0000, 210.0000, 1.254e-9
132.0000, 210.0000, 1.257e-9
134.0000, 210.0000, 1.259e-9
136.0000, 210.0000, 1.260e-9
138.0000, 210.0000, 1.263e-9
140.0000, 210.0000, 1.268e-9
142.0000, 210.0000, 1.270e-9
144.0000, 210.0000, 1.269e-9
146.0000, 210.0000, 1.272e-9
148.0000, 210.0000, 1.276e-9
150.0000, 210.0000, 1.277e-9
152.0000, 210.0000, 1.276e-9
154.0000, 210.0000, 1.280e-9
156.0000, 210.0000, 1.282e-9
158.0000, 210.0000, 1.280e-9
160.0000, 210.0000, 1.280e-9
162.0000, 210.0000, 1.282e-9
164.0000, 210.0000, 1.282e-9
166.0000, 210.0000, 1.284e-9
168.0000, 210.0000, 1.290e-9
170.0000, 210.0000, 1.290e-9
172.0000, 210.0000, 1.288e-9
174.0000, 210.0000, 1.291e-9
176.0000, 210.0000, 1.294e-9
178.0000, 210.0000, 1.293e-9
180.0000, 210.0000, 1.297e-9
182.0000, 210.0000, 1.307e-9
184.0000, 210.0000, 1.311e-9
186.0000, 210.0000, 1.310e-9
188.0000, 210.0000, 1.312e-9
190.0000, 210.0000, 1.317e-9
192.0000, 210.0000, 1.318e-9
194.0000, 210.0000, 1.314e-9
196.0000, 210.0000, 1.314e-9
198.0000, 210.0000, 1.319e-9
200.0000, 210.0000, 1.316e-9
202.0000, 210.0000, 1.310e-9
204.0000, 210.0000, 1.311e-9
206.0000, 210.0000, 1.315e-9
208.0000, 210.0000, 1.312e-9
210.0000, 210.0000, 1.309e-9
212.0000, 210.0000, 1.310e-9
214.0000, 210.0000, 1.313e-9
216.0000, 210.0000, 1.314e-9
218.0000, 210.0000, 1.311e-9
220.0000, 210.0000, 1.308e-9
222.0000, 210.0000, 1.310e-9
224.0000, 210.0000, 1.311e-9
226.0000, 210.0000, 1.307e-9
228.0000, 210.0000, 1.305e-9
230.0000, 210.0000, 1.311e-9
232.0000, 210.0000, 1.312e-9
234.0000, 210.0000, 1.307e-9
236.0000, 210.0000, 1.307e-9
238.0000, 210.0000, 1.315e-9
240.0000, 210.0000, 1.318e-9
242.0000, 210.0000, 1.314e-9
244.0000, 210.0000, 1.313e-9
246.0000, 210.0000, 1.318e-9
248.0000, 210.0000, 1.320e-9
0.0000, 212.0000, 1.411e-9
2.0000, 212.0000, 1.355e-9
4.0000, 212.0000, 1.356e-9
6.0000, 212.0000, 1.346e-9
8.0000, 212.0000, 1.314e-9
10.0000, 212.0000, 1.285e-9
12.0000, 212.0000, 1.276e-9
14.0000, 212.0000, 1.250e-9
16.0000, 212.0000, 1.218e-9
18.0000, 212.0000, 1.207e-9
20.0000, 212.0000, 1.201e-9
22.0000, 212.0000, 1.182e-9
24.0000, 212.0000, 1.166e-9
26.0000, 212.0000, 1.168e-9
28.0000, 212.0000, 1.169e-9
30.0000, 212.0000, 1.155e-9
32.0000, 212.0000, 1.145e-9
34.0000, 212.0000, 1.151e-9
36.0000, 212.0000, 1.157e-9
38.0000, 212.0000, 1.152e-9
40.0000, 212.0000, 1.153e-9
42.0000, 212.0000, 1.164e-9
44.0000, 212.0000, 1.160e-9
46.0000, 212.0000, 1.149e-9
48.0000, 212.0000, 1.151e-9
50.0000, 212.0000, 1.158e-9
52.0000, 212.0000, 1.156e-9
54.0000, 212.0000, 1.156e-9
56.0000, 212.0000, 1.157e-9
58.0000, 212.0000, 1.154e-9
60.0000, 212.0000, 1.156e-9
62.0000, 212.0000, 1.157e-9
64.0000, 212.0000, 1.156e-9
66.0000, 212.0000, 1.156e-9
68.0000, 212.0000, 1.159e-9
70.0000, 212.0000, 1.165e-9
72.0000, 212.0000, 1.168e-9
74.0000, 212.0000, 1.170e-9
76.0000, 212.0000, 1.173e-9
78.0000, 212.0000, 1.181e-9
80.0000, 212.0000, 1.190e-9
82.0000, 212.0000, 1.189e-9
84.0000, 212.0000, 1.190e-9
86.0000, 212.0000, 1.198e-9
88.0000, 212.0000, 1.203e-9
90.0000, 212.0000, 1.201e-9
92.0000, 212.0000, 1.204e-9
94.0000, 212.0000, 1.209e-9
96.0000, 212.0000, 1.208e-9
98.0000, 212.0000, 1.206e-9
100.0000, 212.0000, 1.211e-9
102.0000, 212.0000, 1.216e-9
104.0000, 212.0000, 1.216e-9
106.0000, 212.0000, 1.217e-9
108.0000, 212.0000, 1.221e-9
110.0000, 212.0000, 1.225e-9
112.0000, 212.0000, 1.227e-9
114.0000, 212.0000, 1.231e-9
116.0000, 212.0000, 1.235e-9
118.0000, 212.0000, 1.239e-9
120.0000, 212.0000, 1.240e-9
122.0000, 212.0000, 1.245e-9
124.0000, 212.0000, 1.247e-9
126.0000, 212.0000, 1.247e-9
128.0000, 212.0000, 1.249e-9
130.0000, 212.0000, 1.255e-9
132.0000, 212.0000, 1.258e-9
134.0000, 212.0000, 1.260e-9
136.0000, 212.0000, 1.265e-9
138.0000, 212.0000, 1.267e-9
140.0000, 212.0000, 1.265e-9
142.0000, 212.0000, 1.264e-9
144.0000, 212.0000, 1.266e-9
146.0000, 212.0000, 1.271e-9
148.0000, 212.0000, 1.273e-9
150.0000, 212.0000, 1.272e-9
152.0000, 212.0000, 1.272e-9
154.0000, 212.0000, 1.276e-9
156.0000, 212.0000, 1.280e-9
158.0000, 212.0000, 1.280e-9
160.0000, 212.0000, 1.280e-9
162.0000, 212.0000, 1.280e-9
164.0000, 212.0000, 1.279e-9
166.0000, 212.0000, 1.282e-9
168.0000, 212.0000, 1.286e-9
170.0000, 212.0000, 1.286e-9
172.0000, 212.0000, 1.288e-9
174.0000, 212.0000, 1.294e-9
176.0000, 212.0000, 1.295e-9
178.0000, 212.0000, 1.293e-9
180.0000, 212.0000, 1.299e-9
182.0000, 212.0000, 1.308e-9
184.0000, 212.0000, 1.308e-9
186.0000, 212.0000, 1.307e-9
188.0000, 212.0000, 1.312e-9
190.0000, 212.0000, 1.317e-9
192.0000, 212.0000, 1.313e-9
194.0000, 212.0000, 1.306e-9
196.0000, 212.0000, 1.307e-9
198.0000, 212.0000, 1.308e-9
200.0000, 212.0000, 1.304e-9
202.0000, 212.0000, 1.306e-9
204.0000, 212.0000, 1.313e-9
206.0000, 212.0000, 1.313e-9
208.0000, 212.0000, 1.308e-9
210.0000, 212.0000, 1.309e-9
212.0000, 212.0000, 1.310e-9
214.0000, 212.0000, 1.307e-9
216.0000, 212.0000, 1.307e-9
218.0000, 212.0000, 1.309e-9
220.0000, 212.0000, 1.307e-9
222.0000, 212.0000, 1.305e-9
224.0000, 212.0000, 1.308e-9
226.0000, 212.0000, 1.309e-9
228.0000, 212.0000, 1.305e-9
230.0000, 212.0000, 1.306e-9
232.0000, 212.0000, 1.311e-9
234.0000, 212.0000, 1.308e-9
236.0000, 212.0000, 1.304e-9
238.0000, 212.0000, 1.307e-9
240.0000, 212.0000, 1.309e-9
242.0000, 212.0000, 1.306e-9
244.0000, 212.0000, 1.303e-9
246.0000, 212.0000, 1.308e-9
248.0000, 212.0000, 1.313e-9
0.0000, 214.0000, 1.475e-9
2.0000, 214.0000, 1.429e-9
4.0000, 214.0000, 1.420e-9
6.0000, 214.0000, 1.446e-9
8.0000, 214.0000, 1.423e-9
10.0000, 214.0000, 1.358e-9
12.0000, 214.0000, 1.360e-9
14.0000, 214.0000, 1.374e-9
16.0000, 214.0000, 1.337e-9
18.0000, 214.0000, 1.286e-9
20.0000, 214.0000, 1.304e-9
22.0000, 214.0000, 1.307e-9
24.0000, 214.0000, 1.262e-9
26.0000, 214.0000, 1.233e-9
28.0000, 214.0000, 1.252e-9
30.0000, 214.0000, 1.248e-9
32.0000, 214.0000, 1.208e-9
34.0000, 214.0000, 1.200e-9
36.0000, 214.0000, 1.223e-9
38.0000, 214.0000, 1.214e-9
40.0000, 214.0000, 1.185e-9
42.0000, 214.0000, 1.185e-9
44.0000, 214.0000, 1.187e-9
46.0000, 214.0000, 1.173e-9
48.0000, 214.0000, 1.160e-9
50.0000, 214.0000, 1.165e-9
52.0000, 214.0000, 1.170e-9
54.0000, 214.0000, 1.161e-9
56.0000, 214.0000, 1.154e-9
58.0000, 214.0000, 1.159e-9
60.0000, 214.0000, 1.165e-9
62.0000, 214.0000, 1.158e-9
64.0000, 214.0000, 1.159e-9
66.0000, 214.0000, 1.167e-9
68.0000, 214.0000, 1.167e-9
70.0000, 214.0000, 1.163e-9
72.0000, 214.0000, 1.168e-9
74.0000, 214.0000, 1.175e-9
76.0000, 214.0000, 1.176e-9
78.0000, 214.0000, 1.180e-9
80.0000, 214.0000, 1.187e-9
82.0000, 214.0000, 1.187e-9
84.0000, 214.0000, 1.188e-9
86.0000, 214.0000, 1.194e-9
88.0000, 214.0000, 1.199e-9
90.0000, 214.0000, 1.199e-9
92.0000, 214.0000, 1.198e-9
94.0000, 214.0000, 1.203e-9
96.0000, 214.0000, 1.208e-9
98.0000, 214.0000, 1.209e-9
100.0000, 214.0000, 1.208e-9
102.0000, 214.0000, 1.212e-9
104.0000, 214.0000, 1.214e-9
106.0000, 214.0000, 1.213e-9
108.0000, 214.0000, 1.216e-9
110.0000, 214.0000, 1.223e-9
112.0000, 214.0000, 1.222e-9
114.0000, 214.0000, 1.225e-9
116.0000, 214.0000, 1.236e-9
118.0000, 214.0000, 1.243e-9
120.0000, 214.0000, 1.240e-9
122.0000, 214.0000, 1.241e-9
124.0000, 214.0000, 1.246e-9
126.0000, 214.0000, 1.248e-9
128.0000, 214.0000, 1.247e-9
130.0000, 214.0000, 1.250e-9
132.0000, 214.0000, 1.257e-9
134.0000, 214.0000, 1.258e-9
136.0000, 214.0000, 1.256e-9
138.0000, 214.0000, 1.258e-9
140.0000, 214.0000, 1.264e-9
142.0000, 214.0000, 1.267e-9
144.0000, 214.0000, 1.266e-9
146.0000, 214.0000, 1.268e-9
148.0000, 214.0000, 1.271e-9
150.0000, 214.0000, 1.272e-9
152.0000, 214.0000, 1.270e-9
154.0000, 214.0000, 1.272e-9
156.0000, 214.0000, 1.275e-9
158.0000, 214.0000, 1.273e-9
160.0000, 214.0000, 1.276e-9
162.0000, 214.0000, 1.278e-9
164.0000, 214.0000, 1.275e-9
166.0000, 214.0000, 1.275e-9
168.0000, 214.0000, 1.280e-9
170.0000, 214.0000, 1.282e-9
172.0000, 214.0000, 1.284e-9
174.0000, 214.0000, 1.290e-9
176.0000, 214.0000, 1.293e-9
178.0000, 214.0000, 1.291e-9
180.0000, 214.0000, 1.294e-9
182.0000, 214.0000, 1.301e-9
184.0000, 214.0000, 1.303e-9
186.0000, 214.0000, 1.304e-9
188.0000, 214.0000, 1.309e-9
190.0000, 214.0000, 1.318e-9
192.0000, 214.0000, 1.317e-9
194.0000, 214.0000, 1.311e-9
196.0000, 214.0000, 1.311e-9
198.0000, 214.0000, 1.314e-9
200.0000, 214.0000, 1.308e-9
202.0000, 214.0000, 1.304e-9
204.0000, 214.0000, 1.311e-9
206.0000, 214.0000, 1.313e-9
208.0000, 214.0000, 1.307e-9
210.0000, 214.0000, 1.307e-9
212.0000, 214.0000, 1.311e-9
214.0000, 214.0000, 1.310e-9
216.0000, 214.0000, 1.307e-9
218.0000, 214.0000, 1.302e-9
220.0000, 214.0000, 1.299e-9
222.0000, 214.0000, 1.304e-9
224.0000, 214.0000, 1.307e-9
226.0000, 214.0000, 1.303e-9
228.0000, 214.0000, 1.301e-9
230.0000, 214.0000, 1.306e-9
232.0000, 214.0000, 1.304e-9
234.0000, 214.0000, 1.299e-9
236.0000, 214.0000, 1.301e-9
238.0000, 214.0000, 1.304e-9
240.0000, 214.0000, 1.304e-9
242.0000, 214.0000, 1.305e-9
244.0000, 214.0000, 1.306e-9
246.0000, 214.0000, 1.306e-9
248.0000, 214.0000, 1.309e-9
0.0000, 216.0000, 1.457e-9
2.0000, 216.0000, 1.413e-9
4.0000, 216.0000, 1.406e-9
6.0000, 216.0000, 1.436e-9
8.0000, 216.0000, 1.416e-9
10.0000, 216.0000, 1.353e-9
12.0000, 216.0000, 1.351e-9
14.0000, 216.0000, 1.360e-9
16.0000, 216.0000, 1.323e-9
18.0000, 216.0000, 1.273e-9
20.0000, 216.0000, 1.284e-9
22.0000, 216.0000, 1.287e-9
24.0000, 216.0000, 1.247e-9
26.0000, 216.0000, 1.221e-9
28.0000, 216.0000, 1.233e-9
30.0000, 216.0000, 1.227e-9
32.0000, 216.0000, 1.191e-9
34.0000, 216.0000, 1.190e-9
36.0000, 216.0000, 1.212e-9
38.0000, 216.0000, 1.199e-9
40.0000, 216.0000, 1.174e-9
42.0000, 216.0000, 1.180e-9
44.0000, 216.0000, 1.184e-9
46.0000, 216.0000, 1.168e-9
48.0000, 216.0000, 1.158e-9
50.0000, 216.0000, 1.172e-9
52.0000, 216.0000, 1.173e-9
54.0000, 216.0000, 1.162e-9
56.0000, 216.0000, 1.159e-9
58.0000, 216.0000, 1.165e-9
60.0000, 216.0000, 1.167e-9
62.0000, 216.0000, 1.159e-9
64.0000, 216.0000, 1.162e-9
66.0000, 216.0000, 1.171e-9
68.0000, 216.0000, 1.168e-9
70.0000, 216.0000, 1.164e-9
72.0000, 216.0000, 1.171e-9
74.0000, 216.0000, 1.177e-9
76.0000, 216.0000, 1.174e-9
78.0000, 216.0000, 1.176e-9
80.0000, 216.0000, 1.197e-9
82.0000, 216.0000, 1.206e-9
84.0000, 216.0000, 1.203e-9
86.0000, 216.0000, 1.209e-9
88.0000, 216.0000, 1.220e-9
90.0000, 216.0000, 1.218e-9
92.0000, 216.0000, 1.211e-9
94.0000, 216.0000, 1.214e-9
96.0000, 216.0000, 1.220e-9
98.0000, 216.0000, 1.216e-9
100.0000, 216.0000, 1.213e-9
102.0000, 216.0000, 1.220e-9
104.0000, 216.0000, 1.223e-9
106.0000, 216.0000, 1.220e-9
108.0000, 216.0000, 1.221e-9
110.0000, 216.0000, 1.229e-9
112.0000, 216.0000, 1.231e-9
114.0000, 216.0000, 1.231e-9
116.0000, 216.0000, 1.236e-9
118.0000, 216.0000, 1.242e-9
120.0000, 216.0000, 1.242e-9
122.0000, 216.0000, 1.240e-9
124.0000, 216.0000, 1.245e-9
126.0000, 216.0000, 1.252e-9
128.0000, 216.0000, 1.253e-9
130.0000, 216.0000, 1.251e-9
132.0000, 216.0000, 1.256e-9
134.0000, 216.0000, 1.262e-9
136.0000, 216.0000, 1.262e-9
138.0000, 216.0000, 1.261e-9
140.0000, 216.0000, 1.266e-9
142.0000, 216.0000, 1.269e-9
144.0000, 216.0000, 1.268e-9
146.0000, 216.0000, 1.270e-9
148.0000, 216.0000, 1.274e-9
150.0000, 216.0000, 1.274e-9
152.0000, 216.0000, 1.272e-9
154.0000, 216.0000, 1.275e-9
156.0000, 216.0000, 1.277e-9
158.0000, 216.0000, 1.274e-9
160.0000, 216.0000, 1.276e-9
162.0000, 216.0000, 1.279e-9
164.0000, 216.0000, 1.277e-9
166.0000, 216.0000, 1.277e-9
168.0000, 216.0000, 1.282e-9
170.0000, 216.0000, 1.282e-9
172.0000, 216.0000, 1.281e-9
174.0000, 216.0000, 1.284e-9
176.0000, 216.0000, 1.288e-9
178.0000, 216.0000, 1.288e-9
180.0000, 216.0000, 1.294e-9
182.0000, 216.0000, 1.304e-9
184.0000, 216.0000, 1.305e-9
186.0000, 216.0000, 1.304e-9
188.0000, 216.0000, 1.308e-9
190.0000, 216.0000, 1.314e-9
192.0000, 216.0000, 1.312e-9
194.0000, 216.0000, 1.308e-9
196.0000, 216.0000, 1.310e-9
198.0000, 216.0000, 1.312e-9
200.0000, 216.0000, 1.307e-9
202.0000, 216.0000, 1.303e-9
204.0000, 216.0000, 1.307e-9
206.0000, 216.0000, 1.311e-9
208.0000, 216.0000, 1.308e-9
210.0000, 216.0000, 1.303e-9
212.0000, 216.0000, 1.305e-9
214.0000, 216.0000, 1.307e-9
216.0000, 216.0000, 1.304e-9
218.0000, 216.0000, 1.301e-9
220.0000, 216.0000, 1.303e-9
222.0000, 216.0000, 1.304e-9
224.0000, 216.0000, 1.301e-9
226.0000, 216.0000, 1.295e-9
228.0000, 216.0000, 1.299e-9
230.0000, 216.0000, 1.311e-9
232.0000, 216.0000, 1.309e-9
234.0000, 216.0000, 1.304e-9
236.0000, 216.0000, 1.310e-9
238.0000, 216.0000, 1.313e-9
240.0000, 216.0000, 1.308e-9
242.0000, 216.0000, 1.307e-9
244.0000, 216.0000, 1.311e-9
246.0000, 216.0000, 1.313e-9
248.0000, 216.0000, 1.313e-9
0.0000, 218.0000, 1.398e-9
2.0000, 218.0000, 1.342e-9
4.0000, 218.0000, 1.342e-9
6.0000, 218.0000, 1.351e-9
8.0000, 218.0000, 1.320e-9
10.0000, 218.0000, 1.284e-9
12.0000, 218.0000, 1.292e-9
14.0000, 218.0000, 1.277e-9
16.0000, 218.0000, 1.246e-9
18.0000, 218.0000, 1.231e-9
20.0000, 218.0000, 1.238e-9
22.0000, 218.0000, 1.216e-9
24.0000, 218.0000, 1.191e-9
26.0000, 218.0000, 1.193e-9
28.0000, 218.0000, 1.192e-9
30.0000, 218.0000, 1.172e-9
32.0000, 218.0000, 1.152e-9
34.0000, 218.0000, 1.155e-9
36.0000, 218.0000, 1.165e-9
38.0000, 218.0000, 1.158e-9
40.0000, 218.0000, 1.147e-9
42.0000, 218.0000, 1.152e-9
44.0000, 218.0000, 1.151e-9
46.0000, 218.0000, 1.144e-9
48.0000, 218.0000, 1.146e-9
50.0000, 218.0000, 1.156e-9
52.0000, 218.0000, 1.152e-9
54.0000, 218.0000, 1.155e-9
56.0000, 218.0000, 1.163e-9
58.0000, 218.0000, 1.160e-9
60.0000, 218.0000, 1.158e-9
62.0000, 218.0000, 1.167e-9
64.0000, 218.0000, 1.165e-9
66.0000, 218.0000, 1.162e-9
68.0000, 218.0000, 1.173e-9
70.0000, 218.0000, 1.181e-9
72.0000, 218.0000, 1.174e-9
74.0000, 218.0000, 1.174e-9
76.0000, 218.0000, 1.184e-9
78.0000, 218.0000, 1.191e-9
80.0000, 218.0000, 1.188e-9
82.0000, 218.0000, 1.185e-9
84.0000, 218.0000, 1.189e-9
86.0000, 218.0000, 1.199e-9
88.0000, 218.0000, 1.205e-9
90.0000, 218.0000, 1.205e-9
92.0000, 218.0000, 1.208e-9
94.0000, 218.0000, 1.215e-9
96.0000, 218.0000, 1.216e-9
98.0000, 218.0000, 1.212e-9
100.0000, 218.0000, 1.216e-9
102.0000, 218.0000, 1.220e-9
104.0000, 218.0000, 1.217e-9
106.0000, 218.0000, 1.215e-9
108.0000, 218.0000, 1.220e-9
110.0000, 218.0000, 1.222e-9
112.0000, 218.0000, 1.222e-9
114.0000, 218.0000, 1.227e-9
116.0000, 218.0000, 1.233e-9
118.0000, 218.0000, 1.233e-9
120.0000, 218.0000, 1.236e-9
122.0000, 218.0000, 1.241e-9
124.0000, 218.0000, 1.244e-9
126.0000, 218.0000, 1.248e-9
128.0000, 218.0000, 1.252e-9
130.0000, 218.0000, 1.255e-9
132.0000, 218.0000, 1.255e-9
134.0000, 218.0000, 1.258e-9
136.0000, 218.0000, 1.264e-9
138.0000, 218.0000, 1.267e-9
140.0000, 218.0000, 1.263e-9
142.0000, 218.0000, 1.263e-9
144.0000, 218.0000, 1.269e-9
146.0000, 218.0000, 1.272e-9
148.0000, 218.0000, 1.272e-9
150.0000, 218.0000, 1.273e-9
152.0000, 218.0000, 1.274e-9
154.0000, 218.0000, 1.274e-9
156.0000, 218.0000, 1.274e-9
158.0000, 218.0000, 1.274e-9
160.0000, 218.0000, 1.276e-9
162.0000, 218.0000, 1.276e-9
164.0000, 218.0000, 1.275e-9
166.0000, 218.0000, 1.278e-9
168.0000, 218.0000, 1.282e-9
170.0000, 218.0000, 1.279e-9
172.0000, 218.0000, 1.279e-9
174.0000, 218.0000, 1.286e-9
176.0000, 218.0000, 1.289e-9
178.0000, 218.0000, 1.287e-9
180.0000, 218.0000, 1.296e-9
182.0000, 218.0000, 1.307e-9
184.0000, 218.0000, 1.306e-9
186.0000, 218.0000, 1.305e-9
188.0000, 218.0000, 1.313e-9
190.0000, 218.0000, 1.318e-9
192.0000, 218.0000, 1.312e-9
194.0000, 218.0000, 1.312e-9
196.0000, 218.0000, 1.319e-9
198.0000, 218.0000, 1.316e-9
200.0000, 218.0000, 1.308e-9
202.0000, 218.0000, 1.308e-9
204.0000, 218.0000, 1.312e-9
206.0000, 218.0000, 1.310e-9
208.0000, 218.0000, 1.305e-9
210.0000, 218.0000, 1.305e-9
212.0000, 218.0000, 1.306e-9
214.0000, 218.0000, 1.304e-9
216.0000, 218.0000, 1.303e-9
218.0000, 218.0000, 1.303e-9
220.0000, 218.0000, 1.300e-9
222.0000, 218.0000, 1.298e-9
224.0000, 218.0000, 1.300e-9
226.0000, 218.0000, 1.299e-9
228.0000, 218.0000, 1.297e-9
230.0000, 218.0000, 1.299e-9
232.0000, 218.0000, 1.300e-9
234.0000, 218.0000, 1.297e-9
236.0000, 218.0000, 1.298e-9
238.0000, 218.0000, 1.303e-9
240.0000, 218.0000, 1.305e-9
242.0000, 218.0000, 1.304e-9
244.0000, 218.0000, 1.306e-9
246.0000, 218.0000, 1.309e-9
248.0000, 218.0000, 1.310e-9
0.0000, 220.0000, 1.437e-9
2.0000, 220.0000, 1.384e-9
4.0000, 220.0000, 1.361e-9
6.0000, 220.0000, 1.325e-9
8.0000, 220.0000, 1.288e-9
10.0000, 220.0000, 1.286e-9
12.0000, 220.0000, 1.302e-9
14.0000, 220.0000, 1.270e-9
16.0000, 220.0000, 1.233e-9
18.0000, 220.0000, 1.242e-9
20.0000, 220.0000, 1.248e-9
22.0000, 220.0000, 1.215e-9
24.0000, 220.0000, 1.199e-9
26.0000, 220.0000, 1.207e-9
28.0000, 220.0000, 1.194e-9
30.0000, 220.0000, 1.171e-9
32.0000, 220.0000, 1.167e-9
34.0000, 220.0000, 1.165e-9
36.0000, 220.0000, 1.158e-9
38.0000, 220.0000, 1.150e-9
40.0000, 220.0000, 1.149e-9
42.0000, 220.0000, 1.152e-9
44.0000, 220.0000, 1.147e-9
46.0000, 220.0000, 1.143e-9
48.0000, 220.0000, 1.151e-9
50.0000, 220.0000, 1.158e-9
52.0000, 220.0000, 1.152e-9
54.0000, 220.0000, 1.156e-9
56.0000, 220.0000, 1.167e-9
58.0000, 220.0000, 1.165e-9
60.0000, 220.0000, 1.157e-9
62.0000, 220.0000, 1.167e-9
64.0000, 220.0000, 1.173e-9
66.0000, 220.0000, 1.166e-9
68.0000, 220.0000, 1.168e-9
70.0000, 220.0000, 1.180e-9
72.0000, 220.0000, 1.176e-9
74.0000, 220.0000, 1.172e-9
76.0000, 220.0000, 1.177e-9
78.0000, 220.0000, 1.187e-9
80.0000, 220.0000, 1.191e-9
82.0000, 220.0000, 1.190e-9
84.0000, 220.0000, 1.196e-9
86.0000, 220.0000, 1.207e-9
88.0000, 220.0000, 1.212e-9
90.0000, 220.0000, 1.211e-9
92.0000, 220.0000, 1.214e-9
94.0000, 220.0000, 1.219e-9
96.0000, 220.0000, 1.220e-9
98.0000, 220.0000, 1.219e-9
100.0000, 220.0000, 1.224e-9
102.0000, 220.0000, 1.226e-9
104.0000, 220.0000, 1.222e-9
106.0000, 220.0000, 1.223e-9
108.0000, 220.0000, 1.230e-9
110.0000, 220.0000, 1.231e-9
112.0000, 220.0000, 1.229e-9
114.0000, 220.0000, 1.235e-9
116.0000, 220.0000, 1.242e-9
118.0000, 220.0000, 1.244e-9
120.0000, 220.0000, 1.244e-9
122.0000, 220.0000, 1.248e-9
124.0000, 220.0000, 1.252e-9
126.0000, 220.0000, 1.251e-9
128.0000, 220.0000, 1.251e-9
130.0000, 220.0000, 1.257e-9
132.0000, 220.0000, 1.263e-9
134.0000, 220.0000, 1.263e-9
136.0000, 220.0000, 1.263e-9
138.0000, 220.0000, 1.268e-9
140.0000, 220.0000, 1.271e-9
142.0000, 220.0000, 1.271e-9
144.0000, 220.0000, 1.271e-9
146.0000, 220.0000, 1.274e-9
148.0000, 220.0000, 1.276e-9
150.0000, 220.0000, 1.277e-9
152.0000, 220.0000, 1.276e-9
154.0000, 220.0000, 1.278e-9
156.0000, 220.0000, 1.281e-9
158.0000, 220.0000, 1.281e-9
160.0000, 220.0000, 1.282e-9
162.0000, 220.0000, 1.281e-9
164.0000, 220.0000, 1.278e-9
166.0000, 220.0000, 1.278e-9
168.0000, 220.0000, 1.284e-9
170.0000, 220.0000, 1.286e-9
172.0000, 220.0000, 1.287e-9
174.0000, 220.0000, 1.294e-9
176.0000, 220.0000, 1.299e-9
178.0000, 220.0000, 1.296e-9
180.0000, 220.0000, 1.299e-9
182.0000, 220.0000, 1.309e-9
184.0000, 220.0000, 1.309e-9
186.0000, 220.0000, 1.308e-9
188.0000, 220.0000, 1.315e-9
190.0000, 220.0000, 1.321e-9
192.0000, 220.0000, 1.317e-9
194.0000, 220.0000, 1.315e-9
196.0000, 220.0000, 1.319e-9
198.0000, 220.0000, 1.319e-9
200.0000, 220.0000, 1.313e-9
202.0000, 220.0000, 1.309e-9
204.0000, 220.0000, 1.309e-9
206.0000, 220.0000, 1.308e-9
208.0000, 220.0000, 1.305e-9
210.0000, 220.0000, 1.305e-9
212.0000, 220.0000, 1.305e-9
214.0000, 220.0000, 1.305e-9
216.0000, 220.0000, 1.307e-9
218.0000, 220.0000, 1.308e-9
220.0000, 220.0000, 1.306e-9
222.0000, 220.0000, 1.304e-9
224.0000, 220.0000, 1.305e-9
226.0000, 220.0000, 1.303e-9
228.0000, 220.0000, 1.301e-9
230.0000, 220.0000, 1.307e-9
232.0000, 220.0000, 1.310e-9
234.0000, 220.0000, 1.306e-9
236.0000, 220.0000, 1.303e-9
238.0000, 220.0000, 1.307e-9
240.0000, 220.0000, 1.310e-9
242.0000, 220.0000, 1.307e-9
244.0000, 220.0000, 1.307e-9
246.0000, 220.0000, 1.313e-9
248.0000, 220.0000, 1.318e-9
0.0000, 222.0000, 1.460e-9
2.0000, 222.0000, 1.415e-9
4.0000, 222.0000, 1.415e-9
6.0000, 222.0000, 1.454e-9
8.0000, 222.0000, 1.436e-9
10.0000, 222.0000, 1.374e-9
12.0000, 222.0000, 1.384e-9
14.0000, 222.0000, 1.395e-9
16.0000, 222.0000, 1.354e-9
18.0000, 222.0000, 1.310e-9
20.0000, 222.0000, 1.325e-9
22.0000, 222.0000, 1.320e-9
24.0000, 222.0000, 1.278e-9
26.0000, 222.0000, 1.252e-9
28.0000, 222.0000, 1.275e-9
30.0000, 222.0000, 1.273e-9
32.0000, 222.0000, 1.235e-9
34.0000, 222.0000, 1.223e-9
36.0000, 222.0000, 1.240e-9
38.0000, 222.0000, 1.230e-9
40.0000, 222.0000, 1.202e-9
42.0000, 222.0000, 1.204e-9
44.0000, 222.0000, 1.212e-9
46.0000, 222.0000, 1.197e-9
48.0000, 222.0000, 1.185e-9
50.0000, 222.0000, 1.199e-9
52.0000, 222.0000, 1.205e-9
54.0000, 222.0000, 1.192e-9
56.0000, 222.0000, 1.184e-9
58.0000, 222.0000, 1.188e-9
60.0000, 222.0000, 1.191e-9
62.0000, 222.0000, 1.187e-9
64.0000, 222.0000, 1.185e-9
66.0000, 222.0000, 1.191e-9
68.0000, 222.0000, 1.195e-9
70.0000, 222.0000, 1.195e-9
72.0000, 222.0000, 1.195e-9
74.0000, 222.0000, 1.202e-9
76.0000, 222.0000, 1.211e-9
78.0000, 222.0000, 1.214e-9
80.0000, 222.0000, 1.216e-9
82.0000, 222.0000, 1.219e-9
84.0000, 222.0000, 1.223e-9
86.0000, 222.0000, 1.227e-9
88.0000, 222.0000, 1.230e-9
90.0000, 222.0000, 1.230e-9
92.0000, 222.0000, 1.231e-9
94.0000, 222.0000, 1.235e-9
96.0000, 222.0000, 1.237e-9
98.0000, 222.0000, 1.238e-9
100.0000, 222.0000, 1.239e-9
102.0000, 222.0000, 1.243e-9
104.0000, 222.0000, 1.244e-9
106.0000, 222.0000, 1.243e-9
108.0000, 222.0000, 1.246e-9
110.0000, 222.0000, 1.248e-9
112.0000, 222.0000, 1.247e-9
114.0000, 222.0000, 1.250e-9
116.0000, 222.0000, 1.256e-9
118.0000, 222.0000, 1.259e-9
120.0000, 222.0000, 1.259e-9
122.0000, 222.0000, 1.261e-9
124.0000, 222.0000, 1.267e-9
126.0000, 222.0000, 1.271e-9
128.0000, 222.0000, 1.273e-9
130.0000, 222.0000, 1.279e-9
132.0000, 222.0000, 1.281e-9
134.0000, 222.0000, 1.281e-9
136.0000, 222.0000, 1.283e-9
138.0000, 222.0000, 1.286e-9
140.0000, 222.0000, 1.287e-9
142.0000, 222.0000, 1.285e-9
144.0000, 222.0000, 1.285e-9
146.0000, 222.0000, 1.288e-9
148.0000, 222.0000, 1.289e-9
150.0000, 222.0000, 1.289e-9
152.0000, 222.0000, 1.291e-9
154.0000, 222.0000, 1.295e-9
156.0000, 222.0000, 1.294e-9
158.0000, 222.0000, 1.291e-9
160.0000, 222.0000, 1.294e-9
162.0000, 222.0000, 1.297e-9
164.0000, 222.0000, 1.296e-9
166.0000, 222.0000, 1.298e-9
168.0000, 222.0000, 1.303e-9
170.0000, 222.0000, 1.301e-9
172.0000, 222.0000, 1.298e-9
174.0000, 222.0000, 1.303e-9
176.0000, 222.0000, 1.307e-9
178.0000, 222.0000, 1.306e-9
180.0000, 222.0000, 1.310e-9
182.0000, 222.0000, 1.320e-9
184.0000, 222.0000, 1.323e-9
186.0000, 222.0000, 1.319e-9
188.0000, 222.0000, 1.320e-9
190.0000, 222.0000, 1.329e-9
192.0000, 222.0000, 1.332e-9
194.0000, 222.0000, 1.325e-9
196.0000, 222.0000, 1.325e-9
198.0000, 222.0000, 1.332e-9
200.0000, 222.0000, 1.330e-9
202.0000, 222.0000, 1.321e-9
204.0000, 222.0000, 1.322e-9
206.0000, 222.0000, 1.330e-9
208.0000, 222.0000, 1.328e-9
210.0000, 222.0000, 1.321e-9
212.0000, 222.0000, 1.323e-9
214.0000, 222.0000, 1.328e-9
216.0000, 222.0000, 1.326e-9
218.0000, 222.0000, 1.320e-9
220.0000, 222.0000, 1.318e-9
222.0000, 222.0000, 1.320e-9
224.0000, 222.0000, 1.319e-9
226.0000, 222.0000, 1.314e-9
228.0000, 222.0000, 1.313e-9
230.0000, 222.0000, 1.316e-9
232.0000, 222.0000, 1.317e-9
234.0000, 222.0000, 1.314e-9
236.0000, 222.0000, 1.312e-9
238.0000, 222.0000, 1.314e-9
240.0000, 222.0000, 1.317e-9
242.0000, 222.0000, 1.318e-9
244.0000, 222.0000, 1.318e-9
246.0000, 222.0000, 1.320e-9
248.0000, 222.0000, 1.326e-9
0.0000, 224.0000, 1.442e-9
2.0000, 224.0000, 1.394e-9
4.0000, 224.0000, 1.408e-9
6.0000, 224.0000, 1.400e-9
8.0000, 224.0000, 1.362e-9
10.0000, 224.0000, 1.348e-9
12.0000, 224.0000, 1.353e-9
14.0000, 224.0000, 1.320e-9
16.0000, 224.0000, 1.283e-9
18.0000, 224.0000, 1.279e-9
20.0000, 224.0000, 1.278e-9
22.0000, 224.0000, 1.248e-9
24.0000, 224.0000, 1.223e-9
26.0000, 224.0000, 1.225e-9
28.0000, 224.0000, 1.226e-9
30.0000, 224.0000, 1.207e-9
32.0000, 224.0000, 1.193e-9
34.0000, 224.0000, 1.196e-9
36.0000, 224.0000, 1.197e-9
38.0000, 224.0000, 1.189e-9
40.0000, 224.0000, 1.185e-9
42.0000, 224.0000, 1.190e-9
44.0000, 224.0000, 1.189e-9
46.0000, 224.0000, 1.182e-9
48.0000, 224.0000, 1.185e-9
50.0000, 224.0000, 1.193e-9
52.0000, 224.0000, 1.190e-9
54.0000, 224.0000, 1.185e-9
56.0000, 224.0000, 1.191e-9
58.0000, 224.0000, 1.195e-9
60.0000, 224.0000, 1.192e-9
62.0000, 224.0000, 1.194e-9
64.0000, 224.0000, 1.198e-9
66.0000, 224.0000, 1.197e-9
68.0000, 224.0000, 1.197e-9
70.0000, 224.0000, 1.205e-9
72.0000, 224.0000, 1.209e-9
74.0000, 224.0000, 1.211e-9
76.0000, 224.0000, 1.215e-9
78.0000, 224.0000, 1.224e-9
80.0000, 224.0000, 1.232e-9
82.0000, 224.0000, 1.233e-9
84.0000, 224.0000, 1.238e-9
86.0000, 224.0000, 1.247e-9
88.0000, 224.0000, 1.253e-9
90.0000, 224.0000, 1.249e-9
92.0000, 224.0000, 1.248e-9
94.0000, 224.0000, 1.252e-9
96.0000, 224.0000, 1.253e-9
98.0000, 224.0000, 1.251e-9
100.0000, 224.0000, 1.254e-9
102.0000, 224.0000, 1.256e-9
104.0000, 224.0000, 1.254e-9
106.0000, 224.0000, 1.255e-9
108.0000, 224.0000, 1.258e-9
110.0000, 224.0000, 1.258e-9
112.0000, 224.0000, 1.257e-9
114.0000, 224.0000, 1.261e-9
116.0000, 224.0000, 1.265e-9
118.0000, 224.0000, 1.267e-9
120.0000, 224.0000, 1.269e-9
122.0000, 224.0000, 1.271e-9
124.0000, 224.0000, 1.274e-9
126.0000, 224.0000, 1.278e-9
128.0000, 224.0000, 1.278e-9
130.0000, 224.0000, 1.277e-9
132.0000, 224.0000, 1.279e-9
134.0000, 224.0000, 1.281e-9
136.0000, 224.0000, 1.283e-9
138.0000, 224.0000, 1.286e-9
140.0000, 224.0000, 1.290e-9
142.0000, 224.0000, 1.292e-9
144.0000, 224.0000, 1.295e-9
146.0000, 224.0000, 1.296e-9
148.0000, 224.0000, 1.296e-9
150.0000, 224.0000, 1.300e-9
152.0000, 224.0000, 1.303e-9
154.0000, 224.0000, 1.304e-9
156.0000, 224.0000, 1.303e-9
158.0000, 224.0000, 1.302e-9
160.0000, 224.0000, 1.302e-9
162.0000, 224.0000, 1.302e-9
164.0000, 224.0000, 1.300e-9
166.0000, 224.0000, 1.304e-9
168.0000, 224.0000, 1.310e-9
170.0000, 224.0000, 1.312e-9
172.0000, 224.0000, 1.310e-9
174.0000, 224.0000, 1.312e-9
176.0000, 224.0000, 1.316e-9
178.0000, 224.0000, 1.316e-9
180.0000, 224.0000, 1.318e-9
182.0000, 224.0000, 1.327e-9
184.0000, 224.0000, 1.331e-9
186.0000, 224.0000, 1.329e-9
188.0000, 224.0000, 1.329e-9
190.0000, 224.0000, 1.335e-9
192.0000, 224.0000, 1.336e-9
194.0000, 224.0000, 1.333e-9
196.0000, 224.0000, 1.332e-9
198.0000, 224.0000, 1.333e-9
200.0000, 224.0000, 1.329e-9
202.0000, 224.0000, 1.323e-9
204.0000, 224.0000, 1.327e-9
206.0000, 224.0000, 1.333e-9
208.0000, 224.0000, 1.329e-9
210.0000, 224.0000, 1.323e-9
212.0000, 224.0000, 1.326e-9
214.0000, 224.0000, 1.329e-9
216.0000, 224.0000, 1.327e-9
218.0000, 224.0000, 1.324e-9
220.0000, 224.0000, 1.325e-9
222.0000, 224.0000, 1.328e-9
224.0000, 224.0000, 1.324e-9
226.0000, 224.0000, 1.319e-9
228.0000, 224.0000, 1.326e-9
230.0000, 224.0000, 1.337e-9
232.0000, 224.0000, 1.332e-9
234.0000, 224.0000, 1.325e-9
236.0000, 224.0000, 1.331e-9
238.0000, 224.0000, 1.337e-9
240.0000, 224.0000, 1.334e-9
242.0000, 224.0000, 1.329e-9
244.0000, 224.0000, 1.331e-9
246.0000, 224.0000, 1.331e-9
248.0000, 224.0000, 1.330e-9
0.0000, 226.0000, 1.470e-9
2.0000, 226.0000, 1.423e-9
4.0000, 226.0000, 1.424e-9
6.0000, 226.0000, 1.406e-9
8.0000, 226.0000, 1.368e-9
10.0000, 226.0000, 1.354e-9
12.0000, 226.0000, 1.366e-9
14.0000, 226.0000, 1.337e-9
16.0000, 226.0000, 1.294e-9
18.0000, 226.0000, 1.288e-9
20.0000, 226.0000, 1.291e-9
22.0000, 226.0000, 1.264e-9
24.0000, 226.0000, 1.246e-9
26.0000, 226.0000, 1.261e-9
28.0000, 226.0000, 1.261e-9
30.0000, 226.0000, 1.232e-9
32.0000, 226.0000, 1.225e-9
34.0000, 226.0000, 1.237e-9
36.0000, 226.0000, 1.230e-9
38.0000, 226.0000, 1.214e-9
40.0000, 226.0000, 1.218e-9
42.0000, 226.0000, 1.222e-9
44.0000, 226.0000, 1.212e-9
46.0000, 226.0000, 1.202e-9
48.0000, 226.0000, 1.208e-9
50.0000, 226.0000, 1.214e-9
52.0000, 226.0000, 1.206e-9
54.0000, 226.0000, 1.206e-9
56.0000, 226.0000, 1.219e-9
58.0000, 226.0000, 1.221e-9
60.0000, 226.0000, 1.209e-9
62.0000, 226.0000, 1.212e-9
64.0000, 226.0000, 1.220e-9
66.0000, 226.0000, 1.218e-9
68.0000, 226.0000, 1.215e-9
70.0000, 226.0000, 1.224e-9
72.0000, 226.0000, 1.227e-9
74.0000, 226.0000, 1.226e-9
76.0000, 226.0000, 1.229e-9
78.0000, 226.0000, 1.238e-9
80.0000, 226.0000, 1.243e-9
82.0000, 226.0000, 1.244e-9
84.0000, 226.0000, 1.248e-9
86.0000, 226.0000, 1.253e-9
88.0000, 226.0000, 1.255e-9
90.0000, 226.0000, 1.255e-9
92.0000, 226.0000, 1.258e-9
94.0000, 226.0000, 1.262e-9
96.0000, 226.0000, 1.263e-9
98.0000, 226.0000, 1.264e-9
100.0000, 226.0000, 1.268e-9
102.0000, 226.0000, 1.266e-9
104.0000, 226.0000, 1.262e-9
106.0000, 226.0000, 1.264e-9
108.0000, 226.0000, 1.268e-9
110.0000, 226.0000, 1.264e-9
112.0000, 226.0000, 1.264e-9
114.0000, 226.0000, 1.271e-9
116.0000, 226.0000, 1.275e-9
118.0000, 226.0000, 1.273e-9
120.0000, 226.0000, 1.274e-9
122.0000, 226.0000, 1.276e-9
124.0000, 226.0000, 1.279e-9
126.0000, 226.0000, 1.282e-9
128.0000, 226.0000, 1.283e-9
130.0000, 226.0000, 1.284e-9
132.0000, 226.0000, 1.285e-9
134.0000, 226.0000, 1.287e-9
136.0000, 226.0000, 1.290e-9
138.0000, 226.0000, 1.293e-9
140.0000, 226.0000, 1.296e-9
142.0000, 226.0000, 1.297e-9
144.0000, 226.0000, 1.299e-9
146.0000, 226.0000, 1.301e-9
148.0000, 226.0000, 1.300e-9
150.0000, 226.0000, 1.304e-9
152.0000, 226.0000, 1.308e-9
154.0000, 226.0000, 1.308e-9
156.0000, 226.0000, 1.308e-9
158.0000, 226.0000, 1.309e-9
160.0000, 226.0000, 1.312e-9
162.0000, 226.0000, 1.311e-9
164.0000, 226.0000, 1.307e-9
166.0000, 226.0000, 1.309e-9
168.0000, 226.0000, 1.315e-9
170.0000, 226.0000, 1.316e-9
172.0000, 226.0000, 1.314e-9
174.0000, 226.0000, 1.318e-9
176.0000, 226.0000, 1.322e-9
178.0000, 226.0000, 1.322e-9
180.0000, 226.0000, 1.324e-9
182.0000, 226.0000, 1.332e-9
184.0000, 226.0000, 1.336e-9
186.0000, 226.0000, 1.335e-9
188.0000, 226.0000, 1.337e-9
190.0000, 226.0000, 1.343e-9
192.0000, 226.0000, 1.343e-9
194.0000, 226.0000, 1.340e-9
196.0000, 226.0000, 1.340e-9
198.0000, 226.0000, 1.340e-9
200.0000, 226.0000, 1.337e-9
202.0000, 226.0000, 1.333e-9
204.0000, 226.0000, 1.333e-9
206.0000, 226.0000, 1.333e-9
208.0000, 226.0000, 1.328e-9
210.0000, 226.0000, 1.328e-9
212.0000, 226.0000, 1.331e-9
214.0000, 226.0000, 1.332e-9
216.0000, 226.0000, 1.331e-9
218.0000, 226.0000, 1.332e-9
220.0000, 226.0000, 1.331e-9
222.0000, 226.0000, 1.329e-9
224.0000, 226.0000, 1.328e-9
226.0000, 226.0000, 1.328e-9
228.0000, 226.0000, 1.330e-9
230.0000, 226.0000, 1.332e-9
232.0000, 226.0000, 1.330e-9
234.0000, 226.0000, 1.327e-9
236.0000, 226.0000, 1.328e-9
238.0000, 226.0000, 1.331e-9
240.0000, 226.0000, 1.332e-9
242.0000, 226.0000, 1.331e-9
244.0000, 226.0000, 1.329e-9
246.0000, 226.0000, 1.329e-9
248.0000, 226.0000, 1.335e-9
0.0000, 228.0000, 1.395e-9
2.0000, 228.0000, 1.346e-9
4.0000, 228.0000, 1.328e-9
6.0000, 228.0000, 1.309e-9
8.0000, 228.0000, 1.284e-9
10.0000, 228.0000, 1.270e-9
12.0000, 228.0000, 1.265e-9
14.0000, 228.0000, 1.246e-9
16.0000, 228.0000, 1.227e-9
18.0000, 228.0000, 1.221e-9
20.0000, 228.0000, 1.224e-9
22.0000, 228.0000, 1.214e-9
24.0000, 228.0000, 1.206e-9
26.0000, 228.0000, 1.207e-9
28.0000, 228.0000, 1.205e-9
30.0000, 228.0000, 1.196e-9
32.0000, 228.0000, 1.188e-9
34.0000, 228.0000, 1.185e-9
36.0000, 228.0000, 1.187e-9
38.0000, 228.0000, 1.186e-9
40.0000, 228.0000, 1.184e-9
42.0000, 228.0000, 1.185e-9
44.0000, 228.0000, 1.185e-9
46.0000, 228.0000, 1.185e-9
48.0000, 228.0000, 1.187e-9
50.0000, 228.0000, 1.191e-9
52.0000, 228.0000, 1.192e-9
54.0000, 228.0000, 1.197e-9
56.0000, 228.0000, 1.197e-9
58.0000, 228.0000, 1.196e-9
60.0000, 228.0000, 1.200e-9
62.0000, 228.0000, 1.204e-9
64.0000, 228.0000, 1.205e-9
66.0000, 228.0000, 1.208e-9
68.0000, 228.0000, 1.215e-9
70.0000, 228.0000, 1.215e-9
72.0000, 228.0000, 1.212e-9
74.0000, 228.0000, 1.218e-9
76.0000, 228.0000, 1.226e-9
78.0000, 228.0000, 1.231e-9
80.0000, 228.0000, 1.235e-9
82.0000, 228.0000, 1.239e-9
84.0000, 228.0000, 1.245e-9
86.0000, 228.0000, 1.249e-9
88.0000, 228.0000, 1.249e-9
90.0000, 228.0000, 1.250e-9
92.0000, 228.0000, 1.254e-9
94.0000, 228.0000, 1.257e-9
96.0000, 228.0000, 1.257e-9
98.0000, 228.0000, 1.258e-9
100.0000, 228.0000, 1.263e-9
102.0000, 228.0000, 1.262e-9
104.0000, 228.0000, 1.259e-9
106.0000, 228.0000, 1.260e-9
108.0000, 228.0000, 1.262e-9
110.0000, 228.0000, 1.261e-9
112.0000, 228.0000, 1.262e-9
114.0000, 228.0000, 1.269e-9
116.0000, 228.0000, 1.274e-9
118.0000, 228.0000, 1.274e-9
120.0000, 228.0000, 1.275e-9
122.0000, 228.0000, 1.280e-9
124.0000, 228.0000, 1.282e-9
126.0000, 228.0000, 1.284e-9
128.0000, 228.0000, 1.287e-9
130.0000, 228.0000, 1.290e-9
132.0000, 228.0000, 1.291e-9
134.0000, 228.0000, 1.293e-9
136.0000, 228.0000, 1.297e-9
138.0000, 228.0000, 1.299e-9
140.0000, 228.0000, 1.296e-9
142.0000, 228.0000, 1.296e-9
144.0000, 228.0000, 1.298e-9
146.0000, 228.0000, 1.300e-9
148.0000, 228.0000, 1.300e-9
150.0000, 228.0000, 1.302e-9
152.0000, 228.0000, 1.303e-9
154.0000, 228.0000, 1.303e-9
156.0000, 228.0000, 1.302e-9
158.0000, 228.0000, 1.304e-9
160.0000, 228.0000, 1.308e-9
162.0000, 228.0000, 1.308e-9
164.0000, 228.0000, 1.305e-9
166.0000, 228.0000, 1.308e-9
168.0000, 228.0000, 1.312e-9
170.0000, 228.0000, 1.310e-9
172.0000, 228.0000, 1.310e-9
174.0000, 228.0000, 1.315e-9
176.0000, 228.0000, 1.319e-9
178.0000, 228.0000, 1.318e-9
180.0000, 228.0000, 1.322e-9
182.0000, 228.0000, 1.331e-9
184.0000, 228.0000, 1.332e-9
186.0000, 228.0000, 1.332e-9
188.0000, 228.0000, 1.333e-9
190.0000, 228.0000, 1.336e-9
192.0000, 228.0000, 1.336e-9
194.0000, 228.0000, 1.335e-9
196.0000, 228.0000, 1.335e-9
198.0000, 228.0000, 1.336e-9
200.0000, 228.0000, 1.335e-9
202.0000, 228.0000, 1.331e-9
204.0000, 228.0000, 1.329e-9
206.0000, 228.0000, 1.330e-9
208.0000, 228.0000, 1.330e-9
210.0000, 228.0000, 1.327e-9
212.0000, 228.0000, 1.328e-9
214.0000, 228.0000, 1.331e-9
216.0000, 228.0000, 1.331e-9
218.0000, 228.0000, 1.327e-9
220.0000, 228.0000, 1.327e-9
222.0000, 228.0000, 1.330e-9
224.0000, 228.0000, 1.331e-9
226.0000, 228.0000, 1.326e-9
228.0000, 228.0000, 1.325e-9
230.0000, 228.0000, 1.330e-9
232.0000, 228.0000, 1.328e-9
234.0000, 228.0000, 1.325e-9
236.0000, 228.0000, 1.330e-9
238.0000, 228.0000, 1.334e-9
240.0000, 228.0000, 1.333e-9
242.0000, 228.0000, 1.332e-9
244.0000, 228.0000, 1.332e-9
246.0000, 228.0000, 1.333e-9
248.0000, 228.0000, 1.335e-9
0.0000, 230.0000, 1.448e-9
2.0000, 230.0000, 1.404e-9
4.0000, 230.0000, 1.394e-9
6.0000, 230.0000, 1.362e-9
8.0000, 230.0000, 1.326e-9
10.0000, 230.0000, 1.323e-9
12.0000, 230.0000, 1.328e-9
14.0000, 230.0000, 1.296e-9
16.0000, 230.0000, 1.262e-9
18.0000, 230.0000, 1.266e-9
20.0000, 230.0000, 1.262e-9
22.0000, 230.0000, 1.233e-9
24.0000, 230.0000, 1.224e-9
26.0000, 230.0000, 1.235e-9
28.0000, 230.0000, 1.227e-9
30.0000, 230.0000, 1.207e-9
32.0000, 230.0000, 1.212e-9
34.0000, 230.0000, 1.214e-9
36.0000, 230.0000, 1.200e-9
38.0000, 230.0000, 1.188e-9
40.0000, 230.0000, 1.190e-9
42.0000, 230.0000, 1.192e-9
44.0000, 230.0000, 1.188e-9
46.0000, 230.0000, 1.186e-9
48.0000, 230.0000, 1.190e-9
50.0000, 230.0000, 1.192e-9
52.0000, 230.0000, 1.190e-9
54.0000, 230.0000, 1.193e-9
56.0000, 230.0000, 1.198e-9
58.0000, 230.0000, 1.193e-9
60.0000, 230.0000, 1.193e-9
62.0000, 230.0000, 1.203e-9
64.0000, 230.0000, 1.203e-9
66.0000, 230.0000, 1.200e-9
68.0000, 230.0000, 1.207e-9
70.0000, 230.0000, 1.215e-9
72.0000, 230.0000, 1.213e-9
74.0000, 230.0000, 1.217e-9
76.0000, 230.0000, 1.227e-9
78.0000, 230.0000, 1.235e-9
80.0000, 230.0000, 1.237e-9
82.0000, 230.0000, 1.239e-9
84.0000, 230.0000, 1.243e-9
86.0000, 230.0000, 1.249e-9
88.0000, 230.0000, 1.251e-9
90.0000, 230.0000, 1.250e-9
92.0000, 230.0000, 1.252e-9
94.0000, 230.0000, 1.253e-9
96.0000, 230.0000, 1.252e-9
98.0000, 230.0000, 1.252e-9
100.0000, 230.0000, 1.256e-9
102.0000, 230.0000, 1.255e-9
104.0000, 230.0000, 1.253e-9
106.0000, 230.0000, 1.255e-9
108.0000, 230.0000, 1.258e-9
110.0000, 230.0000, 1.256e-9
112.0000, 230.0000, 1.257e-9
114.0000, 230.0000, 1.264e-9
116.0000, 230.0000, 1.266e-9
118.0000, 230.0000, 1.265e-9
120.0000, 230.0000, 1.267e-9
122.0000, 230.0000, 1.271e-9
124.0000, 230.0000, 1.273e-9
126.0000, 230.0000, 1.275e-9
128.0000, 230.0000, 1.279e-9
130.0000, 230.0000, 1.283e-9
132.0000, 230.0000, 1.282e-9
134.0000, 230.0000, 1.283e-9
136.0000, 230.0000, 1.287e-9
138.0000, 230.0000, 1.290e-9
140.0000, 230.0000, 1.290e-9
142.0000, 230.0000, 1.292e-9
144.0000, 230.0000, 1.296e-9
146.0000, 230.0000, 1.297e-9
148.0000, 230.0000, 1.296e-9
150.0000, 230.0000, 1.298e-9
152.0000, 230.0000, 1.301e-9
154.0000, 230.0000, 1.300e-9
156.0000, 230.0000, 1.299e-9
158.0000, 230.0000, 1.300e-9
160.0000, 230.0000, 1.300e-9
162.0000, 230.0000, 1.298e-9
164.0000, 230.0000, 1.297e-9
166.0000, 230.0000, 1.302e-9
168.0000, 230.0000, 1.308e-9
170.0000, 230.0000, 1.307e-9
172.0000, 230.0000, 1.306e-9
174.0000, 230.0000, 1.309e-9
176.0000, 230.0000, 1.311e-9
178.0000, 230.0000, 1.310e-9
180.0000, 230.0000, 1.316e-9
182.0000, 230.0000, 1.324e-9
184.0000, 230.0000, 1.325e-9
186.0000, 230.0000, 1.324e-9
188.0000, 230.0000, 1.327e-9
190.0000, 230.0000, 1.333e-9
192.0000, 230.0000, 1.332e-9
194.0000, 230.0000, 1.329e-9
196.0000, 230.0000, 1.331e-9
198.0000, 230.0000, 1.333e-9
200.0000, 230.0000, 1.330e-9
202.0000, 230.0000, 1.326e-9
204.0000, 230.0000, 1.326e-9
206.0000, 230.0000, 1.328e-9
208.0000, 230.0000, 1.324e-9
210.0000, 230.0000, 1.322e-9
212.0000, 230.0000, 1.325e-9
214.0000, 230.0000, 1.325e-9
216.0000, 230.0000, 1.323e-9
218.0000, 230.0000, 1.323e-9
220.0000, 230.0000, 1.322e-9
222.0000, 230.0000, 1.321e-9
224.0000, 230.0000, 1.320e-9
226.0000, 230.0000, 1.319e-9
228.0000, 230.0000, 1.319e-9
230.0000, 230.0000, 1.324e-9
232.0000, 230.0000, 1.324e-9
234.0000, 230.0000, 1.320e-9
236.0000, 230.0000, 1.321e-9
238.0000, 230.0000, 1.325e-9
240.0000, 230.0000, 1.324e-9
242.0000, 230.0000, 1.321e-9
244.0000, 230.0000, 1.325e-9
246.0000, 230.0000, 1.332e-9
248.0000, 230.0000, 1.334e-9
0.0000, 232.0000, 1.474e-9
2.0000, 232.0000, 1.420e-9
4.0000, 232.0000, 1.402e-9
6.0000, 232.0000, 1.369e-9
8.0000, 232.0000, 1.331e-9
10.0000, 232.0000, 1.318e-9
12.0000, 232.0000, 1.326e-9
14.0000, 232.0000, 1.297e-9
16.0000, 232.0000, 1.262e-9
18.0000, 232.0000, 1.268e-9
20.0000, 232.0000, 1.280e-9
22.0000, 232.0000, 1.251e-9
24.0000, 232.0000, 1.230e-9
26.0000, 232.0000, 1.236e-9
28.0000, 232.0000, 1.226e-9
30.0000, 232.0000, 1.201e-9
32.0000, 232.0000, 1.192e-9
34.0000, 232.0000, 1.193e-9
36.0000, 232.0000, 1.187e-9
38.0000, 232.0000, 1.179e-9
40.0000, 232.0000, 1.181e-9
42.0000, 232.0000, 1.180e-9
44.0000, 232.0000, 1.175e-9
46.0000, 232.0000, 1.174e-9
48.0000, 232.0000, 1.179e-9
50.0000, 232.0000, 1.182e-9
52.0000, 232.0000, 1.181e-9
54.0000, 232.0000, 1.183e-9
56.0000, 232.0000, 1.184e-9
58.0000, 232.0000, 1.182e-9
60.0000, 232.0000, 1.183e-9
62.0000, 232.0000, 1.192e-9
64.0000, 232.0000, 1.193e-9
66.0000, 232.0000, 1.190e-9
68.0000, 232.0000, 1.198e-9
70.0000, 232.0000, 1.209e-9
72.0000, 232.0000, 1.208e-9
74.0000, 232.0000, 1.211e-9
76.0000, 232.0000, 1.224e-9
78.0000, 232.0000, 1.233e-9
80.0000, 232.0000, 1.232e-9
82.0000, 232.0000, 1.235e-9
84.0000, 232.0000, 1.244e-9
86.0000, 232.0000, 1.247e-9
88.0000, 232.0000, 1.246e-9
90.0000, 232.0000, 1.246e-9
92.0000, 232.0000, 1.250e-9
94.0000, 232.0000, 1.252e-9
96.0000, 232.0000, 1.250e-9
98.0000, 232.0000, 1.250e-9
100.0000, 232.0000, 1.255e-9
102.0000, 232.0000, 1.254e-9
104.0000, 232.0000, 1.251e-9
106.0000, 232.0000, 1.254e-9
108.0000, 232.0000, 1.258e-9
110.0000, 232.0000, 1.255e-9
112.0000, 232.0000, 1.254e-9
114.0000, 232.0000, 1.260e-9
116.0000, 232.0000, 1.266e-9
118.0000, 232.0000, 1.266e-9
120.0000, 232.0000, 1.265e-9
122.0000, 232.0000, 1.266e-9
124.0000, 232.0000, 1.270e-9
126.0000, 232.0000, 1.273e-9
128.0000, 232.0000, 1.271e-9
130.0000, 232.0000, 1.270e-9
132.0000, 232.0000, 1.276e-9
134.0000, 232.0000, 1.280e-9
136.0000, 232.0000, 1.279e-9
138.0000, 232.0000, 1.281e-9
140.0000, 232.0000, 1.287e-9
142.0000, 232.0000, 1.289e-9
144.0000, 232.0000, 1.289e-9
146.0000, 232.0000, 1.290e-9
148.0000, 232.0000, 1.292e-9
150.0000, 232.0000, 1.293e-9
152.0000, 232.0000, 1.293e-9
154.0000, 232.0000, 1.293e-9
156.0000, 232.0000, 1.294e-9
158.0000, 232.0000, 1.295e-9
160.0000, 232.0000, 1.296e-9
162.0000, 232.0000, 1.296e-9
164.0000, 232.0000, 1.294e-9
166.0000, 232.0000, 1.296e-9
168.0000, 232.0000, 1.300e-9
170.0000, 232.0000, 1.301e-9
172.0000, 232.0000, 1.301e-9
174.0000, 232.0000, 1.306e-9
176.0000, 232.0000, 1.310e-9
178.0000, 232.0000, 1.309e-9
180.0000, 232.0000, 1.311e-9
182.0000, 232.0000, 1.319e-9
184.0000, 232.0000, 1.321e-9
186.0000, 232.0000, 1.319e-9
188.0000, 232.0000, 1.323e-9
190.0000, 232.0000, 1.329e-9
192.0000, 232.0000, 1.327e-9
194.0000, 232.0000, 1.324e-9
196.0000, 232.0000, 1.325e-9
198.0000, 232.0000, 1.325e-9
200.0000, 232.0000, 1.322e-9
202.0000, 232.0000, 1.316e-9
204.0000, 232.0000, 1.316e-9
206.0000, 232.0000, 1.321e-9
208.0000, 232.0000, 1.318e-9
210.0000, 232.0000, 1.313e-9
212.0000, 232.0000, 1.316e-9
214.0000, 232.0000, 1.321e-9
216.0000, 232.0000, 1.319e-9
218.0000, 232.0000, 1.315e-9
220.0000, 232.0000, 1.318e-9
222.0000, 232.0000, 1.321e-9
224.0000, 232.0000, 1.318e-9
226.0000, 232.0000, 1.316e-9
228.0000, 232.0000, 1.322e-9
230.0000, 232.0000, 1.326e-9
232.0000, 232.0000, 1.319e-9
234.0000, 232.0000, 1.318e-9
236.0000, 232.0000, 1.325e-9
238.0000, 232.0000, 1.327e-9
240.0000, 232.0000, 1.321e-9
242.0000, 232.0000, 1.320e-9
244.0000, 232.0000, 1.324e-9
246.0000, 232.0000, 1.326e-9
248.0000, 232.0000, 1.326e-9
0.0000, 234.0000, 1.395e-9
2.0000, 234.0000, 1.358e-9
4.0000, 234.0000, 1.343e-9
6.0000, 234.0000, 1.351e-9
8.0000, 234.0000, 1.331e-9
10.0000, 234.0000, 1.283e-9
12.0000, 234.0000, 1.276e-9
14.0000, 234.0000, 1.279e-9
16.0000, 234.0000, 1.253e-9
18.0000, 234.0000, 1.223e-9
20.0000, 234.0000, 1.223e-9
22.0000, 234.0000, 1.220e-9
24.0000, 234.0000, 1.205e-9
26.0000, 234.0000, 1.192e-9
28.0000, 234.0000, 1.190e-9
30.0000, 234.0000, 1.187e-9
32.0000, 234.0000, 1.174e-9
34.0000, 234.0000, 1.170e-9
36.0000, 234.0000, 1.181e-9
38.0000, 234.0000, 1.182e-9
40.0000, 234.0000, 1.172e-9
42.0000, 234.0000, 1.165e-9
44.0000, 234.0000, 1.172e-9
46.0000, 234.0000, 1.176e-9
48.0000, 234.0000, 1.173e-9
50.0000, 234.0000, 1.177e-9
52.0000, 234.0000, 1.181e-9
54.0000, 234.0000, 1.179e-9
56.0000, 234.0000, 1.178e-9
58.0000, 234.0000, 1.180e-9
60.0000, 234.0000, 1.184e-9
62.0000, 234.0000, 1.185e-9
64.0000, 234.0000, 1.184e-9
66.0000, 234.0000, 1.186e-9
68.0000, 234.0000, 1.192e-9
70.0000, 234.0000, 1.198e-9
72.0000, 234.0000, 1.200e-9
74.0000, 234.0000, 1.208e-9
76.0000, 234.0000, 1.218e-9
78.0000, 234.0000, 1.225e-9
80.0000, 234.0000, 1.228e-9
82.0000, 234.0000, 1.231e-9
84.0000, 234.0000, 1.238e-9
86.0000, 234.0000, 1.243e-9
88.0000, 234.0000, 1.245e-9
90.0000, 234.0000, 1.245e-9
92.0000, 234.0000, 1.249e-9
94.0000, 234.0000, 1.250e-9
96.0000, 234.0000, 1.248e-9
98.0000, 234.0000, 1.248e-9
100.0000, 234.0000, 1.252e-9
102.0000, 234.0000, 1.250e-9
104.0000, 234.0000, 1.245e-9
106.0000, 234.0000, 1.249e-9
108.0000, 234.0000, 1.256e-9
110.0000, 234.0000, 1.252e-9
112.0000, 234.0000, 1.250e-9
114.0000, 234.0000, 1.257e-9
116.0000, 234.0000, 1.263e-9
118.0000, 234.0000, 1.262e-9
120.0000, 234.0000, 1.261e-9
122.0000, 234.0000, 1.265e-9
124.0000, 234.0000, 1.267e-9
126.0000, 234.0000, 1.265e-9
128.0000, 234.0000, 1.267e-9
130.0000, 234.0000, 1.275e-9
132.0000, 234.0000, 1.280e-9
134.0000, 234.0000, 1.277e-9
136.0000, 234.0000, 1.278e-9
138.0000, 234.0000, 1.286e-9
140.0000, 234.0000, 1.289e-9
142.0000, 234.0000, 1.286e-9
144.0000, 234.0000, 1.287e-9
146.0000, 234.0000, 1.290e-9
148.0000, 234.0000, 1.289e-9
150.0000, 234.0000, 1.288e-9
152.0000, 234.0000, 1.292e-9
154.0000, 234.0000, 1.293e-9
156.0000, 234.0000, 1.291e-9
158.0000, 234.0000, 1.291e-9
160.0000, 234.0000, 1.296e-9
162.0000, 234.0000, 1.295e-9
164.0000, 234.0000, 1.291e-9
166.0000, 234.0000, 1.294e-9
168.0000, 234.0000, 1.300e-9
170.0000, 234.0000, 1.299e-9
172.0000, 234.0000, 1.297e-9
174.0000, 234.0000, 1.302e-9
176.0000, 234.0000, 1.307e-9
178.0000, 234.0000, 1.305e-9
180.0000, 234.0000, 1.307e-9
182.0000, 234.0000, 1.315e-9
184.0000, 234.0000, 1.316e-9
186.0000, 234.0000, 1.315e-9
188.0000, 234.0000, 1.320e-9
190.0000, 234.0000, 1.326e-9
192.0000, 234.0000, 1.323e-9
194.0000, 234.0000, 1.322e-9
196.0000, 234.0000, 1.324e-9
198.0000, 234.0000, 1.324e-9
200.0000, 234.0000, 1.319e-9
202.0000, 234.0000, 1.315e-9
204.0000, 234.0000, 1.316e-9
206.0000, 234.0000, 1.317e-9
208.0000, 234.0000, 1.313e-9
210.0000, 234.0000, 1.310e-9
212.0000, 234.0000, 1.313e-9
214.0000, 234.0000, 1.316e-9
216.0000, 234.0000, 1.316e-9
218.0000, 234.0000, 1.313e-9
220.0000, 234.0000, 1.313e-9
222.0000, 234.0000, 1.317e-9
224.0000, 234.0000, 1.315e-9
226.0000, 234.0000, 1.312e-9
228.0000, 234.0000, 1.313e-9
230.0000, 234.0000, 1.317e-9
232.0000, 234.0000, 1.315e-9
234.0000, 234.0000, 1.311e-9
236.0000, 234.0000, 1.314e-9
238.0000, 234.0000, 1.319e-9
240.0000, 234.0000, 1.317e-9
242.0000, 234.0000, 1.315e-9
244.0000, 234.0000, 1.320e-9
246.0000, 234.0000, 1.323e-9
248.0000, 234.0000, 1.322e-9
0.0000, 236.0000, 1.425e-9
2.0000, 236.0000, 1.374e-9
4.0000, 236.0000, 1.369e-9
6.0000, 236.0000, 1.359e-9
8.0000, 236.0000, 1.320e-9
10.0000, 236.0000, 1.281e-9
12.0000, 236.0000, 1.282e-9
14.0000, 236.0000, 1.278e-9
16.0000, 236.0000, 1.249e-9
18.0000, 236.0000, 1.227e-9
20.0000, 236.0000, 1.234e-9
22.0000, 236.0000, 1.227e-9
24.0000, 236.0000, 1.206e-9
26.0000, 236.0000, 1.194e-9
28.0000, 236.0000, 1.194e-9
30.0000, 236.0000, 1.192e-9
32.0000, 236.0000, 1.180e-9
34.0000, 236.0000, 1.178e-9
36.0000, 236.0000, 1.185e-9
38.0000, 236.0000, 1.183e-9
40.0000, 236.0000, 1.174e-9
42.0000, 236.0000, 1.177e-9
44.0000, 236.0000, 1.182e-9
46.0000, 236.0000, 1.178e-9
48.0000, 236.0000, 1.174e-9
50.0000, 236.0000, 1.181e-9
52.0000, 236.0000, 1.188e-9
54.0000, 236.0000, 1.189e-9
56.0000, 236.0000, 1.189e-9
58.0000, 236.0000, 1.191e-9
60.0000, 236.0000, 1.197e-9
62.0000, 236.0000, 1.197e-9
64.0000, 236.0000, 1.196e-9
66.0000, 236.0000, 1.199e-9
68.0000, 236.0000, 1.207e-9
70.0000, 236.0000, 1.210e-9
72.0000, 236.0000, 1.212e-9
74.0000, 236.0000, 1.218e-9
76.0000, 236.0000, 1.226e-9
78.0000, 236.0000, 1.231e-9
80.0000, 236.0000, 1.232e-9
82.0000, 236.0000, 1.234e-9
84.0000, 236.0000, 1.241e-9
86.0000, 236.0000, 1.245e-9
88.0000, 236.0000, 1.244e-9
90.0000, 236.0000, 1.244e-9
92.0000, 236.0000, 1.253e-9
94.0000, 236.0000, 1.256e-9
96.0000, 236.0000, 1.252e-9
98.0000, 236.0000, 1.252e-9
100.0000, 236.0000, 1.259e-9
102.0000, 236.0000, 1.256e-9
104.0000, 236.0000, 1.250e-9
106.0000, 236.0000, 1.255e-9
108.0000, 236.0000, 1.261e-9
110.0000, 236.0000, 1.255e-9
112.0000, 236.0000, 1.253e-9
114.0000, 236.0000, 1.262e-9
116.0000, 236.0000, 1.266e-9
118.0000, 236.0000, 1.263e-9
120.0000, 236.0000, 1.265e-9
122.0000, 236.0000, 1.266e-9
124.0000, 236.0000, 1.260e-9
126.0000, 236.0000, 1.263e-9
128.0000, 236.0000, 1.281e-9
130.0000, 236.0000, 1.291e-9
132.0000, 236.0000, 1.283e-9
134.0000, 236.0000, 1.284e-9
136.0000, 236.0000, 1.298e-9
138.0000, 236.0000, 1.300e-9
140.0000, 236.0000, 1.291e-9
142.0000, 236.0000, 1.295e-9
144.0000, 236.0000, 1.304e-9
146.0000, 236.0000, 1.299e-9
148.0000, 236.0000, 1.291e-9
150.0000, 236.0000, 1.302e-9
152.0000, 236.0000, 1.310e-9
154.0000, 236.0000, 1.303e-9
156.0000, 236.0000, 1.296e-9
158.0000, 236.0000, 1.302e-9
160.0000, 236.0000, 1.306e-9
162.0000, 236.0000, 1.299e-9
164.0000, 236.0000, 1.296e-9
166.0000, 236.0000, 1.304e-9
168.0000, 236.0000, 1.307e-9
170.0000, 236.0000, 1.300e-9
172.0000, 236.0000, 1.298e-9
174.0000, 236.0000, 1.307e-9
176.0000, 236.0000, 1.310e-9
178.0000, 236.0000, 1.307e-9
180.0000, 236.0000, 1.314e-9
182.0000, 236.0000, 1.322e-9
184.0000, 236.0000, 1.321e-9
186.0000, 236.0000, 1.318e-9
188.0000, 236.0000, 1.323e-9
190.0000, 236.0000, 1.327e-9
192.0000, 236.0000, 1.325e-9
194.0000, 236.0000, 1.324e-9
196.0000, 236.0000, 1.327e-9
198.0000, 236.0000, 1.325e-9
200.0000, 236.0000, 1.319e-9
202.0000, 236.0000, 1.317e-9
204.0000, 236.0000, 1.319e-9
206.0000, 236.0000, 1.318e-9
208.0000, 236.0000, 1.313e-9
210.0000, 236.0000, 1.312e-9
212.0000, 236.0000, 1.317e-9
214.0000, 236.0000, 1.319e-9
216.0000, 236.0000, 1.316e-9
218.0000, 236.0000, 1.312e-9
220.0000, 236.0000, 1.315e-9
222.0000, 236.0000, 1.320e-9
224.0000, 236.0000, 1.317e-9
226.0000, 236.0000, 1.314e-9
228.0000, 236.0000, 1.318e-9
230.0000, 236.0000, 1.322e-9
232.0000, 236.0000, 1.317e-9
234.0000, 236.0000, 1.314e-9
236.0000, 236.0000, 1.317e-9
238.0000, 236.0000, 1.322e-9
240.0000, 236.0000, 1.323e-9
242.0000, 236.0000, 1.321e-9
244.0000, 236.0000, 1.320e-9
246.0000, 236.0000, 1.324e-9
248.0000, 236.0000, 1.327e-9
0.0000, 238.0000, 1.372e-9
2.0000, 238.0000, 1.329e-9
4.0000, 238.0000, 1.321e-9
6.0000, 238.0000, 1.303e-9
8.0000, 238.0000, 1.271e-9
10.0000, 238.0000, 1.255e-9
12.0000, 238.0000, 1.261e-9
14.0000, 238.0000, 1.246e-9
16.0000, 238.0000, 1.220e-9
18.0000, 238.0000, 1.209e-9
20.0000, 238.0000, 1.214e-9
22.0000, 238.0000, 1.205e-9
24.0000, 238.0000, 1.193e-9
26.0000, 238.0000, 1.190e-9
28.0000, 238.0000, 1.190e-9
30.0000, 238.0000, 1.183e-9
32.0000, 238.0000, 1.169e-9
34.0000, 238.0000, 1.171e-9
36.0000, 238.0000, 1.187e-9
38.0000, 238.0000, 1.185e-9
40.0000, 238.0000, 1.171e-9
42.0000, 238.0000, 1.178e-9
44.0000, 238.0000, 1.185e-9
46.0000, 238.0000, 1.180e-9
48.0000, 238.0000, 1.176e-9
50.0000, 238.0000, 1.186e-9
52.0000, 238.0000, 1.192e-9
54.0000, 238.0000, 1.186e-9
56.0000, 238.0000, 1.184e-9
58.0000, 238.0000, 1.191e-9
60.0000, 238.0000, 1.198e-9
62.0000, 238.0000, 1.196e-9
64.0000, 238.0000, 1.196e-9
66.0000, 238.0000, 1.208e-9
68.0000, 238.0000, 1.217e-9
70.0000, 238.0000, 1.215e-9
72.0000, 238.0000, 1.217e-9
74.0000, 238.0000, 1.230e-9
76.0000, 238.0000, 1.237e-9
78.0000, 238.0000, 1.234e-9
80.0000, 238.0000, 1.239e-9
82.0000, 238.0000, 1.249e-9
84.0000, 238.0000, 1.251e-9
86.0000, 238.0000, 1.249e-9
88.0000, 238.0000, 1.249e-9
90.0000, 238.0000, 1.253e-9
92.0000, 238.0000, 1.256e-9
94.0000, 238.0000, 1.253e-9
96.0000, 238.0000, 1.248e-9
98.0000, 238.0000, 1.252e-9
100.0000, 238.0000, 1.256e-9
102.0000, 238.0000, 1.250e-9
104.0000, 238.0000, 1.249e-9
106.0000, 238.0000, 1.257e-9
108.0000, 238.0000, 1.259e-9
110.0000, 238.0000, 1.253e-9
112.0000, 238.0000, 1.255e-9
114.0000, 238.0000, 1.261e-9
116.0000, 238.0000, 1.263e-9
118.0000, 238.0000, 1.263e-9
120.0000, 238.0000, 1.265e-9
122.0000, 238.0000, 1.263e-9
124.0000, 238.0000, 1.261e-9
126.0000, 238.0000, 1.269e-9
128.0000, 238.0000, 1.279e-9
130.0000, 238.0000, 1.280e-9
132.0000, 238.0000, 1.277e-9
134.0000, 238.0000, 1.284e-9
136.0000, 238.0000, 1.293e-9
138.0000, 238.0000, 1.291e-9
140.0000, 238.0000, 1.287e-9
142.0000, 238.0000, 1.294e-9
144.0000, 238.0000, 1.298e-9
146.0000, 238.0000, 1.292e-9
148.0000, 238.0000, 1.290e-9
150.0000, 238.0000, 1.297e-9
152.0000, 238.0000, 1.299e-9
154.0000, 238.0000, 1.294e-9
156.0000, 238.0000, 1.292e-9
158.0000, 238.0000, 1.295e-9
160.0000, 238.0000, 1.295e-9
162.0000, 238.0000, 1.293e-9
164.0000, 238.0000, 1.292e-9
166.0000, 238.0000, 1.297e-9
168.0000, 238.0000, 1.302e-9
170.0000, 238.0000, 1.299e-9
172.0000, 238.0000, 1.297e-9
174.0000, 238.0000, 1.300e-9
176.0000, 238.0000, 1.303e-9
178.0000, 238.0000, 1.302e-9
180.0000, 238.0000, 1.310e-9
182.0000, 238.0000, 1.320e-9
184.0000, 238.0000, 1.319e-9
186.0000, 238.0000, 1.317e-9
188.0000, 238.0000, 1.322e-9
190.0000, 238.0000, 1.327e-9
192.0000, 238.0000, 1.323e-9
194.0000, 238.0000, 1.322e-9
196.0000, 238.0000, 1.326e-9
198.0000, 238.0000, 1.325e-9
200.0000, 238.0000, 1.321e-9
202.0000, 238.0000, 1.320e-9
204.0000, 238.0000, 1.321e-9
206.0000, 238.0000, 1.320e-9
208.0000, 238.0000, 1.315e-9
210.0000, 238.0000, 1.313e-9
212.0000, 238.0000, 1.314e-9
214.0000, 238.0000, 1.315e-9
216.0000, 238.0000, 1.315e-9
218.0000, 238.0000, 1.316e-9
220.0000, 238.0000, 1.315e-9
222.0000, 238.0000, 1.314e-9
224.0000, 238.0000, 1.315e-9
226.0000, 238.0000, 1.314e-9
228.0000, 238.0000, 1.314e-9
230.0000, 238.0000, 1.316e-9
232.0000, 238.0000, 1.315e-9
234.0000, 238.0000, 1.313e-9
236.0000, 238.0000, 1.314e-9
238.0000, 238.0000, 1.316e-9
240.0000, 238.0000, 1.319e-9
242.0000, 238.0000, 1.320e-9
244.0000, 238.0000, 1.321e-9
246.0000, 238.0000, 1.324e-9
248.0000, 238.0000, 1.324e-9
0.0000, 240.0000, 1.384e-9
2.0000, 240.0000, 1.332e-9
4.0000, 240.0000, 1.326e-9
6.0000, 240.0000, 1.321e-9
8.0000, 240.0000, 1.296e-9
10.0000, 240.0000, 1.270e-9
12.0000, 240.0000, 1.280e-9
14.0000, 240.0000, 1.274e-9
16.0000, 240.0000, 1.250e-9
18.0000, 240.0000, 1.236e-9
20.0000, 240.0000, 1.241e-9
22.0000, 240.0000, 1.229e-9
24.0000, 240.0000, 1.209e-9
26.0000, 240.0000, 1.203e-9
28.0000, 240.0000, 1.202e-9
30.0000, 240.0000, 1.192e-9
32.0000, 240.0000, 1.179e-9
34.0000, 240.0000, 1.182e-9
36.0000, 240.0000, 1.192e-9
38.0000, 240.0000, 1.188e-9
40.0000, 240.0000, 1.179e-9
42.0000, 240.0000, 1.196e-9
44.0000, 240.0000, 1.202e-9
46.0000, 240.0000, 1.192e-9
48.0000, 240.0000, 1.187e-9
50.0000, 240.0000, 1.198e-9
52.0000, 240.0000, 1.201e-9
54.0000, 240.0000, 1.194e-9
56.0000, 240.0000, 1.193e-9
58.0000, 240.0000, 1.200e-9
60.0000, 240.0000, 1.202e-9
62.0000, 240.0000, 1.199e-9
64.0000, 240.0000, 1.202e-9
66.0000, 240.0000, 1.211e-9
68.0000, 240.0000, 1.214e-9
70.0000, 240.0000, 1.215e-9
72.0000, 240.0000, 1.218e-9
74.0000, 240.0000, 1.228e-9
76.0000, 240.0000, 1.237e-9
78.0000, 240.0000, 1.241e-9
80.0000, 240.0000, 1.243e-9
82.0000, 240.0000, 1.246e-9
84.0000, 240.0000, 1.250e-9
86.0000, 240.0000, 1.252e-9
88.0000, 240.0000, 1.252e-9
90.0000, 240.0000, 1.251e-9
92.0000, 240.0000, 1.252e-9
94.0000, 240.0000, 1.252e-9
96.0000, 240.0000, 1.251e-9
98.0000, 240.0000, 1.252e-9
100.0000, 240.0000, 1.252e-9
102.0000, 240.0000, 1.250e-9
104.0000, 240.0000, 1.250e-9
106.0000, 240.0000, 1.254e-9
108.0000, 240.0000, 1.255e-9
110.0000, 240.0000, 1.252e-9
112.0000, 240.0000, 1.256e-9
114.0000, 240.0000, 1.263e-9
116.0000, 240.0000, 1.264e-9
118.0000, 240.0000, 1.263e-9
120.0000, 240.0000, 1.268e-9
122.0000, 240.0000, 1.268e-9
124.0000, 240.0000, 1.267e-9
126.0000, 240.0000, 1.272e-9
128.0000, 240.0000, 1.279e-9
130.0000, 240.0000, 1.281e-9
132.0000, 240.0000, 1.280e-9
134.0000, 240.0000, 1.285e-9
136.0000, 240.0000, 1.290e-9
138.0000, 240.0000, 1.288e-9
140.0000, 240.0000, 1.288e-9
142.0000, 240.0000, 1.296e-9
144.0000, 240.0000, 1.298e-9
146.0000, 240.0000, 1.294e-9
148.0000, 240.0000, 1.296e-9
150.0000, 240.0000, 1.304e-9
152.0000, 240.0000, 1.304e-9
154.0000, 240.0000, 1.298e-9
156.0000, 240.0000, 1.297e-9
158.0000, 240.0000, 1.299e-9
160.0000, 240.0000, 1.299e-9
162.0000, 240.0000, 1.297e-9
164.0000, 240.0000, 1.299e-9
166.0000, 240.0000, 1.302e-9
168.0000, 240.0000, 1.302e-9
170.0000, 240.0000, 1.301e-9
172.0000, 240.0000, 1.301e-9
174.0000, 240.0000, 1.304e-9
176.0000, 240.0000, 1.305e-9
178.0000, 240.0000, 1.305e-9
180.0000, 240.0000, 1.311e-9
182.0000, 240.0000, 1.318e-9
184.0000, 240.0000, 1.319e-9
186.0000, 240.0000, 1.319e-9
188.0000, 240.0000, 1.323e-9
190.0000, 240.0000, 1.328e-9
192.0000, 240.0000, 1.327e-9
194.0000, 240.0000, 1.326e-9
196.0000, 240.0000, 1.329e-9
198.0000, 240.0000, 1.330e-9
200.0000, 240.0000, 1.326e-9
202.0000, 240.0000, 1.324e-9
204.0000, 240.0000, 1.324e-9
206.0000, 240.0000, 1.324e-9
208.0000, 240.0000, 1.319e-9
210.0000, 240.0000, 1.316e-9
212.0000, 240.0000, 1.318e-9
214.0000, 240.0000, 1.320e-9
216.0000, 240.0000, 1.321e-9
218.0000, 240.0000, 1.320e-9
220.0000, 240.0000, 1.318e-9
222.0000, 240.0000, 1.320e-9
224.0000, 240.0000, 1.321e-9
226.0000, 240.0000, 1.319e-9
228.0000, 240.0000, 1.319e-9
230.0000, 240.0000, 1.322e-9
232.0000, 240.0000, 1.320e-9
234.0000, 240.0000, 1.317e-9
236.0000, 240.0000, 1.318e-9
238.0000, 240.0000, 1.323e-9
240.0000, 240.0000, 1.327e-9
242.0000, 240.0000, 1.326e-9
244.0000, 240.0000, 1.326e-9
246.0000, 240.0000, 1.329e-9
248.0000, 240.0000, 1.330e-9
0.0000, 242.0000, 1.480e-9
2.0000, 242.0000, 1.437e-9
4.0000, 242.0000, 1.434e-9
6.0000, 242.0000, 1.457e-9
8.0000, 242.0000, 1.437e-9
10.0000, 242.0000, 1.382e-9
12.0000, 242.0000, 1.394e-9
14.0000, 242.0000, 1.410e-9
16.0000, 242.0000, 1.379e-9
18.0000, 242.0000, 1.339e-9
20.0000, 242.0000, 1.355e-9
22.0000, 242.0000, 1.353e-9
24.0000, 242.0000, 1.316e-9
26.0000, 242.0000, 1.290e-9
28.0000, 242.0000, 1.303e-9
30.0000, 242.0000, 1.293e-9
32.0000, 242.0000, 1.255e-9
34.0000, 242.0000, 1.250e-9
36.0000, 242.0000, 1.267e-9
38.0000, 242.0000, 1.255e-9
40.0000, 242.0000, 1.228e-9
42.0000, 242.0000, 1.235e-9
44.0000, 242.0000, 1.245e-9
46.0000, 242.0000, 1.232e-9
48.0000, 242.0000, 1.214e-9
50.0000, 242.0000, 1.226e-9
52.0000, 242.0000, 1.233e-9
54.0000, 242.0000, 1.219e-9
56.0000, 242.0000, 1.214e-9
58.0000, 242.0000, 1.229e-9
60.0000, 242.0000, 1.232e-9
62.0000, 242.0000, 1.220e-9
64.0000, 242.0000, 1.225e-9
66.0000, 242.0000, 1.241e-9
68.0000, 242.0000, 1.242e-9
70.0000, 242.0000, 1.233e-9
72.0000, 242.0000, 1.240e-9
74.0000, 242.0000, 1.250e-9
76.0000, 242.0000, 1.251e-9
78.0000, 242.0000, 1.250e-9
80.0000, 242.0000, 1.257e-9
82.0000, 242.0000, 1.259e-9
84.0000, 242.0000, 1.259e-9
86.0000, 242.0000, 1.262e-9
88.0000, 242.0000, 1.266e-9
90.0000, 242.0000, 1.265e-9
92.0000, 242.0000, 1.263e-9
94.0000, 242.0000, 1.264e-9
96.0000, 242.0000, 1.265e-9
98.0000, 242.0000, 1.262e-9
100.0000, 242.0000, 1.260e-9
102.0000, 242.0000, 1.259e-9
104.0000, 242.0000, 1.258e-9
106.0000, 242.0000, 1.258e-9
108.0000, 242.0000, 1.261e-9
110.0000, 242.0000, 1.262e-9
112.0000, 242.0000, 1.263e-9
114.0000, 242.0000, 1.268e-9
116.0000, 242.0000, 1.273e-9
118.0000, 242.0000, 1.273e-9
120.0000, 242.0000, 1.271e-9
122.0000, 242.0000, 1.271e-9
124.0000, 242.0000, 1.277e-9
126.0000, 242.0000, 1.281e-9
128.0000, 242.0000, 1.281e-9
130.0000, 242.0000, 1.284e-9
132.0000, 242.0000, 1.288e-9
134.0000, 242.0000, 1.288e-9
136.0000, 242.0000, 1.288e-9
138.0000, 242.0000, 1.290e-9
140.0000, 242.0000, 1.295e-9
142.0000, 242.0000, 1.296e-9
144.0000, 242.0000, 1.296e-9
146.0000, 242.0000, 1.297e-9
148.0000, 242.0000, 1.296e-9
150.0000, 242.0000, 1.296e-9
152.0000, 242.0000, 1.298e-9
154.0000, 242.0000, 1.299e-9
156.0000, 242.0000, 1.297e-9
158.0000, 242.0000, 1.297e-9
160.0000, 242.0000, 1.300e-9
162.0000, 242.0000, 1.300e-9
164.0000, 242.0000, 1.296e-9
166.0000, 242.0000, 1.299e-9
168.0000, 242.0000, 1.309e-9
170.0000, 242.0000, 1.310e-9
172.0000, 242.0000, 1.305e-9
174.0000, 242.0000, 1.306e-9
176.0000, 242.0000, 1.312e-9
178.0000, 242.0000, 1.311e-9
180.0000, 242.0000, 1.313e-9
182.0000, 242.0000, 1.321e-9
184.0000, 242.0000, 1.326e-9
186.0000, 242.0000, 1.323e-9
188.0000, 242.0000, 1.324e-9
190.0000, 242.0000, 1.331e-9
192.0000, 242.0000, 1.333e-9
194.0000, 242.0000, 1.329e-9
196.0000, 242.0000, 1.330e-9
198.0000, 242.0000, 1.333e-9
200.0000, 242.0000, 1.328e-9
202.0000, 242.0000, 1.324e-9
204.0000, 242.0000, 1.326e-9
206.0000, 242.0000, 1.328e-9
208.0000, 242.0000, 1.321e-9
210.0000, 242.0000, 1.319e-9
212.0000, 242.0000, 1.325e-9
214.0000, 242.0000, 1.326e-9
216.0000, 242.0000, 1.322e-9
218.0000, 242.0000, 1.321e-9
220.0000, 242.0000, 1.323e-9
222.0000, 242.0000, 1.322e-9
224.0000, 242.0000, 1.321e-9
226.0000, 242.0000, 1.321e-9
228.0000, 242.0000, 1.323e-9
230.0000, 242.0000, 1.323e-9
232.0000, 242.0000, 1.321e-9
234.0000, 242.0000, 1.322e-9
236.0000, 242.0000, 1.325e-9
238.0000, 242.0000, 1.327e-9
240.0000, 242.0000, 1.329e-9
242.0000, 242.0000, 1.328e-9
244.0000, 242.0000, 1.327e-9
246.0000, 242.0000, 1.330e-9
248.0000, 242.0000, 1.333e-9
0.0000, 244.0000, 1.427e-9
2.0000, 244.0000, 1.371e-9
4.0000, 244.0000, 1.359e-9
6.0000, 244.0000, 1.353e-9
8.0000, 244.0000, 1.328e-9
10.0000, 244.0000, 1.300e-9
12.0000, 244.0000, 1.310e-9
14.0000, 244.0000, 1.306e-9
16.0000, 244.0000, 1.279e-9
18.0000, 244.0000, 1.264e-9
20.0000, 244.0000, 1.276e-9
22.0000, 244.0000, 1.266e-9
24.0000, 244.0000, 1.242e-9
26.0000, 244.0000, 1.238e-9
28.0000, 244.0000, 1.244e-9
30.0000, 244.0000, 1.231e-9
32.0000, 244.0000, 1.210e-9
34.0000, 244.0000, 1.213e-9
36.0000, 244.0000, 1.226e-9
38.0000, 244.0000, 1.220e-9
40.0000, 244.0000, 1.209e-9
42.0000, 244.0000, 1.222e-9
44.0000, 244.0000, 1.229e-9
46.0000, 244.0000, 1.218e-9
48.0000, 244.0000, 1.212e-9
50.0000, 244.0000, 1.227e-9
52.0000, 244.0000, 1.230e-9
54.0000, 244.0000, 1.220e-9
56.0000, 244.0000, 1.221e-9
58.0000, 244.0000, 1.230e-9
60.0000, 244.0000, 1.229e-9
62.0000, 244.0000, 1.224e-9
64.0000, 244.0000, 1.228e-9
66.0000, 244.0000, 1.237e-9
68.0000, 244.0000, 1.241e-9
70.0000, 244.0000, 1.241e-9
72.0000, 244.0000, 1.247e-9
74.0000, 244.0000, 1.252e-9
76.0000, 244.0000, 1.251e-9
78.0000, 244.0000, 1.255e-9
80.0000, 244.0000, 1.265e-9
82.0000, 244.0000, 1.264e-9
84.0000, 244.0000, 1.260e-9
86.0000, 244.0000, 1.264e-9
88.0000, 244.0000, 1.272e-9
90.0000, 244.0000, 1.268e-9
92.0000, 244.0000, 1.264e-9
94.0000, 244.0000, 1.268e-9
96.0000, 244.0000, 1.269e-9
98.0000, 244.0000, 1.263e-9
100.0000, 244.0000, 1.262e-9
102.0000, 244.0000, 1.265e-9
104.0000, 244.0000, 1.264e-9
106.0000, 244.0000, 1.263e-9
108.0000, 244.0000, 1.265e-9
110.0000, 244.0000, 1.265e-9
112.0000, 244.0000, 1.266e-9
114.0000, 244.0000, 1.271e-9
116.0000, 244.0000, 1.276e-9
118.0000, 244.0000, 1.276e-9
120.0000, 244.0000, 1.277e-9
122.0000, 244.0000, 1.278e-9
124.0000, 244.0000, 1.280e-9
126.0000, 244.0000, 1.282e-9
128.0000, 244.0000, 1.286e-9
130.0000, 244.0000, 1.293e-9
132.0000, 244.0000, 1.294e-9
134.0000, 244.0000, 1.292e-9
136.0000, 244.0000, 1.293e-9
138.0000, 244.0000, 1.297e-9
140.0000, 244.0000, 1.298e-9
142.0000, 244.0000, 1.297e-9
144.0000, 244.0000, 1.299e-9
146.0000, 244.0000, 1.300e-9
148.0000, 244.0000, 1.301e-9
150.0000, 244.0000, 1.303e-9
152.0000, 244.0000, 1.307e-9
154.0000, 244.0000, 1.308e-9
156.0000, 244.0000, 1.305e-9
158.0000, 244.0000, 1.304e-9
160.0000, 244.0000, 1.306e-9
162.0000, 244.0000, 1.304e-9
164.0000, 244.0000, 1.301e-9
166.0000, 244.0000, 1.305e-9
168.0000, 244.0000, 1.313e-9
170.0000, 244.0000, 1.313e-9
172.0000, 244.0000, 1.309e-9
174.0000, 244.0000, 1.312e-9
176.0000, 244.0000, 1.317e-9
178.0000, 244.0000, 1.316e-9
180.0000, 244.0000, 1.320e-9
182.0000, 244.0000, 1.329e-9
184.0000, 244.0000, 1.331e-9
186.0000, 244.0000, 1.328e-9
188.0000, 244.0000, 1.330e-9
190.0000, 244.0000, 1.337e-9
192.0000, 244.0000, 1.336e-9
194.0000, 244.0000, 1.332e-9
196.0000, 244.0000, 1.334e-9
198.0000, 244.0000, 1.334e-9
200.0000, 244.0000, 1.327e-9
202.0000, 244.0000, 1.325e-9
204.0000, 244.0000, 1.329e-9
206.0000, 244.0000, 1.330e-9
208.0000, 244.0000, 1.324e-9
210.0000, 244.0000, 1.322e-9
212.0000, 244.0000, 1.328e-9
214.0000, 244.0000, 1.330e-9
216.0000, 244.0000, 1.324e-9
218.0000, 244.0000, 1.322e-9
220.0000, 244.0000, 1.332e-9
222.0000, 244.0000, 1.336e-9
224.0000, 244.0000, 1.330e-9
226.0000, 244.0000, 1.331e-9
228.0000, 244.0000, 1.337e-9
230.0000, 244.0000, 1.336e-9
232.0000, 244.0000, 1.330e-9
234.0000, 244.0000, 1.331e-9
236.0000, 244.0000, 1.335e-9
238.0000, 244.0000, 1.334e-9
240.0000, 244.0000, 1.334e-9
242.0000, 244.0000, 1.336e-9
244.0000, 244.0000, 1.337e-9
246.0000, 244.0000, 1.337e-9
248.0000, 244.0000, 1.340e-9
0.0000, 246.0000, 1.480e-9
2.0000, 246.0000, 1.439e-9
4.0000, 246.0000, 1.409e-9
6.0000, 246.0000, 1.365e-9
8.0000, 246.0000, 1.325e-9
10.0000, 246.0000, 1.318e-9
12.0000, 246.0000, 1.320e-9
14.0000, 246.0000, 1.296e-9
16.0000, 246.0000, 1.271e-9
18.0000, 246.0000, 1.278e-9
20.0000, 246.0000, 1.286e-9
22.0000, 246.0000, 1.263e-9
24.0000, 246.0000, 1.249e-9
26.0000, 246.0000, 1.256e-9
28.0000, 246.0000, 1.246e-9
30.0000, 246.0000, 1.222e-9
32.0000, 246.0000, 1.219e-9
34.0000, 246.0000, 1.224e-9
36.0000, 246.0000, 1.219e-9
38.0000, 246.0000, 1.208e-9
40.0000, 246.0000, 1.208e-9
42.0000, 246.0000, 1.215e-9
44.0000, 246.0000, 1.212e-9
46.0000, 246.0000, 1.206e-9
48.0000, 246.0000, 1.212e-9
50.0000, 246.0000, 1.224e-9
52.0000, 246.0000, 1.222e-9
54.0000, 246.0000, 1.218e-9
56.0000, 246.0000, 1.222e-9
58.0000, 246.0000, 1.226e-9
60.0000, 246.0000, 1.225e-9
62.0000, 246.0000, 1.227e-9
64.0000, 246.0000, 1.233e-9
66.0000, 246.0000, 1.239e-9
68.0000, 246.0000, 1.242e-9
70.0000, 246.0000, 1.244e-9
72.0000, 246.0000, 1.249e-9
74.0000, 246.0000, 1.252e-9
76.0000, 246.0000, 1.255e-9
78.0000, 246.0000, 1.259e-9
80.0000, 246.0000, 1.263e-9
82.0000, 246.0000, 1.262e-9
84.0000, 246.0000, 1.264e-9
86.0000, 246.0000, 1.270e-9
88.0000, 246.0000, 1.271e-9
90.0000, 246.0000, 1.266e-9
92.0000, 246.0000, 1.269e-9
94.0000, 246.0000, 1.272e-9
96.0000, 246.0000, 1.270e-9
98.0000, 246.0000, 1.268e-9
100.0000, 246.0000, 1.273e-9
102.0000, 246.0000, 1.273e-9
104.0000, 246.0000, 1.270e-9
106.0000, 246.0000, 1.273e-9
108.0000, 246.0000, 1.277e-9
110.0000, 246.0000, 1.274e-9
112.0000, 246.0000, 1.274e-9
114.0000, 246.0000, 1.281e-9
116.0000, 246.0000, 1.285e-9
118.0000, 246.0000, 1.283e-9
120.0000, 246.0000, 1.281e-9
122.0000, 246.0000, 1.283e-9
124.0000, 246.0000, 1.288e-9
126.0000, 246.0000, 1.289e-9
128.0000, 246.0000, 1.289e-9
130.0000, 246.0000, 1.297e-9
132.0000, 246.0000, 1.303e-9
134.0000, 246.0000, 1.301e-9
136.0000, 246.0000, 1.301e-9
138.0000, 246.0000, 1.304e-9
140.0000, 246.0000, 1.306e-9
142.0000, 246.0000, 1.305e-9
144.0000, 246.0000, 1.306e-9
146.0000, 246.0000, 1.306e-9
148.0000, 246.0000, 1.305e-9
150.0000, 246.0000, 1.310e-9
152.0000, 246.0000, 1.314e-9
154.0000, 246.0000, 1.311e-9
156.0000, 246.0000, 1.307e-9
158.0000, 246.0000, 1.309e-9
160.0000, 246.0000, 1.314e-9
162.0000, 246.0000, 1.312e-9
164.0000, 246.0000, 1.308e-9
166.0000, 246.0000, 1.313e-9
168.0000, 246.0000, 1.318e-9
170.0000, 246.0000, 1.315e-9
172.0000, 246.0000, 1.311e-9
174.0000, 246.0000, 1.314e-9
176.0000, 246.0000, 1.319e-9
178.0000, 246.0000, 1.318e-9
180.0000, 246.0000, 1.323e-9
182.0000, 246.0000, 1.332e-9
184.0000, 246.0000, 1.333e-9
186.0000, 246.0000, 1.331e-9
188.0000, 246.0000, 1.335e-9
190.0000, 246.0000, 1.342e-9
192.0000, 246.0000, 1.340e-9
194.0000, 246.0000, 1.336e-9
196.0000, 246.0000, 1.336e-9
198.0000, 246.0000, 1.336e-9
200.0000, 246.0000, 1.335e-9
202.0000, 246.0000, 1.334e-9
204.0000, 246.0000, 1.336e-9
206.0000, 246.0000, 1.335e-9
208.0000, 246.0000, 1.331e-9
210.0000, 246.0000, 1.328e-9
212.0000, 246.0000, 1.331e-9
214.0000, 246.0000, 1.333e-9
216.0000, 246.0000, 1.333e-9
218.0000, 246.0000, 1.331e-9
220.0000, 246.0000, 1.332e-9
222.0000, 246.0000, 1.336e-9
224.0000, 246.0000, 1.337e-9
226.0000, 246.0000, 1.335e-9
228.0000, 246.0000, 1.335e-9
230.0000, 246.0000, 1.336e-9
232.0000, 246.0000, 1.335e-9
234.0000, 246.0000, 1.334e-9
236.0000, 246.0000, 1.336e-9
238.0000, 246.0000, 1.340e-9
240.0000, 246.0000, 1.342e-9
242.0000, 246.0000, 1.341e-9
244.0000, 246.0000, 1.341e-9
246.0000, 246.0000, 1.342e-9
248.0000, 246.0000, 1.344e-9
0.0000, 248.0000, 1.479e-9
2.0000, 248.0000, 1.446e-9
4.0000, 248.0000, 1.448e-9
6.0000, 248.0000, 1.458e-9
8.0000, 248.0000, 1.431e-9
10.0000, 248.0000, 1.378e-9
12.0000, 248.0000, 1.374e-9
14.0000, 248.0000, 1.374e-9
16.0000, 248.0000, 1.341e-9
18.0000, 248.0000, 1.303e-9
20.0000, 248.0000, 1.304e-9
22.0000, 248.0000, 1.300e-9
24.0000, 248.0000, 1.272e-9
26.0000, 248.0000, 1.252e-9
28.0000, 248.0000, 1.256e-9
30.0000, 248.0000, 1.249e-9
32.0000, 248.0000, 1.228e-9
34.0000, 248.0000, 1.225e-9
36.0000, 248.0000, 1.237e-9
38.0000, 248.0000, 1.233e-9
40.0000, 248.0000, 1.217e-9
42.0000, 248.0000, 1.221e-9
44.0000, 248.0000, 1.232e-9
46.0000, 248.0000, 1.228e-9
48.0000, 248.0000, 1.219e-9
50.0000, 248.0000, 1.228e-9
52.0000, 248.0000, 1.235e-9
54.0000, 248.0000, 1.226e-9
56.0000, 248.0000, 1.222e-9
58.0000, 248.0000, 1.231e-9
60.0000, 248.0000, 1.237e-9
62.0000, 248.0000, 1.236e-9
64.0000, 248.0000, 1.238e-9
66.0000, 248.0000, 1.247e-9
68.0000, 248.0000, 1.252e-9
70.0000, 248.0000, 1.249e-9
72.0000, 248.0000, 1.252e-9
74.0000, 248.0000, 1.259e-9
76.0000, 248.0000, 1.263e-9
78.0000, 248.0000, 1.265e-9
80.0000, 248.0000, 1.267e-9
82.0000, 248.0000, 1.267e-9
84.0000, 248.0000, 1.268e-9
86.0000, 248.0000, 1.270e-9
88.0000, 248.0000, 1.270e-9
90.0000, 248.0000, 1.268e-9
92.0000, 248.0000, 1.269e-9
94.0000, 248.0000, 1.270e-9
96.0000, 248.0000, 1.269e-9
98.0000, 248.0000, 1.268e-9
100.0000, 248.0000, 1.269e-9
102.0000, 248.0000, 1.269e-9
104.0000, 248.0000, 1.269e-9
106.0000, 248.0000, 1.272e-9
108.0000, 248.0000, 1.274e-9
110.0000, 248.0000, 1.272e-9
112.0000, 248.0000, 1.275e-9
114.0000, 248.0000, 1.281e-9
116.0000, 248.0000, 1.283e-9
118.0000, 248.0000, 1.283e-9
120.0000, 248.0000, 1.284e-9
122.0000, 248.0000, 1.286e-9
124.0000, 248.0000, 1.288e-9
126.0000, 248.0000, 1.290e-9
128.0000, 248.0000, 1.292e-9
130.0000, 248.0000, 1.297e-9
132.0000, 248.0000, 1.300e-9
134.0000, 248.0000, 1.300e-9
136.0000, 248.0000, 1.299e-9
138.0000, 248.0000, 1.299e-9
140.0000, 248.0000, 1.303e-9
142.0000, 248.0000, 1.305e-9
144.0000, 248.0000, 1.304e-9
146.0000, 248.0000, 1.304e-9
148.0000, 248.0000, 1.307e-9
150.0000, 248.0000, 1.310e-9
152.0000, 248.0000, 1.310e-9
154.0000, 248.0000, 1.307e-9
156.0000, 248.0000, 1.306e-9
158.0000, 248.0000, 1.309e-9
160.0000, 248.0000, 1.310e-9
162.0000, 248.0000, 1.310e-9
164.0000, 248.0000, 1.311e-9
166.0000, 248.0000, 1.313e-9
168.0000, 248.0000, 1.314e-9
170.0000, 248.0000, 1.312e-9
172.0000, 248.0000, 1.312e-9
174.0000, 248.0000, 1.315e-9
176.0000, 248.0000, 1.318e-9
178.0000, 248.0000, 1.320e-9
180.0000, 248.0000, 1.324e-9
182.0000, 248.0000, 1.330e-9
184.0000, 248.0000, 1.331e-9
186.0000, 248.0000, 1.331e-9
188.0000, 248.0000, 1.334e-9
190.0000, 248.0000, 1.339e-9
192.0000, 248.0000, 1.338e-9
194.0000, 248.0000, 1.338e-9
196.0000, 248.0000, 1.340e-9
198.0000, 248.0000, 1.340e-9
200.0000, 248.0000, 1.335e-9
202.0000, 248.0000, 1.334e-9
204.0000, 248.0000, 1.333e-9
206.0000, 248.0000, 1.329e-9
208.0000, 248.0000, 1.329e-9
210.0000, 248.0000, 1.332e-9
212.0000, 248.0000, 1.332e-9
214.0000, 248.0000, 1.332e-9
216.0000, 248.0000, 1.335e-9
218.0000, 248.0000, 1.337e-9
220.0000, 248.0000, 1.334e-9
222.0000, 248.0000, 1.335e-9
224.0000, 248.0000, 1.339e-9
226.0000, 248.0000, 1.339e-9
228.0000, 248.0000, 1.337e-9
230.0000, 248.0000, 1.339e-9
232.0000, 248.0000, 1.339e-9
234.0000, 248.0000, 1.338e-9
236.0000, 248.0000, 1.337e-9
238.0000, 248.0000, 1.340e-9
240.0000, 248.0000, 1.345e-9
242.0000, 248.0000, 1.344e-9
244.0000, 248.0000, 1.341e-9
246.0000, 248.0000, 1.344e-9
248.0000, 248.0000, 1.350e-9
