X/um, Y/um, Current/A
 
0.0000, 0.0000, -4.757e-9
2.0000, 0.0000, -4.646e-9
4.0000, 0.0000, -4.517e-9
6.0000, 0.0000, -4.427e-9
8.0000, 0.0000, -4.389e-9
10.0000, 0.0000, -4.386e-9
12.0000, 0.0000, -4.371e-9
14.0000, 0.0000, -4.310e-9
16.0000, 0.0000, -4.217e-9
18.0000, 0.0000, -4.131e-9
20.0000, 0.0000, -4.066e-9
22.0000, 0.0000, -3.999e-9
24.0000, 0.0000, -3.927e-9
26.0000, 0.0000, -3.868e-9
28.0000, 0.0000, -3.823e-9
30.0000, 0.0000, -3.782e-9
32.0000, 0.0000, -3.740e-9
34.0000, 0.0000, -3.704e-9
36.0000, 0.0000, -3.681e-9
38.0000, 0.0000, -3.659e-9
40.0000, 0.0000, -3.635e-9
42.0000, 0.0000, -3.617e-9
44.0000, 0.0000, -3.601e-9
46.0000, 0.0000, -3.586e-9
48.0000, 0.0000, -3.573e-9
50.0000, 0.0000, -3.560e-9
52.0000, 0.0000, -3.551e-9
54.0000, 0.0000, -3.549e-9
56.0000, 0.0000, -3.546e-9
58.0000, 0.0000, -3.538e-9
60.0000, 0.0000, -3.532e-9
62.0000, 0.0000, -3.530e-9
64.0000, 0.0000, -3.525e-9
66.0000, 0.0000, -3.515e-9
68.0000, 0.0000, -3.509e-9
70.0000, 0.0000, -3.509e-9
72.0000, 0.0000, -3.501e-9
74.0000, 0.0000, -3.494e-9
76.0000, 0.0000, -3.498e-9
78.0000, 0.0000, -3.503e-9
80.0000, 0.0000, -3.496e-9
82.0000, 0.0000, -3.492e-9
84.0000, 0.0000, -3.491e-9
86.0000, 0.0000, -3.483e-9
88.0000, 0.0000, -3.475e-9
90.0000, 0.0000, -3.475e-9
92.0000, 0.0000, -3.476e-9
94.0000, 0.0000, -3.471e-9
96.0000, 0.0000, -3.466e-9
98.0000, 0.0000, -3.467e-9
100.0000, 0.0000, -3.464e-9
102.0000, 0.0000, -3.458e-9
104.0000, 0.0000, -3.458e-9
106.0000, 0.0000, -3.461e-9
108.0000, 0.0000, -3.456e-9
110.0000, 0.0000, -3.450e-9
112.0000, 0.0000, -3.452e-9
114.0000, 0.0000, -3.452e-9
116.0000, 0.0000, -3.448e-9
118.0000, 0.0000, -3.450e-9
120.0000, 0.0000, -3.455e-9
122.0000, 0.0000, -3.453e-9
124.0000, 0.0000, -3.453e-9
126.0000, 0.0000, -3.462e-9
128.0000, 0.0000, -3.465e-9
130.0000, 0.0000, -3.462e-9
132.0000, 0.0000, -3.465e-9
134.0000, 0.0000, -3.472e-9
136.0000, 0.0000, -3.475e-9
138.0000, 0.0000, -3.479e-9
140.0000, 0.0000, -3.485e-9
142.0000, 0.0000, -3.490e-9
144.0000, 0.0000, -3.493e-9
146.0000, 0.0000, -3.496e-9
148.0000, 0.0000, -3.502e-9
150.0000, 0.0000, -3.507e-9
152.0000, 0.0000, -3.510e-9
154.0000, 0.0000, -3.518e-9
156.0000, 0.0000, -3.528e-9
158.0000, 0.0000, -3.535e-9
160.0000, 0.0000, -3.543e-9
162.0000, 0.0000, -3.555e-9
164.0000, 0.0000, -3.565e-9
166.0000, 0.0000, -3.571e-9
168.0000, 0.0000, -3.579e-9
170.0000, 0.0000, -3.587e-9
172.0000, 0.0000, -3.594e-9
174.0000, 0.0000, -3.605e-9
176.0000, 0.0000, -3.618e-9
178.0000, 0.0000, -3.627e-9
180.0000, 0.0000, -3.634e-9
182.0000, 0.0000, -3.646e-9
184.0000, 0.0000, -3.658e-9
186.0000, 0.0000, -3.667e-9
188.0000, 0.0000, -3.678e-9
190.0000, 0.0000, -3.692e-9
192.0000, 0.0000, -3.706e-9
194.0000, 0.0000, -3.716e-9
196.0000, 0.0000, -3.732e-9
198.0000, 0.0000, -3.749e-9
200.0000, 0.0000, -3.760e-9
202.0000, 0.0000, -3.765e-9
204.0000, 0.0000, -3.774e-9
206.0000, 0.0000, -3.787e-9
208.0000, 0.0000, -3.795e-9
210.0000, 0.0000, -3.800e-9
212.0000, 0.0000, -3.810e-9
214.0000, 0.0000, -3.818e-9
216.0000, 0.0000, -3.822e-9
218.0000, 0.0000, -3.826e-9
220.0000, 0.0000, -3.830e-9
222.0000, 0.0000, -3.830e-9
224.0000, 0.0000, -3.830e-9
226.0000, 0.0000, -3.832e-9
228.0000, 0.0000, -3.836e-9
230.0000, 0.0000, -3.839e-9
232.0000, 0.0000, -3.845e-9
234.0000, 0.0000, -3.851e-9
236.0000, 0.0000, -3.855e-9
238.0000, 0.0000, -3.856e-9
240.0000, 0.0000, -3.854e-9
242.0000, 0.0000, -3.847e-9
244.0000, 0.0000, -3.834e-9
246.0000, 0.0000, -3.808e-9
248.0000, 0.0000, -3.773e-9
0.0000, 2.0000, -4.360e-9
2.0000, 2.0000, -4.281e-9
4.0000, 2.0000, -4.187e-9
6.0000, 2.0000, -4.104e-9
8.0000, 2.0000, -4.056e-9
10.0000, 2.0000, -4.038e-9
12.0000, 2.0000, -4.024e-9
14.0000, 2.0000, -3.988e-9
16.0000, 2.0000, -3.920e-9
18.0000, 2.0000, -3.843e-9
20.0000, 2.0000, -3.787e-9
22.0000, 2.0000, -3.743e-9
24.0000, 2.0000, -3.689e-9
26.0000, 2.0000, -3.639e-9
28.0000, 2.0000, -3.610e-9
30.0000, 2.0000, -3.585e-9
32.0000, 2.0000, -3.552e-9
34.0000, 2.0000, -3.526e-9
36.0000, 2.0000, -3.515e-9
38.0000, 2.0000, -3.502e-9
40.0000, 2.0000, -3.484e-9
42.0000, 2.0000, -3.470e-9
44.0000, 2.0000, -3.458e-9
46.0000, 2.0000, -3.449e-9
48.0000, 2.0000, -3.442e-9
50.0000, 2.0000, -3.439e-9
52.0000, 2.0000, -3.439e-9
54.0000, 2.0000, -3.437e-9
56.0000, 2.0000, -3.434e-9
58.0000, 2.0000, -3.431e-9
60.0000, 2.0000, -3.422e-9
62.0000, 2.0000, -3.416e-9
64.0000, 2.0000, -3.415e-9
66.0000, 2.0000, -3.408e-9
68.0000, 2.0000, -3.398e-9
70.0000, 2.0000, -3.393e-9
72.0000, 2.0000, -3.396e-9
74.0000, 2.0000, -3.392e-9
76.0000, 2.0000, -3.383e-9
78.0000, 2.0000, -3.382e-9
80.0000, 2.0000, -3.382e-9
82.0000, 2.0000, -3.378e-9
84.0000, 2.0000, -3.375e-9
86.0000, 2.0000, -3.375e-9
88.0000, 2.0000, -3.371e-9
90.0000, 2.0000, -3.364e-9
92.0000, 2.0000, -3.362e-9
94.0000, 2.0000, -3.359e-9
96.0000, 2.0000, -3.354e-9
98.0000, 2.0000, -3.354e-9
100.0000, 2.0000, -3.355e-9
102.0000, 2.0000, -3.351e-9
104.0000, 2.0000, -3.346e-9
106.0000, 2.0000, -3.344e-9
108.0000, 2.0000, -3.342e-9
110.0000, 2.0000, -3.337e-9
112.0000, 2.0000, -3.334e-9
114.0000, 2.0000, -3.335e-9
116.0000, 2.0000, -3.338e-9
118.0000, 2.0000, -3.339e-9
120.0000, 2.0000, -3.340e-9
122.0000, 2.0000, -3.341e-9
124.0000, 2.0000, -3.342e-9
126.0000, 2.0000, -3.344e-9
128.0000, 2.0000, -3.345e-9
130.0000, 2.0000, -3.346e-9
132.0000, 2.0000, -3.350e-9
134.0000, 2.0000, -3.353e-9
136.0000, 2.0000, -3.355e-9
138.0000, 2.0000, -3.355e-9
140.0000, 2.0000, -3.357e-9
142.0000, 2.0000, -3.362e-9
144.0000, 2.0000, -3.364e-9
146.0000, 2.0000, -3.366e-9
148.0000, 2.0000, -3.372e-9
150.0000, 2.0000, -3.379e-9
152.0000, 2.0000, -3.388e-9
154.0000, 2.0000, -3.400e-9
156.0000, 2.0000, -3.410e-9
158.0000, 2.0000, -3.415e-9
160.0000, 2.0000, -3.420e-9
162.0000, 2.0000, -3.429e-9
164.0000, 2.0000, -3.438e-9
166.0000, 2.0000, -3.447e-9
168.0000, 2.0000, -3.456e-9
170.0000, 2.0000, -3.463e-9
172.0000, 2.0000, -3.472e-9
174.0000, 2.0000, -3.482e-9
176.0000, 2.0000, -3.494e-9
178.0000, 2.0000, -3.504e-9
180.0000, 2.0000, -3.510e-9
182.0000, 2.0000, -3.520e-9
184.0000, 2.0000, -3.538e-9
186.0000, 2.0000, -3.551e-9
188.0000, 2.0000, -3.556e-9
190.0000, 2.0000, -3.568e-9
192.0000, 2.0000, -3.587e-9
194.0000, 2.0000, -3.602e-9
196.0000, 2.0000, -3.611e-9
198.0000, 2.0000, -3.624e-9
200.0000, 2.0000, -3.633e-9
202.0000, 2.0000, -3.633e-9
204.0000, 2.0000, -3.631e-9
206.0000, 2.0000, -3.636e-9
208.0000, 2.0000, -3.639e-9
210.0000, 2.0000, -3.640e-9
212.0000, 2.0000, -3.645e-9
214.0000, 2.0000, -3.650e-9
216.0000, 2.0000, -3.650e-9
218.0000, 2.0000, -3.651e-9
220.0000, 2.0000, -3.656e-9
222.0000, 2.0000, -3.661e-9
224.0000, 2.0000, -3.665e-9
226.0000, 2.0000, -3.671e-9
228.0000, 2.0000, -3.678e-9
230.0000, 2.0000, -3.685e-9
232.0000, 2.0000, -3.692e-9
234.0000, 2.0000, -3.702e-9
236.0000, 2.0000, -3.713e-9
238.0000, 2.0000, -3.722e-9
240.0000, 2.0000, -3.727e-9
242.0000, 2.0000, -3.733e-9
244.0000, 2.0000, -3.740e-9
246.0000, 2.0000, -3.752e-9
248.0000, 2.0000, -3.760e-9
0.0000, 4.0000, -4.278e-9
2.0000, 4.0000, -4.198e-9
4.0000, 4.0000, -4.111e-9
6.0000, 4.0000, -4.030e-9
8.0000, 4.0000, -3.976e-9
10.0000, 4.0000, -3.948e-9
12.0000, 4.0000, -3.937e-9
14.0000, 4.0000, -3.916e-9
16.0000, 4.0000, -3.864e-9
18.0000, 4.0000, -3.788e-9
20.0000, 4.0000, -3.726e-9
22.0000, 4.0000, -3.686e-9
24.0000, 4.0000, -3.642e-9
26.0000, 4.0000, -3.589e-9
28.0000, 4.0000, -3.552e-9
30.0000, 4.0000, -3.531e-9
32.0000, 4.0000, -3.504e-9
34.0000, 4.0000, -3.475e-9
36.0000, 4.0000, -3.460e-9
38.0000, 4.0000, -3.446e-9
40.0000, 4.0000, -3.429e-9
42.0000, 4.0000, -3.414e-9
44.0000, 4.0000, -3.404e-9
46.0000, 4.0000, -3.398e-9
48.0000, 4.0000, -3.395e-9
50.0000, 4.0000, -3.388e-9
52.0000, 4.0000, -3.383e-9
54.0000, 4.0000, -3.388e-9
56.0000, 4.0000, -3.390e-9
58.0000, 4.0000, -3.384e-9
60.0000, 4.0000, -3.374e-9
62.0000, 4.0000, -3.368e-9
64.0000, 4.0000, -3.367e-9
66.0000, 4.0000, -3.359e-9
68.0000, 4.0000, -3.348e-9
70.0000, 4.0000, -3.350e-9
72.0000, 4.0000, -3.351e-9
74.0000, 4.0000, -3.341e-9
76.0000, 4.0000, -3.336e-9
78.0000, 4.0000, -3.337e-9
80.0000, 4.0000, -3.335e-9
82.0000, 4.0000, -3.330e-9
84.0000, 4.0000, -3.324e-9
86.0000, 4.0000, -3.321e-9
88.0000, 4.0000, -3.315e-9
90.0000, 4.0000, -3.309e-9
92.0000, 4.0000, -3.309e-9
94.0000, 4.0000, -3.308e-9
96.0000, 4.0000, -3.303e-9
98.0000, 4.0000, -3.302e-9
100.0000, 4.0000, -3.302e-9
102.0000, 4.0000, -3.299e-9
104.0000, 4.0000, -3.292e-9
106.0000, 4.0000, -3.290e-9
108.0000, 4.0000, -3.290e-9
110.0000, 4.0000, -3.289e-9
112.0000, 4.0000, -3.287e-9
114.0000, 4.0000, -3.288e-9
116.0000, 4.0000, -3.290e-9
118.0000, 4.0000, -3.290e-9
120.0000, 4.0000, -3.292e-9
122.0000, 4.0000, -3.297e-9
124.0000, 4.0000, -3.301e-9
126.0000, 4.0000, -3.303e-9
128.0000, 4.0000, -3.303e-9
130.0000, 4.0000, -3.306e-9
132.0000, 4.0000, -3.313e-9
134.0000, 4.0000, -3.314e-9
136.0000, 4.0000, -3.311e-9
138.0000, 4.0000, -3.315e-9
140.0000, 4.0000, -3.321e-9
142.0000, 4.0000, -3.321e-9
144.0000, 4.0000, -3.323e-9
146.0000, 4.0000, -3.332e-9
148.0000, 4.0000, -3.337e-9
150.0000, 4.0000, -3.341e-9
152.0000, 4.0000, -3.351e-9
154.0000, 4.0000, -3.362e-9
156.0000, 4.0000, -3.367e-9
158.0000, 4.0000, -3.372e-9
160.0000, 4.0000, -3.378e-9
162.0000, 4.0000, -3.383e-9
164.0000, 4.0000, -3.386e-9
166.0000, 4.0000, -3.393e-9
168.0000, 4.0000, -3.401e-9
170.0000, 4.0000, -3.407e-9
172.0000, 4.0000, -3.413e-9
174.0000, 4.0000, -3.425e-9
176.0000, 4.0000, -3.440e-9
178.0000, 4.0000, -3.455e-9
180.0000, 4.0000, -3.475e-9
182.0000, 4.0000, -3.495e-9
184.0000, 4.0000, -3.507e-9
186.0000, 4.0000, -3.508e-9
188.0000, 4.0000, -3.506e-9
190.0000, 4.0000, -3.510e-9
192.0000, 4.0000, -3.521e-9
194.0000, 4.0000, -3.530e-9
196.0000, 4.0000, -3.533e-9
198.0000, 4.0000, -3.537e-9
200.0000, 4.0000, -3.546e-9
202.0000, 4.0000, -3.553e-9
204.0000, 4.0000, -3.558e-9
206.0000, 4.0000, -3.564e-9
208.0000, 4.0000, -3.568e-9
210.0000, 4.0000, -3.565e-9
212.0000, 4.0000, -3.566e-9
214.0000, 4.0000, -3.573e-9
216.0000, 4.0000, -3.584e-9
218.0000, 4.0000, -3.593e-9
220.0000, 4.0000, -3.596e-9
222.0000, 4.0000, -3.600e-9
224.0000, 4.0000, -3.608e-9
226.0000, 4.0000, -3.615e-9
228.0000, 4.0000, -3.620e-9
230.0000, 4.0000, -3.627e-9
232.0000, 4.0000, -3.636e-9
234.0000, 4.0000, -3.642e-9
236.0000, 4.0000, -3.650e-9
238.0000, 4.0000, -3.663e-9
240.0000, 4.0000, -3.673e-9
242.0000, 4.0000, -3.679e-9
244.0000, 4.0000, -3.684e-9
246.0000, 4.0000, -3.695e-9
248.0000, 4.0000, -3.705e-9
0.0000, 6.0000, -4.392e-9
2.0000, 6.0000, -4.279e-9
4.0000, 6.0000, -4.208e-9
6.0000, 6.0000, -4.134e-9
8.0000, 6.0000, -4.066e-9
10.0000, 6.0000, -4.077e-9
12.0000, 6.0000, -4.109e-9
14.0000, 6.0000, -4.070e-9
16.0000, 6.0000, -3.963e-9
18.0000, 6.0000, -3.870e-9
20.0000, 6.0000, -3.820e-9
22.0000, 6.0000, -3.768e-9
24.0000, 6.0000, -3.689e-9
26.0000, 6.0000, -3.627e-9
28.0000, 6.0000, -3.600e-9
30.0000, 6.0000, -3.568e-9
32.0000, 6.0000, -3.519e-9
34.0000, 6.0000, -3.489e-9
36.0000, 6.0000, -3.483e-9
38.0000, 6.0000, -3.465e-9
40.0000, 6.0000, -3.434e-9
42.0000, 6.0000, -3.425e-9
44.0000, 6.0000, -3.426e-9
46.0000, 6.0000, -3.407e-9
48.0000, 6.0000, -3.385e-9
50.0000, 6.0000, -3.381e-9
52.0000, 6.0000, -3.384e-9
54.0000, 6.0000, -3.376e-9
56.0000, 6.0000, -3.367e-9
58.0000, 6.0000, -3.370e-9
60.0000, 6.0000, -3.367e-9
62.0000, 6.0000, -3.353e-9
64.0000, 6.0000, -3.346e-9
66.0000, 6.0000, -3.347e-9
68.0000, 6.0000, -3.336e-9
70.0000, 6.0000, -3.324e-9
72.0000, 6.0000, -3.324e-9
74.0000, 6.0000, -3.322e-9
76.0000, 6.0000, -3.312e-9
78.0000, 6.0000, -3.309e-9
80.0000, 6.0000, -3.312e-9
82.0000, 6.0000, -3.308e-9
84.0000, 6.0000, -3.298e-9
86.0000, 6.0000, -3.295e-9
88.0000, 6.0000, -3.293e-9
90.0000, 6.0000, -3.284e-9
92.0000, 6.0000, -3.280e-9
94.0000, 6.0000, -3.283e-9
96.0000, 6.0000, -3.279e-9
98.0000, 6.0000, -3.273e-9
100.0000, 6.0000, -3.273e-9
102.0000, 6.0000, -3.274e-9
104.0000, 6.0000, -3.267e-9
106.0000, 6.0000, -3.262e-9
108.0000, 6.0000, -3.265e-9
110.0000, 6.0000, -3.266e-9
112.0000, 6.0000, -3.261e-9
114.0000, 6.0000, -3.262e-9
116.0000, 6.0000, -3.267e-9
118.0000, 6.0000, -3.262e-9
120.0000, 6.0000, -3.257e-9
122.0000, 6.0000, -3.264e-9
124.0000, 6.0000, -3.270e-9
126.0000, 6.0000, -3.267e-9
128.0000, 6.0000, -3.267e-9
130.0000, 6.0000, -3.272e-9
132.0000, 6.0000, -3.275e-9
134.0000, 6.0000, -3.277e-9
136.0000, 6.0000, -3.280e-9
138.0000, 6.0000, -3.284e-9
140.0000, 6.0000, -3.284e-9
142.0000, 6.0000, -3.286e-9
144.0000, 6.0000, -3.294e-9
146.0000, 6.0000, -3.299e-9
148.0000, 6.0000, -3.301e-9
150.0000, 6.0000, -3.308e-9
152.0000, 6.0000, -3.319e-9
154.0000, 6.0000, -3.327e-9
156.0000, 6.0000, -3.332e-9
158.0000, 6.0000, -3.341e-9
160.0000, 6.0000, -3.349e-9
162.0000, 6.0000, -3.354e-9
164.0000, 6.0000, -3.360e-9
166.0000, 6.0000, -3.372e-9
168.0000, 6.0000, -3.380e-9
170.0000, 6.0000, -3.387e-9
172.0000, 6.0000, -3.398e-9
174.0000, 6.0000, -3.407e-9
176.0000, 6.0000, -3.415e-9
178.0000, 6.0000, -3.425e-9
180.0000, 6.0000, -3.431e-9
182.0000, 6.0000, -3.437e-9
184.0000, 6.0000, -3.448e-9
186.0000, 6.0000, -3.460e-9
188.0000, 6.0000, -3.469e-9
190.0000, 6.0000, -3.478e-9
192.0000, 6.0000, -3.490e-9
194.0000, 6.0000, -3.501e-9
196.0000, 6.0000, -3.508e-9
198.0000, 6.0000, -3.516e-9
200.0000, 6.0000, -3.522e-9
202.0000, 6.0000, -3.525e-9
204.0000, 6.0000, -3.528e-9
206.0000, 6.0000, -3.529e-9
208.0000, 6.0000, -3.531e-9
210.0000, 6.0000, -3.534e-9
212.0000, 6.0000, -3.542e-9
214.0000, 6.0000, -3.551e-9
216.0000, 6.0000, -3.557e-9
218.0000, 6.0000, -3.557e-9
220.0000, 6.0000, -3.561e-9
222.0000, 6.0000, -3.567e-9
224.0000, 6.0000, -3.572e-9
226.0000, 6.0000, -3.580e-9
228.0000, 6.0000, -3.590e-9
230.0000, 6.0000, -3.596e-9
232.0000, 6.0000, -3.601e-9
234.0000, 6.0000, -3.611e-9
236.0000, 6.0000, -3.622e-9
238.0000, 6.0000, -3.632e-9
240.0000, 6.0000, -3.641e-9
242.0000, 6.0000, -3.651e-9
244.0000, 6.0000, -3.661e-9
246.0000, 6.0000, -3.671e-9
248.0000, 6.0000, -3.681e-9
0.0000, 8.0000, -4.240e-9
2.0000, 8.0000, -4.162e-9
4.0000, 8.0000, -4.070e-9
6.0000, 8.0000, -3.988e-9
8.0000, 8.0000, -3.936e-9
10.0000, 8.0000, -3.919e-9
12.0000, 8.0000, -3.922e-9
14.0000, 8.0000, -3.906e-9
16.0000, 8.0000, -3.844e-9
18.0000, 8.0000, -3.757e-9
20.0000, 8.0000, -3.695e-9
22.0000, 8.0000, -3.659e-9
24.0000, 8.0000, -3.610e-9
26.0000, 8.0000, -3.553e-9
28.0000, 8.0000, -3.520e-9
30.0000, 8.0000, -3.504e-9
32.0000, 8.0000, -3.476e-9
34.0000, 8.0000, -3.444e-9
36.0000, 8.0000, -3.433e-9
38.0000, 8.0000, -3.428e-9
40.0000, 8.0000, -3.408e-9
42.0000, 8.0000, -3.388e-9
44.0000, 8.0000, -3.386e-9
46.0000, 8.0000, -3.387e-9
48.0000, 8.0000, -3.374e-9
50.0000, 8.0000, -3.363e-9
52.0000, 8.0000, -3.363e-9
54.0000, 8.0000, -3.358e-9
56.0000, 8.0000, -3.346e-9
58.0000, 8.0000, -3.340e-9
60.0000, 8.0000, -3.337e-9
62.0000, 8.0000, -3.328e-9
64.0000, 8.0000, -3.322e-9
66.0000, 8.0000, -3.324e-9
68.0000, 8.0000, -3.317e-9
70.0000, 8.0000, -3.301e-9
72.0000, 8.0000, -3.293e-9
74.0000, 8.0000, -3.295e-9
76.0000, 8.0000, -3.295e-9
78.0000, 8.0000, -3.286e-9
80.0000, 8.0000, -3.283e-9
82.0000, 8.0000, -3.286e-9
84.0000, 8.0000, -3.279e-9
86.0000, 8.0000, -3.264e-9
88.0000, 8.0000, -3.260e-9
90.0000, 8.0000, -3.265e-9
92.0000, 8.0000, -3.261e-9
94.0000, 8.0000, -3.254e-9
96.0000, 8.0000, -3.256e-9
98.0000, 8.0000, -3.260e-9
100.0000, 8.0000, -3.255e-9
102.0000, 8.0000, -3.252e-9
104.0000, 8.0000, -3.254e-9
106.0000, 8.0000, -3.256e-9
108.0000, 8.0000, -3.252e-9
110.0000, 8.0000, -3.251e-9
112.0000, 8.0000, -3.256e-9
114.0000, 8.0000, -3.257e-9
116.0000, 8.0000, -3.253e-9
118.0000, 8.0000, -3.255e-9
120.0000, 8.0000, -3.259e-9
122.0000, 8.0000, -3.259e-9
124.0000, 8.0000, -3.260e-9
126.0000, 8.0000, -3.263e-9
128.0000, 8.0000, -3.262e-9
130.0000, 8.0000, -3.265e-9
132.0000, 8.0000, -3.271e-9
134.0000, 8.0000, -3.272e-9
136.0000, 8.0000, -3.271e-9
138.0000, 8.0000, -3.272e-9
140.0000, 8.0000, -3.276e-9
142.0000, 8.0000, -3.280e-9
144.0000, 8.0000, -3.281e-9
146.0000, 8.0000, -3.283e-9
148.0000, 8.0000, -3.292e-9
150.0000, 8.0000, -3.301e-9
152.0000, 8.0000, -3.304e-9
154.0000, 8.0000, -3.310e-9
156.0000, 8.0000, -3.321e-9
158.0000, 8.0000, -3.326e-9
160.0000, 8.0000, -3.328e-9
162.0000, 8.0000, -3.337e-9
164.0000, 8.0000, -3.349e-9
166.0000, 8.0000, -3.353e-9
168.0000, 8.0000, -3.359e-9
170.0000, 8.0000, -3.369e-9
172.0000, 8.0000, -3.378e-9
174.0000, 8.0000, -3.383e-9
176.0000, 8.0000, -3.392e-9
178.0000, 8.0000, -3.402e-9
180.0000, 8.0000, -3.411e-9
182.0000, 8.0000, -3.417e-9
184.0000, 8.0000, -3.426e-9
186.0000, 8.0000, -3.437e-9
188.0000, 8.0000, -3.445e-9
190.0000, 8.0000, -3.453e-9
192.0000, 8.0000, -3.463e-9
194.0000, 8.0000, -3.472e-9
196.0000, 8.0000, -3.479e-9
198.0000, 8.0000, -3.485e-9
200.0000, 8.0000, -3.490e-9
202.0000, 8.0000, -3.493e-9
204.0000, 8.0000, -3.500e-9
206.0000, 8.0000, -3.510e-9
208.0000, 8.0000, -3.516e-9
210.0000, 8.0000, -3.515e-9
212.0000, 8.0000, -3.514e-9
214.0000, 8.0000, -3.519e-9
216.0000, 8.0000, -3.526e-9
218.0000, 8.0000, -3.532e-9
220.0000, 8.0000, -3.541e-9
222.0000, 8.0000, -3.551e-9
224.0000, 8.0000, -3.558e-9
226.0000, 8.0000, -3.562e-9
228.0000, 8.0000, -3.567e-9
230.0000, 8.0000, -3.573e-9
232.0000, 8.0000, -3.581e-9
234.0000, 8.0000, -3.588e-9
236.0000, 8.0000, -3.601e-9
238.0000, 8.0000, -3.613e-9
240.0000, 8.0000, -3.619e-9
242.0000, 8.0000, -3.627e-9
244.0000, 8.0000, -3.640e-9
246.0000, 8.0000, -3.654e-9
248.0000, 8.0000, -3.659e-9
0.0000, 10.0000, -4.229e-9
2.0000, 10.0000, -4.161e-9
4.0000, 10.0000, -4.074e-9
6.0000, 10.0000, -3.974e-9
8.0000, 10.0000, -3.899e-9
10.0000, 10.0000, -3.842e-9
12.0000, 10.0000, -3.780e-9
14.0000, 10.0000, -3.723e-9
16.0000, 10.0000, -3.683e-9
18.0000, 10.0000, -3.663e-9
20.0000, 10.0000, -3.640e-9
22.0000, 10.0000, -3.589e-9
24.0000, 10.0000, -3.533e-9
26.0000, 10.0000, -3.508e-9
28.0000, 10.0000, -3.491e-9
30.0000, 10.0000, -3.453e-9
32.0000, 10.0000, -3.422e-9
34.0000, 10.0000, -3.411e-9
36.0000, 10.0000, -3.397e-9
38.0000, 10.0000, -3.372e-9
40.0000, 10.0000, -3.355e-9
42.0000, 10.0000, -3.353e-9
44.0000, 10.0000, -3.345e-9
46.0000, 10.0000, -3.330e-9
48.0000, 10.0000, -3.323e-9
50.0000, 10.0000, -3.323e-9
52.0000, 10.0000, -3.320e-9
54.0000, 10.0000, -3.315e-9
56.0000, 10.0000, -3.310e-9
58.0000, 10.0000, -3.304e-9
60.0000, 10.0000, -3.301e-9
62.0000, 10.0000, -3.300e-9
64.0000, 10.0000, -3.295e-9
66.0000, 10.0000, -3.288e-9
68.0000, 10.0000, -3.284e-9
70.0000, 10.0000, -3.280e-9
72.0000, 10.0000, -3.277e-9
74.0000, 10.0000, -3.274e-9
76.0000, 10.0000, -3.270e-9
78.0000, 10.0000, -3.266e-9
80.0000, 10.0000, -3.264e-9
82.0000, 10.0000, -3.260e-9
84.0000, 10.0000, -3.253e-9
86.0000, 10.0000, -3.255e-9
88.0000, 10.0000, -3.255e-9
90.0000, 10.0000, -3.246e-9
92.0000, 10.0000, -3.244e-9
94.0000, 10.0000, -3.251e-9
96.0000, 10.0000, -3.253e-9
98.0000, 10.0000, -3.250e-9
100.0000, 10.0000, -3.254e-9
102.0000, 10.0000, -3.261e-9
104.0000, 10.0000, -3.261e-9
106.0000, 10.0000, -3.259e-9
108.0000, 10.0000, -3.262e-9
110.0000, 10.0000, -3.262e-9
112.0000, 10.0000, -3.257e-9
114.0000, 10.0000, -3.257e-9
116.0000, 10.0000, -3.261e-9
118.0000, 10.0000, -3.261e-9
120.0000, 10.0000, -3.257e-9
122.0000, 10.0000, -3.256e-9
124.0000, 10.0000, -3.257e-9
126.0000, 10.0000, -3.261e-9
128.0000, 10.0000, -3.262e-9
130.0000, 10.0000, -3.259e-9
132.0000, 10.0000, -3.259e-9
134.0000, 10.0000, -3.259e-9
136.0000, 10.0000, -3.260e-9
138.0000, 10.0000, -3.263e-9
140.0000, 10.0000, -3.266e-9
142.0000, 10.0000, -3.269e-9
144.0000, 10.0000, -3.273e-9
146.0000, 10.0000, -3.278e-9
148.0000, 10.0000, -3.281e-9
150.0000, 10.0000, -3.285e-9
152.0000, 10.0000, -3.290e-9
154.0000, 10.0000, -3.294e-9
156.0000, 10.0000, -3.301e-9
158.0000, 10.0000, -3.307e-9
160.0000, 10.0000, -3.311e-9
162.0000, 10.0000, -3.315e-9
164.0000, 10.0000, -3.323e-9
166.0000, 10.0000, -3.330e-9
168.0000, 10.0000, -3.338e-9
170.0000, 10.0000, -3.346e-9
172.0000, 10.0000, -3.354e-9
174.0000, 10.0000, -3.363e-9
176.0000, 10.0000, -3.372e-9
178.0000, 10.0000, -3.381e-9
180.0000, 10.0000, -3.387e-9
182.0000, 10.0000, -3.394e-9
184.0000, 10.0000, -3.405e-9
186.0000, 10.0000, -3.415e-9
188.0000, 10.0000, -3.422e-9
190.0000, 10.0000, -3.431e-9
192.0000, 10.0000, -3.444e-9
194.0000, 10.0000, -3.453e-9
196.0000, 10.0000, -3.456e-9
198.0000, 10.0000, -3.458e-9
200.0000, 10.0000, -3.465e-9
202.0000, 10.0000, -3.472e-9
204.0000, 10.0000, -3.477e-9
206.0000, 10.0000, -3.484e-9
208.0000, 10.0000, -3.489e-9
210.0000, 10.0000, -3.490e-9
212.0000, 10.0000, -3.491e-9
214.0000, 10.0000, -3.498e-9
216.0000, 10.0000, -3.506e-9
218.0000, 10.0000, -3.514e-9
220.0000, 10.0000, -3.522e-9
222.0000, 10.0000, -3.528e-9
224.0000, 10.0000, -3.532e-9
226.0000, 10.0000, -3.540e-9
228.0000, 10.0000, -3.548e-9
230.0000, 10.0000, -3.556e-9
232.0000, 10.0000, -3.566e-9
234.0000, 10.0000, -3.577e-9
236.0000, 10.0000, -3.586e-9
238.0000, 10.0000, -3.596e-9
240.0000, 10.0000, -3.611e-9
242.0000, 10.0000, -3.626e-9
244.0000, 10.0000, -3.636e-9
246.0000, 10.0000, -3.641e-9
248.0000, 10.0000, -3.646e-9
0.0000, 12.0000, -4.201e-9
2.0000, 12.0000, -4.136e-9
4.0000, 12.0000, -4.054e-9
6.0000, 12.0000, -3.958e-9
8.0000, 12.0000, -3.886e-9
10.0000, 12.0000, -3.830e-9
12.0000, 12.0000, -3.766e-9
14.0000, 12.0000, -3.699e-9
16.0000, 12.0000, -3.650e-9
18.0000, 12.0000, -3.615e-9
20.0000, 12.0000, -3.573e-9
22.0000, 12.0000, -3.528e-9
24.0000, 12.0000, -3.501e-9
26.0000, 12.0000, -3.480e-9
28.0000, 12.0000, -3.450e-9
30.0000, 12.0000, -3.426e-9
32.0000, 12.0000, -3.416e-9
34.0000, 12.0000, -3.404e-9
36.0000, 12.0000, -3.382e-9
38.0000, 12.0000, -3.367e-9
40.0000, 12.0000, -3.362e-9
42.0000, 12.0000, -3.358e-9
44.0000, 12.0000, -3.349e-9
46.0000, 12.0000, -3.347e-9
48.0000, 12.0000, -3.349e-9
50.0000, 12.0000, -3.346e-9
52.0000, 12.0000, -3.341e-9
54.0000, 12.0000, -3.338e-9
56.0000, 12.0000, -3.330e-9
58.0000, 12.0000, -3.320e-9
60.0000, 12.0000, -3.315e-9
62.0000, 12.0000, -3.314e-9
64.0000, 12.0000, -3.308e-9
66.0000, 12.0000, -3.298e-9
68.0000, 12.0000, -3.295e-9
70.0000, 12.0000, -3.293e-9
72.0000, 12.0000, -3.286e-9
74.0000, 12.0000, -3.277e-9
76.0000, 12.0000, -3.275e-9
78.0000, 12.0000, -3.272e-9
80.0000, 12.0000, -3.265e-9
82.0000, 12.0000, -3.258e-9
84.0000, 12.0000, -3.254e-9
86.0000, 12.0000, -3.251e-9
88.0000, 12.0000, -3.245e-9
90.0000, 12.0000, -3.238e-9
92.0000, 12.0000, -3.235e-9
94.0000, 12.0000, -3.232e-9
96.0000, 12.0000, -3.229e-9
98.0000, 12.0000, -3.227e-9
100.0000, 12.0000, -3.226e-9
102.0000, 12.0000, -3.226e-9
104.0000, 12.0000, -3.226e-9
106.0000, 12.0000, -3.224e-9
108.0000, 12.0000, -3.222e-9
110.0000, 12.0000, -3.221e-9
112.0000, 12.0000, -3.219e-9
114.0000, 12.0000, -3.215e-9
116.0000, 12.0000, -3.213e-9
118.0000, 12.0000, -3.211e-9
120.0000, 12.0000, -3.208e-9
122.0000, 12.0000, -3.206e-9
124.0000, 12.0000, -3.206e-9
126.0000, 12.0000, -3.209e-9
128.0000, 12.0000, -3.208e-9
130.0000, 12.0000, -3.202e-9
132.0000, 12.0000, -3.203e-9
134.0000, 12.0000, -3.206e-9
136.0000, 12.0000, -3.207e-9
138.0000, 12.0000, -3.208e-9
140.0000, 12.0000, -3.214e-9
142.0000, 12.0000, -3.217e-9
144.0000, 12.0000, -3.221e-9
146.0000, 12.0000, -3.228e-9
148.0000, 12.0000, -3.235e-9
150.0000, 12.0000, -3.239e-9
152.0000, 12.0000, -3.243e-9
154.0000, 12.0000, -3.250e-9
156.0000, 12.0000, -3.255e-9
158.0000, 12.0000, -3.259e-9
160.0000, 12.0000, -3.264e-9
162.0000, 12.0000, -3.272e-9
164.0000, 12.0000, -3.279e-9
166.0000, 12.0000, -3.285e-9
168.0000, 12.0000, -3.293e-9
170.0000, 12.0000, -3.299e-9
172.0000, 12.0000, -3.301e-9
174.0000, 12.0000, -3.310e-9
176.0000, 12.0000, -3.322e-9
178.0000, 12.0000, -3.328e-9
180.0000, 12.0000, -3.331e-9
182.0000, 12.0000, -3.340e-9
184.0000, 12.0000, -3.349e-9
186.0000, 12.0000, -3.357e-9
188.0000, 12.0000, -3.365e-9
190.0000, 12.0000, -3.372e-9
192.0000, 12.0000, -3.376e-9
194.0000, 12.0000, -3.382e-9
196.0000, 12.0000, -3.391e-9
198.0000, 12.0000, -3.398e-9
200.0000, 12.0000, -3.404e-9
202.0000, 12.0000, -3.414e-9
204.0000, 12.0000, -3.422e-9
206.0000, 12.0000, -3.432e-9
208.0000, 12.0000, -3.441e-9
210.0000, 12.0000, -3.447e-9
212.0000, 12.0000, -3.454e-9
214.0000, 12.0000, -3.463e-9
216.0000, 12.0000, -3.476e-9
218.0000, 12.0000, -3.488e-9
220.0000, 12.0000, -3.494e-9
222.0000, 12.0000, -3.499e-9
224.0000, 12.0000, -3.507e-9
226.0000, 12.0000, -3.516e-9
228.0000, 12.0000, -3.525e-9
230.0000, 12.0000, -3.537e-9
232.0000, 12.0000, -3.554e-9
234.0000, 12.0000, -3.566e-9
236.0000, 12.0000, -3.571e-9
238.0000, 12.0000, -3.581e-9
240.0000, 12.0000, -3.594e-9
242.0000, 12.0000, -3.604e-9
244.0000, 12.0000, -3.611e-9
246.0000, 12.0000, -3.621e-9
248.0000, 12.0000, -3.630e-9
0.0000, 14.0000, -4.201e-9
2.0000, 14.0000, -4.132e-9
4.0000, 14.0000, -4.036e-9
6.0000, 14.0000, -3.941e-9
8.0000, 14.0000, -3.877e-9
10.0000, 14.0000, -3.821e-9
12.0000, 14.0000, -3.750e-9
14.0000, 14.0000, -3.688e-9
16.0000, 14.0000, -3.650e-9
18.0000, 14.0000, -3.614e-9
20.0000, 14.0000, -3.569e-9
22.0000, 14.0000, -3.533e-9
24.0000, 14.0000, -3.512e-9
26.0000, 14.0000, -3.486e-9
28.0000, 14.0000, -3.457e-9
30.0000, 14.0000, -3.438e-9
32.0000, 14.0000, -3.425e-9
34.0000, 14.0000, -3.406e-9
36.0000, 14.0000, -3.390e-9
38.0000, 14.0000, -3.385e-9
40.0000, 14.0000, -3.379e-9
42.0000, 14.0000, -3.368e-9
44.0000, 14.0000, -3.362e-9
46.0000, 14.0000, -3.360e-9
48.0000, 14.0000, -3.351e-9
50.0000, 14.0000, -3.338e-9
52.0000, 14.0000, -3.335e-9
54.0000, 14.0000, -3.335e-9
56.0000, 14.0000, -3.323e-9
58.0000, 14.0000, -3.310e-9
60.0000, 14.0000, -3.310e-9
62.0000, 14.0000, -3.309e-9
64.0000, 14.0000, -3.297e-9
66.0000, 14.0000, -3.289e-9
68.0000, 14.0000, -3.291e-9
70.0000, 14.0000, -3.285e-9
72.0000, 14.0000, -3.274e-9
74.0000, 14.0000, -3.269e-9
76.0000, 14.0000, -3.265e-9
78.0000, 14.0000, -3.257e-9
80.0000, 14.0000, -3.249e-9
82.0000, 14.0000, -3.246e-9
84.0000, 14.0000, -3.242e-9
86.0000, 14.0000, -3.236e-9
88.0000, 14.0000, -3.230e-9
90.0000, 14.0000, -3.229e-9
92.0000, 14.0000, -3.230e-9
94.0000, 14.0000, -3.226e-9
96.0000, 14.0000, -3.223e-9
98.0000, 14.0000, -3.224e-9
100.0000, 14.0000, -3.223e-9
102.0000, 14.0000, -3.222e-9
104.0000, 14.0000, -3.222e-9
106.0000, 14.0000, -3.222e-9
108.0000, 14.0000, -3.220e-9
110.0000, 14.0000, -3.216e-9
112.0000, 14.0000, -3.213e-9
114.0000, 14.0000, -3.211e-9
116.0000, 14.0000, -3.208e-9
118.0000, 14.0000, -3.202e-9
120.0000, 14.0000, -3.200e-9
122.0000, 14.0000, -3.200e-9
124.0000, 14.0000, -3.196e-9
126.0000, 14.0000, -3.192e-9
128.0000, 14.0000, -3.190e-9
130.0000, 14.0000, -3.188e-9
132.0000, 14.0000, -3.188e-9
134.0000, 14.0000, -3.189e-9
136.0000, 14.0000, -3.193e-9
138.0000, 14.0000, -3.197e-9
140.0000, 14.0000, -3.200e-9
142.0000, 14.0000, -3.204e-9
144.0000, 14.0000, -3.211e-9
146.0000, 14.0000, -3.214e-9
148.0000, 14.0000, -3.215e-9
150.0000, 14.0000, -3.220e-9
152.0000, 14.0000, -3.226e-9
154.0000, 14.0000, -3.230e-9
156.0000, 14.0000, -3.234e-9
158.0000, 14.0000, -3.241e-9
160.0000, 14.0000, -3.247e-9
162.0000, 14.0000, -3.253e-9
164.0000, 14.0000, -3.260e-9
166.0000, 14.0000, -3.265e-9
168.0000, 14.0000, -3.268e-9
170.0000, 14.0000, -3.273e-9
172.0000, 14.0000, -3.281e-9
174.0000, 14.0000, -3.288e-9
176.0000, 14.0000, -3.295e-9
178.0000, 14.0000, -3.303e-9
180.0000, 14.0000, -3.311e-9
182.0000, 14.0000, -3.319e-9
184.0000, 14.0000, -3.327e-9
186.0000, 14.0000, -3.332e-9
188.0000, 14.0000, -3.338e-9
190.0000, 14.0000, -3.346e-9
192.0000, 14.0000, -3.355e-9
194.0000, 14.0000, -3.360e-9
196.0000, 14.0000, -3.364e-9
198.0000, 14.0000, -3.369e-9
200.0000, 14.0000, -3.378e-9
202.0000, 14.0000, -3.388e-9
204.0000, 14.0000, -3.396e-9
206.0000, 14.0000, -3.402e-9
208.0000, 14.0000, -3.407e-9
210.0000, 14.0000, -3.411e-9
212.0000, 14.0000, -3.420e-9
214.0000, 14.0000, -3.432e-9
216.0000, 14.0000, -3.444e-9
218.0000, 14.0000, -3.453e-9
220.0000, 14.0000, -3.459e-9
222.0000, 14.0000, -3.467e-9
224.0000, 14.0000, -3.477e-9
226.0000, 14.0000, -3.488e-9
228.0000, 14.0000, -3.500e-9
230.0000, 14.0000, -3.511e-9
232.0000, 14.0000, -3.523e-9
234.0000, 14.0000, -3.536e-9
236.0000, 14.0000, -3.553e-9
238.0000, 14.0000, -3.569e-9
240.0000, 14.0000, -3.580e-9
242.0000, 14.0000, -3.589e-9
244.0000, 14.0000, -3.601e-9
246.0000, 14.0000, -3.611e-9
248.0000, 14.0000, -3.614e-9
0.0000, 16.0000, -4.200e-9
2.0000, 16.0000, -4.122e-9
4.0000, 16.0000, -4.046e-9
6.0000, 16.0000, -3.956e-9
8.0000, 16.0000, -3.871e-9
10.0000, 16.0000, -3.807e-9
12.0000, 16.0000, -3.751e-9
14.0000, 16.0000, -3.692e-9
16.0000, 16.0000, -3.641e-9
18.0000, 16.0000, -3.608e-9
20.0000, 16.0000, -3.578e-9
22.0000, 16.0000, -3.539e-9
24.0000, 16.0000, -3.506e-9
26.0000, 16.0000, -3.483e-9
28.0000, 16.0000, -3.456e-9
30.0000, 16.0000, -3.426e-9
32.0000, 16.0000, -3.408e-9
34.0000, 16.0000, -3.399e-9
36.0000, 16.0000, -3.384e-9
38.0000, 16.0000, -3.371e-9
40.0000, 16.0000, -3.367e-9
42.0000, 16.0000, -3.358e-9
44.0000, 16.0000, -3.348e-9
46.0000, 16.0000, -3.346e-9
48.0000, 16.0000, -3.342e-9
50.0000, 16.0000, -3.328e-9
52.0000, 16.0000, -3.318e-9
54.0000, 16.0000, -3.317e-9
56.0000, 16.0000, -3.311e-9
58.0000, 16.0000, -3.299e-9
60.0000, 16.0000, -3.291e-9
62.0000, 16.0000, -3.291e-9
64.0000, 16.0000, -3.287e-9
66.0000, 16.0000, -3.277e-9
68.0000, 16.0000, -3.268e-9
70.0000, 16.0000, -3.263e-9
72.0000, 16.0000, -3.260e-9
74.0000, 16.0000, -3.254e-9
76.0000, 16.0000, -3.245e-9
78.0000, 16.0000, -3.241e-9
80.0000, 16.0000, -3.238e-9
82.0000, 16.0000, -3.237e-9
84.0000, 16.0000, -3.232e-9
86.0000, 16.0000, -3.229e-9
88.0000, 16.0000, -3.229e-9
90.0000, 16.0000, -3.228e-9
92.0000, 16.0000, -3.224e-9
94.0000, 16.0000, -3.222e-9
96.0000, 16.0000, -3.223e-9
98.0000, 16.0000, -3.221e-9
100.0000, 16.0000, -3.219e-9
102.0000, 16.0000, -3.221e-9
104.0000, 16.0000, -3.222e-9
106.0000, 16.0000, -3.216e-9
108.0000, 16.0000, -3.211e-9
110.0000, 16.0000, -3.214e-9
112.0000, 16.0000, -3.216e-9
114.0000, 16.0000, -3.209e-9
116.0000, 16.0000, -3.204e-9
118.0000, 16.0000, -3.204e-9
120.0000, 16.0000, -3.199e-9
122.0000, 16.0000, -3.194e-9
124.0000, 16.0000, -3.193e-9
126.0000, 16.0000, -3.193e-9
128.0000, 16.0000, -3.191e-9
130.0000, 16.0000, -3.192e-9
132.0000, 16.0000, -3.195e-9
134.0000, 16.0000, -3.196e-9
136.0000, 16.0000, -3.196e-9
138.0000, 16.0000, -3.199e-9
140.0000, 16.0000, -3.203e-9
142.0000, 16.0000, -3.204e-9
144.0000, 16.0000, -3.208e-9
146.0000, 16.0000, -3.214e-9
148.0000, 16.0000, -3.217e-9
150.0000, 16.0000, -3.218e-9
152.0000, 16.0000, -3.221e-9
154.0000, 16.0000, -3.227e-9
156.0000, 16.0000, -3.230e-9
158.0000, 16.0000, -3.232e-9
160.0000, 16.0000, -3.238e-9
162.0000, 16.0000, -3.246e-9
164.0000, 16.0000, -3.251e-9
166.0000, 16.0000, -3.254e-9
168.0000, 16.0000, -3.258e-9
170.0000, 16.0000, -3.267e-9
172.0000, 16.0000, -3.276e-9
174.0000, 16.0000, -3.281e-9
176.0000, 16.0000, -3.290e-9
178.0000, 16.0000, -3.301e-9
180.0000, 16.0000, -3.305e-9
182.0000, 16.0000, -3.307e-9
184.0000, 16.0000, -3.318e-9
186.0000, 16.0000, -3.330e-9
188.0000, 16.0000, -3.334e-9
190.0000, 16.0000, -3.335e-9
192.0000, 16.0000, -3.344e-9
194.0000, 16.0000, -3.354e-9
196.0000, 16.0000, -3.360e-9
198.0000, 16.0000, -3.363e-9
200.0000, 16.0000, -3.367e-9
202.0000, 16.0000, -3.371e-9
204.0000, 16.0000, -3.373e-9
206.0000, 16.0000, -3.381e-9
208.0000, 16.0000, -3.390e-9
210.0000, 16.0000, -3.399e-9
212.0000, 16.0000, -3.405e-9
214.0000, 16.0000, -3.410e-9
216.0000, 16.0000, -3.419e-9
218.0000, 16.0000, -3.430e-9
220.0000, 16.0000, -3.437e-9
222.0000, 16.0000, -3.447e-9
224.0000, 16.0000, -3.463e-9
226.0000, 16.0000, -3.478e-9
228.0000, 16.0000, -3.489e-9
230.0000, 16.0000, -3.500e-9
232.0000, 16.0000, -3.517e-9
234.0000, 16.0000, -3.532e-9
236.0000, 16.0000, -3.540e-9
238.0000, 16.0000, -3.548e-9
240.0000, 16.0000, -3.559e-9
242.0000, 16.0000, -3.571e-9
244.0000, 16.0000, -3.583e-9
246.0000, 16.0000, -3.597e-9
248.0000, 16.0000, -3.607e-9
0.0000, 18.0000, -4.207e-9
2.0000, 18.0000, -4.140e-9
4.0000, 18.0000, -4.047e-9
6.0000, 18.0000, -3.943e-9
8.0000, 18.0000, -3.867e-9
10.0000, 18.0000, -3.808e-9
12.0000, 18.0000, -3.745e-9
14.0000, 18.0000, -3.679e-9
16.0000, 18.0000, -3.634e-9
18.0000, 18.0000, -3.602e-9
20.0000, 18.0000, -3.563e-9
22.0000, 18.0000, -3.522e-9
24.0000, 18.0000, -3.492e-9
26.0000, 18.0000, -3.472e-9
28.0000, 18.0000, -3.448e-9
30.0000, 18.0000, -3.425e-9
32.0000, 18.0000, -3.410e-9
34.0000, 18.0000, -3.394e-9
36.0000, 18.0000, -3.378e-9
38.0000, 18.0000, -3.369e-9
40.0000, 18.0000, -3.360e-9
42.0000, 18.0000, -3.347e-9
44.0000, 18.0000, -3.338e-9
46.0000, 18.0000, -3.335e-9
48.0000, 18.0000, -3.331e-9
50.0000, 18.0000, -3.322e-9
52.0000, 18.0000, -3.315e-9
54.0000, 18.0000, -3.308e-9
56.0000, 18.0000, -3.298e-9
58.0000, 18.0000, -3.287e-9
60.0000, 18.0000, -3.276e-9
62.0000, 18.0000, -3.269e-9
64.0000, 18.0000, -3.262e-9
66.0000, 18.0000, -3.257e-9
68.0000, 18.0000, -3.253e-9
70.0000, 18.0000, -3.246e-9
72.0000, 18.0000, -3.242e-9
74.0000, 18.0000, -3.237e-9
76.0000, 18.0000, -3.233e-9
78.0000, 18.0000, -3.231e-9
80.0000, 18.0000, -3.231e-9
82.0000, 18.0000, -3.228e-9
84.0000, 18.0000, -3.226e-9
86.0000, 18.0000, -3.225e-9
88.0000, 18.0000, -3.221e-9
90.0000, 18.0000, -3.216e-9
92.0000, 18.0000, -3.215e-9
94.0000, 18.0000, -3.218e-9
96.0000, 18.0000, -3.218e-9
98.0000, 18.0000, -3.214e-9
100.0000, 18.0000, -3.210e-9
102.0000, 18.0000, -3.210e-9
104.0000, 18.0000, -3.212e-9
106.0000, 18.0000, -3.210e-9
108.0000, 18.0000, -3.205e-9
110.0000, 18.0000, -3.203e-9
112.0000, 18.0000, -3.202e-9
114.0000, 18.0000, -3.197e-9
116.0000, 18.0000, -3.194e-9
118.0000, 18.0000, -3.192e-9
120.0000, 18.0000, -3.191e-9
122.0000, 18.0000, -3.190e-9
124.0000, 18.0000, -3.190e-9
126.0000, 18.0000, -3.191e-9
128.0000, 18.0000, -3.190e-9
130.0000, 18.0000, -3.189e-9
132.0000, 18.0000, -3.190e-9
134.0000, 18.0000, -3.192e-9
136.0000, 18.0000, -3.195e-9
138.0000, 18.0000, -3.196e-9
140.0000, 18.0000, -3.199e-9
142.0000, 18.0000, -3.202e-9
144.0000, 18.0000, -3.202e-9
146.0000, 18.0000, -3.205e-9
148.0000, 18.0000, -3.210e-9
150.0000, 18.0000, -3.211e-9
152.0000, 18.0000, -3.214e-9
154.0000, 18.0000, -3.220e-9
156.0000, 18.0000, -3.226e-9
158.0000, 18.0000, -3.228e-9
160.0000, 18.0000, -3.231e-9
162.0000, 18.0000, -3.240e-9
164.0000, 18.0000, -3.248e-9
166.0000, 18.0000, -3.251e-9
168.0000, 18.0000, -3.258e-9
170.0000, 18.0000, -3.269e-9
172.0000, 18.0000, -3.277e-9
174.0000, 18.0000, -3.280e-9
176.0000, 18.0000, -3.290e-9
178.0000, 18.0000, -3.304e-9
180.0000, 18.0000, -3.311e-9
182.0000, 18.0000, -3.315e-9
184.0000, 18.0000, -3.326e-9
186.0000, 18.0000, -3.336e-9
188.0000, 18.0000, -3.339e-9
190.0000, 18.0000, -3.340e-9
192.0000, 18.0000, -3.346e-9
194.0000, 18.0000, -3.351e-9
196.0000, 18.0000, -3.354e-9
198.0000, 18.0000, -3.358e-9
200.0000, 18.0000, -3.364e-9
202.0000, 18.0000, -3.368e-9
204.0000, 18.0000, -3.377e-9
206.0000, 18.0000, -3.388e-9
208.0000, 18.0000, -3.395e-9
210.0000, 18.0000, -3.399e-9
212.0000, 18.0000, -3.406e-9
214.0000, 18.0000, -3.415e-9
216.0000, 18.0000, -3.429e-9
218.0000, 18.0000, -3.444e-9
220.0000, 18.0000, -3.453e-9
222.0000, 18.0000, -3.456e-9
224.0000, 18.0000, -3.464e-9
226.0000, 18.0000, -3.480e-9
228.0000, 18.0000, -3.493e-9
230.0000, 18.0000, -3.502e-9
232.0000, 18.0000, -3.514e-9
234.0000, 18.0000, -3.525e-9
236.0000, 18.0000, -3.531e-9
238.0000, 18.0000, -3.542e-9
240.0000, 18.0000, -3.554e-9
242.0000, 18.0000, -3.564e-9
244.0000, 18.0000, -3.573e-9
246.0000, 18.0000, -3.588e-9
248.0000, 18.0000, -3.600e-9
0.0000, 20.0000, -4.182e-9
2.0000, 20.0000, -4.107e-9
4.0000, 20.0000, -4.020e-9
6.0000, 20.0000, -3.925e-9
8.0000, 20.0000, -3.848e-9
10.0000, 20.0000, -3.790e-9
12.0000, 20.0000, -3.728e-9
14.0000, 20.0000, -3.668e-9
16.0000, 20.0000, -3.627e-9
18.0000, 20.0000, -3.596e-9
20.0000, 20.0000, -3.560e-9
22.0000, 20.0000, -3.523e-9
24.0000, 20.0000, -3.492e-9
26.0000, 20.0000, -3.468e-9
28.0000, 20.0000, -3.446e-9
30.0000, 20.0000, -3.422e-9
32.0000, 20.0000, -3.400e-9
34.0000, 20.0000, -3.385e-9
36.0000, 20.0000, -3.371e-9
38.0000, 20.0000, -3.358e-9
40.0000, 20.0000, -3.350e-9
42.0000, 20.0000, -3.342e-9
44.0000, 20.0000, -3.332e-9
46.0000, 20.0000, -3.320e-9
48.0000, 20.0000, -3.312e-9
50.0000, 20.0000, -3.304e-9
52.0000, 20.0000, -3.293e-9
54.0000, 20.0000, -3.285e-9
56.0000, 20.0000, -3.280e-9
58.0000, 20.0000, -3.276e-9
60.0000, 20.0000, -3.266e-9
62.0000, 20.0000, -3.261e-9
64.0000, 20.0000, -3.259e-9
66.0000, 20.0000, -3.251e-9
68.0000, 20.0000, -3.244e-9
70.0000, 20.0000, -3.245e-9
72.0000, 20.0000, -3.244e-9
74.0000, 20.0000, -3.237e-9
76.0000, 20.0000, -3.235e-9
78.0000, 20.0000, -3.233e-9
80.0000, 20.0000, -3.227e-9
82.0000, 20.0000, -3.224e-9
84.0000, 20.0000, -3.222e-9
86.0000, 20.0000, -3.226e-9
88.0000, 20.0000, -3.226e-9
90.0000, 20.0000, -3.220e-9
92.0000, 20.0000, -3.218e-9
94.0000, 20.0000, -3.219e-9
96.0000, 20.0000, -3.219e-9
98.0000, 20.0000, -3.212e-9
100.0000, 20.0000, -3.206e-9
102.0000, 20.0000, -3.206e-9
104.0000, 20.0000, -3.203e-9
106.0000, 20.0000, -3.197e-9
108.0000, 20.0000, -3.195e-9
110.0000, 20.0000, -3.194e-9
112.0000, 20.0000, -3.192e-9
114.0000, 20.0000, -3.190e-9
116.0000, 20.0000, -3.191e-9
118.0000, 20.0000, -3.190e-9
120.0000, 20.0000, -3.187e-9
122.0000, 20.0000, -3.186e-9
124.0000, 20.0000, -3.187e-9
126.0000, 20.0000, -3.188e-9
128.0000, 20.0000, -3.188e-9
130.0000, 20.0000, -3.191e-9
132.0000, 20.0000, -3.194e-9
134.0000, 20.0000, -3.194e-9
136.0000, 20.0000, -3.194e-9
138.0000, 20.0000, -3.197e-9
140.0000, 20.0000, -3.198e-9
142.0000, 20.0000, -3.195e-9
144.0000, 20.0000, -3.197e-9
146.0000, 20.0000, -3.202e-9
148.0000, 20.0000, -3.202e-9
150.0000, 20.0000, -3.202e-9
152.0000, 20.0000, -3.208e-9
154.0000, 20.0000, -3.214e-9
156.0000, 20.0000, -3.213e-9
158.0000, 20.0000, -3.216e-9
160.0000, 20.0000, -3.226e-9
162.0000, 20.0000, -3.229e-9
164.0000, 20.0000, -3.229e-9
166.0000, 20.0000, -3.238e-9
168.0000, 20.0000, -3.248e-9
170.0000, 20.0000, -3.251e-9
172.0000, 20.0000, -3.257e-9
174.0000, 20.0000, -3.270e-9
176.0000, 20.0000, -3.280e-9
178.0000, 20.0000, -3.285e-9
180.0000, 20.0000, -3.295e-9
182.0000, 20.0000, -3.308e-9
184.0000, 20.0000, -3.313e-9
186.0000, 20.0000, -3.319e-9
188.0000, 20.0000, -3.331e-9
190.0000, 20.0000, -3.340e-9
192.0000, 20.0000, -3.342e-9
194.0000, 20.0000, -3.348e-9
196.0000, 20.0000, -3.358e-9
198.0000, 20.0000, -3.361e-9
200.0000, 20.0000, -3.365e-9
202.0000, 20.0000, -3.375e-9
204.0000, 20.0000, -3.383e-9
206.0000, 20.0000, -3.390e-9
208.0000, 20.0000, -3.398e-9
210.0000, 20.0000, -3.405e-9
212.0000, 20.0000, -3.411e-9
214.0000, 20.0000, -3.418e-9
216.0000, 20.0000, -3.427e-9
218.0000, 20.0000, -3.436e-9
220.0000, 20.0000, -3.442e-9
222.0000, 20.0000, -3.448e-9
224.0000, 20.0000, -3.460e-9
226.0000, 20.0000, -3.471e-9
228.0000, 20.0000, -3.478e-9
230.0000, 20.0000, -3.488e-9
232.0000, 20.0000, -3.498e-9
234.0000, 20.0000, -3.507e-9
236.0000, 20.0000, -3.521e-9
238.0000, 20.0000, -3.538e-9
240.0000, 20.0000, -3.553e-9
242.0000, 20.0000, -3.567e-9
244.0000, 20.0000, -3.579e-9
246.0000, 20.0000, -3.589e-9
248.0000, 20.0000, -3.595e-9
0.0000, 22.0000, -4.164e-9
2.0000, 22.0000, -4.092e-9
4.0000, 22.0000, -4.007e-9
6.0000, 22.0000, -3.912e-9
8.0000, 22.0000, -3.835e-9
10.0000, 22.0000, -3.777e-9
12.0000, 22.0000, -3.719e-9
14.0000, 22.0000, -3.659e-9
16.0000, 22.0000, -3.615e-9
18.0000, 22.0000, -3.582e-9
20.0000, 22.0000, -3.545e-9
22.0000, 22.0000, -3.507e-9
24.0000, 22.0000, -3.483e-9
26.0000, 22.0000, -3.458e-9
28.0000, 22.0000, -3.428e-9
30.0000, 22.0000, -3.410e-9
32.0000, 22.0000, -3.400e-9
34.0000, 22.0000, -3.382e-9
36.0000, 22.0000, -3.361e-9
38.0000, 22.0000, -3.352e-9
40.0000, 22.0000, -3.345e-9
42.0000, 22.0000, -3.330e-9
44.0000, 22.0000, -3.316e-9
46.0000, 22.0000, -3.310e-9
48.0000, 22.0000, -3.301e-9
50.0000, 22.0000, -3.290e-9
52.0000, 22.0000, -3.281e-9
54.0000, 22.0000, -3.274e-9
56.0000, 22.0000, -3.264e-9
58.0000, 22.0000, -3.256e-9
60.0000, 22.0000, -3.253e-9
62.0000, 22.0000, -3.252e-9
64.0000, 22.0000, -3.245e-9
66.0000, 22.0000, -3.240e-9
68.0000, 22.0000, -3.240e-9
70.0000, 22.0000, -3.236e-9
72.0000, 22.0000, -3.230e-9
74.0000, 22.0000, -3.230e-9
76.0000, 22.0000, -3.231e-9
78.0000, 22.0000, -3.227e-9
80.0000, 22.0000, -3.221e-9
82.0000, 22.0000, -3.222e-9
84.0000, 22.0000, -3.223e-9
86.0000, 22.0000, -3.216e-9
88.0000, 22.0000, -3.211e-9
90.0000, 22.0000, -3.208e-9
92.0000, 22.0000, -3.204e-9
94.0000, 22.0000, -3.199e-9
96.0000, 22.0000, -3.197e-9
98.0000, 22.0000, -3.195e-9
100.0000, 22.0000, -3.190e-9
102.0000, 22.0000, -3.189e-9
104.0000, 22.0000, -3.191e-9
106.0000, 22.0000, -3.188e-9
108.0000, 22.0000, -3.184e-9
110.0000, 22.0000, -3.182e-9
112.0000, 22.0000, -3.180e-9
114.0000, 22.0000, -3.177e-9
116.0000, 22.0000, -3.177e-9
118.0000, 22.0000, -3.177e-9
120.0000, 22.0000, -3.175e-9
122.0000, 22.0000, -3.175e-9
124.0000, 22.0000, -3.175e-9
126.0000, 22.0000, -3.176e-9
128.0000, 22.0000, -3.177e-9
130.0000, 22.0000, -3.179e-9
132.0000, 22.0000, -3.180e-9
134.0000, 22.0000, -3.181e-9
136.0000, 22.0000, -3.183e-9
138.0000, 22.0000, -3.185e-9
140.0000, 22.0000, -3.185e-9
142.0000, 22.0000, -3.186e-9
144.0000, 22.0000, -3.191e-9
146.0000, 22.0000, -3.193e-9
148.0000, 22.0000, -3.194e-9
150.0000, 22.0000, -3.198e-9
152.0000, 22.0000, -3.204e-9
154.0000, 22.0000, -3.206e-9
156.0000, 22.0000, -3.207e-9
158.0000, 22.0000, -3.215e-9
160.0000, 22.0000, -3.221e-9
162.0000, 22.0000, -3.224e-9
164.0000, 22.0000, -3.231e-9
166.0000, 22.0000, -3.240e-9
168.0000, 22.0000, -3.243e-9
170.0000, 22.0000, -3.246e-9
172.0000, 22.0000, -3.257e-9
174.0000, 22.0000, -3.266e-9
176.0000, 22.0000, -3.271e-9
178.0000, 22.0000, -3.279e-9
180.0000, 22.0000, -3.291e-9
182.0000, 22.0000, -3.296e-9
184.0000, 22.0000, -3.301e-9
186.0000, 22.0000, -3.313e-9
188.0000, 22.0000, -3.326e-9
190.0000, 22.0000, -3.334e-9
192.0000, 22.0000, -3.342e-9
194.0000, 22.0000, -3.355e-9
196.0000, 22.0000, -3.366e-9
198.0000, 22.0000, -3.371e-9
200.0000, 22.0000, -3.380e-9
202.0000, 22.0000, -3.392e-9
204.0000, 22.0000, -3.396e-9
206.0000, 22.0000, -3.397e-9
208.0000, 22.0000, -3.408e-9
210.0000, 22.0000, -3.420e-9
212.0000, 22.0000, -3.423e-9
214.0000, 22.0000, -3.427e-9
216.0000, 22.0000, -3.440e-9
218.0000, 22.0000, -3.453e-9
220.0000, 22.0000, -3.459e-9
222.0000, 22.0000, -3.465e-9
224.0000, 22.0000, -3.475e-9
226.0000, 22.0000, -3.485e-9
228.0000, 22.0000, -3.496e-9
230.0000, 22.0000, -3.507e-9
232.0000, 22.0000, -3.519e-9
234.0000, 22.0000, -3.526e-9
236.0000, 22.0000, -3.532e-9
238.0000, 22.0000, -3.544e-9
240.0000, 22.0000, -3.555e-9
242.0000, 22.0000, -3.565e-9
244.0000, 22.0000, -3.576e-9
246.0000, 22.0000, -3.586e-9
248.0000, 22.0000, -3.592e-9
0.0000, 24.0000, -4.179e-9
2.0000, 24.0000, -4.107e-9
4.0000, 24.0000, -4.020e-9
6.0000, 24.0000, -3.924e-9
8.0000, 24.0000, -3.843e-9
10.0000, 24.0000, -3.783e-9
12.0000, 24.0000, -3.722e-9
14.0000, 24.0000, -3.662e-9
16.0000, 24.0000, -3.616e-9
18.0000, 24.0000, -3.580e-9
20.0000, 24.0000, -3.546e-9
22.0000, 24.0000, -3.510e-9
24.0000, 24.0000, -3.482e-9
26.0000, 24.0000, -3.463e-9
28.0000, 24.0000, -3.441e-9
30.0000, 24.0000, -3.415e-9
32.0000, 24.0000, -3.396e-9
34.0000, 24.0000, -3.385e-9
36.0000, 24.0000, -3.369e-9
38.0000, 24.0000, -3.351e-9
40.0000, 24.0000, -3.342e-9
42.0000, 24.0000, -3.330e-9
44.0000, 24.0000, -3.313e-9
46.0000, 24.0000, -3.304e-9
48.0000, 24.0000, -3.299e-9
50.0000, 24.0000, -3.289e-9
52.0000, 24.0000, -3.278e-9
54.0000, 24.0000, -3.271e-9
56.0000, 24.0000, -3.264e-9
58.0000, 24.0000, -3.256e-9
60.0000, 24.0000, -3.249e-9
62.0000, 24.0000, -3.246e-9
64.0000, 24.0000, -3.245e-9
66.0000, 24.0000, -3.241e-9
68.0000, 24.0000, -3.238e-9
70.0000, 24.0000, -3.235e-9
72.0000, 24.0000, -3.229e-9
74.0000, 24.0000, -3.223e-9
76.0000, 24.0000, -3.222e-9
78.0000, 24.0000, -3.219e-9
80.0000, 24.0000, -3.210e-9
82.0000, 24.0000, -3.207e-9
84.0000, 24.0000, -3.208e-9
86.0000, 24.0000, -3.206e-9
88.0000, 24.0000, -3.201e-9
90.0000, 24.0000, -3.200e-9
92.0000, 24.0000, -3.200e-9
94.0000, 24.0000, -3.197e-9
96.0000, 24.0000, -3.194e-9
98.0000, 24.0000, -3.193e-9
100.0000, 24.0000, -3.191e-9
102.0000, 24.0000, -3.188e-9
104.0000, 24.0000, -3.186e-9
106.0000, 24.0000, -3.184e-9
108.0000, 24.0000, -3.181e-9
110.0000, 24.0000, -3.175e-9
112.0000, 24.0000, -3.175e-9
114.0000, 24.0000, -3.174e-9
116.0000, 24.0000, -3.169e-9
118.0000, 24.0000, -3.162e-9
120.0000, 24.0000, -3.167e-9
122.0000, 24.0000, -3.172e-9
124.0000, 24.0000, -3.170e-9
126.0000, 24.0000, -3.170e-9
128.0000, 24.0000, -3.174e-9
130.0000, 24.0000, -3.173e-9
132.0000, 24.0000, -3.172e-9
134.0000, 24.0000, -3.178e-9
136.0000, 24.0000, -3.183e-9
138.0000, 24.0000, -3.182e-9
140.0000, 24.0000, -3.184e-9
142.0000, 24.0000, -3.190e-9
144.0000, 24.0000, -3.194e-9
146.0000, 24.0000, -3.196e-9
148.0000, 24.0000, -3.203e-9
150.0000, 24.0000, -3.208e-9
152.0000, 24.0000, -3.210e-9
154.0000, 24.0000, -3.215e-9
156.0000, 24.0000, -3.222e-9
158.0000, 24.0000, -3.225e-9
160.0000, 24.0000, -3.227e-9
162.0000, 24.0000, -3.233e-9
164.0000, 24.0000, -3.237e-9
166.0000, 24.0000, -3.237e-9
168.0000, 24.0000, -3.244e-9
170.0000, 24.0000, -3.251e-9
172.0000, 24.0000, -3.254e-9
174.0000, 24.0000, -3.263e-9
176.0000, 24.0000, -3.274e-9
178.0000, 24.0000, -3.282e-9
180.0000, 24.0000, -3.288e-9
182.0000, 24.0000, -3.297e-9
184.0000, 24.0000, -3.308e-9
186.0000, 24.0000, -3.317e-9
188.0000, 24.0000, -3.325e-9
190.0000, 24.0000, -3.336e-9
192.0000, 24.0000, -3.348e-9
194.0000, 24.0000, -3.359e-9
196.0000, 24.0000, -3.368e-9
198.0000, 24.0000, -3.378e-9
200.0000, 24.0000, -3.385e-9
202.0000, 24.0000, -3.388e-9
204.0000, 24.0000, -3.392e-9
206.0000, 24.0000, -3.400e-9
208.0000, 24.0000, -3.410e-9
210.0000, 24.0000, -3.417e-9
212.0000, 24.0000, -3.421e-9
214.0000, 24.0000, -3.425e-9
216.0000, 24.0000, -3.431e-9
218.0000, 24.0000, -3.440e-9
220.0000, 24.0000, -3.449e-9
222.0000, 24.0000, -3.459e-9
224.0000, 24.0000, -3.467e-9
226.0000, 24.0000, -3.477e-9
228.0000, 24.0000, -3.488e-9
230.0000, 24.0000, -3.499e-9
232.0000, 24.0000, -3.514e-9
234.0000, 24.0000, -3.525e-9
236.0000, 24.0000, -3.535e-9
238.0000, 24.0000, -3.548e-9
240.0000, 24.0000, -3.560e-9
242.0000, 24.0000, -3.571e-9
244.0000, 24.0000, -3.585e-9
246.0000, 24.0000, -3.596e-9
248.0000, 24.0000, -3.601e-9
0.0000, 26.0000, -4.206e-9
2.0000, 26.0000, -4.135e-9
4.0000, 26.0000, -4.063e-9
6.0000, 26.0000, -3.962e-9
8.0000, 26.0000, -3.862e-9
10.0000, 26.0000, -3.800e-9
12.0000, 26.0000, -3.754e-9
14.0000, 26.0000, -3.690e-9
16.0000, 26.0000, -3.630e-9
18.0000, 26.0000, -3.599e-9
20.0000, 26.0000, -3.572e-9
22.0000, 26.0000, -3.525e-9
24.0000, 26.0000, -3.489e-9
26.0000, 26.0000, -3.480e-9
28.0000, 26.0000, -3.464e-9
30.0000, 26.0000, -3.433e-9
32.0000, 26.0000, -3.413e-9
34.0000, 26.0000, -3.404e-9
36.0000, 26.0000, -3.387e-9
38.0000, 26.0000, -3.366e-9
40.0000, 26.0000, -3.355e-9
42.0000, 26.0000, -3.346e-9
44.0000, 26.0000, -3.329e-9
46.0000, 26.0000, -3.317e-9
48.0000, 26.0000, -3.313e-9
50.0000, 26.0000, -3.306e-9
52.0000, 26.0000, -3.291e-9
54.0000, 26.0000, -3.280e-9
56.0000, 26.0000, -3.276e-9
58.0000, 26.0000, -3.268e-9
60.0000, 26.0000, -3.256e-9
62.0000, 26.0000, -3.254e-9
64.0000, 26.0000, -3.256e-9
66.0000, 26.0000, -3.250e-9
68.0000, 26.0000, -3.246e-9
70.0000, 26.0000, -3.248e-9
72.0000, 26.0000, -3.240e-9
74.0000, 26.0000, -3.219e-9
76.0000, 26.0000, -3.211e-9
78.0000, 26.0000, -3.212e-9
80.0000, 26.0000, -3.205e-9
82.0000, 26.0000, -3.195e-9
84.0000, 26.0000, -3.197e-9
86.0000, 26.0000, -3.200e-9
88.0000, 26.0000, -3.194e-9
90.0000, 26.0000, -3.187e-9
92.0000, 26.0000, -3.191e-9
94.0000, 26.0000, -3.192e-9
96.0000, 26.0000, -3.185e-9
98.0000, 26.0000, -3.186e-9
100.0000, 26.0000, -3.191e-9
102.0000, 26.0000, -3.187e-9
104.0000, 26.0000, -3.181e-9
106.0000, 26.0000, -3.180e-9
108.0000, 26.0000, -3.177e-9
110.0000, 26.0000, -3.169e-9
112.0000, 26.0000, -3.168e-9
114.0000, 26.0000, -3.169e-9
116.0000, 26.0000, -3.165e-9
118.0000, 26.0000, -3.160e-9
120.0000, 26.0000, -3.160e-9
122.0000, 26.0000, -3.160e-9
124.0000, 26.0000, -3.158e-9
126.0000, 26.0000, -3.158e-9
128.0000, 26.0000, -3.160e-9
130.0000, 26.0000, -3.160e-9
132.0000, 26.0000, -3.159e-9
134.0000, 26.0000, -3.162e-9
136.0000, 26.0000, -3.166e-9
138.0000, 26.0000, -3.166e-9
140.0000, 26.0000, -3.167e-9
142.0000, 26.0000, -3.173e-9
144.0000, 26.0000, -3.177e-9
146.0000, 26.0000, -3.180e-9
148.0000, 26.0000, -3.187e-9
150.0000, 26.0000, -3.194e-9
152.0000, 26.0000, -3.198e-9
154.0000, 26.0000, -3.202e-9
156.0000, 26.0000, -3.208e-9
158.0000, 26.0000, -3.211e-9
160.0000, 26.0000, -3.217e-9
162.0000, 26.0000, -3.227e-9
164.0000, 26.0000, -3.236e-9
166.0000, 26.0000, -3.243e-9
168.0000, 26.0000, -3.252e-9
170.0000, 26.0000, -3.260e-9
172.0000, 26.0000, -3.268e-9
174.0000, 26.0000, -3.278e-9
176.0000, 26.0000, -3.288e-9
178.0000, 26.0000, -3.296e-9
180.0000, 26.0000, -3.301e-9
182.0000, 26.0000, -3.308e-9
184.0000, 26.0000, -3.318e-9
186.0000, 26.0000, -3.327e-9
188.0000, 26.0000, -3.333e-9
190.0000, 26.0000, -3.338e-9
192.0000, 26.0000, -3.349e-9
194.0000, 26.0000, -3.359e-9
196.0000, 26.0000, -3.367e-9
198.0000, 26.0000, -3.376e-9
200.0000, 26.0000, -3.387e-9
202.0000, 26.0000, -3.397e-9
204.0000, 26.0000, -3.404e-9
206.0000, 26.0000, -3.412e-9
208.0000, 26.0000, -3.422e-9
210.0000, 26.0000, -3.427e-9
212.0000, 26.0000, -3.431e-9
214.0000, 26.0000, -3.441e-9
216.0000, 26.0000, -3.455e-9
218.0000, 26.0000, -3.464e-9
220.0000, 26.0000, -3.471e-9
222.0000, 26.0000, -3.480e-9
224.0000, 26.0000, -3.487e-9
226.0000, 26.0000, -3.493e-9
228.0000, 26.0000, -3.501e-9
230.0000, 26.0000, -3.512e-9
232.0000, 26.0000, -3.521e-9
234.0000, 26.0000, -3.530e-9
236.0000, 26.0000, -3.542e-9
238.0000, 26.0000, -3.553e-9
240.0000, 26.0000, -3.560e-9
242.0000, 26.0000, -3.571e-9
244.0000, 26.0000, -3.586e-9
246.0000, 26.0000, -3.596e-9
248.0000, 26.0000, -3.605e-9
0.0000, 28.0000, -4.137e-9
2.0000, 28.0000, -4.055e-9
4.0000, 28.0000, -3.962e-9
6.0000, 28.0000, -3.880e-9
8.0000, 28.0000, -3.815e-9
10.0000, 28.0000, -3.750e-9
12.0000, 28.0000, -3.686e-9
14.0000, 28.0000, -3.640e-9
16.0000, 28.0000, -3.603e-9
18.0000, 28.0000, -3.561e-9
20.0000, 28.0000, -3.525e-9
22.0000, 28.0000, -3.503e-9
24.0000, 28.0000, -3.480e-9
26.0000, 28.0000, -3.453e-9
28.0000, 28.0000, -3.434e-9
30.0000, 28.0000, -3.419e-9
32.0000, 28.0000, -3.403e-9
34.0000, 28.0000, -3.387e-9
36.0000, 28.0000, -3.375e-9
38.0000, 28.0000, -3.366e-9
40.0000, 28.0000, -3.358e-9
42.0000, 28.0000, -3.348e-9
44.0000, 28.0000, -3.338e-9
46.0000, 28.0000, -3.330e-9
48.0000, 28.0000, -3.319e-9
50.0000, 28.0000, -3.308e-9
52.0000, 28.0000, -3.297e-9
54.0000, 28.0000, -3.290e-9
56.0000, 28.0000, -3.286e-9
58.0000, 28.0000, -3.279e-9
60.0000, 28.0000, -3.269e-9
62.0000, 28.0000, -3.262e-9
64.0000, 28.0000, -3.256e-9
66.0000, 28.0000, -3.248e-9
68.0000, 28.0000, -3.240e-9
70.0000, 28.0000, -3.234e-9
72.0000, 28.0000, -3.227e-9
74.0000, 28.0000, -3.222e-9
76.0000, 28.0000, -3.218e-9
78.0000, 28.0000, -3.214e-9
80.0000, 28.0000, -3.210e-9
82.0000, 28.0000, -3.209e-9
84.0000, 28.0000, -3.206e-9
86.0000, 28.0000, -3.200e-9
88.0000, 28.0000, -3.196e-9
90.0000, 28.0000, -3.195e-9
92.0000, 28.0000, -3.194e-9
94.0000, 28.0000, -3.193e-9
96.0000, 28.0000, -3.190e-9
98.0000, 28.0000, -3.189e-9
100.0000, 28.0000, -3.188e-9
102.0000, 28.0000, -3.187e-9
104.0000, 28.0000, -3.182e-9
106.0000, 28.0000, -3.180e-9
108.0000, 28.0000, -3.179e-9
110.0000, 28.0000, -3.176e-9
112.0000, 28.0000, -3.173e-9
114.0000, 28.0000, -3.172e-9
116.0000, 28.0000, -3.169e-9
118.0000, 28.0000, -3.164e-9
120.0000, 28.0000, -3.164e-9
122.0000, 28.0000, -3.164e-9
124.0000, 28.0000, -3.162e-9
126.0000, 28.0000, -3.161e-9
128.0000, 28.0000, -3.165e-9
130.0000, 28.0000, -3.168e-9
132.0000, 28.0000, -3.168e-9
134.0000, 28.0000, -3.169e-9
136.0000, 28.0000, -3.173e-9
138.0000, 28.0000, -3.176e-9
140.0000, 28.0000, -3.176e-9
142.0000, 28.0000, -3.180e-9
144.0000, 28.0000, -3.188e-9
146.0000, 28.0000, -3.192e-9
148.0000, 28.0000, -3.192e-9
150.0000, 28.0000, -3.197e-9
152.0000, 28.0000, -3.203e-9
154.0000, 28.0000, -3.205e-9
156.0000, 28.0000, -3.210e-9
158.0000, 28.0000, -3.220e-9
160.0000, 28.0000, -3.229e-9
162.0000, 28.0000, -3.233e-9
164.0000, 28.0000, -3.239e-9
166.0000, 28.0000, -3.252e-9
168.0000, 28.0000, -3.261e-9
170.0000, 28.0000, -3.264e-9
172.0000, 28.0000, -3.272e-9
174.0000, 28.0000, -3.286e-9
176.0000, 28.0000, -3.293e-9
178.0000, 28.0000, -3.297e-9
180.0000, 28.0000, -3.306e-9
182.0000, 28.0000, -3.316e-9
184.0000, 28.0000, -3.321e-9
186.0000, 28.0000, -3.328e-9
188.0000, 28.0000, -3.337e-9
190.0000, 28.0000, -3.344e-9
192.0000, 28.0000, -3.351e-9
194.0000, 28.0000, -3.361e-9
196.0000, 28.0000, -3.372e-9
198.0000, 28.0000, -3.382e-9
200.0000, 28.0000, -3.391e-9
202.0000, 28.0000, -3.402e-9
204.0000, 28.0000, -3.411e-9
206.0000, 28.0000, -3.418e-9
208.0000, 28.0000, -3.429e-9
210.0000, 28.0000, -3.439e-9
212.0000, 28.0000, -3.445e-9
214.0000, 28.0000, -3.451e-9
216.0000, 28.0000, -3.462e-9
218.0000, 28.0000, -3.473e-9
220.0000, 28.0000, -3.480e-9
222.0000, 28.0000, -3.489e-9
224.0000, 28.0000, -3.498e-9
226.0000, 28.0000, -3.502e-9
228.0000, 28.0000, -3.509e-9
230.0000, 28.0000, -3.520e-9
232.0000, 28.0000, -3.528e-9
234.0000, 28.0000, -3.534e-9
236.0000, 28.0000, -3.546e-9
238.0000, 28.0000, -3.559e-9
240.0000, 28.0000, -3.567e-9
242.0000, 28.0000, -3.577e-9
244.0000, 28.0000, -3.591e-9
246.0000, 28.0000, -3.602e-9
248.0000, 28.0000, -3.609e-9
0.0000, 30.0000, -4.264e-9
2.0000, 30.0000, -4.177e-9
4.0000, 30.0000, -4.112e-9
6.0000, 30.0000, -4.016e-9
8.0000, 30.0000, -3.906e-9
10.0000, 30.0000, -3.837e-9
12.0000, 30.0000, -3.797e-9
14.0000, 30.0000, -3.736e-9
16.0000, 30.0000, -3.665e-9
18.0000, 30.0000, -3.628e-9
20.0000, 30.0000, -3.607e-9
22.0000, 30.0000, -3.560e-9
24.0000, 30.0000, -3.513e-9
26.0000, 30.0000, -3.497e-9
28.0000, 30.0000, -3.482e-9
30.0000, 30.0000, -3.449e-9
32.0000, 30.0000, -3.430e-9
34.0000, 30.0000, -3.434e-9
36.0000, 30.0000, -3.420e-9
38.0000, 30.0000, -3.391e-9
40.0000, 30.0000, -3.379e-9
42.0000, 30.0000, -3.377e-9
44.0000, 30.0000, -3.360e-9
46.0000, 30.0000, -3.342e-9
48.0000, 30.0000, -3.339e-9
50.0000, 30.0000, -3.335e-9
52.0000, 30.0000, -3.317e-9
54.0000, 30.0000, -3.303e-9
56.0000, 30.0000, -3.300e-9
58.0000, 30.0000, -3.292e-9
60.0000, 30.0000, -3.276e-9
62.0000, 30.0000, -3.270e-9
64.0000, 30.0000, -3.267e-9
66.0000, 30.0000, -3.258e-9
68.0000, 30.0000, -3.250e-9
70.0000, 30.0000, -3.247e-9
72.0000, 30.0000, -3.243e-9
74.0000, 30.0000, -3.236e-9
76.0000, 30.0000, -3.230e-9
78.0000, 30.0000, -3.226e-9
80.0000, 30.0000, -3.219e-9
82.0000, 30.0000, -3.214e-9
84.0000, 30.0000, -3.213e-9
86.0000, 30.0000, -3.211e-9
88.0000, 30.0000, -3.205e-9
90.0000, 30.0000, -3.200e-9
92.0000, 30.0000, -3.200e-9
94.0000, 30.0000, -3.200e-9
96.0000, 30.0000, -3.197e-9
98.0000, 30.0000, -3.194e-9
100.0000, 30.0000, -3.194e-9
102.0000, 30.0000, -3.191e-9
104.0000, 30.0000, -3.186e-9
106.0000, 30.0000, -3.185e-9
108.0000, 30.0000, -3.183e-9
110.0000, 30.0000, -3.178e-9
112.0000, 30.0000, -3.175e-9
114.0000, 30.0000, -3.175e-9
116.0000, 30.0000, -3.171e-9
118.0000, 30.0000, -3.167e-9
120.0000, 30.0000, -3.168e-9
122.0000, 30.0000, -3.171e-9
124.0000, 30.0000, -3.167e-9
126.0000, 30.0000, -3.164e-9
128.0000, 30.0000, -3.165e-9
130.0000, 30.0000, -3.166e-9
132.0000, 30.0000, -3.164e-9
134.0000, 30.0000, -3.165e-9
136.0000, 30.0000, -3.171e-9
138.0000, 30.0000, -3.173e-9
140.0000, 30.0000, -3.174e-9
142.0000, 30.0000, -3.177e-9
144.0000, 30.0000, -3.181e-9
146.0000, 30.0000, -3.182e-9
148.0000, 30.0000, -3.184e-9
150.0000, 30.0000, -3.189e-9
152.0000, 30.0000, -3.194e-9
154.0000, 30.0000, -3.198e-9
156.0000, 30.0000, -3.205e-9
158.0000, 30.0000, -3.215e-9
160.0000, 30.0000, -3.221e-9
162.0000, 30.0000, -3.225e-9
164.0000, 30.0000, -3.236e-9
166.0000, 30.0000, -3.249e-9
168.0000, 30.0000, -3.254e-9
170.0000, 30.0000, -3.258e-9
172.0000, 30.0000, -3.269e-9
174.0000, 30.0000, -3.279e-9
176.0000, 30.0000, -3.284e-9
178.0000, 30.0000, -3.292e-9
180.0000, 30.0000, -3.304e-9
182.0000, 30.0000, -3.309e-9
184.0000, 30.0000, -3.315e-9
186.0000, 30.0000, -3.327e-9
188.0000, 30.0000, -3.338e-9
190.0000, 30.0000, -3.345e-9
192.0000, 30.0000, -3.353e-9
194.0000, 30.0000, -3.365e-9
196.0000, 30.0000, -3.377e-9
198.0000, 30.0000, -3.386e-9
200.0000, 30.0000, -3.397e-9
202.0000, 30.0000, -3.411e-9
204.0000, 30.0000, -3.422e-9
206.0000, 30.0000, -3.428e-9
208.0000, 30.0000, -3.437e-9
210.0000, 30.0000, -3.445e-9
212.0000, 30.0000, -3.449e-9
214.0000, 30.0000, -3.456e-9
216.0000, 30.0000, -3.468e-9
218.0000, 30.0000, -3.478e-9
220.0000, 30.0000, -3.485e-9
222.0000, 30.0000, -3.493e-9
224.0000, 30.0000, -3.500e-9
226.0000, 30.0000, -3.506e-9
228.0000, 30.0000, -3.513e-9
230.0000, 30.0000, -3.520e-9
232.0000, 30.0000, -3.527e-9
234.0000, 30.0000, -3.537e-9
236.0000, 30.0000, -3.548e-9
238.0000, 30.0000, -3.559e-9
240.0000, 30.0000, -3.570e-9
242.0000, 30.0000, -3.584e-9
244.0000, 30.0000, -3.598e-9
246.0000, 30.0000, -3.608e-9
248.0000, 30.0000, -3.616e-9
0.0000, 32.0000, -4.194e-9
2.0000, 32.0000, -4.123e-9
4.0000, 32.0000, -4.035e-9
6.0000, 32.0000, -3.933e-9
8.0000, 32.0000, -3.853e-9
10.0000, 32.0000, -3.794e-9
12.0000, 32.0000, -3.737e-9
14.0000, 32.0000, -3.679e-9
16.0000, 32.0000, -3.633e-9
18.0000, 32.0000, -3.600e-9
20.0000, 32.0000, -3.562e-9
22.0000, 32.0000, -3.523e-9
24.0000, 32.0000, -3.497e-9
26.0000, 32.0000, -3.481e-9
28.0000, 32.0000, -3.460e-9
30.0000, 32.0000, -3.438e-9
32.0000, 32.0000, -3.426e-9
34.0000, 32.0000, -3.414e-9
36.0000, 32.0000, -3.398e-9
38.0000, 32.0000, -3.389e-9
40.0000, 32.0000, -3.380e-9
42.0000, 32.0000, -3.365e-9
44.0000, 32.0000, -3.352e-9
46.0000, 32.0000, -3.344e-9
48.0000, 32.0000, -3.334e-9
50.0000, 32.0000, -3.321e-9
52.0000, 32.0000, -3.312e-9
54.0000, 32.0000, -3.304e-9
56.0000, 32.0000, -3.295e-9
58.0000, 32.0000, -3.287e-9
60.0000, 32.0000, -3.279e-9
62.0000, 32.0000, -3.272e-9
64.0000, 32.0000, -3.265e-9
66.0000, 32.0000, -3.261e-9
68.0000, 32.0000, -3.257e-9
70.0000, 32.0000, -3.251e-9
72.0000, 32.0000, -3.244e-9
74.0000, 32.0000, -3.239e-9
76.0000, 32.0000, -3.236e-9
78.0000, 32.0000, -3.231e-9
80.0000, 32.0000, -3.226e-9
82.0000, 32.0000, -3.223e-9
84.0000, 32.0000, -3.222e-9
86.0000, 32.0000, -3.220e-9
88.0000, 32.0000, -3.214e-9
90.0000, 32.0000, -3.211e-9
92.0000, 32.0000, -3.212e-9
94.0000, 32.0000, -3.211e-9
96.0000, 32.0000, -3.209e-9
98.0000, 32.0000, -3.208e-9
100.0000, 32.0000, -3.204e-9
102.0000, 32.0000, -3.199e-9
104.0000, 32.0000, -3.195e-9
106.0000, 32.0000, -3.193e-9
108.0000, 32.0000, -3.190e-9
110.0000, 32.0000, -3.187e-9
112.0000, 32.0000, -3.184e-9
114.0000, 32.0000, -3.181e-9
116.0000, 32.0000, -3.179e-9
118.0000, 32.0000, -3.177e-9
120.0000, 32.0000, -3.174e-9
122.0000, 32.0000, -3.172e-9
124.0000, 32.0000, -3.170e-9
126.0000, 32.0000, -3.168e-9
128.0000, 32.0000, -3.166e-9
130.0000, 32.0000, -3.167e-9
132.0000, 32.0000, -3.168e-9
134.0000, 32.0000, -3.169e-9
136.0000, 32.0000, -3.171e-9
138.0000, 32.0000, -3.172e-9
140.0000, 32.0000, -3.172e-9
142.0000, 32.0000, -3.176e-9
144.0000, 32.0000, -3.183e-9
146.0000, 32.0000, -3.184e-9
148.0000, 32.0000, -3.185e-9
150.0000, 32.0000, -3.193e-9
152.0000, 32.0000, -3.200e-9
154.0000, 32.0000, -3.202e-9
156.0000, 32.0000, -3.209e-9
158.0000, 32.0000, -3.220e-9
160.0000, 32.0000, -3.226e-9
162.0000, 32.0000, -3.233e-9
164.0000, 32.0000, -3.245e-9
166.0000, 32.0000, -3.253e-9
168.0000, 32.0000, -3.256e-9
170.0000, 32.0000, -3.264e-9
172.0000, 32.0000, -3.276e-9
174.0000, 32.0000, -3.283e-9
176.0000, 32.0000, -3.289e-9
178.0000, 32.0000, -3.299e-9
180.0000, 32.0000, -3.309e-9
182.0000, 32.0000, -3.315e-9
184.0000, 32.0000, -3.326e-9
186.0000, 32.0000, -3.337e-9
188.0000, 32.0000, -3.342e-9
190.0000, 32.0000, -3.347e-9
192.0000, 32.0000, -3.359e-9
194.0000, 32.0000, -3.371e-9
196.0000, 32.0000, -3.378e-9
198.0000, 32.0000, -3.388e-9
200.0000, 32.0000, -3.401e-9
202.0000, 32.0000, -3.412e-9
204.0000, 32.0000, -3.420e-9
206.0000, 32.0000, -3.431e-9
208.0000, 32.0000, -3.443e-9
210.0000, 32.0000, -3.449e-9
212.0000, 32.0000, -3.455e-9
214.0000, 32.0000, -3.466e-9
216.0000, 32.0000, -3.474e-9
218.0000, 32.0000, -3.480e-9
220.0000, 32.0000, -3.486e-9
222.0000, 32.0000, -3.495e-9
224.0000, 32.0000, -3.503e-9
226.0000, 32.0000, -3.508e-9
228.0000, 32.0000, -3.515e-9
230.0000, 32.0000, -3.524e-9
232.0000, 32.0000, -3.536e-9
234.0000, 32.0000, -3.547e-9
236.0000, 32.0000, -3.562e-9
238.0000, 32.0000, -3.576e-9
240.0000, 32.0000, -3.584e-9
242.0000, 32.0000, -3.593e-9
244.0000, 32.0000, -3.602e-9
246.0000, 32.0000, -3.613e-9
248.0000, 32.0000, -3.623e-9
0.0000, 34.0000, -4.307e-9
2.0000, 34.0000, -4.195e-9
4.0000, 34.0000, -4.126e-9
6.0000, 34.0000, -4.051e-9
8.0000, 34.0000, -3.942e-9
10.0000, 34.0000, -3.853e-9
12.0000, 34.0000, -3.811e-9
14.0000, 34.0000, -3.768e-9
16.0000, 34.0000, -3.694e-9
18.0000, 34.0000, -3.639e-9
20.0000, 34.0000, -3.621e-9
22.0000, 34.0000, -3.586e-9
24.0000, 34.0000, -3.532e-9
26.0000, 34.0000, -3.507e-9
28.0000, 34.0000, -3.502e-9
30.0000, 34.0000, -3.473e-9
32.0000, 34.0000, -3.439e-9
34.0000, 34.0000, -3.433e-9
36.0000, 34.0000, -3.435e-9
38.0000, 34.0000, -3.412e-9
40.0000, 34.0000, -3.389e-9
42.0000, 34.0000, -3.385e-9
44.0000, 34.0000, -3.378e-9
46.0000, 34.0000, -3.354e-9
48.0000, 34.0000, -3.339e-9
50.0000, 34.0000, -3.336e-9
52.0000, 34.0000, -3.323e-9
54.0000, 34.0000, -3.304e-9
56.0000, 34.0000, -3.298e-9
58.0000, 34.0000, -3.295e-9
60.0000, 34.0000, -3.282e-9
62.0000, 34.0000, -3.273e-9
64.0000, 34.0000, -3.272e-9
66.0000, 34.0000, -3.265e-9
68.0000, 34.0000, -3.255e-9
70.0000, 34.0000, -3.252e-9
72.0000, 34.0000, -3.251e-9
74.0000, 34.0000, -3.242e-9
76.0000, 34.0000, -3.234e-9
78.0000, 34.0000, -3.236e-9
80.0000, 34.0000, -3.232e-9
82.0000, 34.0000, -3.220e-9
84.0000, 34.0000, -3.217e-9
86.0000, 34.0000, -3.219e-9
88.0000, 34.0000, -3.213e-9
90.0000, 34.0000, -3.208e-9
92.0000, 34.0000, -3.212e-9
94.0000, 34.0000, -3.210e-9
96.0000, 34.0000, -3.201e-9
98.0000, 34.0000, -3.198e-9
100.0000, 34.0000, -3.199e-9
102.0000, 34.0000, -3.194e-9
104.0000, 34.0000, -3.188e-9
106.0000, 34.0000, -3.188e-9
108.0000, 34.0000, -3.186e-9
110.0000, 34.0000, -3.179e-9
112.0000, 34.0000, -3.176e-9
114.0000, 34.0000, -3.178e-9
116.0000, 34.0000, -3.174e-9
118.0000, 34.0000, -3.169e-9
120.0000, 34.0000, -3.167e-9
122.0000, 34.0000, -3.167e-9
124.0000, 34.0000, -3.166e-9
126.0000, 34.0000, -3.164e-9
128.0000, 34.0000, -3.164e-9
130.0000, 34.0000, -3.167e-9
132.0000, 34.0000, -3.169e-9
134.0000, 34.0000, -3.171e-9
136.0000, 34.0000, -3.177e-9
138.0000, 34.0000, -3.182e-9
140.0000, 34.0000, -3.177e-9
142.0000, 34.0000, -3.175e-9
144.0000, 34.0000, -3.183e-9
146.0000, 34.0000, -3.188e-9
148.0000, 34.0000, -3.188e-9
150.0000, 34.0000, -3.193e-9
152.0000, 34.0000, -3.204e-9
154.0000, 34.0000, -3.211e-9
156.0000, 34.0000, -3.214e-9
158.0000, 34.0000, -3.222e-9
160.0000, 34.0000, -3.231e-9
162.0000, 34.0000, -3.236e-9
164.0000, 34.0000, -3.241e-9
166.0000, 34.0000, -3.250e-9
168.0000, 34.0000, -3.258e-9
170.0000, 34.0000, -3.264e-9
172.0000, 34.0000, -3.272e-9
174.0000, 34.0000, -3.283e-9
176.0000, 34.0000, -3.291e-9
178.0000, 34.0000, -3.301e-9
180.0000, 34.0000, -3.312e-9
182.0000, 34.0000, -3.321e-9
184.0000, 34.0000, -3.328e-9
186.0000, 34.0000, -3.339e-9
188.0000, 34.0000, -3.350e-9
190.0000, 34.0000, -3.356e-9
192.0000, 34.0000, -3.364e-9
194.0000, 34.0000, -3.378e-9
196.0000, 34.0000, -3.389e-9
198.0000, 34.0000, -3.393e-9
200.0000, 34.0000, -3.400e-9
202.0000, 34.0000, -3.414e-9
204.0000, 34.0000, -3.424e-9
206.0000, 34.0000, -3.428e-9
208.0000, 34.0000, -3.436e-9
210.0000, 34.0000, -3.447e-9
212.0000, 34.0000, -3.452e-9
214.0000, 34.0000, -3.458e-9
216.0000, 34.0000, -3.468e-9
218.0000, 34.0000, -3.478e-9
220.0000, 34.0000, -3.483e-9
222.0000, 34.0000, -3.488e-9
224.0000, 34.0000, -3.497e-9
226.0000, 34.0000, -3.507e-9
228.0000, 34.0000, -3.513e-9
230.0000, 34.0000, -3.521e-9
232.0000, 34.0000, -3.536e-9
234.0000, 34.0000, -3.546e-9
236.0000, 34.0000, -3.552e-9
238.0000, 34.0000, -3.562e-9
240.0000, 34.0000, -3.574e-9
242.0000, 34.0000, -3.584e-9
244.0000, 34.0000, -3.595e-9
246.0000, 34.0000, -3.610e-9
248.0000, 34.0000, -3.625e-9
0.0000, 36.0000, -4.178e-9
2.0000, 36.0000, -4.102e-9
4.0000, 36.0000, -4.018e-9
6.0000, 36.0000, -3.925e-9
8.0000, 36.0000, -3.849e-9
10.0000, 36.0000, -3.791e-9
12.0000, 36.0000, -3.732e-9
14.0000, 36.0000, -3.673e-9
16.0000, 36.0000, -3.631e-9
18.0000, 36.0000, -3.599e-9
20.0000, 36.0000, -3.564e-9
22.0000, 36.0000, -3.530e-9
24.0000, 36.0000, -3.507e-9
26.0000, 36.0000, -3.490e-9
28.0000, 36.0000, -3.468e-9
30.0000, 36.0000, -3.448e-9
32.0000, 36.0000, -3.436e-9
34.0000, 36.0000, -3.417e-9
36.0000, 36.0000, -3.397e-9
38.0000, 36.0000, -3.391e-9
40.0000, 36.0000, -3.382e-9
42.0000, 36.0000, -3.367e-9
44.0000, 36.0000, -3.362e-9
46.0000, 36.0000, -3.365e-9
48.0000, 36.0000, -3.355e-9
50.0000, 36.0000, -3.338e-9
52.0000, 36.0000, -3.333e-9
54.0000, 36.0000, -3.328e-9
56.0000, 36.0000, -3.312e-9
58.0000, 36.0000, -3.301e-9
60.0000, 36.0000, -3.298e-9
62.0000, 36.0000, -3.290e-9
64.0000, 36.0000, -3.277e-9
66.0000, 36.0000, -3.272e-9
68.0000, 36.0000, -3.273e-9
70.0000, 36.0000, -3.266e-9
72.0000, 36.0000, -3.257e-9
74.0000, 36.0000, -3.255e-9
76.0000, 36.0000, -3.251e-9
78.0000, 36.0000, -3.241e-9
80.0000, 36.0000, -3.236e-9
82.0000, 36.0000, -3.237e-9
84.0000, 36.0000, -3.232e-9
86.0000, 36.0000, -3.226e-9
88.0000, 36.0000, -3.225e-9
90.0000, 36.0000, -3.223e-9
92.0000, 36.0000, -3.217e-9
94.0000, 36.0000, -3.211e-9
96.0000, 36.0000, -3.210e-9
98.0000, 36.0000, -3.208e-9
100.0000, 36.0000, -3.203e-9
102.0000, 36.0000, -3.200e-9
104.0000, 36.0000, -3.200e-9
106.0000, 36.0000, -3.197e-9
108.0000, 36.0000, -3.191e-9
110.0000, 36.0000, -3.188e-9
112.0000, 36.0000, -3.187e-9
114.0000, 36.0000, -3.184e-9
116.0000, 36.0000, -3.180e-9
118.0000, 36.0000, -3.179e-9
120.0000, 36.0000, -3.177e-9
122.0000, 36.0000, -3.173e-9
124.0000, 36.0000, -3.173e-9
126.0000, 36.0000, -3.174e-9
128.0000, 36.0000, -3.171e-9
130.0000, 36.0000, -3.166e-9
132.0000, 36.0000, -3.169e-9
134.0000, 36.0000, -3.175e-9
136.0000, 36.0000, -3.175e-9
138.0000, 36.0000, -3.174e-9
140.0000, 36.0000, -3.180e-9
142.0000, 36.0000, -3.186e-9
144.0000, 36.0000, -3.186e-9
146.0000, 36.0000, -3.189e-9
148.0000, 36.0000, -3.198e-9
150.0000, 36.0000, -3.202e-9
152.0000, 36.0000, -3.204e-9
154.0000, 36.0000, -3.211e-9
156.0000, 36.0000, -3.220e-9
158.0000, 36.0000, -3.223e-9
160.0000, 36.0000, -3.226e-9
162.0000, 36.0000, -3.235e-9
164.0000, 36.0000, -3.244e-9
166.0000, 36.0000, -3.249e-9
168.0000, 36.0000, -3.255e-9
170.0000, 36.0000, -3.264e-9
172.0000, 36.0000, -3.273e-9
174.0000, 36.0000, -3.283e-9
176.0000, 36.0000, -3.295e-9
178.0000, 36.0000, -3.305e-9
180.0000, 36.0000, -3.309e-9
182.0000, 36.0000, -3.319e-9
184.0000, 36.0000, -3.333e-9
186.0000, 36.0000, -3.343e-9
188.0000, 36.0000, -3.351e-9
190.0000, 36.0000, -3.362e-9
192.0000, 36.0000, -3.373e-9
194.0000, 36.0000, -3.379e-9
196.0000, 36.0000, -3.387e-9
198.0000, 36.0000, -3.400e-9
200.0000, 36.0000, -3.410e-9
202.0000, 36.0000, -3.418e-9
204.0000, 36.0000, -3.427e-9
206.0000, 36.0000, -3.439e-9
208.0000, 36.0000, -3.447e-9
210.0000, 36.0000, -3.451e-9
212.0000, 36.0000, -3.458e-9
214.0000, 36.0000, -3.468e-9
216.0000, 36.0000, -3.475e-9
218.0000, 36.0000, -3.481e-9
220.0000, 36.0000, -3.490e-9
222.0000, 36.0000, -3.503e-9
224.0000, 36.0000, -3.512e-9
226.0000, 36.0000, -3.519e-9
228.0000, 36.0000, -3.527e-9
230.0000, 36.0000, -3.534e-9
232.0000, 36.0000, -3.541e-9
234.0000, 36.0000, -3.549e-9
236.0000, 36.0000, -3.561e-9
238.0000, 36.0000, -3.574e-9
240.0000, 36.0000, -3.583e-9
242.0000, 36.0000, -3.592e-9
244.0000, 36.0000, -3.605e-9
246.0000, 36.0000, -3.617e-9
248.0000, 36.0000, -3.622e-9
0.0000, 38.0000, -4.176e-9
2.0000, 38.0000, -4.092e-9
4.0000, 38.0000, -4.023e-9
6.0000, 38.0000, -3.940e-9
8.0000, 38.0000, -3.853e-9
10.0000, 38.0000, -3.785e-9
12.0000, 38.0000, -3.734e-9
14.0000, 38.0000, -3.683e-9
16.0000, 38.0000, -3.632e-9
18.0000, 38.0000, -3.594e-9
20.0000, 38.0000, -3.564e-9
22.0000, 38.0000, -3.532e-9
24.0000, 38.0000, -3.505e-9
26.0000, 38.0000, -3.490e-9
28.0000, 38.0000, -3.473e-9
30.0000, 38.0000, -3.451e-9
32.0000, 38.0000, -3.432e-9
34.0000, 38.0000, -3.423e-9
36.0000, 38.0000, -3.410e-9
38.0000, 38.0000, -3.390e-9
40.0000, 38.0000, -3.376e-9
42.0000, 38.0000, -3.378e-9
44.0000, 38.0000, -3.384e-9
46.0000, 38.0000, -3.384e-9
48.0000, 38.0000, -3.379e-9
50.0000, 38.0000, -3.374e-9
52.0000, 38.0000, -3.364e-9
54.0000, 38.0000, -3.340e-9
56.0000, 38.0000, -3.316e-9
58.0000, 38.0000, -3.309e-9
60.0000, 38.0000, -3.302e-9
62.0000, 38.0000, -3.286e-9
64.0000, 38.0000, -3.281e-9
66.0000, 38.0000, -3.281e-9
68.0000, 38.0000, -3.273e-9
70.0000, 38.0000, -3.263e-9
72.0000, 38.0000, -3.262e-9
74.0000, 38.0000, -3.259e-9
76.0000, 38.0000, -3.251e-9
78.0000, 38.0000, -3.247e-9
80.0000, 38.0000, -3.247e-9
82.0000, 38.0000, -3.244e-9
84.0000, 38.0000, -3.237e-9
86.0000, 38.0000, -3.233e-9
88.0000, 38.0000, -3.230e-9
90.0000, 38.0000, -3.224e-9
92.0000, 38.0000, -3.219e-9
94.0000, 38.0000, -3.218e-9
96.0000, 38.0000, -3.216e-9
98.0000, 38.0000, -3.211e-9
100.0000, 38.0000, -3.207e-9
102.0000, 38.0000, -3.209e-9
104.0000, 38.0000, -3.207e-9
106.0000, 38.0000, -3.202e-9
108.0000, 38.0000, -3.199e-9
110.0000, 38.0000, -3.198e-9
112.0000, 38.0000, -3.195e-9
114.0000, 38.0000, -3.190e-9
116.0000, 38.0000, -3.185e-9
118.0000, 38.0000, -3.181e-9
120.0000, 38.0000, -3.179e-9
122.0000, 38.0000, -3.178e-9
124.0000, 38.0000, -3.175e-9
126.0000, 38.0000, -3.172e-9
128.0000, 38.0000, -3.172e-9
130.0000, 38.0000, -3.173e-9
132.0000, 38.0000, -3.172e-9
134.0000, 38.0000, -3.170e-9
136.0000, 38.0000, -3.173e-9
138.0000, 38.0000, -3.176e-9
140.0000, 38.0000, -3.175e-9
142.0000, 38.0000, -3.177e-9
144.0000, 38.0000, -3.183e-9
146.0000, 38.0000, -3.186e-9
148.0000, 38.0000, -3.187e-9
150.0000, 38.0000, -3.192e-9
152.0000, 38.0000, -3.199e-9
154.0000, 38.0000, -3.202e-9
156.0000, 38.0000, -3.206e-9
158.0000, 38.0000, -3.213e-9
160.0000, 38.0000, -3.219e-9
162.0000, 38.0000, -3.224e-9
164.0000, 38.0000, -3.232e-9
166.0000, 38.0000, -3.240e-9
168.0000, 38.0000, -3.246e-9
170.0000, 38.0000, -3.255e-9
172.0000, 38.0000, -3.267e-9
174.0000, 38.0000, -3.275e-9
176.0000, 38.0000, -3.282e-9
178.0000, 38.0000, -3.291e-9
180.0000, 38.0000, -3.302e-9
182.0000, 38.0000, -3.313e-9
184.0000, 38.0000, -3.326e-9
186.0000, 38.0000, -3.338e-9
188.0000, 38.0000, -3.348e-9
190.0000, 38.0000, -3.358e-9
192.0000, 38.0000, -3.369e-9
194.0000, 38.0000, -3.380e-9
196.0000, 38.0000, -3.391e-9
198.0000, 38.0000, -3.403e-9
200.0000, 38.0000, -3.413e-9
202.0000, 38.0000, -3.421e-9
204.0000, 38.0000, -3.429e-9
206.0000, 38.0000, -3.438e-9
208.0000, 38.0000, -3.445e-9
210.0000, 38.0000, -3.451e-9
212.0000, 38.0000, -3.462e-9
214.0000, 38.0000, -3.473e-9
216.0000, 38.0000, -3.482e-9
218.0000, 38.0000, -3.490e-9
220.0000, 38.0000, -3.497e-9
222.0000, 38.0000, -3.503e-9
224.0000, 38.0000, -3.516e-9
226.0000, 38.0000, -3.533e-9
228.0000, 38.0000, -3.540e-9
230.0000, 38.0000, -3.541e-9
232.0000, 38.0000, -3.550e-9
234.0000, 38.0000, -3.563e-9
236.0000, 38.0000, -3.570e-9
238.0000, 38.0000, -3.578e-9
240.0000, 38.0000, -3.591e-9
242.0000, 38.0000, -3.602e-9
244.0000, 38.0000, -3.608e-9
246.0000, 38.0000, -3.618e-9
248.0000, 38.0000, -3.629e-9
0.0000, 40.0000, -4.205e-9
2.0000, 40.0000, -4.106e-9
4.0000, 40.0000, -4.021e-9
6.0000, 40.0000, -3.944e-9
8.0000, 40.0000, -3.866e-9
10.0000, 40.0000, -3.793e-9
12.0000, 40.0000, -3.739e-9
14.0000, 40.0000, -3.697e-9
16.0000, 40.0000, -3.649e-9
18.0000, 40.0000, -3.603e-9
20.0000, 40.0000, -3.573e-9
22.0000, 40.0000, -3.550e-9
24.0000, 40.0000, -3.519e-9
26.0000, 40.0000, -3.489e-9
28.0000, 40.0000, -3.472e-9
30.0000, 40.0000, -3.458e-9
32.0000, 40.0000, -3.437e-9
34.0000, 40.0000, -3.416e-9
36.0000, 40.0000, -3.406e-9
38.0000, 40.0000, -3.404e-9
40.0000, 40.0000, -3.402e-9
42.0000, 40.0000, -3.404e-9
44.0000, 40.0000, -3.404e-9
46.0000, 40.0000, -3.393e-9
48.0000, 40.0000, -3.381e-9
50.0000, 40.0000, -3.376e-9
52.0000, 40.0000, -3.352e-9
54.0000, 40.0000, -3.321e-9
56.0000, 40.0000, -3.313e-9
58.0000, 40.0000, -3.313e-9
60.0000, 40.0000, -3.297e-9
62.0000, 40.0000, -3.286e-9
64.0000, 40.0000, -3.290e-9
66.0000, 40.0000, -3.285e-9
68.0000, 40.0000, -3.271e-9
70.0000, 40.0000, -3.267e-9
72.0000, 40.0000, -3.269e-9
74.0000, 40.0000, -3.261e-9
76.0000, 40.0000, -3.252e-9
78.0000, 40.0000, -3.250e-9
80.0000, 40.0000, -3.249e-9
82.0000, 40.0000, -3.241e-9
84.0000, 40.0000, -3.235e-9
86.0000, 40.0000, -3.235e-9
88.0000, 40.0000, -3.233e-9
90.0000, 40.0000, -3.225e-9
92.0000, 40.0000, -3.221e-9
94.0000, 40.0000, -3.222e-9
96.0000, 40.0000, -3.219e-9
98.0000, 40.0000, -3.211e-9
100.0000, 40.0000, -3.207e-9
102.0000, 40.0000, -3.205e-9
104.0000, 40.0000, -3.201e-9
106.0000, 40.0000, -3.196e-9
108.0000, 40.0000, -3.194e-9
110.0000, 40.0000, -3.190e-9
112.0000, 40.0000, -3.187e-9
114.0000, 40.0000, -3.185e-9
116.0000, 40.0000, -3.182e-9
118.0000, 40.0000, -3.179e-9
120.0000, 40.0000, -3.178e-9
122.0000, 40.0000, -3.176e-9
124.0000, 40.0000, -3.173e-9
126.0000, 40.0000, -3.173e-9
128.0000, 40.0000, -3.173e-9
130.0000, 40.0000, -3.170e-9
132.0000, 40.0000, -3.170e-9
134.0000, 40.0000, -3.175e-9
136.0000, 40.0000, -3.177e-9
138.0000, 40.0000, -3.177e-9
140.0000, 40.0000, -3.181e-9
142.0000, 40.0000, -3.188e-9
144.0000, 40.0000, -3.189e-9
146.0000, 40.0000, -3.187e-9
148.0000, 40.0000, -3.196e-9
150.0000, 40.0000, -3.204e-9
152.0000, 40.0000, -3.202e-9
154.0000, 40.0000, -3.208e-9
156.0000, 40.0000, -3.220e-9
158.0000, 40.0000, -3.222e-9
160.0000, 40.0000, -3.225e-9
162.0000, 40.0000, -3.238e-9
164.0000, 40.0000, -3.248e-9
166.0000, 40.0000, -3.252e-9
168.0000, 40.0000, -3.260e-9
170.0000, 40.0000, -3.269e-9
172.0000, 40.0000, -3.274e-9
174.0000, 40.0000, -3.280e-9
176.0000, 40.0000, -3.291e-9
178.0000, 40.0000, -3.300e-9
180.0000, 40.0000, -3.307e-9
182.0000, 40.0000, -3.317e-9
184.0000, 40.0000, -3.328e-9
186.0000, 40.0000, -3.338e-9
188.0000, 40.0000, -3.347e-9
190.0000, 40.0000, -3.358e-9
192.0000, 40.0000, -3.370e-9
194.0000, 40.0000, -3.380e-9
196.0000, 40.0000, -3.391e-9
198.0000, 40.0000, -3.403e-9
200.0000, 40.0000, -3.410e-9
202.0000, 40.0000, -3.418e-9
204.0000, 40.0000, -3.430e-9
206.0000, 40.0000, -3.441e-9
208.0000, 40.0000, -3.448e-9
210.0000, 40.0000, -3.454e-9
212.0000, 40.0000, -3.464e-9
214.0000, 40.0000, -3.473e-9
216.0000, 40.0000, -3.480e-9
218.0000, 40.0000, -3.486e-9
220.0000, 40.0000, -3.496e-9
222.0000, 40.0000, -3.507e-9
224.0000, 40.0000, -3.515e-9
226.0000, 40.0000, -3.523e-9
228.0000, 40.0000, -3.532e-9
230.0000, 40.0000, -3.541e-9
232.0000, 40.0000, -3.551e-9
234.0000, 40.0000, -3.560e-9
236.0000, 40.0000, -3.572e-9
238.0000, 40.0000, -3.582e-9
240.0000, 40.0000, -3.589e-9
242.0000, 40.0000, -3.601e-9
244.0000, 40.0000, -3.614e-9
246.0000, 40.0000, -3.623e-9
248.0000, 40.0000, -3.631e-9
0.0000, 42.0000, -4.201e-9
2.0000, 42.0000, -4.125e-9
4.0000, 42.0000, -4.039e-9
6.0000, 42.0000, -3.942e-9
8.0000, 42.0000, -3.862e-9
10.0000, 42.0000, -3.802e-9
12.0000, 42.0000, -3.744e-9
14.0000, 42.0000, -3.686e-9
16.0000, 42.0000, -3.643e-9
18.0000, 42.0000, -3.611e-9
20.0000, 42.0000, -3.580e-9
22.0000, 42.0000, -3.550e-9
24.0000, 42.0000, -3.520e-9
26.0000, 42.0000, -3.489e-9
28.0000, 42.0000, -3.464e-9
30.0000, 42.0000, -3.449e-9
32.0000, 42.0000, -3.432e-9
34.0000, 42.0000, -3.414e-9
36.0000, 42.0000, -3.401e-9
38.0000, 42.0000, -3.397e-9
40.0000, 42.0000, -3.393e-9
42.0000, 42.0000, -3.384e-9
44.0000, 42.0000, -3.378e-9
46.0000, 42.0000, -3.377e-9
48.0000, 42.0000, -3.367e-9
50.0000, 42.0000, -3.354e-9
52.0000, 42.0000, -3.349e-9
54.0000, 42.0000, -3.345e-9
56.0000, 42.0000, -3.335e-9
58.0000, 42.0000, -3.325e-9
60.0000, 42.0000, -3.321e-9
62.0000, 42.0000, -3.316e-9
64.0000, 42.0000, -3.304e-9
66.0000, 42.0000, -3.296e-9
68.0000, 42.0000, -3.297e-9
70.0000, 42.0000, -3.294e-9
72.0000, 42.0000, -3.285e-9
74.0000, 42.0000, -3.280e-9
76.0000, 42.0000, -3.277e-9
78.0000, 42.0000, -3.268e-9
80.0000, 42.0000, -3.259e-9
82.0000, 42.0000, -3.256e-9
84.0000, 42.0000, -3.252e-9
86.0000, 42.0000, -3.244e-9
88.0000, 42.0000, -3.239e-9
90.0000, 42.0000, -3.238e-9
92.0000, 42.0000, -3.234e-9
94.0000, 42.0000, -3.226e-9
96.0000, 42.0000, -3.222e-9
98.0000, 42.0000, -3.221e-9
100.0000, 42.0000, -3.216e-9
102.0000, 42.0000, -3.212e-9
104.0000, 42.0000, -3.208e-9
106.0000, 42.0000, -3.205e-9
108.0000, 42.0000, -3.202e-9
110.0000, 42.0000, -3.197e-9
112.0000, 42.0000, -3.193e-9
114.0000, 42.0000, -3.191e-9
116.0000, 42.0000, -3.188e-9
118.0000, 42.0000, -3.183e-9
120.0000, 42.0000, -3.180e-9
122.0000, 42.0000, -3.180e-9
124.0000, 42.0000, -3.178e-9
126.0000, 42.0000, -3.175e-9
128.0000, 42.0000, -3.175e-9
130.0000, 42.0000, -3.177e-9
132.0000, 42.0000, -3.178e-9
134.0000, 42.0000, -3.178e-9
136.0000, 42.0000, -3.184e-9
138.0000, 42.0000, -3.190e-9
140.0000, 42.0000, -3.188e-9
142.0000, 42.0000, -3.190e-9
144.0000, 42.0000, -3.200e-9
146.0000, 42.0000, -3.201e-9
148.0000, 42.0000, -3.198e-9
150.0000, 42.0000, -3.205e-9
152.0000, 42.0000, -3.213e-9
154.0000, 42.0000, -3.215e-9
156.0000, 42.0000, -3.221e-9
158.0000, 42.0000, -3.231e-9
160.0000, 42.0000, -3.236e-9
162.0000, 42.0000, -3.241e-9
164.0000, 42.0000, -3.251e-9
166.0000, 42.0000, -3.259e-9
168.0000, 42.0000, -3.261e-9
170.0000, 42.0000, -3.267e-9
172.0000, 42.0000, -3.278e-9
174.0000, 42.0000, -3.287e-9
176.0000, 42.0000, -3.295e-9
178.0000, 42.0000, -3.304e-9
180.0000, 42.0000, -3.314e-9
182.0000, 42.0000, -3.321e-9
184.0000, 42.0000, -3.331e-9
186.0000, 42.0000, -3.343e-9
188.0000, 42.0000, -3.353e-9
190.0000, 42.0000, -3.360e-9
192.0000, 42.0000, -3.371e-9
194.0000, 42.0000, -3.381e-9
196.0000, 42.0000, -3.389e-9
198.0000, 42.0000, -3.399e-9
200.0000, 42.0000, -3.409e-9
202.0000, 42.0000, -3.418e-9
204.0000, 42.0000, -3.429e-9
206.0000, 42.0000, -3.442e-9
208.0000, 42.0000, -3.451e-9
210.0000, 42.0000, -3.456e-9
212.0000, 42.0000, -3.465e-9
214.0000, 42.0000, -3.477e-9
216.0000, 42.0000, -3.486e-9
218.0000, 42.0000, -3.498e-9
220.0000, 42.0000, -3.511e-9
222.0000, 42.0000, -3.519e-9
224.0000, 42.0000, -3.525e-9
226.0000, 42.0000, -3.537e-9
228.0000, 42.0000, -3.547e-9
230.0000, 42.0000, -3.553e-9
232.0000, 42.0000, -3.564e-9
234.0000, 42.0000, -3.576e-9
236.0000, 42.0000, -3.584e-9
238.0000, 42.0000, -3.588e-9
240.0000, 42.0000, -3.595e-9
242.0000, 42.0000, -3.603e-9
244.0000, 42.0000, -3.612e-9
246.0000, 42.0000, -3.627e-9
248.0000, 42.0000, -3.640e-9
0.0000, 44.0000, -4.203e-9
2.0000, 44.0000, -4.121e-9
4.0000, 44.0000, -4.027e-9
6.0000, 44.0000, -3.933e-9
8.0000, 44.0000, -3.853e-9
10.0000, 44.0000, -3.791e-9
12.0000, 44.0000, -3.734e-9
14.0000, 44.0000, -3.679e-9
16.0000, 44.0000, -3.636e-9
18.0000, 44.0000, -3.601e-9
20.0000, 44.0000, -3.568e-9
22.0000, 44.0000, -3.535e-9
24.0000, 44.0000, -3.509e-9
26.0000, 44.0000, -3.490e-9
28.0000, 44.0000, -3.473e-9
30.0000, 44.0000, -3.451e-9
32.0000, 44.0000, -3.432e-9
34.0000, 44.0000, -3.421e-9
36.0000, 44.0000, -3.412e-9
38.0000, 44.0000, -3.403e-9
40.0000, 44.0000, -3.395e-9
42.0000, 44.0000, -3.387e-9
44.0000, 44.0000, -3.375e-9
46.0000, 44.0000, -3.364e-9
48.0000, 44.0000, -3.355e-9
50.0000, 44.0000, -3.347e-9
52.0000, 44.0000, -3.339e-9
54.0000, 44.0000, -3.332e-9
56.0000, 44.0000, -3.326e-9
58.0000, 44.0000, -3.319e-9
60.0000, 44.0000, -3.309e-9
62.0000, 44.0000, -3.302e-9
64.0000, 44.0000, -3.295e-9
66.0000, 44.0000, -3.287e-9
68.0000, 44.0000, -3.282e-9
70.0000, 44.0000, -3.280e-9
72.0000, 44.0000, -3.277e-9
74.0000, 44.0000, -3.272e-9
76.0000, 44.0000, -3.269e-9
78.0000, 44.0000, -3.265e-9
80.0000, 44.0000, -3.258e-9
82.0000, 44.0000, -3.251e-9
84.0000, 44.0000, -3.246e-9
86.0000, 44.0000, -3.241e-9
88.0000, 44.0000, -3.236e-9
90.0000, 44.0000, -3.233e-9
92.0000, 44.0000, -3.232e-9
94.0000, 44.0000, -3.227e-9
96.0000, 44.0000, -3.221e-9
98.0000, 44.0000, -3.218e-9
100.0000, 44.0000, -3.216e-9
102.0000, 44.0000, -3.213e-9
104.0000, 44.0000, -3.210e-9
106.0000, 44.0000, -3.207e-9
108.0000, 44.0000, -3.204e-9
110.0000, 44.0000, -3.201e-9
112.0000, 44.0000, -3.197e-9
114.0000, 44.0000, -3.193e-9
116.0000, 44.0000, -3.190e-9
118.0000, 44.0000, -3.187e-9
120.0000, 44.0000, -3.183e-9
122.0000, 44.0000, -3.182e-9
124.0000, 44.0000, -3.183e-9
126.0000, 44.0000, -3.180e-9
128.0000, 44.0000, -3.177e-9
130.0000, 44.0000, -3.178e-9
132.0000, 44.0000, -3.182e-9
134.0000, 44.0000, -3.182e-9
136.0000, 44.0000, -3.184e-9
138.0000, 44.0000, -3.190e-9
140.0000, 44.0000, -3.191e-9
142.0000, 44.0000, -3.188e-9
144.0000, 44.0000, -3.195e-9
146.0000, 44.0000, -3.203e-9
148.0000, 44.0000, -3.201e-9
150.0000, 44.0000, -3.202e-9
152.0000, 44.0000, -3.212e-9
154.0000, 44.0000, -3.216e-9
156.0000, 44.0000, -3.218e-9
158.0000, 44.0000, -3.228e-9
160.0000, 44.0000, -3.235e-9
162.0000, 44.0000, -3.239e-9
164.0000, 44.0000, -3.248e-9
166.0000, 44.0000, -3.257e-9
168.0000, 44.0000, -3.262e-9
170.0000, 44.0000, -3.267e-9
172.0000, 44.0000, -3.276e-9
174.0000, 44.0000, -3.287e-9
176.0000, 44.0000, -3.297e-9
178.0000, 44.0000, -3.305e-9
180.0000, 44.0000, -3.314e-9
182.0000, 44.0000, -3.324e-9
184.0000, 44.0000, -3.333e-9
186.0000, 44.0000, -3.343e-9
188.0000, 44.0000, -3.352e-9
190.0000, 44.0000, -3.360e-9
192.0000, 44.0000, -3.370e-9
194.0000, 44.0000, -3.383e-9
196.0000, 44.0000, -3.392e-9
198.0000, 44.0000, -3.401e-9
200.0000, 44.0000, -3.411e-9
202.0000, 44.0000, -3.423e-9
204.0000, 44.0000, -3.433e-9
206.0000, 44.0000, -3.443e-9
208.0000, 44.0000, -3.454e-9
210.0000, 44.0000, -3.461e-9
212.0000, 44.0000, -3.467e-9
214.0000, 44.0000, -3.475e-9
216.0000, 44.0000, -3.487e-9
218.0000, 44.0000, -3.497e-9
220.0000, 44.0000, -3.505e-9
222.0000, 44.0000, -3.513e-9
224.0000, 44.0000, -3.523e-9
226.0000, 44.0000, -3.533e-9
228.0000, 44.0000, -3.542e-9
230.0000, 44.0000, -3.550e-9
232.0000, 44.0000, -3.560e-9
234.0000, 44.0000, -3.572e-9
236.0000, 44.0000, -3.583e-9
238.0000, 44.0000, -3.595e-9
240.0000, 44.0000, -3.605e-9
242.0000, 44.0000, -3.615e-9
244.0000, 44.0000, -3.624e-9
246.0000, 44.0000, -3.634e-9
248.0000, 44.0000, -3.642e-9
0.0000, 46.0000, -4.337e-9
2.0000, 46.0000, -4.232e-9
4.0000, 46.0000, -4.165e-9
6.0000, 46.0000, -4.075e-9
8.0000, 46.0000, -3.958e-9
10.0000, 46.0000, -3.874e-9
12.0000, 46.0000, -3.835e-9
14.0000, 46.0000, -3.780e-9
16.0000, 46.0000, -3.704e-9
18.0000, 46.0000, -3.661e-9
20.0000, 46.0000, -3.645e-9
22.0000, 46.0000, -3.600e-9
24.0000, 46.0000, -3.548e-9
26.0000, 46.0000, -3.528e-9
28.0000, 46.0000, -3.514e-9
30.0000, 46.0000, -3.476e-9
32.0000, 46.0000, -3.448e-9
34.0000, 46.0000, -3.443e-9
36.0000, 46.0000, -3.429e-9
38.0000, 46.0000, -3.408e-9
40.0000, 46.0000, -3.403e-9
42.0000, 46.0000, -3.399e-9
44.0000, 46.0000, -3.378e-9
46.0000, 46.0000, -3.362e-9
48.0000, 46.0000, -3.360e-9
50.0000, 46.0000, -3.350e-9
52.0000, 46.0000, -3.332e-9
54.0000, 46.0000, -3.328e-9
56.0000, 46.0000, -3.330e-9
58.0000, 46.0000, -3.319e-9
60.0000, 46.0000, -3.307e-9
62.0000, 46.0000, -3.307e-9
64.0000, 46.0000, -3.302e-9
66.0000, 46.0000, -3.290e-9
68.0000, 46.0000, -3.284e-9
70.0000, 46.0000, -3.282e-9
72.0000, 46.0000, -3.277e-9
74.0000, 46.0000, -3.269e-9
76.0000, 46.0000, -3.266e-9
78.0000, 46.0000, -3.263e-9
80.0000, 46.0000, -3.254e-9
82.0000, 46.0000, -3.248e-9
84.0000, 46.0000, -3.246e-9
86.0000, 46.0000, -3.240e-9
88.0000, 46.0000, -3.233e-9
90.0000, 46.0000, -3.230e-9
92.0000, 46.0000, -3.229e-9
94.0000, 46.0000, -3.223e-9
96.0000, 46.0000, -3.219e-9
98.0000, 46.0000, -3.217e-9
100.0000, 46.0000, -3.213e-9
102.0000, 46.0000, -3.208e-9
104.0000, 46.0000, -3.205e-9
106.0000, 46.0000, -3.204e-9
108.0000, 46.0000, -3.200e-9
110.0000, 46.0000, -3.195e-9
112.0000, 46.0000, -3.193e-9
114.0000, 46.0000, -3.192e-9
116.0000, 46.0000, -3.188e-9
118.0000, 46.0000, -3.182e-9
120.0000, 46.0000, -3.179e-9
122.0000, 46.0000, -3.180e-9
124.0000, 46.0000, -3.178e-9
126.0000, 46.0000, -3.173e-9
128.0000, 46.0000, -3.171e-9
130.0000, 46.0000, -3.174e-9
132.0000, 46.0000, -3.174e-9
134.0000, 46.0000, -3.173e-9
136.0000, 46.0000, -3.177e-9
138.0000, 46.0000, -3.183e-9
140.0000, 46.0000, -3.179e-9
142.0000, 46.0000, -3.176e-9
144.0000, 46.0000, -3.185e-9
146.0000, 46.0000, -3.191e-9
148.0000, 46.0000, -3.187e-9
150.0000, 46.0000, -3.190e-9
152.0000, 46.0000, -3.201e-9
154.0000, 46.0000, -3.206e-9
156.0000, 46.0000, -3.209e-9
158.0000, 46.0000, -3.218e-9
160.0000, 46.0000, -3.225e-9
162.0000, 46.0000, -3.230e-9
164.0000, 46.0000, -3.238e-9
166.0000, 46.0000, -3.248e-9
168.0000, 46.0000, -3.253e-9
170.0000, 46.0000, -3.255e-9
172.0000, 46.0000, -3.263e-9
174.0000, 46.0000, -3.276e-9
176.0000, 46.0000, -3.286e-9
178.0000, 46.0000, -3.292e-9
180.0000, 46.0000, -3.300e-9
182.0000, 46.0000, -3.310e-9
184.0000, 46.0000, -3.321e-9
186.0000, 46.0000, -3.332e-9
188.0000, 46.0000, -3.342e-9
190.0000, 46.0000, -3.352e-9
192.0000, 46.0000, -3.363e-9
194.0000, 46.0000, -3.378e-9
196.0000, 46.0000, -3.391e-9
198.0000, 46.0000, -3.399e-9
200.0000, 46.0000, -3.409e-9
202.0000, 46.0000, -3.422e-9
204.0000, 46.0000, -3.433e-9
206.0000, 46.0000, -3.445e-9
208.0000, 46.0000, -3.457e-9
210.0000, 46.0000, -3.462e-9
212.0000, 46.0000, -3.470e-9
214.0000, 46.0000, -3.483e-9
216.0000, 46.0000, -3.492e-9
218.0000, 46.0000, -3.498e-9
220.0000, 46.0000, -3.508e-9
222.0000, 46.0000, -3.518e-9
224.0000, 46.0000, -3.523e-9
226.0000, 46.0000, -3.529e-9
228.0000, 46.0000, -3.541e-9
230.0000, 46.0000, -3.548e-9
232.0000, 46.0000, -3.555e-9
234.0000, 46.0000, -3.570e-9
236.0000, 46.0000, -3.584e-9
238.0000, 46.0000, -3.591e-9
240.0000, 46.0000, -3.598e-9
242.0000, 46.0000, -3.613e-9
244.0000, 46.0000, -3.624e-9
246.0000, 46.0000, -3.632e-9
248.0000, 46.0000, -3.644e-9
0.0000, 48.0000, -4.255e-9
2.0000, 48.0000, -4.169e-9
4.0000, 48.0000, -4.090e-9
6.0000, 48.0000, -3.988e-9
8.0000, 48.0000, -3.891e-9
10.0000, 48.0000, -3.831e-9
12.0000, 48.0000, -3.785e-9
14.0000, 48.0000, -3.721e-9
16.0000, 48.0000, -3.665e-9
18.0000, 48.0000, -3.639e-9
20.0000, 48.0000, -3.610e-9
22.0000, 48.0000, -3.560e-9
24.0000, 48.0000, -3.526e-9
26.0000, 48.0000, -3.518e-9
28.0000, 48.0000, -3.495e-9
30.0000, 48.0000, -3.458e-9
32.0000, 48.0000, -3.443e-9
34.0000, 48.0000, -3.445e-9
36.0000, 48.0000, -3.429e-9
38.0000, 48.0000, -3.406e-9
40.0000, 48.0000, -3.401e-9
42.0000, 48.0000, -3.397e-9
44.0000, 48.0000, -3.381e-9
46.0000, 48.0000, -3.370e-9
48.0000, 48.0000, -3.368e-9
50.0000, 48.0000, -3.357e-9
52.0000, 48.0000, -3.341e-9
54.0000, 48.0000, -3.335e-9
56.0000, 48.0000, -3.335e-9
58.0000, 48.0000, -3.327e-9
60.0000, 48.0000, -3.314e-9
62.0000, 48.0000, -3.310e-9
64.0000, 48.0000, -3.309e-9
66.0000, 48.0000, -3.297e-9
68.0000, 48.0000, -3.287e-9
70.0000, 48.0000, -3.287e-9
72.0000, 48.0000, -3.283e-9
74.0000, 48.0000, -3.274e-9
76.0000, 48.0000, -3.269e-9
78.0000, 48.0000, -3.266e-9
80.0000, 48.0000, -3.258e-9
82.0000, 48.0000, -3.251e-9
84.0000, 48.0000, -3.248e-9
86.0000, 48.0000, -3.245e-9
88.0000, 48.0000, -3.238e-9
90.0000, 48.0000, -3.235e-9
92.0000, 48.0000, -3.236e-9
94.0000, 48.0000, -3.230e-9
96.0000, 48.0000, -3.222e-9
98.0000, 48.0000, -3.220e-9
100.0000, 48.0000, -3.218e-9
102.0000, 48.0000, -3.213e-9
104.0000, 48.0000, -3.208e-9
106.0000, 48.0000, -3.206e-9
108.0000, 48.0000, -3.205e-9
110.0000, 48.0000, -3.200e-9
112.0000, 48.0000, -3.195e-9
114.0000, 48.0000, -3.192e-9
116.0000, 48.0000, -3.191e-9
118.0000, 48.0000, -3.188e-9
120.0000, 48.0000, -3.183e-9
122.0000, 48.0000, -3.183e-9
124.0000, 48.0000, -3.184e-9
126.0000, 48.0000, -3.181e-9
128.0000, 48.0000, -3.178e-9
130.0000, 48.0000, -3.179e-9
132.0000, 48.0000, -3.182e-9
134.0000, 48.0000, -3.182e-9
136.0000, 48.0000, -3.184e-9
138.0000, 48.0000, -3.190e-9
140.0000, 48.0000, -3.194e-9
142.0000, 48.0000, -3.192e-9
144.0000, 48.0000, -3.193e-9
146.0000, 48.0000, -3.202e-9
148.0000, 48.0000, -3.206e-9
150.0000, 48.0000, -3.205e-9
152.0000, 48.0000, -3.210e-9
154.0000, 48.0000, -3.220e-9
156.0000, 48.0000, -3.222e-9
158.0000, 48.0000, -3.225e-9
160.0000, 48.0000, -3.236e-9
162.0000, 48.0000, -3.244e-9
164.0000, 48.0000, -3.251e-9
166.0000, 48.0000, -3.258e-9
168.0000, 48.0000, -3.266e-9
170.0000, 48.0000, -3.271e-9
172.0000, 48.0000, -3.277e-9
174.0000, 48.0000, -3.287e-9
176.0000, 48.0000, -3.298e-9
178.0000, 48.0000, -3.304e-9
180.0000, 48.0000, -3.313e-9
182.0000, 48.0000, -3.327e-9
184.0000, 48.0000, -3.338e-9
186.0000, 48.0000, -3.347e-9
188.0000, 48.0000, -3.358e-9
190.0000, 48.0000, -3.369e-9
192.0000, 48.0000, -3.380e-9
194.0000, 48.0000, -3.390e-9
196.0000, 48.0000, -3.401e-9
198.0000, 48.0000, -3.411e-9
200.0000, 48.0000, -3.418e-9
202.0000, 48.0000, -3.429e-9
204.0000, 48.0000, -3.440e-9
206.0000, 48.0000, -3.450e-9
208.0000, 48.0000, -3.461e-9
210.0000, 48.0000, -3.469e-9
212.0000, 48.0000, -3.476e-9
214.0000, 48.0000, -3.486e-9
216.0000, 48.0000, -3.498e-9
218.0000, 48.0000, -3.511e-9
220.0000, 48.0000, -3.520e-9
222.0000, 48.0000, -3.530e-9
224.0000, 48.0000, -3.540e-9
226.0000, 48.0000, -3.547e-9
228.0000, 48.0000, -3.554e-9
230.0000, 48.0000, -3.563e-9
232.0000, 48.0000, -3.572e-9
234.0000, 48.0000, -3.582e-9
236.0000, 48.0000, -3.595e-9
238.0000, 48.0000, -3.604e-9
240.0000, 48.0000, -3.609e-9
242.0000, 48.0000, -3.618e-9
244.0000, 48.0000, -3.627e-9
246.0000, 48.0000, -3.635e-9
248.0000, 48.0000, -3.644e-9
0.0000, 50.0000, -4.240e-9
2.0000, 50.0000, -4.160e-9
4.0000, 50.0000, -4.077e-9
6.0000, 50.0000, -3.974e-9
8.0000, 50.0000, -3.878e-9
10.0000, 50.0000, -3.817e-9
12.0000, 50.0000, -3.770e-9
14.0000, 50.0000, -3.707e-9
16.0000, 50.0000, -3.653e-9
18.0000, 50.0000, -3.623e-9
20.0000, 50.0000, -3.592e-9
22.0000, 50.0000, -3.547e-9
24.0000, 50.0000, -3.515e-9
26.0000, 50.0000, -3.501e-9
28.0000, 50.0000, -3.473e-9
30.0000, 50.0000, -3.443e-9
32.0000, 50.0000, -3.436e-9
34.0000, 50.0000, -3.431e-9
36.0000, 50.0000, -3.412e-9
38.0000, 50.0000, -3.393e-9
40.0000, 50.0000, -3.389e-9
42.0000, 50.0000, -3.385e-9
44.0000, 50.0000, -3.370e-9
46.0000, 50.0000, -3.363e-9
48.0000, 50.0000, -3.362e-9
50.0000, 50.0000, -3.350e-9
52.0000, 50.0000, -3.333e-9
54.0000, 50.0000, -3.330e-9
56.0000, 50.0000, -3.327e-9
58.0000, 50.0000, -3.315e-9
60.0000, 50.0000, -3.308e-9
62.0000, 50.0000, -3.310e-9
64.0000, 50.0000, -3.305e-9
66.0000, 50.0000, -3.293e-9
68.0000, 50.0000, -3.290e-9
70.0000, 50.0000, -3.291e-9
72.0000, 50.0000, -3.284e-9
74.0000, 50.0000, -3.277e-9
76.0000, 50.0000, -3.276e-9
78.0000, 50.0000, -3.272e-9
80.0000, 50.0000, -3.263e-9
82.0000, 50.0000, -3.260e-9
84.0000, 50.0000, -3.258e-9
86.0000, 50.0000, -3.253e-9
88.0000, 50.0000, -3.248e-9
90.0000, 50.0000, -3.247e-9
92.0000, 50.0000, -3.245e-9
94.0000, 50.0000, -3.239e-9
96.0000, 50.0000, -3.234e-9
98.0000, 50.0000, -3.230e-9
100.0000, 50.0000, -3.225e-9
102.0000, 50.0000, -3.221e-9
104.0000, 50.0000, -3.218e-9
106.0000, 50.0000, -3.215e-9
108.0000, 50.0000, -3.211e-9
110.0000, 50.0000, -3.206e-9
112.0000, 50.0000, -3.203e-9
114.0000, 50.0000, -3.200e-9
116.0000, 50.0000, -3.194e-9
118.0000, 50.0000, -3.190e-9
120.0000, 50.0000, -3.191e-9
122.0000, 50.0000, -3.192e-9
124.0000, 50.0000, -3.189e-9
126.0000, 50.0000, -3.188e-9
128.0000, 50.0000, -3.190e-9
130.0000, 50.0000, -3.187e-9
132.0000, 50.0000, -3.184e-9
134.0000, 50.0000, -3.189e-9
136.0000, 50.0000, -3.194e-9
138.0000, 50.0000, -3.194e-9
140.0000, 50.0000, -3.194e-9
142.0000, 50.0000, -3.197e-9
144.0000, 50.0000, -3.202e-9
146.0000, 50.0000, -3.206e-9
148.0000, 50.0000, -3.206e-9
150.0000, 50.0000, -3.209e-9
152.0000, 50.0000, -3.214e-9
154.0000, 50.0000, -3.217e-9
156.0000, 50.0000, -3.219e-9
158.0000, 50.0000, -3.225e-9
160.0000, 50.0000, -3.229e-9
162.0000, 50.0000, -3.233e-9
164.0000, 50.0000, -3.244e-9
166.0000, 50.0000, -3.254e-9
168.0000, 50.0000, -3.260e-9
170.0000, 50.0000, -3.269e-9
172.0000, 50.0000, -3.278e-9
174.0000, 50.0000, -3.284e-9
176.0000, 50.0000, -3.292e-9
178.0000, 50.0000, -3.303e-9
180.0000, 50.0000, -3.312e-9
182.0000, 50.0000, -3.317e-9
184.0000, 50.0000, -3.326e-9
186.0000, 50.0000, -3.336e-9
188.0000, 50.0000, -3.345e-9
190.0000, 50.0000, -3.356e-9
192.0000, 50.0000, -3.368e-9
194.0000, 50.0000, -3.378e-9
196.0000, 50.0000, -3.387e-9
198.0000, 50.0000, -3.397e-9
200.0000, 50.0000, -3.405e-9
202.0000, 50.0000, -3.415e-9
204.0000, 50.0000, -3.429e-9
206.0000, 50.0000, -3.441e-9
208.0000, 50.0000, -3.451e-9
210.0000, 50.0000, -3.463e-9
212.0000, 50.0000, -3.477e-9
214.0000, 50.0000, -3.489e-9
216.0000, 50.0000, -3.501e-9
218.0000, 50.0000, -3.516e-9
220.0000, 50.0000, -3.525e-9
222.0000, 50.0000, -3.530e-9
224.0000, 50.0000, -3.539e-9
226.0000, 50.0000, -3.553e-9
228.0000, 50.0000, -3.563e-9
230.0000, 50.0000, -3.569e-9
232.0000, 50.0000, -3.580e-9
234.0000, 50.0000, -3.589e-9
236.0000, 50.0000, -3.594e-9
238.0000, 50.0000, -3.602e-9
240.0000, 50.0000, -3.612e-9
242.0000, 50.0000, -3.619e-9
244.0000, 50.0000, -3.625e-9
246.0000, 50.0000, -3.638e-9
248.0000, 50.0000, -3.650e-9
0.0000, 52.0000, -4.207e-9
2.0000, 52.0000, -4.132e-9
4.0000, 52.0000, -4.037e-9
6.0000, 52.0000, -3.937e-9
8.0000, 52.0000, -3.862e-9
10.0000, 52.0000, -3.804e-9
12.0000, 52.0000, -3.741e-9
14.0000, 52.0000, -3.684e-9
16.0000, 52.0000, -3.646e-9
18.0000, 52.0000, -3.613e-9
20.0000, 52.0000, -3.570e-9
22.0000, 52.0000, -3.540e-9
24.0000, 52.0000, -3.524e-9
26.0000, 52.0000, -3.498e-9
28.0000, 52.0000, -3.468e-9
30.0000, 52.0000, -3.453e-9
32.0000, 52.0000, -3.443e-9
34.0000, 52.0000, -3.423e-9
36.0000, 52.0000, -3.407e-9
38.0000, 52.0000, -3.401e-9
40.0000, 52.0000, -3.392e-9
42.0000, 52.0000, -3.378e-9
44.0000, 52.0000, -3.371e-9
46.0000, 52.0000, -3.368e-9
48.0000, 52.0000, -3.358e-9
50.0000, 52.0000, -3.347e-9
52.0000, 52.0000, -3.341e-9
54.0000, 52.0000, -3.337e-9
56.0000, 52.0000, -3.329e-9
58.0000, 52.0000, -3.321e-9
60.0000, 52.0000, -3.314e-9
62.0000, 52.0000, -3.307e-9
64.0000, 52.0000, -3.302e-9
66.0000, 52.0000, -3.299e-9
68.0000, 52.0000, -3.294e-9
70.0000, 52.0000, -3.290e-9
72.0000, 52.0000, -3.287e-9
74.0000, 52.0000, -3.282e-9
76.0000, 52.0000, -3.278e-9
78.0000, 52.0000, -3.272e-9
80.0000, 52.0000, -3.267e-9
82.0000, 52.0000, -3.268e-9
84.0000, 52.0000, -3.262e-9
86.0000, 52.0000, -3.256e-9
88.0000, 52.0000, -3.253e-9
90.0000, 52.0000, -3.248e-9
92.0000, 52.0000, -3.242e-9
94.0000, 52.0000, -3.238e-9
96.0000, 52.0000, -3.235e-9
98.0000, 52.0000, -3.231e-9
100.0000, 52.0000, -3.227e-9
102.0000, 52.0000, -3.223e-9
104.0000, 52.0000, -3.219e-9
106.0000, 52.0000, -3.217e-9
108.0000, 52.0000, -3.215e-9
110.0000, 52.0000, -3.212e-9
112.0000, 52.0000, -3.207e-9
114.0000, 52.0000, -3.203e-9
116.0000, 52.0000, -3.203e-9
118.0000, 52.0000, -3.200e-9
120.0000, 52.0000, -3.196e-9
122.0000, 52.0000, -3.197e-9
124.0000, 52.0000, -3.201e-9
126.0000, 52.0000, -3.199e-9
128.0000, 52.0000, -3.192e-9
130.0000, 52.0000, -3.190e-9
132.0000, 52.0000, -3.195e-9
134.0000, 52.0000, -3.195e-9
136.0000, 52.0000, -3.194e-9
138.0000, 52.0000, -3.198e-9
140.0000, 52.0000, -3.200e-9
142.0000, 52.0000, -3.198e-9
144.0000, 52.0000, -3.198e-9
146.0000, 52.0000, -3.205e-9
148.0000, 52.0000, -3.210e-9
150.0000, 52.0000, -3.208e-9
152.0000, 52.0000, -3.209e-9
154.0000, 52.0000, -3.218e-9
156.0000, 52.0000, -3.225e-9
158.0000, 52.0000, -3.227e-9
160.0000, 52.0000, -3.232e-9
162.0000, 52.0000, -3.239e-9
164.0000, 52.0000, -3.245e-9
166.0000, 52.0000, -3.250e-9
168.0000, 52.0000, -3.259e-9
170.0000, 52.0000, -3.268e-9
172.0000, 52.0000, -3.277e-9
174.0000, 52.0000, -3.286e-9
176.0000, 52.0000, -3.294e-9
178.0000, 52.0000, -3.299e-9
180.0000, 52.0000, -3.306e-9
182.0000, 52.0000, -3.317e-9
184.0000, 52.0000, -3.328e-9
186.0000, 52.0000, -3.336e-9
188.0000, 52.0000, -3.346e-9
190.0000, 52.0000, -3.359e-9
192.0000, 52.0000, -3.370e-9
194.0000, 52.0000, -3.379e-9
196.0000, 52.0000, -3.390e-9
198.0000, 52.0000, -3.403e-9
200.0000, 52.0000, -3.413e-9
202.0000, 52.0000, -3.425e-9
204.0000, 52.0000, -3.439e-9
206.0000, 52.0000, -3.449e-9
208.0000, 52.0000, -3.459e-9
210.0000, 52.0000, -3.472e-9
212.0000, 52.0000, -3.484e-9
214.0000, 52.0000, -3.493e-9
216.0000, 52.0000, -3.505e-9
218.0000, 52.0000, -3.519e-9
220.0000, 52.0000, -3.527e-9
222.0000, 52.0000, -3.532e-9
224.0000, 52.0000, -3.543e-9
226.0000, 52.0000, -3.554e-9
228.0000, 52.0000, -3.558e-9
230.0000, 52.0000, -3.562e-9
232.0000, 52.0000, -3.572e-9
234.0000, 52.0000, -3.582e-9
236.0000, 52.0000, -3.589e-9
238.0000, 52.0000, -3.601e-9
240.0000, 52.0000, -3.614e-9
242.0000, 52.0000, -3.620e-9
244.0000, 52.0000, -3.624e-9
246.0000, 52.0000, -3.635e-9
248.0000, 52.0000, -3.650e-9
0.0000, 54.0000, -4.209e-9
2.0000, 54.0000, -4.130e-9
4.0000, 54.0000, -4.040e-9
6.0000, 54.0000, -3.939e-9
8.0000, 54.0000, -3.859e-9
10.0000, 54.0000, -3.802e-9
12.0000, 54.0000, -3.744e-9
14.0000, 54.0000, -3.683e-9
16.0000, 54.0000, -3.642e-9
18.0000, 54.0000, -3.614e-9
20.0000, 54.0000, -3.574e-9
22.0000, 54.0000, -3.534e-9
24.0000, 54.0000, -3.516e-9
26.0000, 54.0000, -3.499e-9
28.0000, 54.0000, -3.469e-9
30.0000, 54.0000, -3.449e-9
32.0000, 54.0000, -3.447e-9
34.0000, 54.0000, -3.439e-9
36.0000, 54.0000, -3.418e-9
38.0000, 54.0000, -3.407e-9
40.0000, 54.0000, -3.406e-9
42.0000, 54.0000, -3.396e-9
44.0000, 54.0000, -3.384e-9
46.0000, 54.0000, -3.386e-9
48.0000, 54.0000, -3.385e-9
50.0000, 54.0000, -3.368e-9
52.0000, 54.0000, -3.351e-9
54.0000, 54.0000, -3.344e-9
56.0000, 54.0000, -3.338e-9
58.0000, 54.0000, -3.327e-9
60.0000, 54.0000, -3.320e-9
62.0000, 54.0000, -3.316e-9
64.0000, 54.0000, -3.313e-9
66.0000, 54.0000, -3.308e-9
68.0000, 54.0000, -3.304e-9
70.0000, 54.0000, -3.300e-9
72.0000, 54.0000, -3.292e-9
74.0000, 54.0000, -3.287e-9
76.0000, 54.0000, -3.289e-9
78.0000, 54.0000, -3.289e-9
80.0000, 54.0000, -3.283e-9
82.0000, 54.0000, -3.276e-9
84.0000, 54.0000, -3.273e-9
86.0000, 54.0000, -3.270e-9
88.0000, 54.0000, -3.266e-9
90.0000, 54.0000, -3.261e-9
92.0000, 54.0000, -3.259e-9
94.0000, 54.0000, -3.256e-9
96.0000, 54.0000, -3.250e-9
98.0000, 54.0000, -3.244e-9
100.0000, 54.0000, -3.241e-9
102.0000, 54.0000, -3.238e-9
104.0000, 54.0000, -3.234e-9
106.0000, 54.0000, -3.231e-9
108.0000, 54.0000, -3.228e-9
110.0000, 54.0000, -3.225e-9
112.0000, 54.0000, -3.222e-9
114.0000, 54.0000, -3.219e-9
116.0000, 54.0000, -3.215e-9
118.0000, 54.0000, -3.212e-9
120.0000, 54.0000, -3.211e-9
122.0000, 54.0000, -3.208e-9
124.0000, 54.0000, -3.205e-9
126.0000, 54.0000, -3.206e-9
128.0000, 54.0000, -3.204e-9
130.0000, 54.0000, -3.198e-9
132.0000, 54.0000, -3.198e-9
134.0000, 54.0000, -3.203e-9
136.0000, 54.0000, -3.202e-9
138.0000, 54.0000, -3.199e-9
140.0000, 54.0000, -3.200e-9
142.0000, 54.0000, -3.203e-9
144.0000, 54.0000, -3.205e-9
146.0000, 54.0000, -3.209e-9
148.0000, 54.0000, -3.214e-9
150.0000, 54.0000, -3.216e-9
152.0000, 54.0000, -3.218e-9
154.0000, 54.0000, -3.224e-9
156.0000, 54.0000, -3.231e-9
158.0000, 54.0000, -3.234e-9
160.0000, 54.0000, -3.236e-9
162.0000, 54.0000, -3.245e-9
164.0000, 54.0000, -3.252e-9
166.0000, 54.0000, -3.257e-9
168.0000, 54.0000, -3.266e-9
170.0000, 54.0000, -3.275e-9
172.0000, 54.0000, -3.282e-9
174.0000, 54.0000, -3.288e-9
176.0000, 54.0000, -3.297e-9
178.0000, 54.0000, -3.307e-9
180.0000, 54.0000, -3.313e-9
182.0000, 54.0000, -3.321e-9
184.0000, 54.0000, -3.333e-9
186.0000, 54.0000, -3.345e-9
188.0000, 54.0000, -3.353e-9
190.0000, 54.0000, -3.361e-9
192.0000, 54.0000, -3.371e-9
194.0000, 54.0000, -3.380e-9
196.0000, 54.0000, -3.390e-9
198.0000, 54.0000, -3.401e-9
200.0000, 54.0000, -3.412e-9
202.0000, 54.0000, -3.421e-9
204.0000, 54.0000, -3.434e-9
206.0000, 54.0000, -3.451e-9
208.0000, 54.0000, -3.466e-9
210.0000, 54.0000, -3.475e-9
212.0000, 54.0000, -3.483e-9
214.0000, 54.0000, -3.490e-9
216.0000, 54.0000, -3.499e-9
218.0000, 54.0000, -3.509e-9
220.0000, 54.0000, -3.519e-9
222.0000, 54.0000, -3.530e-9
224.0000, 54.0000, -3.540e-9
226.0000, 54.0000, -3.547e-9
228.0000, 54.0000, -3.555e-9
230.0000, 54.0000, -3.563e-9
232.0000, 54.0000, -3.570e-9
234.0000, 54.0000, -3.580e-9
236.0000, 54.0000, -3.592e-9
238.0000, 54.0000, -3.601e-9
240.0000, 54.0000, -3.609e-9
242.0000, 54.0000, -3.619e-9
244.0000, 54.0000, -3.633e-9
246.0000, 54.0000, -3.644e-9
248.0000, 54.0000, -3.652e-9
0.0000, 56.0000, -4.359e-9
2.0000, 56.0000, -4.241e-9
4.0000, 56.0000, -4.177e-9
6.0000, 56.0000, -4.103e-9
8.0000, 56.0000, -3.986e-9
10.0000, 56.0000, -3.891e-9
12.0000, 56.0000, -3.853e-9
14.0000, 56.0000, -3.804e-9
16.0000, 56.0000, -3.720e-9
18.0000, 56.0000, -3.669e-9
20.0000, 56.0000, -3.654e-9
22.0000, 56.0000, -3.613e-9
24.0000, 56.0000, -3.557e-9
26.0000, 56.0000, -3.541e-9
28.0000, 56.0000, -3.538e-9
30.0000, 56.0000, -3.499e-9
32.0000, 56.0000, -3.463e-9
34.0000, 56.0000, -3.460e-9
36.0000, 56.0000, -3.450e-9
38.0000, 56.0000, -3.415e-9
40.0000, 56.0000, -3.403e-9
42.0000, 56.0000, -3.417e-9
44.0000, 56.0000, -3.404e-9
46.0000, 56.0000, -3.377e-9
48.0000, 56.0000, -3.379e-9
50.0000, 56.0000, -3.382e-9
52.0000, 56.0000, -3.360e-9
54.0000, 56.0000, -3.347e-9
56.0000, 56.0000, -3.356e-9
58.0000, 56.0000, -3.352e-9
60.0000, 56.0000, -3.332e-9
62.0000, 56.0000, -3.327e-9
64.0000, 56.0000, -3.333e-9
66.0000, 56.0000, -3.320e-9
68.0000, 56.0000, -3.306e-9
70.0000, 56.0000, -3.309e-9
72.0000, 56.0000, -3.310e-9
74.0000, 56.0000, -3.298e-9
76.0000, 56.0000, -3.294e-9
78.0000, 56.0000, -3.297e-9
80.0000, 56.0000, -3.288e-9
82.0000, 56.0000, -3.275e-9
84.0000, 56.0000, -3.275e-9
86.0000, 56.0000, -3.276e-9
88.0000, 56.0000, -3.266e-9
90.0000, 56.0000, -3.258e-9
92.0000, 56.0000, -3.258e-9
94.0000, 56.0000, -3.253e-9
96.0000, 56.0000, -3.242e-9
98.0000, 56.0000, -3.237e-9
100.0000, 56.0000, -3.237e-9
102.0000, 56.0000, -3.235e-9
104.0000, 56.0000, -3.231e-9
106.0000, 56.0000, -3.231e-9
108.0000, 56.0000, -3.230e-9
110.0000, 56.0000, -3.223e-9
112.0000, 56.0000, -3.220e-9
114.0000, 56.0000, -3.218e-9
116.0000, 56.0000, -3.214e-9
118.0000, 56.0000, -3.210e-9
120.0000, 56.0000, -3.210e-9
122.0000, 56.0000, -3.209e-9
124.0000, 56.0000, -3.206e-9
126.0000, 56.0000, -3.204e-9
128.0000, 56.0000, -3.205e-9
130.0000, 56.0000, -3.205e-9
132.0000, 56.0000, -3.205e-9
134.0000, 56.0000, -3.205e-9
136.0000, 56.0000, -3.206e-9
138.0000, 56.0000, -3.206e-9
140.0000, 56.0000, -3.205e-9
142.0000, 56.0000, -3.209e-9
144.0000, 56.0000, -3.216e-9
146.0000, 56.0000, -3.220e-9
148.0000, 56.0000, -3.222e-9
150.0000, 56.0000, -3.224e-9
152.0000, 56.0000, -3.228e-9
154.0000, 56.0000, -3.232e-9
156.0000, 56.0000, -3.236e-9
158.0000, 56.0000, -3.241e-9
160.0000, 56.0000, -3.247e-9
162.0000, 56.0000, -3.253e-9
164.0000, 56.0000, -3.260e-9
166.0000, 56.0000, -3.267e-9
168.0000, 56.0000, -3.273e-9
170.0000, 56.0000, -3.279e-9
172.0000, 56.0000, -3.285e-9
174.0000, 56.0000, -3.292e-9
176.0000, 56.0000, -3.301e-9
178.0000, 56.0000, -3.309e-9
180.0000, 56.0000, -3.317e-9
182.0000, 56.0000, -3.325e-9
184.0000, 56.0000, -3.336e-9
186.0000, 56.0000, -3.345e-9
188.0000, 56.0000, -3.354e-9
190.0000, 56.0000, -3.363e-9
192.0000, 56.0000, -3.374e-9
194.0000, 56.0000, -3.383e-9
196.0000, 56.0000, -3.393e-9
198.0000, 56.0000, -3.404e-9
200.0000, 56.0000, -3.412e-9
202.0000, 56.0000, -3.422e-9
204.0000, 56.0000, -3.437e-9
206.0000, 56.0000, -3.453e-9
208.0000, 56.0000, -3.461e-9
210.0000, 56.0000, -3.467e-9
212.0000, 56.0000, -3.481e-9
214.0000, 56.0000, -3.491e-9
216.0000, 56.0000, -3.495e-9
218.0000, 56.0000, -3.505e-9
220.0000, 56.0000, -3.517e-9
222.0000, 56.0000, -3.525e-9
224.0000, 56.0000, -3.534e-9
226.0000, 56.0000, -3.545e-9
228.0000, 56.0000, -3.550e-9
230.0000, 56.0000, -3.552e-9
232.0000, 56.0000, -3.562e-9
234.0000, 56.0000, -3.577e-9
236.0000, 56.0000, -3.586e-9
238.0000, 56.0000, -3.595e-9
240.0000, 56.0000, -3.608e-9
242.0000, 56.0000, -3.617e-9
244.0000, 56.0000, -3.625e-9
246.0000, 56.0000, -3.636e-9
248.0000, 56.0000, -3.648e-9
0.0000, 58.0000, -4.212e-9
2.0000, 58.0000, -4.132e-9
4.0000, 58.0000, -4.047e-9
6.0000, 58.0000, -3.950e-9
8.0000, 58.0000, -3.863e-9
10.0000, 58.0000, -3.802e-9
12.0000, 58.0000, -3.749e-9
14.0000, 58.0000, -3.689e-9
16.0000, 58.0000, -3.639e-9
18.0000, 58.0000, -3.609e-9
20.0000, 58.0000, -3.577e-9
22.0000, 58.0000, -3.537e-9
24.0000, 58.0000, -3.511e-9
26.0000, 58.0000, -3.496e-9
28.0000, 58.0000, -3.470e-9
30.0000, 58.0000, -3.443e-9
32.0000, 58.0000, -3.435e-9
34.0000, 58.0000, -3.431e-9
36.0000, 58.0000, -3.417e-9
38.0000, 58.0000, -3.407e-9
40.0000, 58.0000, -3.409e-9
42.0000, 58.0000, -3.401e-9
44.0000, 58.0000, -3.382e-9
46.0000, 58.0000, -3.375e-9
48.0000, 58.0000, -3.372e-9
50.0000, 58.0000, -3.356e-9
52.0000, 58.0000, -3.345e-9
54.0000, 58.0000, -3.346e-9
56.0000, 58.0000, -3.341e-9
58.0000, 58.0000, -3.332e-9
60.0000, 58.0000, -3.329e-9
62.0000, 58.0000, -3.328e-9
64.0000, 58.0000, -3.321e-9
66.0000, 58.0000, -3.315e-9
68.0000, 58.0000, -3.311e-9
70.0000, 58.0000, -3.306e-9
72.0000, 58.0000, -3.302e-9
74.0000, 58.0000, -3.302e-9
76.0000, 58.0000, -3.301e-9
78.0000, 58.0000, -3.292e-9
80.0000, 58.0000, -3.288e-9
82.0000, 58.0000, -3.292e-9
84.0000, 58.0000, -3.289e-9
86.0000, 58.0000, -3.281e-9
88.0000, 58.0000, -3.279e-9
90.0000, 58.0000, -3.277e-9
92.0000, 58.0000, -3.270e-9
94.0000, 58.0000, -3.266e-9
96.0000, 58.0000, -3.268e-9
98.0000, 58.0000, -3.264e-9
100.0000, 58.0000, -3.256e-9
102.0000, 58.0000, -3.253e-9
104.0000, 58.0000, -3.252e-9
106.0000, 58.0000, -3.245e-9
108.0000, 58.0000, -3.239e-9
110.0000, 58.0000, -3.240e-9
112.0000, 58.0000, -3.239e-9
114.0000, 58.0000, -3.231e-9
116.0000, 58.0000, -3.229e-9
118.0000, 58.0000, -3.230e-9
120.0000, 58.0000, -3.224e-9
122.0000, 58.0000, -3.220e-9
124.0000, 58.0000, -3.225e-9
126.0000, 58.0000, -3.224e-9
128.0000, 58.0000, -3.216e-9
130.0000, 58.0000, -3.214e-9
132.0000, 58.0000, -3.218e-9
134.0000, 58.0000, -3.218e-9
136.0000, 58.0000, -3.217e-9
138.0000, 58.0000, -3.219e-9
140.0000, 58.0000, -3.221e-9
142.0000, 58.0000, -3.221e-9
144.0000, 58.0000, -3.222e-9
146.0000, 58.0000, -3.227e-9
148.0000, 58.0000, -3.230e-9
150.0000, 58.0000, -3.228e-9
152.0000, 58.0000, -3.229e-9
154.0000, 58.0000, -3.237e-9
156.0000, 58.0000, -3.241e-9
158.0000, 58.0000, -3.243e-9
160.0000, 58.0000, -3.251e-9
162.0000, 58.0000, -3.260e-9
164.0000, 58.0000, -3.264e-9
166.0000, 58.0000, -3.269e-9
168.0000, 58.0000, -3.276e-9
170.0000, 58.0000, -3.282e-9
172.0000, 58.0000, -3.288e-9
174.0000, 58.0000, -3.296e-9
176.0000, 58.0000, -3.305e-9
178.0000, 58.0000, -3.311e-9
180.0000, 58.0000, -3.318e-9
182.0000, 58.0000, -3.329e-9
184.0000, 58.0000, -3.339e-9
186.0000, 58.0000, -3.349e-9
188.0000, 58.0000, -3.360e-9
190.0000, 58.0000, -3.370e-9
192.0000, 58.0000, -3.380e-9
194.0000, 58.0000, -3.389e-9
196.0000, 58.0000, -3.400e-9
198.0000, 58.0000, -3.411e-9
200.0000, 58.0000, -3.421e-9
202.0000, 58.0000, -3.429e-9
204.0000, 58.0000, -3.438e-9
206.0000, 58.0000, -3.451e-9
208.0000, 58.0000, -3.462e-9
210.0000, 58.0000, -3.471e-9
212.0000, 58.0000, -3.480e-9
214.0000, 58.0000, -3.490e-9
216.0000, 58.0000, -3.500e-9
218.0000, 58.0000, -3.509e-9
220.0000, 58.0000, -3.517e-9
222.0000, 58.0000, -3.525e-9
224.0000, 58.0000, -3.533e-9
226.0000, 58.0000, -3.547e-9
228.0000, 58.0000, -3.562e-9
230.0000, 58.0000, -3.571e-9
232.0000, 58.0000, -3.575e-9
234.0000, 58.0000, -3.583e-9
236.0000, 58.0000, -3.596e-9
238.0000, 58.0000, -3.603e-9
240.0000, 58.0000, -3.609e-9
242.0000, 58.0000, -3.623e-9
244.0000, 58.0000, -3.635e-9
246.0000, 58.0000, -3.642e-9
248.0000, 58.0000, -3.653e-9
0.0000, 60.0000, -4.184e-9
2.0000, 60.0000, -4.105e-9
4.0000, 60.0000, -4.022e-9
6.0000, 60.0000, -3.933e-9
8.0000, 60.0000, -3.857e-9
10.0000, 60.0000, -3.797e-9
12.0000, 60.0000, -3.742e-9
14.0000, 60.0000, -3.688e-9
16.0000, 60.0000, -3.645e-9
18.0000, 60.0000, -3.614e-9
20.0000, 60.0000, -3.579e-9
22.0000, 60.0000, -3.544e-9
24.0000, 60.0000, -3.519e-9
26.0000, 60.0000, -3.497e-9
28.0000, 60.0000, -3.472e-9
30.0000, 60.0000, -3.451e-9
32.0000, 60.0000, -3.444e-9
34.0000, 60.0000, -3.436e-9
36.0000, 60.0000, -3.419e-9
38.0000, 60.0000, -3.406e-9
40.0000, 60.0000, -3.400e-9
42.0000, 60.0000, -3.399e-9
44.0000, 60.0000, -3.398e-9
46.0000, 60.0000, -3.399e-9
48.0000, 60.0000, -3.392e-9
50.0000, 60.0000, -3.374e-9
52.0000, 60.0000, -3.356e-9
54.0000, 60.0000, -3.344e-9
56.0000, 60.0000, -3.334e-9
58.0000, 60.0000, -3.327e-9
60.0000, 60.0000, -3.322e-9
62.0000, 60.0000, -3.318e-9
64.0000, 60.0000, -3.316e-9
66.0000, 60.0000, -3.316e-9
68.0000, 60.0000, -3.313e-9
70.0000, 60.0000, -3.305e-9
72.0000, 60.0000, -3.303e-9
74.0000, 60.0000, -3.302e-9
76.0000, 60.0000, -3.296e-9
78.0000, 60.0000, -3.293e-9
80.0000, 60.0000, -3.295e-9
82.0000, 60.0000, -3.293e-9
84.0000, 60.0000, -3.285e-9
86.0000, 60.0000, -3.282e-9
88.0000, 60.0000, -3.282e-9
90.0000, 60.0000, -3.277e-9
92.0000, 60.0000, -3.274e-9
94.0000, 60.0000, -3.275e-9
96.0000, 60.0000, -3.272e-9
98.0000, 60.0000, -3.264e-9
100.0000, 60.0000, -3.260e-9
102.0000, 60.0000, -3.260e-9
104.0000, 60.0000, -3.255e-9
106.0000, 60.0000, -3.251e-9
108.0000, 60.0000, -3.252e-9
110.0000, 60.0000, -3.249e-9
112.0000, 60.0000, -3.244e-9
114.0000, 60.0000, -3.245e-9
116.0000, 60.0000, -3.243e-9
118.0000, 60.0000, -3.235e-9
120.0000, 60.0000, -3.233e-9
122.0000, 60.0000, -3.236e-9
124.0000, 60.0000, -3.233e-9
126.0000, 60.0000, -3.225e-9
128.0000, 60.0000, -3.224e-9
130.0000, 60.0000, -3.226e-9
132.0000, 60.0000, -3.223e-9
134.0000, 60.0000, -3.223e-9
136.0000, 60.0000, -3.227e-9
138.0000, 60.0000, -3.227e-9
140.0000, 60.0000, -3.224e-9
142.0000, 60.0000, -3.228e-9
144.0000, 60.0000, -3.231e-9
146.0000, 60.0000, -3.228e-9
148.0000, 60.0000, -3.228e-9
150.0000, 60.0000, -3.234e-9
152.0000, 60.0000, -3.238e-9
154.0000, 60.0000, -3.242e-9
156.0000, 60.0000, -3.247e-9
158.0000, 60.0000, -3.250e-9
160.0000, 60.0000, -3.253e-9
162.0000, 60.0000, -3.258e-9
164.0000, 60.0000, -3.264e-9
166.0000, 60.0000, -3.268e-9
168.0000, 60.0000, -3.274e-9
170.0000, 60.0000, -3.281e-9
172.0000, 60.0000, -3.289e-9
174.0000, 60.0000, -3.295e-9
176.0000, 60.0000, -3.303e-9
178.0000, 60.0000, -3.309e-9
180.0000, 60.0000, -3.315e-9
182.0000, 60.0000, -3.323e-9
184.0000, 60.0000, -3.334e-9
186.0000, 60.0000, -3.346e-9
188.0000, 60.0000, -3.355e-9
190.0000, 60.0000, -3.363e-9
192.0000, 60.0000, -3.374e-9
194.0000, 60.0000, -3.387e-9
196.0000, 60.0000, -3.397e-9
198.0000, 60.0000, -3.405e-9
200.0000, 60.0000, -3.414e-9
202.0000, 60.0000, -3.425e-9
204.0000, 60.0000, -3.436e-9
206.0000, 60.0000, -3.447e-9
208.0000, 60.0000, -3.457e-9
210.0000, 60.0000, -3.467e-9
212.0000, 60.0000, -3.475e-9
214.0000, 60.0000, -3.486e-9
216.0000, 60.0000, -3.501e-9
218.0000, 60.0000, -3.513e-9
220.0000, 60.0000, -3.521e-9
222.0000, 60.0000, -3.532e-9
224.0000, 60.0000, -3.542e-9
226.0000, 60.0000, -3.549e-9
228.0000, 60.0000, -3.556e-9
230.0000, 60.0000, -3.564e-9
232.0000, 60.0000, -3.574e-9
234.0000, 60.0000, -3.581e-9
236.0000, 60.0000, -3.593e-9
238.0000, 60.0000, -3.607e-9
240.0000, 60.0000, -3.618e-9
242.0000, 60.0000, -3.624e-9
244.0000, 60.0000, -3.632e-9
246.0000, 60.0000, -3.647e-9
248.0000, 60.0000, -3.663e-9
0.0000, 62.0000, -4.186e-9
2.0000, 62.0000, -4.103e-9
4.0000, 62.0000, -4.031e-9
6.0000, 62.0000, -3.947e-9
8.0000, 62.0000, -3.860e-9
10.0000, 62.0000, -3.797e-9
12.0000, 62.0000, -3.748e-9
14.0000, 62.0000, -3.694e-9
16.0000, 62.0000, -3.643e-9
18.0000, 62.0000, -3.611e-9
20.0000, 62.0000, -3.585e-9
22.0000, 62.0000, -3.551e-9
24.0000, 62.0000, -3.515e-9
26.0000, 62.0000, -3.493e-9
28.0000, 62.0000, -3.476e-9
30.0000, 62.0000, -3.454e-9
32.0000, 62.0000, -3.434e-9
34.0000, 62.0000, -3.424e-9
36.0000, 62.0000, -3.415e-9
38.0000, 62.0000, -3.399e-9
40.0000, 62.0000, -3.388e-9
42.0000, 62.0000, -3.386e-9
44.0000, 62.0000, -3.386e-9
46.0000, 62.0000, -3.382e-9
48.0000, 62.0000, -3.377e-9
50.0000, 62.0000, -3.369e-9
52.0000, 62.0000, -3.351e-9
54.0000, 62.0000, -3.337e-9
56.0000, 62.0000, -3.335e-9
58.0000, 62.0000, -3.330e-9
60.0000, 62.0000, -3.320e-9
62.0000, 62.0000, -3.318e-9
64.0000, 62.0000, -3.321e-9
66.0000, 62.0000, -3.316e-9
68.0000, 62.0000, -3.310e-9
70.0000, 62.0000, -3.310e-9
72.0000, 62.0000, -3.313e-9
74.0000, 62.0000, -3.314e-9
76.0000, 62.0000, -3.309e-9
78.0000, 62.0000, -3.305e-9
80.0000, 62.0000, -3.307e-9
82.0000, 62.0000, -3.306e-9
84.0000, 62.0000, -3.301e-9
86.0000, 62.0000, -3.298e-9
88.0000, 62.0000, -3.297e-9
90.0000, 62.0000, -3.295e-9
92.0000, 62.0000, -3.291e-9
94.0000, 62.0000, -3.290e-9
96.0000, 62.0000, -3.290e-9
98.0000, 62.0000, -3.289e-9
100.0000, 62.0000, -3.286e-9
102.0000, 62.0000, -3.283e-9
104.0000, 62.0000, -3.282e-9
106.0000, 62.0000, -3.281e-9
108.0000, 62.0000, -3.276e-9
110.0000, 62.0000, -3.272e-9
112.0000, 62.0000, -3.275e-9
114.0000, 62.0000, -3.275e-9
116.0000, 62.0000, -3.266e-9
118.0000, 62.0000, -3.260e-9
120.0000, 62.0000, -3.257e-9
122.0000, 62.0000, -3.253e-9
124.0000, 62.0000, -3.250e-9
126.0000, 62.0000, -3.248e-9
128.0000, 62.0000, -3.243e-9
130.0000, 62.0000, -3.238e-9
132.0000, 62.0000, -3.236e-9
134.0000, 62.0000, -3.236e-9
136.0000, 62.0000, -3.235e-9
138.0000, 62.0000, -3.234e-9
140.0000, 62.0000, -3.232e-9
142.0000, 62.0000, -3.231e-9
144.0000, 62.0000, -3.234e-9
146.0000, 62.0000, -3.236e-9
148.0000, 62.0000, -3.238e-9
150.0000, 62.0000, -3.240e-9
152.0000, 62.0000, -3.240e-9
154.0000, 62.0000, -3.242e-9
156.0000, 62.0000, -3.244e-9
158.0000, 62.0000, -3.246e-9
160.0000, 62.0000, -3.250e-9
162.0000, 62.0000, -3.256e-9
164.0000, 62.0000, -3.261e-9
166.0000, 62.0000, -3.267e-9
168.0000, 62.0000, -3.274e-9
170.0000, 62.0000, -3.279e-9
172.0000, 62.0000, -3.284e-9
174.0000, 62.0000, -3.292e-9
176.0000, 62.0000, -3.301e-9
178.0000, 62.0000, -3.308e-9
180.0000, 62.0000, -3.314e-9
182.0000, 62.0000, -3.324e-9
184.0000, 62.0000, -3.334e-9
186.0000, 62.0000, -3.342e-9
188.0000, 62.0000, -3.351e-9
190.0000, 62.0000, -3.364e-9
192.0000, 62.0000, -3.374e-9
194.0000, 62.0000, -3.383e-9
196.0000, 62.0000, -3.397e-9
198.0000, 62.0000, -3.408e-9
200.0000, 62.0000, -3.414e-9
202.0000, 62.0000, -3.423e-9
204.0000, 62.0000, -3.437e-9
206.0000, 62.0000, -3.446e-9
208.0000, 62.0000, -3.451e-9
210.0000, 62.0000, -3.460e-9
212.0000, 62.0000, -3.470e-9
214.0000, 62.0000, -3.479e-9
216.0000, 62.0000, -3.490e-9
218.0000, 62.0000, -3.500e-9
220.0000, 62.0000, -3.505e-9
222.0000, 62.0000, -3.509e-9
224.0000, 62.0000, -3.517e-9
226.0000, 62.0000, -3.527e-9
228.0000, 62.0000, -3.536e-9
230.0000, 62.0000, -3.548e-9
232.0000, 62.0000, -3.563e-9
234.0000, 62.0000, -3.572e-9
236.0000, 62.0000, -3.577e-9
238.0000, 62.0000, -3.588e-9
240.0000, 62.0000, -3.602e-9
242.0000, 62.0000, -3.613e-9
244.0000, 62.0000, -3.622e-9
246.0000, 62.0000, -3.636e-9
248.0000, 62.0000, -3.650e-9
0.0000, 64.0000, -4.295e-9
2.0000, 64.0000, -4.191e-9
4.0000, 64.0000, -4.110e-9
6.0000, 64.0000, -4.023e-9
8.0000, 64.0000, -3.924e-9
10.0000, 64.0000, -3.847e-9
12.0000, 64.0000, -3.796e-9
14.0000, 64.0000, -3.738e-9
16.0000, 64.0000, -3.679e-9
18.0000, 64.0000, -3.646e-9
20.0000, 64.0000, -3.624e-9
22.0000, 64.0000, -3.588e-9
24.0000, 64.0000, -3.554e-9
26.0000, 64.0000, -3.528e-9
28.0000, 64.0000, -3.497e-9
30.0000, 64.0000, -3.466e-9
32.0000, 64.0000, -3.444e-9
34.0000, 64.0000, -3.425e-9
36.0000, 64.0000, -3.407e-9
38.0000, 64.0000, -3.395e-9
40.0000, 64.0000, -3.389e-9
42.0000, 64.0000, -3.381e-9
44.0000, 64.0000, -3.369e-9
46.0000, 64.0000, -3.360e-9
48.0000, 64.0000, -3.353e-9
50.0000, 64.0000, -3.345e-9
52.0000, 64.0000, -3.338e-9
54.0000, 64.0000, -3.329e-9
56.0000, 64.0000, -3.322e-9
58.0000, 64.0000, -3.319e-9
60.0000, 64.0000, -3.315e-9
62.0000, 64.0000, -3.309e-9
64.0000, 64.0000, -3.305e-9
66.0000, 64.0000, -3.300e-9
68.0000, 64.0000, -3.299e-9
70.0000, 64.0000, -3.300e-9
72.0000, 64.0000, -3.295e-9
74.0000, 64.0000, -3.294e-9
76.0000, 64.0000, -3.298e-9
78.0000, 64.0000, -3.296e-9
80.0000, 64.0000, -3.291e-9
82.0000, 64.0000, -3.290e-9
84.0000, 64.0000, -3.290e-9
86.0000, 64.0000, -3.285e-9
88.0000, 64.0000, -3.283e-9
90.0000, 64.0000, -3.286e-9
92.0000, 64.0000, -3.285e-9
94.0000, 64.0000, -3.283e-9
96.0000, 64.0000, -3.286e-9
98.0000, 64.0000, -3.287e-9
100.0000, 64.0000, -3.283e-9
102.0000, 64.0000, -3.282e-9
104.0000, 64.0000, -3.286e-9
106.0000, 64.0000, -3.285e-9
108.0000, 64.0000, -3.279e-9
110.0000, 64.0000, -3.276e-9
112.0000, 64.0000, -3.277e-9
114.0000, 64.0000, -3.277e-9
116.0000, 64.0000, -3.272e-9
118.0000, 64.0000, -3.265e-9
120.0000, 64.0000, -3.258e-9
122.0000, 64.0000, -3.251e-9
124.0000, 64.0000, -3.248e-9
126.0000, 64.0000, -3.246e-9
128.0000, 64.0000, -3.239e-9
130.0000, 64.0000, -3.233e-9
132.0000, 64.0000, -3.234e-9
134.0000, 64.0000, -3.234e-9
136.0000, 64.0000, -3.231e-9
138.0000, 64.0000, -3.232e-9
140.0000, 64.0000, -3.233e-9
142.0000, 64.0000, -3.230e-9
144.0000, 64.0000, -3.230e-9
146.0000, 64.0000, -3.231e-9
148.0000, 64.0000, -3.232e-9
150.0000, 64.0000, -3.231e-9
152.0000, 64.0000, -3.234e-9
154.0000, 64.0000, -3.240e-9
156.0000, 64.0000, -3.244e-9
158.0000, 64.0000, -3.247e-9
160.0000, 64.0000, -3.251e-9
162.0000, 64.0000, -3.254e-9
164.0000, 64.0000, -3.258e-9
166.0000, 64.0000, -3.263e-9
168.0000, 64.0000, -3.269e-9
170.0000, 64.0000, -3.275e-9
172.0000, 64.0000, -3.282e-9
174.0000, 64.0000, -3.291e-9
176.0000, 64.0000, -3.300e-9
178.0000, 64.0000, -3.304e-9
180.0000, 64.0000, -3.310e-9
182.0000, 64.0000, -3.321e-9
184.0000, 64.0000, -3.330e-9
186.0000, 64.0000, -3.338e-9
188.0000, 64.0000, -3.349e-9
190.0000, 64.0000, -3.357e-9
192.0000, 64.0000, -3.363e-9
194.0000, 64.0000, -3.373e-9
196.0000, 64.0000, -3.385e-9
198.0000, 64.0000, -3.395e-9
200.0000, 64.0000, -3.403e-9
202.0000, 64.0000, -3.413e-9
204.0000, 64.0000, -3.425e-9
206.0000, 64.0000, -3.437e-9
208.0000, 64.0000, -3.446e-9
210.0000, 64.0000, -3.455e-9
212.0000, 64.0000, -3.463e-9
214.0000, 64.0000, -3.469e-9
216.0000, 64.0000, -3.477e-9
218.0000, 64.0000, -3.485e-9
220.0000, 64.0000, -3.493e-9
222.0000, 64.0000, -3.505e-9
224.0000, 64.0000, -3.518e-9
226.0000, 64.0000, -3.529e-9
228.0000, 64.0000, -3.538e-9
230.0000, 64.0000, -3.549e-9
232.0000, 64.0000, -3.558e-9
234.0000, 64.0000, -3.566e-9
236.0000, 64.0000, -3.578e-9
238.0000, 64.0000, -3.590e-9
240.0000, 64.0000, -3.597e-9
242.0000, 64.0000, -3.604e-9
244.0000, 64.0000, -3.617e-9
246.0000, 64.0000, -3.631e-9
248.0000, 64.0000, -3.637e-9
0.0000, 66.0000, -4.225e-9
2.0000, 66.0000, -4.158e-9
4.0000, 66.0000, -4.059e-9
6.0000, 66.0000, -3.950e-9
8.0000, 66.0000, -3.874e-9
10.0000, 66.0000, -3.819e-9
12.0000, 66.0000, -3.752e-9
14.0000, 66.0000, -3.687e-9
16.0000, 66.0000, -3.648e-9
18.0000, 66.0000, -3.614e-9
20.0000, 66.0000, -3.570e-9
22.0000, 66.0000, -3.536e-9
24.0000, 66.0000, -3.517e-9
26.0000, 66.0000, -3.492e-9
28.0000, 66.0000, -3.461e-9
30.0000, 66.0000, -3.442e-9
32.0000, 66.0000, -3.432e-9
34.0000, 66.0000, -3.417e-9
36.0000, 66.0000, -3.406e-9
38.0000, 66.0000, -3.406e-9
40.0000, 66.0000, -3.403e-9
42.0000, 66.0000, -3.389e-9
44.0000, 66.0000, -3.367e-9
46.0000, 66.0000, -3.347e-9
48.0000, 66.0000, -3.341e-9
50.0000, 66.0000, -3.337e-9
52.0000, 66.0000, -3.326e-9
54.0000, 66.0000, -3.318e-9
56.0000, 66.0000, -3.317e-9
58.0000, 66.0000, -3.311e-9
60.0000, 66.0000, -3.304e-9
62.0000, 66.0000, -3.305e-9
64.0000, 66.0000, -3.306e-9
66.0000, 66.0000, -3.302e-9
68.0000, 66.0000, -3.299e-9
70.0000, 66.0000, -3.298e-9
72.0000, 66.0000, -3.295e-9
74.0000, 66.0000, -3.293e-9
76.0000, 66.0000, -3.292e-9
78.0000, 66.0000, -3.289e-9
80.0000, 66.0000, -3.284e-9
82.0000, 66.0000, -3.286e-9
84.0000, 66.0000, -3.287e-9
86.0000, 66.0000, -3.287e-9
88.0000, 66.0000, -3.288e-9
90.0000, 66.0000, -3.290e-9
92.0000, 66.0000, -3.289e-9
94.0000, 66.0000, -3.290e-9
96.0000, 66.0000, -3.293e-9
98.0000, 66.0000, -3.296e-9
100.0000, 66.0000, -3.293e-9
102.0000, 66.0000, -3.288e-9
104.0000, 66.0000, -3.286e-9
106.0000, 66.0000, -3.288e-9
108.0000, 66.0000, -3.288e-9
110.0000, 66.0000, -3.286e-9
112.0000, 66.0000, -3.285e-9
114.0000, 66.0000, -3.281e-9
116.0000, 66.0000, -3.276e-9
118.0000, 66.0000, -3.274e-9
120.0000, 66.0000, -3.271e-9
122.0000, 66.0000, -3.265e-9
124.0000, 66.0000, -3.263e-9
126.0000, 66.0000, -3.263e-9
128.0000, 66.0000, -3.260e-9
130.0000, 66.0000, -3.257e-9
132.0000, 66.0000, -3.255e-9
134.0000, 66.0000, -3.254e-9
136.0000, 66.0000, -3.251e-9
138.0000, 66.0000, -3.248e-9
140.0000, 66.0000, -3.248e-9
142.0000, 66.0000, -3.250e-9
144.0000, 66.0000, -3.251e-9
146.0000, 66.0000, -3.253e-9
148.0000, 66.0000, -3.254e-9
150.0000, 66.0000, -3.255e-9
152.0000, 66.0000, -3.260e-9
154.0000, 66.0000, -3.262e-9
156.0000, 66.0000, -3.264e-9
158.0000, 66.0000, -3.267e-9
160.0000, 66.0000, -3.270e-9
162.0000, 66.0000, -3.272e-9
164.0000, 66.0000, -3.277e-9
166.0000, 66.0000, -3.284e-9
168.0000, 66.0000, -3.291e-9
170.0000, 66.0000, -3.295e-9
172.0000, 66.0000, -3.300e-9
174.0000, 66.0000, -3.306e-9
176.0000, 66.0000, -3.314e-9
178.0000, 66.0000, -3.318e-9
180.0000, 66.0000, -3.325e-9
182.0000, 66.0000, -3.335e-9
184.0000, 66.0000, -3.343e-9
186.0000, 66.0000, -3.348e-9
188.0000, 66.0000, -3.357e-9
190.0000, 66.0000, -3.367e-9
192.0000, 66.0000, -3.375e-9
194.0000, 66.0000, -3.383e-9
196.0000, 66.0000, -3.392e-9
198.0000, 66.0000, -3.401e-9
200.0000, 66.0000, -3.408e-9
202.0000, 66.0000, -3.413e-9
204.0000, 66.0000, -3.423e-9
206.0000, 66.0000, -3.433e-9
208.0000, 66.0000, -3.441e-9
210.0000, 66.0000, -3.447e-9
212.0000, 66.0000, -3.454e-9
214.0000, 66.0000, -3.459e-9
216.0000, 66.0000, -3.464e-9
218.0000, 66.0000, -3.473e-9
220.0000, 66.0000, -3.485e-9
222.0000, 66.0000, -3.498e-9
224.0000, 66.0000, -3.510e-9
226.0000, 66.0000, -3.518e-9
228.0000, 66.0000, -3.525e-9
230.0000, 66.0000, -3.536e-9
232.0000, 66.0000, -3.547e-9
234.0000, 66.0000, -3.554e-9
236.0000, 66.0000, -3.563e-9
238.0000, 66.0000, -3.574e-9
240.0000, 66.0000, -3.584e-9
242.0000, 66.0000, -3.597e-9
244.0000, 66.0000, -3.612e-9
246.0000, 66.0000, -3.626e-9
248.0000, 66.0000, -3.633e-9
0.0000, 68.0000, -4.292e-9
2.0000, 68.0000, -4.215e-9
4.0000, 68.0000, -4.156e-9
6.0000, 68.0000, -4.052e-9
8.0000, 68.0000, -3.934e-9
10.0000, 68.0000, -3.868e-9
12.0000, 68.0000, -3.829e-9
14.0000, 68.0000, -3.758e-9
16.0000, 68.0000, -3.687e-9
18.0000, 68.0000, -3.655e-9
20.0000, 68.0000, -3.629e-9
22.0000, 68.0000, -3.576e-9
24.0000, 68.0000, -3.533e-9
26.0000, 68.0000, -3.523e-9
28.0000, 68.0000, -3.504e-9
30.0000, 68.0000, -3.467e-9
32.0000, 68.0000, -3.448e-9
34.0000, 68.0000, -3.448e-9
36.0000, 68.0000, -3.427e-9
38.0000, 68.0000, -3.397e-9
40.0000, 68.0000, -3.389e-9
42.0000, 68.0000, -3.383e-9
44.0000, 68.0000, -3.359e-9
46.0000, 68.0000, -3.347e-9
48.0000, 68.0000, -3.352e-9
50.0000, 68.0000, -3.342e-9
52.0000, 68.0000, -3.330e-9
54.0000, 68.0000, -3.341e-9
56.0000, 68.0000, -3.354e-9
58.0000, 68.0000, -3.345e-9
60.0000, 68.0000, -3.330e-9
62.0000, 68.0000, -3.323e-9
64.0000, 68.0000, -3.311e-9
66.0000, 68.0000, -3.294e-9
68.0000, 68.0000, -3.288e-9
70.0000, 68.0000, -3.287e-9
72.0000, 68.0000, -3.278e-9
74.0000, 68.0000, -3.273e-9
76.0000, 68.0000, -3.279e-9
78.0000, 68.0000, -3.281e-9
80.0000, 68.0000, -3.279e-9
82.0000, 68.0000, -3.284e-9
84.0000, 68.0000, -3.290e-9
86.0000, 68.0000, -3.284e-9
88.0000, 68.0000, -3.281e-9
90.0000, 68.0000, -3.288e-9
92.0000, 68.0000, -3.290e-9
94.0000, 68.0000, -3.284e-9
96.0000, 68.0000, -3.281e-9
98.0000, 68.0000, -3.282e-9
100.0000, 68.0000, -3.280e-9
102.0000, 68.0000, -3.275e-9
104.0000, 68.0000, -3.271e-9
106.0000, 68.0000, -3.268e-9
108.0000, 68.0000, -3.269e-9
110.0000, 68.0000, -3.269e-9
112.0000, 68.0000, -3.267e-9
114.0000, 68.0000, -3.264e-9
116.0000, 68.0000, -3.263e-9
118.0000, 68.0000, -3.264e-9
120.0000, 68.0000, -3.263e-9
122.0000, 68.0000, -3.263e-9
124.0000, 68.0000, -3.265e-9
126.0000, 68.0000, -3.263e-9
128.0000, 68.0000, -3.259e-9
130.0000, 68.0000, -3.255e-9
132.0000, 68.0000, -3.256e-9
134.0000, 68.0000, -3.255e-9
136.0000, 68.0000, -3.253e-9
138.0000, 68.0000, -3.253e-9
140.0000, 68.0000, -3.253e-9
142.0000, 68.0000, -3.253e-9
144.0000, 68.0000, -3.254e-9
146.0000, 68.0000, -3.254e-9
148.0000, 68.0000, -3.254e-9
150.0000, 68.0000, -3.254e-9
152.0000, 68.0000, -3.255e-9
154.0000, 68.0000, -3.257e-9
156.0000, 68.0000, -3.262e-9
158.0000, 68.0000, -3.267e-9
160.0000, 68.0000, -3.270e-9
162.0000, 68.0000, -3.276e-9
164.0000, 68.0000, -3.284e-9
166.0000, 68.0000, -3.291e-9
168.0000, 68.0000, -3.296e-9
170.0000, 68.0000, -3.302e-9
172.0000, 68.0000, -3.310e-9
174.0000, 68.0000, -3.319e-9
176.0000, 68.0000, -3.324e-9
178.0000, 68.0000, -3.331e-9
180.0000, 68.0000, -3.340e-9
182.0000, 68.0000, -3.349e-9
184.0000, 68.0000, -3.358e-9
186.0000, 68.0000, -3.366e-9
188.0000, 68.0000, -3.373e-9
190.0000, 68.0000, -3.381e-9
192.0000, 68.0000, -3.392e-9
194.0000, 68.0000, -3.401e-9
196.0000, 68.0000, -3.407e-9
198.0000, 68.0000, -3.413e-9
200.0000, 68.0000, -3.420e-9
202.0000, 68.0000, -3.423e-9
204.0000, 68.0000, -3.430e-9
206.0000, 68.0000, -3.441e-9
208.0000, 68.0000, -3.449e-9
210.0000, 68.0000, -3.450e-9
212.0000, 68.0000, -3.455e-9
214.0000, 68.0000, -3.465e-9
216.0000, 68.0000, -3.475e-9
218.0000, 68.0000, -3.482e-9
220.0000, 68.0000, -3.491e-9
222.0000, 68.0000, -3.501e-9
224.0000, 68.0000, -3.505e-9
226.0000, 68.0000, -3.509e-9
228.0000, 68.0000, -3.517e-9
230.0000, 68.0000, -3.524e-9
232.0000, 68.0000, -3.532e-9
234.0000, 68.0000, -3.542e-9
236.0000, 68.0000, -3.551e-9
238.0000, 68.0000, -3.557e-9
240.0000, 68.0000, -3.567e-9
242.0000, 68.0000, -3.583e-9
244.0000, 68.0000, -3.601e-9
246.0000, 68.0000, -3.616e-9
248.0000, 68.0000, -3.632e-9
0.0000, 70.0000, -4.178e-9
2.0000, 70.0000, -4.095e-9
4.0000, 70.0000, -4.010e-9
6.0000, 70.0000, -3.921e-9
8.0000, 70.0000, -3.845e-9
10.0000, 70.0000, -3.785e-9
12.0000, 70.0000, -3.728e-9
14.0000, 70.0000, -3.674e-9
16.0000, 70.0000, -3.633e-9
18.0000, 70.0000, -3.601e-9
20.0000, 70.0000, -3.567e-9
22.0000, 70.0000, -3.534e-9
24.0000, 70.0000, -3.511e-9
26.0000, 70.0000, -3.491e-9
28.0000, 70.0000, -3.464e-9
30.0000, 70.0000, -3.440e-9
32.0000, 70.0000, -3.426e-9
34.0000, 70.0000, -3.409e-9
36.0000, 70.0000, -3.390e-9
38.0000, 70.0000, -3.376e-9
40.0000, 70.0000, -3.366e-9
42.0000, 70.0000, -3.352e-9
44.0000, 70.0000, -3.338e-9
46.0000, 70.0000, -3.333e-9
48.0000, 70.0000, -3.326e-9
50.0000, 70.0000, -3.312e-9
52.0000, 70.0000, -3.305e-9
54.0000, 70.0000, -3.304e-9
56.0000, 70.0000, -3.298e-9
58.0000, 70.0000, -3.291e-9
60.0000, 70.0000, -3.294e-9
62.0000, 70.0000, -3.298e-9
64.0000, 70.0000, -3.295e-9
66.0000, 70.0000, -3.293e-9
68.0000, 70.0000, -3.293e-9
70.0000, 70.0000, -3.290e-9
72.0000, 70.0000, -3.282e-9
74.0000, 70.0000, -3.276e-9
76.0000, 70.0000, -3.277e-9
78.0000, 70.0000, -3.276e-9
80.0000, 70.0000, -3.269e-9
82.0000, 70.0000, -3.269e-9
84.0000, 70.0000, -3.274e-9
86.0000, 70.0000, -3.274e-9
88.0000, 70.0000, -3.274e-9
90.0000, 70.0000, -3.280e-9
92.0000, 70.0000, -3.283e-9
94.0000, 70.0000, -3.281e-9
96.0000, 70.0000, -3.280e-9
98.0000, 70.0000, -3.282e-9
100.0000, 70.0000, -3.281e-9
102.0000, 70.0000, -3.278e-9
104.0000, 70.0000, -3.277e-9
106.0000, 70.0000, -3.278e-9
108.0000, 70.0000, -3.275e-9
110.0000, 70.0000, -3.270e-9
112.0000, 70.0000, -3.269e-9
114.0000, 70.0000, -3.267e-9
116.0000, 70.0000, -3.263e-9
118.0000, 70.0000, -3.263e-9
120.0000, 70.0000, -3.264e-9
122.0000, 70.0000, -3.263e-9
124.0000, 70.0000, -3.261e-9
126.0000, 70.0000, -3.263e-9
128.0000, 70.0000, -3.265e-9
130.0000, 70.0000, -3.265e-9
132.0000, 70.0000, -3.265e-9
134.0000, 70.0000, -3.268e-9
136.0000, 70.0000, -3.267e-9
138.0000, 70.0000, -3.263e-9
140.0000, 70.0000, -3.263e-9
142.0000, 70.0000, -3.264e-9
144.0000, 70.0000, -3.263e-9
146.0000, 70.0000, -3.263e-9
148.0000, 70.0000, -3.265e-9
150.0000, 70.0000, -3.266e-9
152.0000, 70.0000, -3.268e-9
154.0000, 70.0000, -3.270e-9
156.0000, 70.0000, -3.273e-9
158.0000, 70.0000, -3.273e-9
160.0000, 70.0000, -3.276e-9
162.0000, 70.0000, -3.281e-9
164.0000, 70.0000, -3.288e-9
166.0000, 70.0000, -3.293e-9
168.0000, 70.0000, -3.296e-9
170.0000, 70.0000, -3.304e-9
172.0000, 70.0000, -3.312e-9
174.0000, 70.0000, -3.318e-9
176.0000, 70.0000, -3.328e-9
178.0000, 70.0000, -3.338e-9
180.0000, 70.0000, -3.344e-9
182.0000, 70.0000, -3.353e-9
184.0000, 70.0000, -3.364e-9
186.0000, 70.0000, -3.373e-9
188.0000, 70.0000, -3.379e-9
190.0000, 70.0000, -3.389e-9
192.0000, 70.0000, -3.400e-9
194.0000, 70.0000, -3.408e-9
196.0000, 70.0000, -3.415e-9
198.0000, 70.0000, -3.422e-9
200.0000, 70.0000, -3.426e-9
202.0000, 70.0000, -3.430e-9
204.0000, 70.0000, -3.436e-9
206.0000, 70.0000, -3.446e-9
208.0000, 70.0000, -3.452e-9
210.0000, 70.0000, -3.453e-9
212.0000, 70.0000, -3.457e-9
214.0000, 70.0000, -3.464e-9
216.0000, 70.0000, -3.470e-9
218.0000, 70.0000, -3.474e-9
220.0000, 70.0000, -3.478e-9
222.0000, 70.0000, -3.484e-9
224.0000, 70.0000, -3.492e-9
226.0000, 70.0000, -3.505e-9
228.0000, 70.0000, -3.518e-9
230.0000, 70.0000, -3.526e-9
232.0000, 70.0000, -3.534e-9
234.0000, 70.0000, -3.545e-9
236.0000, 70.0000, -3.555e-9
238.0000, 70.0000, -3.562e-9
240.0000, 70.0000, -3.572e-9
242.0000, 70.0000, -3.588e-9
244.0000, 70.0000, -3.605e-9
246.0000, 70.0000, -3.621e-9
248.0000, 70.0000, -3.633e-9
0.0000, 72.0000, -4.324e-9
2.0000, 72.0000, -4.232e-9
4.0000, 72.0000, -4.177e-9
6.0000, 72.0000, -4.082e-9
8.0000, 72.0000, -3.959e-9
10.0000, 72.0000, -3.880e-9
12.0000, 72.0000, -3.843e-9
14.0000, 72.0000, -3.779e-9
16.0000, 72.0000, -3.699e-9
18.0000, 72.0000, -3.660e-9
20.0000, 72.0000, -3.642e-9
22.0000, 72.0000, -3.592e-9
24.0000, 72.0000, -3.542e-9
26.0000, 72.0000, -3.530e-9
28.0000, 72.0000, -3.515e-9
30.0000, 72.0000, -3.472e-9
32.0000, 72.0000, -3.446e-9
34.0000, 72.0000, -3.441e-9
36.0000, 72.0000, -3.419e-9
38.0000, 72.0000, -3.387e-9
40.0000, 72.0000, -3.379e-9
42.0000, 72.0000, -3.378e-9
44.0000, 72.0000, -3.356e-9
46.0000, 72.0000, -3.334e-9
48.0000, 72.0000, -3.328e-9
50.0000, 72.0000, -3.320e-9
52.0000, 72.0000, -3.305e-9
54.0000, 72.0000, -3.308e-9
56.0000, 72.0000, -3.324e-9
58.0000, 72.0000, -3.322e-9
60.0000, 72.0000, -3.312e-9
62.0000, 72.0000, -3.317e-9
64.0000, 72.0000, -3.313e-9
66.0000, 72.0000, -3.288e-9
68.0000, 72.0000, -3.273e-9
70.0000, 72.0000, -3.278e-9
72.0000, 72.0000, -3.273e-9
74.0000, 72.0000, -3.261e-9
76.0000, 72.0000, -3.264e-9
78.0000, 72.0000, -3.268e-9
80.0000, 72.0000, -3.259e-9
82.0000, 72.0000, -3.258e-9
84.0000, 72.0000, -3.268e-9
86.0000, 72.0000, -3.268e-9
88.0000, 72.0000, -3.262e-9
90.0000, 72.0000, -3.264e-9
92.0000, 72.0000, -3.269e-9
94.0000, 72.0000, -3.263e-9
96.0000, 72.0000, -3.259e-9
98.0000, 72.0000, -3.265e-9
100.0000, 72.0000, -3.265e-9
102.0000, 72.0000, -3.258e-9
104.0000, 72.0000, -3.258e-9
106.0000, 72.0000, -3.261e-9
108.0000, 72.0000, -3.255e-9
110.0000, 72.0000, -3.249e-9
112.0000, 72.0000, -3.251e-9
114.0000, 72.0000, -3.253e-9
116.0000, 72.0000, -3.250e-9
118.0000, 72.0000, -3.248e-9
120.0000, 72.0000, -3.249e-9
122.0000, 72.0000, -3.248e-9
124.0000, 72.0000, -3.245e-9
126.0000, 72.0000, -3.247e-9
128.0000, 72.0000, -3.248e-9
130.0000, 72.0000, -3.246e-9
132.0000, 72.0000, -3.248e-9
134.0000, 72.0000, -3.252e-9
136.0000, 72.0000, -3.254e-9
138.0000, 72.0000, -3.255e-9
140.0000, 72.0000, -3.257e-9
142.0000, 72.0000, -3.259e-9
144.0000, 72.0000, -3.259e-9
146.0000, 72.0000, -3.261e-9
148.0000, 72.0000, -3.263e-9
150.0000, 72.0000, -3.262e-9
152.0000, 72.0000, -3.262e-9
154.0000, 72.0000, -3.265e-9
156.0000, 72.0000, -3.270e-9
158.0000, 72.0000, -3.272e-9
160.0000, 72.0000, -3.272e-9
162.0000, 72.0000, -3.279e-9
164.0000, 72.0000, -3.288e-9
166.0000, 72.0000, -3.294e-9
168.0000, 72.0000, -3.299e-9
170.0000, 72.0000, -3.304e-9
172.0000, 72.0000, -3.310e-9
174.0000, 72.0000, -3.314e-9
176.0000, 72.0000, -3.322e-9
178.0000, 72.0000, -3.330e-9
180.0000, 72.0000, -3.335e-9
182.0000, 72.0000, -3.342e-9
184.0000, 72.0000, -3.352e-9
186.0000, 72.0000, -3.361e-9
188.0000, 72.0000, -3.368e-9
190.0000, 72.0000, -3.379e-9
192.0000, 72.0000, -3.392e-9
194.0000, 72.0000, -3.401e-9
196.0000, 72.0000, -3.411e-9
198.0000, 72.0000, -3.422e-9
200.0000, 72.0000, -3.429e-9
202.0000, 72.0000, -3.435e-9
204.0000, 72.0000, -3.441e-9
206.0000, 72.0000, -3.452e-9
208.0000, 72.0000, -3.459e-9
210.0000, 72.0000, -3.460e-9
212.0000, 72.0000, -3.464e-9
214.0000, 72.0000, -3.468e-9
216.0000, 72.0000, -3.471e-9
218.0000, 72.0000, -3.477e-9
220.0000, 72.0000, -3.485e-9
222.0000, 72.0000, -3.491e-9
224.0000, 72.0000, -3.497e-9
226.0000, 72.0000, -3.509e-9
228.0000, 72.0000, -3.520e-9
230.0000, 72.0000, -3.525e-9
232.0000, 72.0000, -3.533e-9
234.0000, 72.0000, -3.545e-9
236.0000, 72.0000, -3.559e-9
238.0000, 72.0000, -3.571e-9
240.0000, 72.0000, -3.586e-9
242.0000, 72.0000, -3.603e-9
244.0000, 72.0000, -3.617e-9
246.0000, 72.0000, -3.628e-9
248.0000, 72.0000, -3.639e-9
0.0000, 74.0000, -4.163e-9
2.0000, 74.0000, -4.094e-9
4.0000, 74.0000, -4.006e-9
6.0000, 74.0000, -3.912e-9
8.0000, 74.0000, -3.843e-9
10.0000, 74.0000, -3.789e-9
12.0000, 74.0000, -3.731e-9
14.0000, 74.0000, -3.673e-9
16.0000, 74.0000, -3.633e-9
18.0000, 74.0000, -3.601e-9
20.0000, 74.0000, -3.565e-9
22.0000, 74.0000, -3.535e-9
24.0000, 74.0000, -3.511e-9
26.0000, 74.0000, -3.488e-9
28.0000, 74.0000, -3.465e-9
30.0000, 74.0000, -3.444e-9
32.0000, 74.0000, -3.427e-9
34.0000, 74.0000, -3.410e-9
36.0000, 74.0000, -3.392e-9
38.0000, 74.0000, -3.377e-9
40.0000, 74.0000, -3.364e-9
42.0000, 74.0000, -3.352e-9
44.0000, 74.0000, -3.342e-9
46.0000, 74.0000, -3.332e-9
48.0000, 74.0000, -3.322e-9
50.0000, 74.0000, -3.315e-9
52.0000, 74.0000, -3.310e-9
54.0000, 74.0000, -3.306e-9
56.0000, 74.0000, -3.304e-9
58.0000, 74.0000, -3.299e-9
60.0000, 74.0000, -3.292e-9
62.0000, 74.0000, -3.287e-9
64.0000, 74.0000, -3.284e-9
66.0000, 74.0000, -3.280e-9
68.0000, 74.0000, -3.274e-9
70.0000, 74.0000, -3.271e-9
72.0000, 74.0000, -3.271e-9
74.0000, 74.0000, -3.267e-9
76.0000, 74.0000, -3.259e-9
78.0000, 74.0000, -3.253e-9
80.0000, 74.0000, -3.255e-9
82.0000, 74.0000, -3.257e-9
84.0000, 74.0000, -3.256e-9
86.0000, 74.0000, -3.258e-9
88.0000, 74.0000, -3.261e-9
90.0000, 74.0000, -3.258e-9
92.0000, 74.0000, -3.257e-9
94.0000, 74.0000, -3.259e-9
96.0000, 74.0000, -3.263e-9
98.0000, 74.0000, -3.261e-9
100.0000, 74.0000, -3.259e-9
102.0000, 74.0000, -3.264e-9
104.0000, 74.0000, -3.266e-9
106.0000, 74.0000, -3.261e-9
108.0000, 74.0000, -3.260e-9
110.0000, 74.0000, -3.261e-9
112.0000, 74.0000, -3.260e-9
114.0000, 74.0000, -3.255e-9
116.0000, 74.0000, -3.255e-9
118.0000, 74.0000, -3.254e-9
120.0000, 74.0000, -3.249e-9
122.0000, 74.0000, -3.246e-9
124.0000, 74.0000, -3.246e-9
126.0000, 74.0000, -3.243e-9
128.0000, 74.0000, -3.240e-9
130.0000, 74.0000, -3.240e-9
132.0000, 74.0000, -3.241e-9
134.0000, 74.0000, -3.240e-9
136.0000, 74.0000, -3.240e-9
138.0000, 74.0000, -3.242e-9
140.0000, 74.0000, -3.244e-9
142.0000, 74.0000, -3.246e-9
144.0000, 74.0000, -3.248e-9
146.0000, 74.0000, -3.251e-9
148.0000, 74.0000, -3.254e-9
150.0000, 74.0000, -3.258e-9
152.0000, 74.0000, -3.266e-9
154.0000, 74.0000, -3.273e-9
156.0000, 74.0000, -3.278e-9
158.0000, 74.0000, -3.282e-9
160.0000, 74.0000, -3.289e-9
162.0000, 74.0000, -3.296e-9
164.0000, 74.0000, -3.301e-9
166.0000, 74.0000, -3.309e-9
168.0000, 74.0000, -3.316e-9
170.0000, 74.0000, -3.321e-9
172.0000, 74.0000, -3.328e-9
174.0000, 74.0000, -3.339e-9
176.0000, 74.0000, -3.346e-9
178.0000, 74.0000, -3.349e-9
180.0000, 74.0000, -3.358e-9
182.0000, 74.0000, -3.370e-9
184.0000, 74.0000, -3.376e-9
186.0000, 74.0000, -3.380e-9
188.0000, 74.0000, -3.387e-9
190.0000, 74.0000, -3.396e-9
192.0000, 74.0000, -3.402e-9
194.0000, 74.0000, -3.409e-9
196.0000, 74.0000, -3.418e-9
198.0000, 74.0000, -3.426e-9
200.0000, 74.0000, -3.432e-9
202.0000, 74.0000, -3.443e-9
204.0000, 74.0000, -3.453e-9
206.0000, 74.0000, -3.462e-9
208.0000, 74.0000, -3.471e-9
210.0000, 74.0000, -3.479e-9
212.0000, 74.0000, -3.489e-9
214.0000, 74.0000, -3.497e-9
216.0000, 74.0000, -3.504e-9
218.0000, 74.0000, -3.512e-9
220.0000, 74.0000, -3.516e-9
222.0000, 74.0000, -3.523e-9
224.0000, 74.0000, -3.533e-9
226.0000, 74.0000, -3.544e-9
228.0000, 74.0000, -3.554e-9
230.0000, 74.0000, -3.562e-9
232.0000, 74.0000, -3.569e-9
234.0000, 74.0000, -3.576e-9
236.0000, 74.0000, -3.585e-9
238.0000, 74.0000, -3.595e-9
240.0000, 74.0000, -3.605e-9
242.0000, 74.0000, -3.615e-9
244.0000, 74.0000, -3.627e-9
246.0000, 74.0000, -3.639e-9
248.0000, 74.0000, -3.650e-9
0.0000, 76.0000, -4.186e-9
2.0000, 76.0000, -4.113e-9
4.0000, 76.0000, -4.028e-9
6.0000, 76.0000, -3.932e-9
8.0000, 76.0000, -3.851e-9
10.0000, 76.0000, -3.790e-9
12.0000, 76.0000, -3.736e-9
14.0000, 76.0000, -3.683e-9
16.0000, 76.0000, -3.640e-9
18.0000, 76.0000, -3.607e-9
20.0000, 76.0000, -3.571e-9
22.0000, 76.0000, -3.533e-9
24.0000, 76.0000, -3.506e-9
26.0000, 76.0000, -3.486e-9
28.0000, 76.0000, -3.456e-9
30.0000, 76.0000, -3.429e-9
32.0000, 76.0000, -3.417e-9
34.0000, 76.0000, -3.402e-9
36.0000, 76.0000, -3.380e-9
38.0000, 76.0000, -3.368e-9
40.0000, 76.0000, -3.363e-9
42.0000, 76.0000, -3.348e-9
44.0000, 76.0000, -3.331e-9
46.0000, 76.0000, -3.325e-9
48.0000, 76.0000, -3.320e-9
50.0000, 76.0000, -3.311e-9
52.0000, 76.0000, -3.304e-9
54.0000, 76.0000, -3.302e-9
56.0000, 76.0000, -3.298e-9
58.0000, 76.0000, -3.290e-9
60.0000, 76.0000, -3.285e-9
62.0000, 76.0000, -3.281e-9
64.0000, 76.0000, -3.275e-9
66.0000, 76.0000, -3.271e-9
68.0000, 76.0000, -3.269e-9
70.0000, 76.0000, -3.263e-9
72.0000, 76.0000, -3.256e-9
74.0000, 76.0000, -3.256e-9
76.0000, 76.0000, -3.257e-9
78.0000, 76.0000, -3.250e-9
80.0000, 76.0000, -3.245e-9
82.0000, 76.0000, -3.247e-9
84.0000, 76.0000, -3.248e-9
86.0000, 76.0000, -3.253e-9
88.0000, 76.0000, -3.261e-9
90.0000, 76.0000, -3.264e-9
92.0000, 76.0000, -3.263e-9
94.0000, 76.0000, -3.264e-9
96.0000, 76.0000, -3.264e-9
98.0000, 76.0000, -3.258e-9
100.0000, 76.0000, -3.255e-9
102.0000, 76.0000, -3.258e-9
104.0000, 76.0000, -3.258e-9
106.0000, 76.0000, -3.255e-9
108.0000, 76.0000, -3.256e-9
110.0000, 76.0000, -3.257e-9
112.0000, 76.0000, -3.254e-9
114.0000, 76.0000, -3.252e-9
116.0000, 76.0000, -3.252e-9
118.0000, 76.0000, -3.248e-9
120.0000, 76.0000, -3.243e-9
122.0000, 76.0000, -3.242e-9
124.0000, 76.0000, -3.239e-9
126.0000, 76.0000, -3.235e-9
128.0000, 76.0000, -3.236e-9
130.0000, 76.0000, -3.238e-9
132.0000, 76.0000, -3.234e-9
134.0000, 76.0000, -3.232e-9
136.0000, 76.0000, -3.234e-9
138.0000, 76.0000, -3.228e-9
140.0000, 76.0000, -3.224e-9
142.0000, 76.0000, -3.230e-9
144.0000, 76.0000, -3.237e-9
146.0000, 76.0000, -3.239e-9
148.0000, 76.0000, -3.243e-9
150.0000, 76.0000, -3.250e-9
152.0000, 76.0000, -3.255e-9
154.0000, 76.0000, -3.259e-9
156.0000, 76.0000, -3.268e-9
158.0000, 76.0000, -3.275e-9
160.0000, 76.0000, -3.278e-9
162.0000, 76.0000, -3.286e-9
164.0000, 76.0000, -3.298e-9
166.0000, 76.0000, -3.307e-9
168.0000, 76.0000, -3.315e-9
170.0000, 76.0000, -3.324e-9
172.0000, 76.0000, -3.335e-9
174.0000, 76.0000, -3.345e-9
176.0000, 76.0000, -3.351e-9
178.0000, 76.0000, -3.356e-9
180.0000, 76.0000, -3.362e-9
182.0000, 76.0000, -3.369e-9
184.0000, 76.0000, -3.378e-9
186.0000, 76.0000, -3.385e-9
188.0000, 76.0000, -3.387e-9
190.0000, 76.0000, -3.393e-9
192.0000, 76.0000, -3.403e-9
194.0000, 76.0000, -3.413e-9
196.0000, 76.0000, -3.423e-9
198.0000, 76.0000, -3.435e-9
200.0000, 76.0000, -3.443e-9
202.0000, 76.0000, -3.452e-9
204.0000, 76.0000, -3.462e-9
206.0000, 76.0000, -3.472e-9
208.0000, 76.0000, -3.479e-9
210.0000, 76.0000, -3.486e-9
212.0000, 76.0000, -3.493e-9
214.0000, 76.0000, -3.501e-9
216.0000, 76.0000, -3.511e-9
218.0000, 76.0000, -3.517e-9
220.0000, 76.0000, -3.523e-9
222.0000, 76.0000, -3.531e-9
224.0000, 76.0000, -3.537e-9
226.0000, 76.0000, -3.545e-9
228.0000, 76.0000, -3.555e-9
230.0000, 76.0000, -3.562e-9
232.0000, 76.0000, -3.570e-9
234.0000, 76.0000, -3.579e-9
236.0000, 76.0000, -3.590e-9
238.0000, 76.0000, -3.601e-9
240.0000, 76.0000, -3.614e-9
242.0000, 76.0000, -3.626e-9
244.0000, 76.0000, -3.635e-9
246.0000, 76.0000, -3.645e-9
248.0000, 76.0000, -3.658e-9
0.0000, 78.0000, -4.213e-9
2.0000, 78.0000, -4.149e-9
4.0000, 78.0000, -4.062e-9
6.0000, 78.0000, -3.951e-9
8.0000, 78.0000, -3.864e-9
10.0000, 78.0000, -3.810e-9
12.0000, 78.0000, -3.757e-9
14.0000, 78.0000, -3.691e-9
16.0000, 78.0000, -3.642e-9
18.0000, 78.0000, -3.615e-9
20.0000, 78.0000, -3.578e-9
22.0000, 78.0000, -3.533e-9
24.0000, 78.0000, -3.506e-9
26.0000, 78.0000, -3.492e-9
28.0000, 78.0000, -3.467e-9
30.0000, 78.0000, -3.440e-9
32.0000, 78.0000, -3.428e-9
34.0000, 78.0000, -3.418e-9
36.0000, 78.0000, -3.398e-9
38.0000, 78.0000, -3.380e-9
40.0000, 78.0000, -3.370e-9
42.0000, 78.0000, -3.354e-9
44.0000, 78.0000, -3.342e-9
46.0000, 78.0000, -3.348e-9
48.0000, 78.0000, -3.350e-9
50.0000, 78.0000, -3.335e-9
52.0000, 78.0000, -3.327e-9
54.0000, 78.0000, -3.327e-9
56.0000, 78.0000, -3.313e-9
58.0000, 78.0000, -3.292e-9
60.0000, 78.0000, -3.285e-9
62.0000, 78.0000, -3.283e-9
64.0000, 78.0000, -3.272e-9
66.0000, 78.0000, -3.263e-9
68.0000, 78.0000, -3.265e-9
70.0000, 78.0000, -3.268e-9
72.0000, 78.0000, -3.259e-9
74.0000, 78.0000, -3.254e-9
76.0000, 78.0000, -3.258e-9
78.0000, 78.0000, -3.255e-9
80.0000, 78.0000, -3.249e-9
82.0000, 78.0000, -3.251e-9
84.0000, 78.0000, -3.254e-9
86.0000, 78.0000, -3.253e-9
88.0000, 78.0000, -3.251e-9
90.0000, 78.0000, -3.251e-9
92.0000, 78.0000, -3.254e-9
94.0000, 78.0000, -3.255e-9
96.0000, 78.0000, -3.253e-9
98.0000, 78.0000, -3.250e-9
100.0000, 78.0000, -3.247e-9
102.0000, 78.0000, -3.246e-9
104.0000, 78.0000, -3.245e-9
106.0000, 78.0000, -3.244e-9
108.0000, 78.0000, -3.243e-9
110.0000, 78.0000, -3.240e-9
112.0000, 78.0000, -3.237e-9
114.0000, 78.0000, -3.236e-9
116.0000, 78.0000, -3.235e-9
118.0000, 78.0000, -3.233e-9
120.0000, 78.0000, -3.229e-9
122.0000, 78.0000, -3.227e-9
124.0000, 78.0000, -3.228e-9
126.0000, 78.0000, -3.226e-9
128.0000, 78.0000, -3.223e-9
130.0000, 78.0000, -3.223e-9
132.0000, 78.0000, -3.224e-9
134.0000, 78.0000, -3.222e-9
136.0000, 78.0000, -3.222e-9
138.0000, 78.0000, -3.225e-9
140.0000, 78.0000, -3.228e-9
142.0000, 78.0000, -3.227e-9
144.0000, 78.0000, -3.231e-9
146.0000, 78.0000, -3.239e-9
148.0000, 78.0000, -3.242e-9
150.0000, 78.0000, -3.243e-9
152.0000, 78.0000, -3.248e-9
154.0000, 78.0000, -3.255e-9
156.0000, 78.0000, -3.258e-9
158.0000, 78.0000, -3.263e-9
160.0000, 78.0000, -3.274e-9
162.0000, 78.0000, -3.286e-9
164.0000, 78.0000, -3.292e-9
166.0000, 78.0000, -3.296e-9
168.0000, 78.0000, -3.308e-9
170.0000, 78.0000, -3.317e-9
172.0000, 78.0000, -3.324e-9
174.0000, 78.0000, -3.333e-9
176.0000, 78.0000, -3.341e-9
178.0000, 78.0000, -3.348e-9
180.0000, 78.0000, -3.356e-9
182.0000, 78.0000, -3.366e-9
184.0000, 78.0000, -3.378e-9
186.0000, 78.0000, -3.391e-9
188.0000, 78.0000, -3.398e-9
190.0000, 78.0000, -3.405e-9
192.0000, 78.0000, -3.416e-9
194.0000, 78.0000, -3.424e-9
196.0000, 78.0000, -3.431e-9
198.0000, 78.0000, -3.441e-9
200.0000, 78.0000, -3.450e-9
202.0000, 78.0000, -3.459e-9
204.0000, 78.0000, -3.469e-9
206.0000, 78.0000, -3.480e-9
208.0000, 78.0000, -3.490e-9
210.0000, 78.0000, -3.499e-9
212.0000, 78.0000, -3.507e-9
214.0000, 78.0000, -3.513e-9
216.0000, 78.0000, -3.520e-9
218.0000, 78.0000, -3.526e-9
220.0000, 78.0000, -3.533e-9
222.0000, 78.0000, -3.542e-9
224.0000, 78.0000, -3.550e-9
226.0000, 78.0000, -3.556e-9
228.0000, 78.0000, -3.562e-9
230.0000, 78.0000, -3.570e-9
232.0000, 78.0000, -3.579e-9
234.0000, 78.0000, -3.590e-9
236.0000, 78.0000, -3.603e-9
238.0000, 78.0000, -3.614e-9
240.0000, 78.0000, -3.621e-9
242.0000, 78.0000, -3.630e-9
244.0000, 78.0000, -3.642e-9
246.0000, 78.0000, -3.657e-9
248.0000, 78.0000, -3.670e-9
0.0000, 80.0000, -4.327e-9
2.0000, 80.0000, -4.217e-9
4.0000, 80.0000, -4.154e-9
6.0000, 80.0000, -4.076e-9
8.0000, 80.0000, -3.963e-9
10.0000, 80.0000, -3.872e-9
12.0000, 80.0000, -3.823e-9
14.0000, 80.0000, -3.770e-9
16.0000, 80.0000, -3.698e-9
18.0000, 80.0000, -3.653e-9
20.0000, 80.0000, -3.632e-9
22.0000, 80.0000, -3.595e-9
24.0000, 80.0000, -3.548e-9
26.0000, 80.0000, -3.526e-9
28.0000, 80.0000, -3.516e-9
30.0000, 80.0000, -3.483e-9
32.0000, 80.0000, -3.455e-9
34.0000, 80.0000, -3.453e-9
36.0000, 80.0000, -3.440e-9
38.0000, 80.0000, -3.405e-9
40.0000, 80.0000, -3.389e-9
42.0000, 80.0000, -3.393e-9
44.0000, 80.0000, -3.376e-9
46.0000, 80.0000, -3.350e-9
48.0000, 80.0000, -3.348e-9
50.0000, 80.0000, -3.348e-9
52.0000, 80.0000, -3.327e-9
54.0000, 80.0000, -3.314e-9
56.0000, 80.0000, -3.321e-9
58.0000, 80.0000, -3.318e-9
60.0000, 80.0000, -3.301e-9
62.0000, 80.0000, -3.296e-9
64.0000, 80.0000, -3.302e-9
66.0000, 80.0000, -3.290e-9
68.0000, 80.0000, -3.277e-9
70.0000, 80.0000, -3.282e-9
72.0000, 80.0000, -3.283e-9
74.0000, 80.0000, -3.272e-9
76.0000, 80.0000, -3.271e-9
78.0000, 80.0000, -3.278e-9
80.0000, 80.0000, -3.270e-9
82.0000, 80.0000, -3.262e-9
84.0000, 80.0000, -3.267e-9
86.0000, 80.0000, -3.269e-9
88.0000, 80.0000, -3.258e-9
90.0000, 80.0000, -3.254e-9
92.0000, 80.0000, -3.258e-9
94.0000, 80.0000, -3.256e-9
96.0000, 80.0000, -3.249e-9
98.0000, 80.0000, -3.248e-9
100.0000, 80.0000, -3.249e-9
102.0000, 80.0000, -3.246e-9
104.0000, 80.0000, -3.243e-9
106.0000, 80.0000, -3.245e-9
108.0000, 80.0000, -3.243e-9
110.0000, 80.0000, -3.236e-9
112.0000, 80.0000, -3.233e-9
114.0000, 80.0000, -3.233e-9
116.0000, 80.0000, -3.230e-9
118.0000, 80.0000, -3.228e-9
120.0000, 80.0000, -3.229e-9
122.0000, 80.0000, -3.230e-9
124.0000, 80.0000, -3.227e-9
126.0000, 80.0000, -3.226e-9
128.0000, 80.0000, -3.227e-9
130.0000, 80.0000, -3.223e-9
132.0000, 80.0000, -3.220e-9
134.0000, 80.0000, -3.224e-9
136.0000, 80.0000, -3.226e-9
138.0000, 80.0000, -3.224e-9
140.0000, 80.0000, -3.227e-9
142.0000, 80.0000, -3.234e-9
144.0000, 80.0000, -3.231e-9
146.0000, 80.0000, -3.232e-9
148.0000, 80.0000, -3.244e-9
150.0000, 80.0000, -3.251e-9
152.0000, 80.0000, -3.249e-9
154.0000, 80.0000, -3.255e-9
156.0000, 80.0000, -3.265e-9
158.0000, 80.0000, -3.269e-9
160.0000, 80.0000, -3.273e-9
162.0000, 80.0000, -3.284e-9
164.0000, 80.0000, -3.292e-9
166.0000, 80.0000, -3.293e-9
168.0000, 80.0000, -3.297e-9
170.0000, 80.0000, -3.307e-9
172.0000, 80.0000, -3.314e-9
174.0000, 80.0000, -3.320e-9
176.0000, 80.0000, -3.330e-9
178.0000, 80.0000, -3.341e-9
180.0000, 80.0000, -3.351e-9
182.0000, 80.0000, -3.360e-9
184.0000, 80.0000, -3.372e-9
186.0000, 80.0000, -3.384e-9
188.0000, 80.0000, -3.391e-9
190.0000, 80.0000, -3.399e-9
192.0000, 80.0000, -3.412e-9
194.0000, 80.0000, -3.424e-9
196.0000, 80.0000, -3.431e-9
198.0000, 80.0000, -3.443e-9
200.0000, 80.0000, -3.457e-9
202.0000, 80.0000, -3.466e-9
204.0000, 80.0000, -3.474e-9
206.0000, 80.0000, -3.487e-9
208.0000, 80.0000, -3.496e-9
210.0000, 80.0000, -3.501e-9
212.0000, 80.0000, -3.512e-9
214.0000, 80.0000, -3.524e-9
216.0000, 80.0000, -3.531e-9
218.0000, 80.0000, -3.539e-9
220.0000, 80.0000, -3.547e-9
222.0000, 80.0000, -3.552e-9
224.0000, 80.0000, -3.560e-9
226.0000, 80.0000, -3.571e-9
228.0000, 80.0000, -3.579e-9
230.0000, 80.0000, -3.582e-9
232.0000, 80.0000, -3.593e-9
234.0000, 80.0000, -3.609e-9
236.0000, 80.0000, -3.617e-9
238.0000, 80.0000, -3.623e-9
240.0000, 80.0000, -3.635e-9
242.0000, 80.0000, -3.650e-9
244.0000, 80.0000, -3.660e-9
246.0000, 80.0000, -3.673e-9
248.0000, 80.0000, -3.691e-9
0.0000, 82.0000, -4.345e-9
2.0000, 82.0000, -4.236e-9
4.0000, 82.0000, -4.172e-9
6.0000, 82.0000, -4.087e-9
8.0000, 82.0000, -3.969e-9
10.0000, 82.0000, -3.882e-9
12.0000, 82.0000, -3.843e-9
14.0000, 82.0000, -3.791e-9
16.0000, 82.0000, -3.714e-9
18.0000, 82.0000, -3.667e-9
20.0000, 82.0000, -3.650e-9
22.0000, 82.0000, -3.610e-9
24.0000, 82.0000, -3.559e-9
26.0000, 82.0000, -3.538e-9
28.0000, 82.0000, -3.526e-9
30.0000, 82.0000, -3.492e-9
32.0000, 82.0000, -3.464e-9
34.0000, 82.0000, -3.459e-9
36.0000, 82.0000, -3.446e-9
38.0000, 82.0000, -3.417e-9
40.0000, 82.0000, -3.401e-9
42.0000, 82.0000, -3.399e-9
44.0000, 82.0000, -3.385e-9
46.0000, 82.0000, -3.368e-9
48.0000, 82.0000, -3.362e-9
50.0000, 82.0000, -3.355e-9
52.0000, 82.0000, -3.342e-9
54.0000, 82.0000, -3.333e-9
56.0000, 82.0000, -3.330e-9
58.0000, 82.0000, -3.324e-9
60.0000, 82.0000, -3.316e-9
62.0000, 82.0000, -3.311e-9
64.0000, 82.0000, -3.307e-9
66.0000, 82.0000, -3.303e-9
68.0000, 82.0000, -3.296e-9
70.0000, 82.0000, -3.290e-9
72.0000, 82.0000, -3.289e-9
74.0000, 82.0000, -3.288e-9
76.0000, 82.0000, -3.286e-9
78.0000, 82.0000, -3.282e-9
80.0000, 82.0000, -3.278e-9
82.0000, 82.0000, -3.276e-9
84.0000, 82.0000, -3.272e-9
86.0000, 82.0000, -3.270e-9
88.0000, 82.0000, -3.269e-9
90.0000, 82.0000, -3.267e-9
92.0000, 82.0000, -3.262e-9
94.0000, 82.0000, -3.258e-9
96.0000, 82.0000, -3.257e-9
98.0000, 82.0000, -3.253e-9
100.0000, 82.0000, -3.246e-9
102.0000, 82.0000, -3.244e-9
104.0000, 82.0000, -3.246e-9
106.0000, 82.0000, -3.243e-9
108.0000, 82.0000, -3.238e-9
110.0000, 82.0000, -3.237e-9
112.0000, 82.0000, -3.238e-9
114.0000, 82.0000, -3.238e-9
116.0000, 82.0000, -3.237e-9
118.0000, 82.0000, -3.236e-9
120.0000, 82.0000, -3.237e-9
122.0000, 82.0000, -3.236e-9
124.0000, 82.0000, -3.233e-9
126.0000, 82.0000, -3.233e-9
128.0000, 82.0000, -3.232e-9
130.0000, 82.0000, -3.228e-9
132.0000, 82.0000, -3.230e-9
134.0000, 82.0000, -3.236e-9
136.0000, 82.0000, -3.237e-9
138.0000, 82.0000, -3.233e-9
140.0000, 82.0000, -3.235e-9
142.0000, 82.0000, -3.243e-9
144.0000, 82.0000, -3.244e-9
146.0000, 82.0000, -3.242e-9
148.0000, 82.0000, -3.247e-9
150.0000, 82.0000, -3.250e-9
152.0000, 82.0000, -3.251e-9
154.0000, 82.0000, -3.257e-9
156.0000, 82.0000, -3.264e-9
158.0000, 82.0000, -3.270e-9
160.0000, 82.0000, -3.273e-9
162.0000, 82.0000, -3.280e-9
164.0000, 82.0000, -3.290e-9
166.0000, 82.0000, -3.297e-9
168.0000, 82.0000, -3.302e-9
170.0000, 82.0000, -3.311e-9
172.0000, 82.0000, -3.320e-9
174.0000, 82.0000, -3.327e-9
176.0000, 82.0000, -3.336e-9
178.0000, 82.0000, -3.346e-9
180.0000, 82.0000, -3.352e-9
182.0000, 82.0000, -3.356e-9
184.0000, 82.0000, -3.365e-9
186.0000, 82.0000, -3.375e-9
188.0000, 82.0000, -3.383e-9
190.0000, 82.0000, -3.391e-9
192.0000, 82.0000, -3.405e-9
194.0000, 82.0000, -3.419e-9
196.0000, 82.0000, -3.431e-9
198.0000, 82.0000, -3.442e-9
200.0000, 82.0000, -3.453e-9
202.0000, 82.0000, -3.467e-9
204.0000, 82.0000, -3.477e-9
206.0000, 82.0000, -3.486e-9
208.0000, 82.0000, -3.498e-9
210.0000, 82.0000, -3.506e-9
212.0000, 82.0000, -3.512e-9
214.0000, 82.0000, -3.520e-9
216.0000, 82.0000, -3.536e-9
218.0000, 82.0000, -3.546e-9
220.0000, 82.0000, -3.550e-9
222.0000, 82.0000, -3.557e-9
224.0000, 82.0000, -3.567e-9
226.0000, 82.0000, -3.576e-9
228.0000, 82.0000, -3.585e-9
230.0000, 82.0000, -3.595e-9
232.0000, 82.0000, -3.602e-9
234.0000, 82.0000, -3.610e-9
236.0000, 82.0000, -3.620e-9
238.0000, 82.0000, -3.629e-9
240.0000, 82.0000, -3.637e-9
242.0000, 82.0000, -3.650e-9
244.0000, 82.0000, -3.666e-9
246.0000, 82.0000, -3.678e-9
248.0000, 82.0000, -3.688e-9
0.0000, 84.0000, -4.206e-9
2.0000, 84.0000, -4.125e-9
4.0000, 84.0000, -4.031e-9
6.0000, 84.0000, -3.935e-9
8.0000, 84.0000, -3.860e-9
10.0000, 84.0000, -3.804e-9
12.0000, 84.0000, -3.745e-9
14.0000, 84.0000, -3.690e-9
16.0000, 84.0000, -3.651e-9
18.0000, 84.0000, -3.618e-9
20.0000, 84.0000, -3.580e-9
22.0000, 84.0000, -3.549e-9
24.0000, 84.0000, -3.532e-9
26.0000, 84.0000, -3.515e-9
28.0000, 84.0000, -3.490e-9
30.0000, 84.0000, -3.469e-9
32.0000, 84.0000, -3.456e-9
34.0000, 84.0000, -3.443e-9
36.0000, 84.0000, -3.426e-9
38.0000, 84.0000, -3.416e-9
40.0000, 84.0000, -3.411e-9
42.0000, 84.0000, -3.399e-9
44.0000, 84.0000, -3.387e-9
46.0000, 84.0000, -3.384e-9
48.0000, 84.0000, -3.381e-9
50.0000, 84.0000, -3.370e-9
52.0000, 84.0000, -3.361e-9
54.0000, 84.0000, -3.357e-9
56.0000, 84.0000, -3.349e-9
58.0000, 84.0000, -3.338e-9
60.0000, 84.0000, -3.334e-9
62.0000, 84.0000, -3.334e-9
64.0000, 84.0000, -3.329e-9
66.0000, 84.0000, -3.324e-9
68.0000, 84.0000, -3.322e-9
70.0000, 84.0000, -3.320e-9
72.0000, 84.0000, -3.313e-9
74.0000, 84.0000, -3.308e-9
76.0000, 84.0000, -3.306e-9
78.0000, 84.0000, -3.304e-9
80.0000, 84.0000, -3.299e-9
82.0000, 84.0000, -3.293e-9
84.0000, 84.0000, -3.287e-9
86.0000, 84.0000, -3.284e-9
88.0000, 84.0000, -3.281e-9
90.0000, 84.0000, -3.274e-9
92.0000, 84.0000, -3.269e-9
94.0000, 84.0000, -3.271e-9
96.0000, 84.0000, -3.270e-9
98.0000, 84.0000, -3.264e-9
100.0000, 84.0000, -3.264e-9
102.0000, 84.0000, -3.269e-9
104.0000, 84.0000, -3.269e-9
106.0000, 84.0000, -3.267e-9
108.0000, 84.0000, -3.270e-9
110.0000, 84.0000, -3.273e-9
112.0000, 84.0000, -3.270e-9
114.0000, 84.0000, -3.269e-9
116.0000, 84.0000, -3.270e-9
118.0000, 84.0000, -3.266e-9
120.0000, 84.0000, -3.260e-9
122.0000, 84.0000, -3.261e-9
124.0000, 84.0000, -3.263e-9
126.0000, 84.0000, -3.259e-9
128.0000, 84.0000, -3.255e-9
130.0000, 84.0000, -3.257e-9
132.0000, 84.0000, -3.259e-9
134.0000, 84.0000, -3.253e-9
136.0000, 84.0000, -3.251e-9
138.0000, 84.0000, -3.254e-9
140.0000, 84.0000, -3.253e-9
142.0000, 84.0000, -3.252e-9
144.0000, 84.0000, -3.262e-9
146.0000, 84.0000, -3.266e-9
148.0000, 84.0000, -3.263e-9
150.0000, 84.0000, -3.265e-9
152.0000, 84.0000, -3.269e-9
154.0000, 84.0000, -3.272e-9
156.0000, 84.0000, -3.275e-9
158.0000, 84.0000, -3.279e-9
160.0000, 84.0000, -3.283e-9
162.0000, 84.0000, -3.288e-9
164.0000, 84.0000, -3.296e-9
166.0000, 84.0000, -3.304e-9
168.0000, 84.0000, -3.311e-9
170.0000, 84.0000, -3.316e-9
172.0000, 84.0000, -3.323e-9
174.0000, 84.0000, -3.330e-9
176.0000, 84.0000, -3.336e-9
178.0000, 84.0000, -3.343e-9
180.0000, 84.0000, -3.352e-9
182.0000, 84.0000, -3.362e-9
184.0000, 84.0000, -3.370e-9
186.0000, 84.0000, -3.381e-9
188.0000, 84.0000, -3.391e-9
190.0000, 84.0000, -3.397e-9
192.0000, 84.0000, -3.408e-9
194.0000, 84.0000, -3.421e-9
196.0000, 84.0000, -3.429e-9
198.0000, 84.0000, -3.436e-9
200.0000, 84.0000, -3.445e-9
202.0000, 84.0000, -3.454e-9
204.0000, 84.0000, -3.464e-9
206.0000, 84.0000, -3.479e-9
208.0000, 84.0000, -3.492e-9
210.0000, 84.0000, -3.504e-9
212.0000, 84.0000, -3.516e-9
214.0000, 84.0000, -3.525e-9
216.0000, 84.0000, -3.533e-9
218.0000, 84.0000, -3.541e-9
220.0000, 84.0000, -3.549e-9
222.0000, 84.0000, -3.559e-9
224.0000, 84.0000, -3.570e-9
226.0000, 84.0000, -3.582e-9
228.0000, 84.0000, -3.591e-9
230.0000, 84.0000, -3.597e-9
232.0000, 84.0000, -3.602e-9
234.0000, 84.0000, -3.609e-9
236.0000, 84.0000, -3.621e-9
238.0000, 84.0000, -3.635e-9
240.0000, 84.0000, -3.645e-9
242.0000, 84.0000, -3.656e-9
244.0000, 84.0000, -3.670e-9
246.0000, 84.0000, -3.681e-9
248.0000, 84.0000, -3.687e-9
0.0000, 86.0000, -4.192e-9
2.0000, 86.0000, -4.112e-9
4.0000, 86.0000, -4.024e-9
6.0000, 86.0000, -3.934e-9
8.0000, 86.0000, -3.858e-9
10.0000, 86.0000, -3.799e-9
12.0000, 86.0000, -3.741e-9
14.0000, 86.0000, -3.689e-9
16.0000, 86.0000, -3.651e-9
18.0000, 86.0000, -3.616e-9
20.0000, 86.0000, -3.577e-9
22.0000, 86.0000, -3.546e-9
24.0000, 86.0000, -3.525e-9
26.0000, 86.0000, -3.503e-9
28.0000, 86.0000, -3.477e-9
30.0000, 86.0000, -3.460e-9
32.0000, 86.0000, -3.447e-9
34.0000, 86.0000, -3.431e-9
36.0000, 86.0000, -3.421e-9
38.0000, 86.0000, -3.415e-9
40.0000, 86.0000, -3.404e-9
42.0000, 86.0000, -3.393e-9
44.0000, 86.0000, -3.387e-9
46.0000, 86.0000, -3.381e-9
48.0000, 86.0000, -3.368e-9
50.0000, 86.0000, -3.357e-9
52.0000, 86.0000, -3.353e-9
54.0000, 86.0000, -3.349e-9
56.0000, 86.0000, -3.341e-9
58.0000, 86.0000, -3.336e-9
60.0000, 86.0000, -3.337e-9
62.0000, 86.0000, -3.332e-9
64.0000, 86.0000, -3.321e-9
66.0000, 86.0000, -3.320e-9
68.0000, 86.0000, -3.325e-9
70.0000, 86.0000, -3.320e-9
72.0000, 86.0000, -3.311e-9
74.0000, 86.0000, -3.312e-9
76.0000, 86.0000, -3.312e-9
78.0000, 86.0000, -3.303e-9
80.0000, 86.0000, -3.295e-9
82.0000, 86.0000, -3.297e-9
84.0000, 86.0000, -3.295e-9
86.0000, 86.0000, -3.286e-9
88.0000, 86.0000, -3.276e-9
90.0000, 86.0000, -3.275e-9
92.0000, 86.0000, -3.280e-9
94.0000, 86.0000, -3.275e-9
96.0000, 86.0000, -3.267e-9
98.0000, 86.0000, -3.268e-9
100.0000, 86.0000, -3.270e-9
102.0000, 86.0000, -3.265e-9
104.0000, 86.0000, -3.260e-9
106.0000, 86.0000, -3.263e-9
108.0000, 86.0000, -3.263e-9
110.0000, 86.0000, -3.257e-9
112.0000, 86.0000, -3.256e-9
114.0000, 86.0000, -3.259e-9
116.0000, 86.0000, -3.258e-9
118.0000, 86.0000, -3.254e-9
120.0000, 86.0000, -3.255e-9
122.0000, 86.0000, -3.258e-9
124.0000, 86.0000, -3.254e-9
126.0000, 86.0000, -3.250e-9
128.0000, 86.0000, -3.253e-9
130.0000, 86.0000, -3.253e-9
132.0000, 86.0000, -3.251e-9
134.0000, 86.0000, -3.252e-9
136.0000, 86.0000, -3.252e-9
138.0000, 86.0000, -3.250e-9
140.0000, 86.0000, -3.252e-9
142.0000, 86.0000, -3.259e-9
144.0000, 86.0000, -3.263e-9
146.0000, 86.0000, -3.262e-9
148.0000, 86.0000, -3.260e-9
150.0000, 86.0000, -3.263e-9
152.0000, 86.0000, -3.268e-9
154.0000, 86.0000, -3.271e-9
156.0000, 86.0000, -3.274e-9
158.0000, 86.0000, -3.281e-9
160.0000, 86.0000, -3.286e-9
162.0000, 86.0000, -3.292e-9
164.0000, 86.0000, -3.302e-9
166.0000, 86.0000, -3.310e-9
168.0000, 86.0000, -3.314e-9
170.0000, 86.0000, -3.319e-9
172.0000, 86.0000, -3.326e-9
174.0000, 86.0000, -3.333e-9
176.0000, 86.0000, -3.338e-9
178.0000, 86.0000, -3.345e-9
180.0000, 86.0000, -3.353e-9
182.0000, 86.0000, -3.363e-9
184.0000, 86.0000, -3.372e-9
186.0000, 86.0000, -3.382e-9
188.0000, 86.0000, -3.390e-9
190.0000, 86.0000, -3.399e-9
192.0000, 86.0000, -3.408e-9
194.0000, 86.0000, -3.416e-9
196.0000, 86.0000, -3.427e-9
198.0000, 86.0000, -3.437e-9
200.0000, 86.0000, -3.446e-9
202.0000, 86.0000, -3.459e-9
204.0000, 86.0000, -3.469e-9
206.0000, 86.0000, -3.476e-9
208.0000, 86.0000, -3.489e-9
210.0000, 86.0000, -3.502e-9
212.0000, 86.0000, -3.512e-9
214.0000, 86.0000, -3.522e-9
216.0000, 86.0000, -3.537e-9
218.0000, 86.0000, -3.545e-9
220.0000, 86.0000, -3.547e-9
222.0000, 86.0000, -3.556e-9
224.0000, 86.0000, -3.568e-9
226.0000, 86.0000, -3.576e-9
228.0000, 86.0000, -3.582e-9
230.0000, 86.0000, -3.593e-9
232.0000, 86.0000, -3.601e-9
234.0000, 86.0000, -3.608e-9
236.0000, 86.0000, -3.621e-9
238.0000, 86.0000, -3.636e-9
240.0000, 86.0000, -3.644e-9
242.0000, 86.0000, -3.652e-9
244.0000, 86.0000, -3.669e-9
246.0000, 86.0000, -3.686e-9
248.0000, 86.0000, -3.696e-9
0.0000, 88.0000, -4.252e-9
2.0000, 88.0000, -4.170e-9
4.0000, 88.0000, -4.102e-9
6.0000, 88.0000, -4.008e-9
8.0000, 88.0000, -3.907e-9
10.0000, 88.0000, -3.839e-9
12.0000, 88.0000, -3.793e-9
14.0000, 88.0000, -3.734e-9
16.0000, 88.0000, -3.674e-9
18.0000, 88.0000, -3.642e-9
20.0000, 88.0000, -3.619e-9
22.0000, 88.0000, -3.575e-9
24.0000, 88.0000, -3.538e-9
26.0000, 88.0000, -3.528e-9
28.0000, 88.0000, -3.513e-9
30.0000, 88.0000, -3.483e-9
32.0000, 88.0000, -3.466e-9
34.0000, 88.0000, -3.464e-9
36.0000, 88.0000, -3.450e-9
38.0000, 88.0000, -3.429e-9
40.0000, 88.0000, -3.421e-9
42.0000, 88.0000, -3.417e-9
44.0000, 88.0000, -3.404e-9
46.0000, 88.0000, -3.389e-9
48.0000, 88.0000, -3.385e-9
50.0000, 88.0000, -3.380e-9
52.0000, 88.0000, -3.363e-9
54.0000, 88.0000, -3.354e-9
56.0000, 88.0000, -3.360e-9
58.0000, 88.0000, -3.358e-9
60.0000, 88.0000, -3.346e-9
62.0000, 88.0000, -3.339e-9
64.0000, 88.0000, -3.335e-9
66.0000, 88.0000, -3.332e-9
68.0000, 88.0000, -3.328e-9
70.0000, 88.0000, -3.324e-9
72.0000, 88.0000, -3.321e-9
74.0000, 88.0000, -3.320e-9
76.0000, 88.0000, -3.317e-9
78.0000, 88.0000, -3.307e-9
80.0000, 88.0000, -3.299e-9
82.0000, 88.0000, -3.298e-9
84.0000, 88.0000, -3.294e-9
86.0000, 88.0000, -3.286e-9
88.0000, 88.0000, -3.283e-9
90.0000, 88.0000, -3.284e-9
92.0000, 88.0000, -3.282e-9
94.0000, 88.0000, -3.276e-9
96.0000, 88.0000, -3.275e-9
98.0000, 88.0000, -3.277e-9
100.0000, 88.0000, -3.276e-9
102.0000, 88.0000, -3.275e-9
104.0000, 88.0000, -3.273e-9
106.0000, 88.0000, -3.272e-9
108.0000, 88.0000, -3.270e-9
110.0000, 88.0000, -3.266e-9
112.0000, 88.0000, -3.266e-9
114.0000, 88.0000, -3.266e-9
116.0000, 88.0000, -3.264e-9
118.0000, 88.0000, -3.262e-9
120.0000, 88.0000, -3.264e-9
122.0000, 88.0000, -3.265e-9
124.0000, 88.0000, -3.261e-9
126.0000, 88.0000, -3.259e-9
128.0000, 88.0000, -3.261e-9
130.0000, 88.0000, -3.260e-9
132.0000, 88.0000, -3.257e-9
134.0000, 88.0000, -3.259e-9
136.0000, 88.0000, -3.262e-9
138.0000, 88.0000, -3.258e-9
140.0000, 88.0000, -3.258e-9
142.0000, 88.0000, -3.265e-9
144.0000, 88.0000, -3.268e-9
146.0000, 88.0000, -3.267e-9
148.0000, 88.0000, -3.271e-9
150.0000, 88.0000, -3.275e-9
152.0000, 88.0000, -3.277e-9
154.0000, 88.0000, -3.278e-9
156.0000, 88.0000, -3.282e-9
158.0000, 88.0000, -3.288e-9
160.0000, 88.0000, -3.293e-9
162.0000, 88.0000, -3.299e-9
164.0000, 88.0000, -3.306e-9
166.0000, 88.0000, -3.314e-9
168.0000, 88.0000, -3.317e-9
170.0000, 88.0000, -3.320e-9
172.0000, 88.0000, -3.326e-9
174.0000, 88.0000, -3.334e-9
176.0000, 88.0000, -3.341e-9
178.0000, 88.0000, -3.349e-9
180.0000, 88.0000, -3.358e-9
182.0000, 88.0000, -3.366e-9
184.0000, 88.0000, -3.373e-9
186.0000, 88.0000, -3.385e-9
188.0000, 88.0000, -3.394e-9
190.0000, 88.0000, -3.397e-9
192.0000, 88.0000, -3.406e-9
194.0000, 88.0000, -3.418e-9
196.0000, 88.0000, -3.428e-9
198.0000, 88.0000, -3.435e-9
200.0000, 88.0000, -3.445e-9
202.0000, 88.0000, -3.459e-9
204.0000, 88.0000, -3.470e-9
206.0000, 88.0000, -3.480e-9
208.0000, 88.0000, -3.490e-9
210.0000, 88.0000, -3.499e-9
212.0000, 88.0000, -3.509e-9
214.0000, 88.0000, -3.518e-9
216.0000, 88.0000, -3.528e-9
218.0000, 88.0000, -3.538e-9
220.0000, 88.0000, -3.547e-9
222.0000, 88.0000, -3.553e-9
224.0000, 88.0000, -3.562e-9
226.0000, 88.0000, -3.573e-9
228.0000, 88.0000, -3.581e-9
230.0000, 88.0000, -3.587e-9
232.0000, 88.0000, -3.599e-9
234.0000, 88.0000, -3.610e-9
236.0000, 88.0000, -3.617e-9
238.0000, 88.0000, -3.627e-9
240.0000, 88.0000, -3.640e-9
242.0000, 88.0000, -3.653e-9
244.0000, 88.0000, -3.666e-9
246.0000, 88.0000, -3.679e-9
248.0000, 88.0000, -3.694e-9
0.0000, 90.0000, -4.217e-9
2.0000, 90.0000, -4.142e-9
4.0000, 90.0000, -4.065e-9
6.0000, 90.0000, -3.966e-9
8.0000, 90.0000, -3.876e-9
10.0000, 90.0000, -3.819e-9
12.0000, 90.0000, -3.772e-9
14.0000, 90.0000, -3.710e-9
16.0000, 90.0000, -3.656e-9
18.0000, 90.0000, -3.628e-9
20.0000, 90.0000, -3.604e-9
22.0000, 90.0000, -3.563e-9
24.0000, 90.0000, -3.528e-9
26.0000, 90.0000, -3.518e-9
28.0000, 90.0000, -3.504e-9
30.0000, 90.0000, -3.475e-9
32.0000, 90.0000, -3.460e-9
34.0000, 90.0000, -3.458e-9
36.0000, 90.0000, -3.443e-9
38.0000, 90.0000, -3.421e-9
40.0000, 90.0000, -3.415e-9
42.0000, 90.0000, -3.411e-9
44.0000, 90.0000, -3.394e-9
46.0000, 90.0000, -3.386e-9
48.0000, 90.0000, -3.382e-9
50.0000, 90.0000, -3.368e-9
52.0000, 90.0000, -3.356e-9
54.0000, 90.0000, -3.356e-9
56.0000, 90.0000, -3.355e-9
58.0000, 90.0000, -3.344e-9
60.0000, 90.0000, -3.338e-9
62.0000, 90.0000, -3.341e-9
64.0000, 90.0000, -3.339e-9
66.0000, 90.0000, -3.330e-9
68.0000, 90.0000, -3.327e-9
70.0000, 90.0000, -3.327e-9
72.0000, 90.0000, -3.322e-9
74.0000, 90.0000, -3.316e-9
76.0000, 90.0000, -3.316e-9
78.0000, 90.0000, -3.315e-9
80.0000, 90.0000, -3.307e-9
82.0000, 90.0000, -3.300e-9
84.0000, 90.0000, -3.299e-9
86.0000, 90.0000, -3.297e-9
88.0000, 90.0000, -3.288e-9
90.0000, 90.0000, -3.282e-9
92.0000, 90.0000, -3.284e-9
94.0000, 90.0000, -3.283e-9
96.0000, 90.0000, -3.278e-9
98.0000, 90.0000, -3.278e-9
100.0000, 90.0000, -3.282e-9
102.0000, 90.0000, -3.280e-9
104.0000, 90.0000, -3.274e-9
106.0000, 90.0000, -3.274e-9
108.0000, 90.0000, -3.277e-9
110.0000, 90.0000, -3.273e-9
112.0000, 90.0000, -3.269e-9
114.0000, 90.0000, -3.273e-9
116.0000, 90.0000, -3.276e-9
118.0000, 90.0000, -3.272e-9
120.0000, 90.0000, -3.271e-9
122.0000, 90.0000, -3.276e-9
124.0000, 90.0000, -3.276e-9
126.0000, 90.0000, -3.273e-9
128.0000, 90.0000, -3.270e-9
130.0000, 90.0000, -3.268e-9
132.0000, 90.0000, -3.267e-9
134.0000, 90.0000, -3.268e-9
136.0000, 90.0000, -3.270e-9
138.0000, 90.0000, -3.271e-9
140.0000, 90.0000, -3.267e-9
142.0000, 90.0000, -3.265e-9
144.0000, 90.0000, -3.267e-9
146.0000, 90.0000, -3.268e-9
148.0000, 90.0000, -3.268e-9
150.0000, 90.0000, -3.270e-9
152.0000, 90.0000, -3.276e-9
154.0000, 90.0000, -3.280e-9
156.0000, 90.0000, -3.283e-9
158.0000, 90.0000, -3.286e-9
160.0000, 90.0000, -3.288e-9
162.0000, 90.0000, -3.292e-9
164.0000, 90.0000, -3.299e-9
166.0000, 90.0000, -3.304e-9
168.0000, 90.0000, -3.308e-9
170.0000, 90.0000, -3.312e-9
172.0000, 90.0000, -3.320e-9
174.0000, 90.0000, -3.329e-9
176.0000, 90.0000, -3.337e-9
178.0000, 90.0000, -3.346e-9
180.0000, 90.0000, -3.356e-9
182.0000, 90.0000, -3.362e-9
184.0000, 90.0000, -3.368e-9
186.0000, 90.0000, -3.380e-9
188.0000, 90.0000, -3.392e-9
190.0000, 90.0000, -3.398e-9
192.0000, 90.0000, -3.406e-9
194.0000, 90.0000, -3.420e-9
196.0000, 90.0000, -3.433e-9
198.0000, 90.0000, -3.439e-9
200.0000, 90.0000, -3.447e-9
202.0000, 90.0000, -3.460e-9
204.0000, 90.0000, -3.470e-9
206.0000, 90.0000, -3.477e-9
208.0000, 90.0000, -3.489e-9
210.0000, 90.0000, -3.499e-9
212.0000, 90.0000, -3.505e-9
214.0000, 90.0000, -3.517e-9
216.0000, 90.0000, -3.532e-9
218.0000, 90.0000, -3.540e-9
220.0000, 90.0000, -3.545e-9
222.0000, 90.0000, -3.555e-9
224.0000, 90.0000, -3.564e-9
226.0000, 90.0000, -3.570e-9
228.0000, 90.0000, -3.577e-9
230.0000, 90.0000, -3.590e-9
232.0000, 90.0000, -3.603e-9
234.0000, 90.0000, -3.613e-9
236.0000, 90.0000, -3.620e-9
238.0000, 90.0000, -3.629e-9
240.0000, 90.0000, -3.640e-9
242.0000, 90.0000, -3.651e-9
244.0000, 90.0000, -3.663e-9
246.0000, 90.0000, -3.679e-9
248.0000, 90.0000, -3.697e-9
0.0000, 92.0000, -4.218e-9
2.0000, 92.0000, -4.153e-9
4.0000, 92.0000, -4.063e-9
6.0000, 92.0000, -3.958e-9
8.0000, 92.0000, -3.884e-9
10.0000, 92.0000, -3.833e-9
12.0000, 92.0000, -3.772e-9
14.0000, 92.0000, -3.708e-9
16.0000, 92.0000, -3.666e-9
18.0000, 92.0000, -3.635e-9
20.0000, 92.0000, -3.594e-9
22.0000, 92.0000, -3.558e-9
24.0000, 92.0000, -3.540e-9
26.0000, 92.0000, -3.524e-9
28.0000, 92.0000, -3.500e-9
30.0000, 92.0000, -3.483e-9
32.0000, 92.0000, -3.475e-9
34.0000, 92.0000, -3.458e-9
36.0000, 92.0000, -3.439e-9
38.0000, 92.0000, -3.431e-9
40.0000, 92.0000, -3.424e-9
42.0000, 92.0000, -3.406e-9
44.0000, 92.0000, -3.392e-9
46.0000, 92.0000, -3.391e-9
48.0000, 92.0000, -3.385e-9
50.0000, 92.0000, -3.370e-9
52.0000, 92.0000, -3.364e-9
54.0000, 92.0000, -3.367e-9
56.0000, 92.0000, -3.361e-9
58.0000, 92.0000, -3.350e-9
60.0000, 92.0000, -3.348e-9
62.0000, 92.0000, -3.349e-9
64.0000, 92.0000, -3.343e-9
66.0000, 92.0000, -3.338e-9
68.0000, 92.0000, -3.341e-9
70.0000, 92.0000, -3.337e-9
72.0000, 92.0000, -3.326e-9
74.0000, 92.0000, -3.326e-9
76.0000, 92.0000, -3.330e-9
78.0000, 92.0000, -3.321e-9
80.0000, 92.0000, -3.315e-9
82.0000, 92.0000, -3.323e-9
84.0000, 92.0000, -3.323e-9
86.0000, 92.0000, -3.310e-9
88.0000, 92.0000, -3.308e-9
90.0000, 92.0000, -3.313e-9
92.0000, 92.0000, -3.308e-9
94.0000, 92.0000, -3.302e-9
96.0000, 92.0000, -3.307e-9
98.0000, 92.0000, -3.308e-9
100.0000, 92.0000, -3.301e-9
102.0000, 92.0000, -3.297e-9
104.0000, 92.0000, -3.299e-9
106.0000, 92.0000, -3.296e-9
108.0000, 92.0000, -3.290e-9
110.0000, 92.0000, -3.293e-9
112.0000, 92.0000, -3.298e-9
114.0000, 92.0000, -3.294e-9
116.0000, 92.0000, -3.292e-9
118.0000, 92.0000, -3.295e-9
120.0000, 92.0000, -3.294e-9
122.0000, 92.0000, -3.288e-9
124.0000, 92.0000, -3.285e-9
126.0000, 92.0000, -3.283e-9
128.0000, 92.0000, -3.278e-9
130.0000, 92.0000, -3.276e-9
132.0000, 92.0000, -3.276e-9
134.0000, 92.0000, -3.273e-9
136.0000, 92.0000, -3.272e-9
138.0000, 92.0000, -3.269e-9
140.0000, 92.0000, -3.265e-9
142.0000, 92.0000, -3.267e-9
144.0000, 92.0000, -3.273e-9
146.0000, 92.0000, -3.273e-9
148.0000, 92.0000, -3.272e-9
150.0000, 92.0000, -3.276e-9
152.0000, 92.0000, -3.280e-9
154.0000, 92.0000, -3.281e-9
156.0000, 92.0000, -3.286e-9
158.0000, 92.0000, -3.292e-9
160.0000, 92.0000, -3.294e-9
162.0000, 92.0000, -3.296e-9
164.0000, 92.0000, -3.303e-9
166.0000, 92.0000, -3.310e-9
168.0000, 92.0000, -3.314e-9
170.0000, 92.0000, -3.319e-9
172.0000, 92.0000, -3.327e-9
174.0000, 92.0000, -3.335e-9
176.0000, 92.0000, -3.339e-9
178.0000, 92.0000, -3.347e-9
180.0000, 92.0000, -3.359e-9
182.0000, 92.0000, -3.368e-9
184.0000, 92.0000, -3.372e-9
186.0000, 92.0000, -3.381e-9
188.0000, 92.0000, -3.390e-9
190.0000, 92.0000, -3.398e-9
192.0000, 92.0000, -3.408e-9
194.0000, 92.0000, -3.420e-9
196.0000, 92.0000, -3.428e-9
198.0000, 92.0000, -3.439e-9
200.0000, 92.0000, -3.450e-9
202.0000, 92.0000, -3.457e-9
204.0000, 92.0000, -3.466e-9
206.0000, 92.0000, -3.482e-9
208.0000, 92.0000, -3.493e-9
210.0000, 92.0000, -3.496e-9
212.0000, 92.0000, -3.504e-9
214.0000, 92.0000, -3.516e-9
216.0000, 92.0000, -3.520e-9
218.0000, 92.0000, -3.524e-9
220.0000, 92.0000, -3.533e-9
222.0000, 92.0000, -3.544e-9
224.0000, 92.0000, -3.552e-9
226.0000, 92.0000, -3.564e-9
228.0000, 92.0000, -3.575e-9
230.0000, 92.0000, -3.579e-9
232.0000, 92.0000, -3.586e-9
234.0000, 92.0000, -3.598e-9
236.0000, 92.0000, -3.610e-9
238.0000, 92.0000, -3.620e-9
240.0000, 92.0000, -3.630e-9
242.0000, 92.0000, -3.645e-9
244.0000, 92.0000, -3.660e-9
246.0000, 92.0000, -3.673e-9
248.0000, 92.0000, -3.687e-9
0.0000, 94.0000, -4.203e-9
2.0000, 94.0000, -4.121e-9
4.0000, 94.0000, -4.043e-9
6.0000, 94.0000, -3.956e-9
8.0000, 94.0000, -3.873e-9
10.0000, 94.0000, -3.812e-9
12.0000, 94.0000, -3.761e-9
14.0000, 94.0000, -3.709e-9
16.0000, 94.0000, -3.662e-9
18.0000, 94.0000, -3.630e-9
20.0000, 94.0000, -3.602e-9
22.0000, 94.0000, -3.570e-9
24.0000, 94.0000, -3.544e-9
26.0000, 94.0000, -3.528e-9
28.0000, 94.0000, -3.506e-9
30.0000, 94.0000, -3.481e-9
32.0000, 94.0000, -3.467e-9
34.0000, 94.0000, -3.455e-9
36.0000, 94.0000, -3.436e-9
38.0000, 94.0000, -3.422e-9
40.0000, 94.0000, -3.412e-9
42.0000, 94.0000, -3.399e-9
44.0000, 94.0000, -3.390e-9
46.0000, 94.0000, -3.389e-9
48.0000, 94.0000, -3.385e-9
50.0000, 94.0000, -3.368e-9
52.0000, 94.0000, -3.352e-9
54.0000, 94.0000, -3.351e-9
56.0000, 94.0000, -3.355e-9
58.0000, 94.0000, -3.350e-9
60.0000, 94.0000, -3.348e-9
62.0000, 94.0000, -3.353e-9
64.0000, 94.0000, -3.350e-9
66.0000, 94.0000, -3.341e-9
68.0000, 94.0000, -3.340e-9
70.0000, 94.0000, -3.340e-9
72.0000, 94.0000, -3.333e-9
74.0000, 94.0000, -3.331e-9
76.0000, 94.0000, -3.333e-9
78.0000, 94.0000, -3.329e-9
80.0000, 94.0000, -3.320e-9
82.0000, 94.0000, -3.319e-9
84.0000, 94.0000, -3.323e-9
86.0000, 94.0000, -3.323e-9
88.0000, 94.0000, -3.322e-9
90.0000, 94.0000, -3.327e-9
92.0000, 94.0000, -3.327e-9
94.0000, 94.0000, -3.321e-9
96.0000, 94.0000, -3.314e-9
98.0000, 94.0000, -3.308e-9
100.0000, 94.0000, -3.301e-9
102.0000, 94.0000, -3.295e-9
104.0000, 94.0000, -3.294e-9
106.0000, 94.0000, -3.294e-9
108.0000, 94.0000, -3.293e-9
110.0000, 94.0000, -3.294e-9
112.0000, 94.0000, -3.299e-9
114.0000, 94.0000, -3.300e-9
116.0000, 94.0000, -3.296e-9
118.0000, 94.0000, -3.294e-9
120.0000, 94.0000, -3.293e-9
122.0000, 94.0000, -3.288e-9
124.0000, 94.0000, -3.287e-9
126.0000, 94.0000, -3.287e-9
128.0000, 94.0000, -3.283e-9
130.0000, 94.0000, -3.281e-9
132.0000, 94.0000, -3.280e-9
134.0000, 94.0000, -3.277e-9
136.0000, 94.0000, -3.277e-9
138.0000, 94.0000, -3.278e-9
140.0000, 94.0000, -3.276e-9
142.0000, 94.0000, -3.276e-9
144.0000, 94.0000, -3.281e-9
146.0000, 94.0000, -3.285e-9
148.0000, 94.0000, -3.282e-9
150.0000, 94.0000, -3.283e-9
152.0000, 94.0000, -3.288e-9
154.0000, 94.0000, -3.291e-9
156.0000, 94.0000, -3.291e-9
158.0000, 94.0000, -3.295e-9
160.0000, 94.0000, -3.301e-9
162.0000, 94.0000, -3.304e-9
164.0000, 94.0000, -3.309e-9
166.0000, 94.0000, -3.317e-9
168.0000, 94.0000, -3.322e-9
170.0000, 94.0000, -3.323e-9
172.0000, 94.0000, -3.331e-9
174.0000, 94.0000, -3.346e-9
176.0000, 94.0000, -3.354e-9
178.0000, 94.0000, -3.353e-9
180.0000, 94.0000, -3.358e-9
182.0000, 94.0000, -3.366e-9
184.0000, 94.0000, -3.372e-9
186.0000, 94.0000, -3.381e-9
188.0000, 94.0000, -3.393e-9
190.0000, 94.0000, -3.403e-9
192.0000, 94.0000, -3.412e-9
194.0000, 94.0000, -3.423e-9
196.0000, 94.0000, -3.429e-9
198.0000, 94.0000, -3.437e-9
200.0000, 94.0000, -3.448e-9
202.0000, 94.0000, -3.455e-9
204.0000, 94.0000, -3.460e-9
206.0000, 94.0000, -3.471e-9
208.0000, 94.0000, -3.485e-9
210.0000, 94.0000, -3.493e-9
212.0000, 94.0000, -3.500e-9
214.0000, 94.0000, -3.508e-9
216.0000, 94.0000, -3.515e-9
218.0000, 94.0000, -3.522e-9
220.0000, 94.0000, -3.529e-9
222.0000, 94.0000, -3.537e-9
224.0000, 94.0000, -3.543e-9
226.0000, 94.0000, -3.549e-9
228.0000, 94.0000, -3.557e-9
230.0000, 94.0000, -3.567e-9
232.0000, 94.0000, -3.583e-9
234.0000, 94.0000, -3.600e-9
236.0000, 94.0000, -3.616e-9
238.0000, 94.0000, -3.624e-9
240.0000, 94.0000, -3.629e-9
242.0000, 94.0000, -3.640e-9
244.0000, 94.0000, -3.652e-9
246.0000, 94.0000, -3.662e-9
248.0000, 94.0000, -3.677e-9
0.0000, 96.0000, -4.296e-9
2.0000, 96.0000, -4.196e-9
4.0000, 96.0000, -4.133e-9
6.0000, 96.0000, -4.052e-9
8.0000, 96.0000, -3.945e-9
10.0000, 96.0000, -3.866e-9
12.0000, 96.0000, -3.822e-9
14.0000, 96.0000, -3.767e-9
16.0000, 96.0000, -3.699e-9
18.0000, 96.0000, -3.658e-9
20.0000, 96.0000, -3.636e-9
22.0000, 96.0000, -3.594e-9
24.0000, 96.0000, -3.553e-9
26.0000, 96.0000, -3.537e-9
28.0000, 96.0000, -3.521e-9
30.0000, 96.0000, -3.491e-9
32.0000, 96.0000, -3.472e-9
34.0000, 96.0000, -3.464e-9
36.0000, 96.0000, -3.444e-9
38.0000, 96.0000, -3.423e-9
40.0000, 96.0000, -3.416e-9
42.0000, 96.0000, -3.410e-9
44.0000, 96.0000, -3.392e-9
46.0000, 96.0000, -3.380e-9
48.0000, 96.0000, -3.379e-9
50.0000, 96.0000, -3.372e-9
52.0000, 96.0000, -3.357e-9
54.0000, 96.0000, -3.354e-9
56.0000, 96.0000, -3.356e-9
58.0000, 96.0000, -3.344e-9
60.0000, 96.0000, -3.333e-9
62.0000, 96.0000, -3.337e-9
64.0000, 96.0000, -3.339e-9
66.0000, 96.0000, -3.331e-9
68.0000, 96.0000, -3.328e-9
70.0000, 96.0000, -3.333e-9
72.0000, 96.0000, -3.331e-9
74.0000, 96.0000, -3.323e-9
76.0000, 96.0000, -3.322e-9
78.0000, 96.0000, -3.326e-9
80.0000, 96.0000, -3.322e-9
82.0000, 96.0000, -3.317e-9
84.0000, 96.0000, -3.320e-9
86.0000, 96.0000, -3.319e-9
88.0000, 96.0000, -3.311e-9
90.0000, 96.0000, -3.309e-9
92.0000, 96.0000, -3.314e-9
94.0000, 96.0000, -3.314e-9
96.0000, 96.0000, -3.312e-9
98.0000, 96.0000, -3.314e-9
100.0000, 96.0000, -3.313e-9
102.0000, 96.0000, -3.310e-9
104.0000, 96.0000, -3.311e-9
106.0000, 96.0000, -3.315e-9
108.0000, 96.0000, -3.313e-9
110.0000, 96.0000, -3.308e-9
112.0000, 96.0000, -3.307e-9
114.0000, 96.0000, -3.304e-9
116.0000, 96.0000, -3.302e-9
118.0000, 96.0000, -3.302e-9
120.0000, 96.0000, -3.301e-9
122.0000, 96.0000, -3.296e-9
124.0000, 96.0000, -3.291e-9
126.0000, 96.0000, -3.287e-9
128.0000, 96.0000, -3.282e-9
130.0000, 96.0000, -3.281e-9
132.0000, 96.0000, -3.281e-9
134.0000, 96.0000, -3.276e-9
136.0000, 96.0000, -3.274e-9
138.0000, 96.0000, -3.277e-9
140.0000, 96.0000, -3.277e-9
142.0000, 96.0000, -3.275e-9
144.0000, 96.0000, -3.277e-9
146.0000, 96.0000, -3.280e-9
148.0000, 96.0000, -3.279e-9
150.0000, 96.0000, -3.278e-9
152.0000, 96.0000, -3.281e-9
154.0000, 96.0000, -3.286e-9
156.0000, 96.0000, -3.290e-9
158.0000, 96.0000, -3.294e-9
160.0000, 96.0000, -3.299e-9
162.0000, 96.0000, -3.304e-9
164.0000, 96.0000, -3.306e-9
166.0000, 96.0000, -3.312e-9
168.0000, 96.0000, -3.320e-9
170.0000, 96.0000, -3.324e-9
172.0000, 96.0000, -3.327e-9
174.0000, 96.0000, -3.332e-9
176.0000, 96.0000, -3.339e-9
178.0000, 96.0000, -3.346e-9
180.0000, 96.0000, -3.354e-9
182.0000, 96.0000, -3.363e-9
184.0000, 96.0000, -3.371e-9
186.0000, 96.0000, -3.380e-9
188.0000, 96.0000, -3.388e-9
190.0000, 96.0000, -3.394e-9
192.0000, 96.0000, -3.403e-9
194.0000, 96.0000, -3.415e-9
196.0000, 96.0000, -3.422e-9
198.0000, 96.0000, -3.428e-9
200.0000, 96.0000, -3.438e-9
202.0000, 96.0000, -3.450e-9
204.0000, 96.0000, -3.459e-9
206.0000, 96.0000, -3.467e-9
208.0000, 96.0000, -3.475e-9
210.0000, 96.0000, -3.483e-9
212.0000, 96.0000, -3.491e-9
214.0000, 96.0000, -3.497e-9
216.0000, 96.0000, -3.502e-9
218.0000, 96.0000, -3.508e-9
220.0000, 96.0000, -3.515e-9
222.0000, 96.0000, -3.522e-9
224.0000, 96.0000, -3.532e-9
226.0000, 96.0000, -3.544e-9
228.0000, 96.0000, -3.552e-9
230.0000, 96.0000, -3.559e-9
232.0000, 96.0000, -3.571e-9
234.0000, 96.0000, -3.586e-9
236.0000, 96.0000, -3.600e-9
238.0000, 96.0000, -3.608e-9
240.0000, 96.0000, -3.620e-9
242.0000, 96.0000, -3.641e-9
244.0000, 96.0000, -3.656e-9
246.0000, 96.0000, -3.666e-9
248.0000, 96.0000, -3.681e-9
0.0000, 98.0000, -4.193e-9
2.0000, 98.0000, -4.117e-9
4.0000, 98.0000, -4.035e-9
6.0000, 98.0000, -3.945e-9
8.0000, 98.0000, -3.868e-9
10.0000, 98.0000, -3.808e-9
12.0000, 98.0000, -3.751e-9
14.0000, 98.0000, -3.698e-9
16.0000, 98.0000, -3.656e-9
18.0000, 98.0000, -3.623e-9
20.0000, 98.0000, -3.592e-9
22.0000, 98.0000, -3.561e-9
24.0000, 98.0000, -3.536e-9
26.0000, 98.0000, -3.515e-9
28.0000, 98.0000, -3.492e-9
30.0000, 98.0000, -3.473e-9
32.0000, 98.0000, -3.463e-9
34.0000, 98.0000, -3.448e-9
36.0000, 98.0000, -3.432e-9
38.0000, 98.0000, -3.423e-9
40.0000, 98.0000, -3.414e-9
42.0000, 98.0000, -3.396e-9
44.0000, 98.0000, -3.384e-9
46.0000, 98.0000, -3.382e-9
48.0000, 98.0000, -3.376e-9
50.0000, 98.0000, -3.364e-9
52.0000, 98.0000, -3.357e-9
54.0000, 98.0000, -3.359e-9
56.0000, 98.0000, -3.353e-9
58.0000, 98.0000, -3.344e-9
60.0000, 98.0000, -3.345e-9
62.0000, 98.0000, -3.348e-9
64.0000, 98.0000, -3.342e-9
66.0000, 98.0000, -3.338e-9
68.0000, 98.0000, -3.339e-9
70.0000, 98.0000, -3.336e-9
72.0000, 98.0000, -3.331e-9
74.0000, 98.0000, -3.331e-9
76.0000, 98.0000, -3.332e-9
78.0000, 98.0000, -3.326e-9
80.0000, 98.0000, -3.322e-9
82.0000, 98.0000, -3.325e-9
84.0000, 98.0000, -3.327e-9
86.0000, 98.0000, -3.323e-9
88.0000, 98.0000, -3.322e-9
90.0000, 98.0000, -3.323e-9
92.0000, 98.0000, -3.323e-9
94.0000, 98.0000, -3.322e-9
96.0000, 98.0000, -3.324e-9
98.0000, 98.0000, -3.323e-9
100.0000, 98.0000, -3.320e-9
102.0000, 98.0000, -3.323e-9
104.0000, 98.0000, -3.326e-9
106.0000, 98.0000, -3.322e-9
108.0000, 98.0000, -3.323e-9
110.0000, 98.0000, -3.328e-9
112.0000, 98.0000, -3.328e-9
114.0000, 98.0000, -3.323e-9
116.0000, 98.0000, -3.323e-9
118.0000, 98.0000, -3.324e-9
120.0000, 98.0000, -3.314e-9
122.0000, 98.0000, -3.304e-9
124.0000, 98.0000, -3.302e-9
126.0000, 98.0000, -3.299e-9
128.0000, 98.0000, -3.290e-9
130.0000, 98.0000, -3.285e-9
132.0000, 98.0000, -3.288e-9
134.0000, 98.0000, -3.287e-9
136.0000, 98.0000, -3.282e-9
138.0000, 98.0000, -3.283e-9
140.0000, 98.0000, -3.288e-9
142.0000, 98.0000, -3.285e-9
144.0000, 98.0000, -3.282e-9
146.0000, 98.0000, -3.282e-9
148.0000, 98.0000, -3.284e-9
150.0000, 98.0000, -3.283e-9
152.0000, 98.0000, -3.286e-9
154.0000, 98.0000, -3.293e-9
156.0000, 98.0000, -3.295e-9
158.0000, 98.0000, -3.296e-9
160.0000, 98.0000, -3.300e-9
162.0000, 98.0000, -3.306e-9
164.0000, 98.0000, -3.310e-9
166.0000, 98.0000, -3.315e-9
168.0000, 98.0000, -3.321e-9
170.0000, 98.0000, -3.325e-9
172.0000, 98.0000, -3.332e-9
174.0000, 98.0000, -3.341e-9
176.0000, 98.0000, -3.350e-9
178.0000, 98.0000, -3.355e-9
180.0000, 98.0000, -3.359e-9
182.0000, 98.0000, -3.366e-9
184.0000, 98.0000, -3.374e-9
186.0000, 98.0000, -3.383e-9
188.0000, 98.0000, -3.390e-9
190.0000, 98.0000, -3.398e-9
192.0000, 98.0000, -3.408e-9
194.0000, 98.0000, -3.416e-9
196.0000, 98.0000, -3.422e-9
198.0000, 98.0000, -3.432e-9
200.0000, 98.0000, -3.441e-9
202.0000, 98.0000, -3.448e-9
204.0000, 98.0000, -3.459e-9
206.0000, 98.0000, -3.472e-9
208.0000, 98.0000, -3.482e-9
210.0000, 98.0000, -3.485e-9
212.0000, 98.0000, -3.488e-9
214.0000, 98.0000, -3.498e-9
216.0000, 98.0000, -3.507e-9
218.0000, 98.0000, -3.513e-9
220.0000, 98.0000, -3.523e-9
222.0000, 98.0000, -3.534e-9
224.0000, 98.0000, -3.537e-9
226.0000, 98.0000, -3.541e-9
228.0000, 98.0000, -3.558e-9
230.0000, 98.0000, -3.572e-9
232.0000, 98.0000, -3.579e-9
234.0000, 98.0000, -3.593e-9
236.0000, 98.0000, -3.611e-9
238.0000, 98.0000, -3.621e-9
240.0000, 98.0000, -3.625e-9
242.0000, 98.0000, -3.637e-9
244.0000, 98.0000, -3.649e-9
246.0000, 98.0000, -3.660e-9
248.0000, 98.0000, -3.674e-9
0.0000, 100.0000, -4.270e-9
2.0000, 100.0000, -4.174e-9
4.0000, 100.0000, -4.115e-9
6.0000, 100.0000, -4.037e-9
8.0000, 100.0000, -3.932e-9
10.0000, 100.0000, -3.857e-9
12.0000, 100.0000, -3.814e-9
14.0000, 100.0000, -3.758e-9
16.0000, 100.0000, -3.691e-9
18.0000, 100.0000, -3.654e-9
20.0000, 100.0000, -3.635e-9
22.0000, 100.0000, -3.591e-9
24.0000, 100.0000, -3.547e-9
26.0000, 100.0000, -3.529e-9
28.0000, 100.0000, -3.515e-9
30.0000, 100.0000, -3.484e-9
32.0000, 100.0000, -3.460e-9
34.0000, 100.0000, -3.455e-9
36.0000, 100.0000, -3.442e-9
38.0000, 100.0000, -3.416e-9
40.0000, 100.0000, -3.404e-9
42.0000, 100.0000, -3.400e-9
44.0000, 100.0000, -3.383e-9
46.0000, 100.0000, -3.366e-9
48.0000, 100.0000, -3.371e-9
50.0000, 100.0000, -3.381e-9
52.0000, 100.0000, -3.379e-9
54.0000, 100.0000, -3.364e-9
56.0000, 100.0000, -3.349e-9
58.0000, 100.0000, -3.341e-9
60.0000, 100.0000, -3.332e-9
62.0000, 100.0000, -3.325e-9
64.0000, 100.0000, -3.323e-9
66.0000, 100.0000, -3.325e-9
68.0000, 100.0000, -3.325e-9
70.0000, 100.0000, -3.325e-9
72.0000, 100.0000, -3.328e-9
74.0000, 100.0000, -3.327e-9
76.0000, 100.0000, -3.324e-9
78.0000, 100.0000, -3.323e-9
80.0000, 100.0000, -3.324e-9
82.0000, 100.0000, -3.324e-9
84.0000, 100.0000, -3.322e-9
86.0000, 100.0000, -3.322e-9
88.0000, 100.0000, -3.323e-9
90.0000, 100.0000, -3.320e-9
92.0000, 100.0000, -3.318e-9
94.0000, 100.0000, -3.319e-9
96.0000, 100.0000, -3.318e-9
98.0000, 100.0000, -3.316e-9
100.0000, 100.0000, -3.319e-9
102.0000, 100.0000, -3.321e-9
104.0000, 100.0000, -3.319e-9
106.0000, 100.0000, -3.321e-9
108.0000, 100.0000, -3.329e-9
110.0000, 100.0000, -3.330e-9
112.0000, 100.0000, -3.326e-9
114.0000, 100.0000, -3.323e-9
116.0000, 100.0000, -3.321e-9
118.0000, 100.0000, -3.316e-9
120.0000, 100.0000, -3.310e-9
122.0000, 100.0000, -3.305e-9
124.0000, 100.0000, -3.300e-9
126.0000, 100.0000, -3.295e-9
128.0000, 100.0000, -3.288e-9
130.0000, 100.0000, -3.284e-9
132.0000, 100.0000, -3.284e-9
134.0000, 100.0000, -3.282e-9
136.0000, 100.0000, -3.278e-9
138.0000, 100.0000, -3.279e-9
140.0000, 100.0000, -3.281e-9
142.0000, 100.0000, -3.278e-9
144.0000, 100.0000, -3.275e-9
146.0000, 100.0000, -3.275e-9
148.0000, 100.0000, -3.277e-9
150.0000, 100.0000, -3.279e-9
152.0000, 100.0000, -3.282e-9
154.0000, 100.0000, -3.285e-9
156.0000, 100.0000, -3.289e-9
158.0000, 100.0000, -3.292e-9
160.0000, 100.0000, -3.294e-9
162.0000, 100.0000, -3.298e-9
164.0000, 100.0000, -3.304e-9
166.0000, 100.0000, -3.312e-9
168.0000, 100.0000, -3.319e-9
170.0000, 100.0000, -3.322e-9
172.0000, 100.0000, -3.327e-9
174.0000, 100.0000, -3.335e-9
176.0000, 100.0000, -3.345e-9
178.0000, 100.0000, -3.350e-9
180.0000, 100.0000, -3.354e-9
182.0000, 100.0000, -3.363e-9
184.0000, 100.0000, -3.371e-9
186.0000, 100.0000, -3.378e-9
188.0000, 100.0000, -3.386e-9
190.0000, 100.0000, -3.396e-9
192.0000, 100.0000, -3.405e-9
194.0000, 100.0000, -3.412e-9
196.0000, 100.0000, -3.420e-9
198.0000, 100.0000, -3.429e-9
200.0000, 100.0000, -3.439e-9
202.0000, 100.0000, -3.450e-9
204.0000, 100.0000, -3.458e-9
206.0000, 100.0000, -3.464e-9
208.0000, 100.0000, -3.472e-9
210.0000, 100.0000, -3.480e-9
212.0000, 100.0000, -3.485e-9
214.0000, 100.0000, -3.490e-9
216.0000, 100.0000, -3.498e-9
218.0000, 100.0000, -3.506e-9
220.0000, 100.0000, -3.514e-9
222.0000, 100.0000, -3.523e-9
224.0000, 100.0000, -3.532e-9
226.0000, 100.0000, -3.545e-9
228.0000, 100.0000, -3.560e-9
230.0000, 100.0000, -3.575e-9
232.0000, 100.0000, -3.588e-9
234.0000, 100.0000, -3.598e-9
236.0000, 100.0000, -3.607e-9
238.0000, 100.0000, -3.615e-9
240.0000, 100.0000, -3.623e-9
242.0000, 100.0000, -3.634e-9
244.0000, 100.0000, -3.645e-9
246.0000, 100.0000, -3.661e-9
248.0000, 100.0000, -3.677e-9
0.0000, 102.0000, -4.310e-9
2.0000, 102.0000, -4.237e-9
4.0000, 102.0000, -4.173e-9
6.0000, 102.0000, -4.060e-9
8.0000, 102.0000, -3.948e-9
10.0000, 102.0000, -3.893e-9
12.0000, 102.0000, -3.856e-9
14.0000, 102.0000, -3.781e-9
16.0000, 102.0000, -3.712e-9
18.0000, 102.0000, -3.687e-9
20.0000, 102.0000, -3.662e-9
22.0000, 102.0000, -3.606e-9
24.0000, 102.0000, -3.567e-9
26.0000, 102.0000, -3.560e-9
28.0000, 102.0000, -3.539e-9
30.0000, 102.0000, -3.499e-9
32.0000, 102.0000, -3.486e-9
34.0000, 102.0000, -3.492e-9
36.0000, 102.0000, -3.476e-9
38.0000, 102.0000, -3.456e-9
40.0000, 102.0000, -3.453e-9
42.0000, 102.0000, -3.433e-9
44.0000, 102.0000, -3.399e-9
46.0000, 102.0000, -3.384e-9
48.0000, 102.0000, -3.380e-9
50.0000, 102.0000, -3.363e-9
52.0000, 102.0000, -3.350e-9
54.0000, 102.0000, -3.356e-9
56.0000, 102.0000, -3.357e-9
58.0000, 102.0000, -3.347e-9
60.0000, 102.0000, -3.348e-9
62.0000, 102.0000, -3.353e-9
64.0000, 102.0000, -3.344e-9
66.0000, 102.0000, -3.337e-9
68.0000, 102.0000, -3.342e-9
70.0000, 102.0000, -3.344e-9
72.0000, 102.0000, -3.337e-9
74.0000, 102.0000, -3.334e-9
76.0000, 102.0000, -3.340e-9
78.0000, 102.0000, -3.338e-9
80.0000, 102.0000, -3.330e-9
82.0000, 102.0000, -3.332e-9
84.0000, 102.0000, -3.334e-9
86.0000, 102.0000, -3.328e-9
88.0000, 102.0000, -3.327e-9
90.0000, 102.0000, -3.335e-9
92.0000, 102.0000, -3.336e-9
94.0000, 102.0000, -3.328e-9
96.0000, 102.0000, -3.331e-9
98.0000, 102.0000, -3.336e-9
100.0000, 102.0000, -3.330e-9
102.0000, 102.0000, -3.326e-9
104.0000, 102.0000, -3.332e-9
106.0000, 102.0000, -3.334e-9
108.0000, 102.0000, -3.330e-9
110.0000, 102.0000, -3.330e-9
112.0000, 102.0000, -3.333e-9
114.0000, 102.0000, -3.324e-9
116.0000, 102.0000, -3.315e-9
118.0000, 102.0000, -3.316e-9
120.0000, 102.0000, -3.313e-9
122.0000, 102.0000, -3.303e-9
124.0000, 102.0000, -3.301e-9
126.0000, 102.0000, -3.302e-9
128.0000, 102.0000, -3.297e-9
130.0000, 102.0000, -3.293e-9
132.0000, 102.0000, -3.293e-9
134.0000, 102.0000, -3.293e-9
136.0000, 102.0000, -3.291e-9
138.0000, 102.0000, -3.288e-9
140.0000, 102.0000, -3.289e-9
142.0000, 102.0000, -3.287e-9
144.0000, 102.0000, -3.286e-9
146.0000, 102.0000, -3.289e-9
148.0000, 102.0000, -3.293e-9
150.0000, 102.0000, -3.293e-9
152.0000, 102.0000, -3.294e-9
154.0000, 102.0000, -3.298e-9
156.0000, 102.0000, -3.300e-9
158.0000, 102.0000, -3.301e-9
160.0000, 102.0000, -3.307e-9
162.0000, 102.0000, -3.314e-9
164.0000, 102.0000, -3.317e-9
166.0000, 102.0000, -3.321e-9
168.0000, 102.0000, -3.327e-9
170.0000, 102.0000, -3.332e-9
172.0000, 102.0000, -3.338e-9
174.0000, 102.0000, -3.345e-9
176.0000, 102.0000, -3.350e-9
178.0000, 102.0000, -3.354e-9
180.0000, 102.0000, -3.361e-9
182.0000, 102.0000, -3.371e-9
184.0000, 102.0000, -3.378e-9
186.0000, 102.0000, -3.384e-9
188.0000, 102.0000, -3.393e-9
190.0000, 102.0000, -3.401e-9
192.0000, 102.0000, -3.406e-9
194.0000, 102.0000, -3.415e-9
196.0000, 102.0000, -3.429e-9
198.0000, 102.0000, -3.436e-9
200.0000, 102.0000, -3.440e-9
202.0000, 102.0000, -3.450e-9
204.0000, 102.0000, -3.459e-9
206.0000, 102.0000, -3.462e-9
208.0000, 102.0000, -3.468e-9
210.0000, 102.0000, -3.480e-9
212.0000, 102.0000, -3.488e-9
214.0000, 102.0000, -3.493e-9
216.0000, 102.0000, -3.502e-9
218.0000, 102.0000, -3.512e-9
220.0000, 102.0000, -3.516e-9
222.0000, 102.0000, -3.522e-9
224.0000, 102.0000, -3.535e-9
226.0000, 102.0000, -3.546e-9
228.0000, 102.0000, -3.555e-9
230.0000, 102.0000, -3.568e-9
232.0000, 102.0000, -3.581e-9
234.0000, 102.0000, -3.592e-9
236.0000, 102.0000, -3.603e-9
238.0000, 102.0000, -3.611e-9
240.0000, 102.0000, -3.616e-9
242.0000, 102.0000, -3.625e-9
244.0000, 102.0000, -3.637e-9
246.0000, 102.0000, -3.651e-9
248.0000, 102.0000, -3.665e-9
0.0000, 104.0000, -4.213e-9
2.0000, 104.0000, -4.141e-9
4.0000, 104.0000, -4.062e-9
6.0000, 104.0000, -3.962e-9
8.0000, 104.0000, -3.876e-9
10.0000, 104.0000, -3.821e-9
12.0000, 104.0000, -3.770e-9
14.0000, 104.0000, -3.709e-9
16.0000, 104.0000, -3.664e-9
18.0000, 104.0000, -3.637e-9
20.0000, 104.0000, -3.601e-9
22.0000, 104.0000, -3.562e-9
24.0000, 104.0000, -3.545e-9
26.0000, 104.0000, -3.530e-9
28.0000, 104.0000, -3.505e-9
30.0000, 104.0000, -3.486e-9
32.0000, 104.0000, -3.473e-9
34.0000, 104.0000, -3.457e-9
36.0000, 104.0000, -3.437e-9
38.0000, 104.0000, -3.423e-9
40.0000, 104.0000, -3.406e-9
42.0000, 104.0000, -3.388e-9
44.0000, 104.0000, -3.387e-9
46.0000, 104.0000, -3.388e-9
48.0000, 104.0000, -3.373e-9
50.0000, 104.0000, -3.365e-9
52.0000, 104.0000, -3.370e-9
54.0000, 104.0000, -3.366e-9
56.0000, 104.0000, -3.353e-9
58.0000, 104.0000, -3.352e-9
60.0000, 104.0000, -3.356e-9
62.0000, 104.0000, -3.347e-9
64.0000, 104.0000, -3.340e-9
66.0000, 104.0000, -3.346e-9
68.0000, 104.0000, -3.347e-9
70.0000, 104.0000, -3.340e-9
72.0000, 104.0000, -3.337e-9
74.0000, 104.0000, -3.339e-9
76.0000, 104.0000, -3.337e-9
78.0000, 104.0000, -3.331e-9
80.0000, 104.0000, -3.328e-9
82.0000, 104.0000, -3.330e-9
84.0000, 104.0000, -3.329e-9
86.0000, 104.0000, -3.329e-9
88.0000, 104.0000, -3.333e-9
90.0000, 104.0000, -3.334e-9
92.0000, 104.0000, -3.329e-9
94.0000, 104.0000, -3.331e-9
96.0000, 104.0000, -3.337e-9
98.0000, 104.0000, -3.335e-9
100.0000, 104.0000, -3.332e-9
102.0000, 104.0000, -3.336e-9
104.0000, 104.0000, -3.337e-9
106.0000, 104.0000, -3.336e-9
108.0000, 104.0000, -3.337e-9
110.0000, 104.0000, -3.335e-9
112.0000, 104.0000, -3.330e-9
114.0000, 104.0000, -3.324e-9
116.0000, 104.0000, -3.323e-9
118.0000, 104.0000, -3.320e-9
120.0000, 104.0000, -3.312e-9
122.0000, 104.0000, -3.311e-9
124.0000, 104.0000, -3.312e-9
126.0000, 104.0000, -3.309e-9
128.0000, 104.0000, -3.305e-9
130.0000, 104.0000, -3.304e-9
132.0000, 104.0000, -3.304e-9
134.0000, 104.0000, -3.301e-9
136.0000, 104.0000, -3.299e-9
138.0000, 104.0000, -3.299e-9
140.0000, 104.0000, -3.301e-9
142.0000, 104.0000, -3.301e-9
144.0000, 104.0000, -3.304e-9
146.0000, 104.0000, -3.309e-9
148.0000, 104.0000, -3.307e-9
150.0000, 104.0000, -3.306e-9
152.0000, 104.0000, -3.313e-9
154.0000, 104.0000, -3.319e-9
156.0000, 104.0000, -3.319e-9
158.0000, 104.0000, -3.322e-9
160.0000, 104.0000, -3.329e-9
162.0000, 104.0000, -3.333e-9
164.0000, 104.0000, -3.334e-9
166.0000, 104.0000, -3.343e-9
168.0000, 104.0000, -3.352e-9
170.0000, 104.0000, -3.351e-9
172.0000, 104.0000, -3.355e-9
174.0000, 104.0000, -3.365e-9
176.0000, 104.0000, -3.370e-9
178.0000, 104.0000, -3.371e-9
180.0000, 104.0000, -3.379e-9
182.0000, 104.0000, -3.389e-9
184.0000, 104.0000, -3.391e-9
186.0000, 104.0000, -3.394e-9
188.0000, 104.0000, -3.405e-9
190.0000, 104.0000, -3.413e-9
192.0000, 104.0000, -3.418e-9
194.0000, 104.0000, -3.427e-9
196.0000, 104.0000, -3.439e-9
198.0000, 104.0000, -3.445e-9
200.0000, 104.0000, -3.448e-9
202.0000, 104.0000, -3.455e-9
204.0000, 104.0000, -3.462e-9
206.0000, 104.0000, -3.469e-9
208.0000, 104.0000, -3.475e-9
210.0000, 104.0000, -3.484e-9
212.0000, 104.0000, -3.490e-9
214.0000, 104.0000, -3.491e-9
216.0000, 104.0000, -3.494e-9
218.0000, 104.0000, -3.503e-9
220.0000, 104.0000, -3.510e-9
222.0000, 104.0000, -3.517e-9
224.0000, 104.0000, -3.527e-9
226.0000, 104.0000, -3.539e-9
228.0000, 104.0000, -3.547e-9
230.0000, 104.0000, -3.555e-9
232.0000, 104.0000, -3.567e-9
234.0000, 104.0000, -3.579e-9
236.0000, 104.0000, -3.589e-9
238.0000, 104.0000, -3.599e-9
240.0000, 104.0000, -3.612e-9
242.0000, 104.0000, -3.627e-9
244.0000, 104.0000, -3.643e-9
246.0000, 104.0000, -3.660e-9
248.0000, 104.0000, -3.673e-9
0.0000, 106.0000, -4.243e-9
2.0000, 106.0000, -4.161e-9
4.0000, 106.0000, -4.082e-9
6.0000, 106.0000, -3.986e-9
8.0000, 106.0000, -3.896e-9
10.0000, 106.0000, -3.836e-9
12.0000, 106.0000, -3.788e-9
14.0000, 106.0000, -3.731e-9
16.0000, 106.0000, -3.679e-9
18.0000, 106.0000, -3.649e-9
20.0000, 106.0000, -3.624e-9
22.0000, 106.0000, -3.583e-9
24.0000, 106.0000, -3.548e-9
26.0000, 106.0000, -3.534e-9
28.0000, 106.0000, -3.516e-9
30.0000, 106.0000, -3.486e-9
32.0000, 106.0000, -3.468e-9
34.0000, 106.0000, -3.462e-9
36.0000, 106.0000, -3.449e-9
38.0000, 106.0000, -3.432e-9
40.0000, 106.0000, -3.426e-9
42.0000, 106.0000, -3.417e-9
44.0000, 106.0000, -3.396e-9
46.0000, 106.0000, -3.382e-9
48.0000, 106.0000, -3.379e-9
50.0000, 106.0000, -3.373e-9
52.0000, 106.0000, -3.363e-9
54.0000, 106.0000, -3.357e-9
56.0000, 106.0000, -3.355e-9
58.0000, 106.0000, -3.349e-9
60.0000, 106.0000, -3.343e-9
62.0000, 106.0000, -3.341e-9
64.0000, 106.0000, -3.341e-9
66.0000, 106.0000, -3.338e-9
68.0000, 106.0000, -3.334e-9
70.0000, 106.0000, -3.332e-9
72.0000, 106.0000, -3.330e-9
74.0000, 106.0000, -3.328e-9
76.0000, 106.0000, -3.327e-9
78.0000, 106.0000, -3.327e-9
80.0000, 106.0000, -3.327e-9
82.0000, 106.0000, -3.328e-9
84.0000, 106.0000, -3.329e-9
86.0000, 106.0000, -3.329e-9
88.0000, 106.0000, -3.330e-9
90.0000, 106.0000, -3.331e-9
92.0000, 106.0000, -3.334e-9
94.0000, 106.0000, -3.334e-9
96.0000, 106.0000, -3.331e-9
98.0000, 106.0000, -3.329e-9
100.0000, 106.0000, -3.330e-9
102.0000, 106.0000, -3.329e-9
104.0000, 106.0000, -3.325e-9
106.0000, 106.0000, -3.323e-9
108.0000, 106.0000, -3.323e-9
110.0000, 106.0000, -3.320e-9
112.0000, 106.0000, -3.320e-9
114.0000, 106.0000, -3.320e-9
116.0000, 106.0000, -3.316e-9
118.0000, 106.0000, -3.313e-9
120.0000, 106.0000, -3.312e-9
122.0000, 106.0000, -3.312e-9
124.0000, 106.0000, -3.310e-9
126.0000, 106.0000, -3.309e-9
128.0000, 106.0000, -3.311e-9
130.0000, 106.0000, -3.314e-9
132.0000, 106.0000, -3.315e-9
134.0000, 106.0000, -3.314e-9
136.0000, 106.0000, -3.315e-9
138.0000, 106.0000, -3.316e-9
140.0000, 106.0000, -3.313e-9
142.0000, 106.0000, -3.311e-9
144.0000, 106.0000, -3.313e-9
146.0000, 106.0000, -3.317e-9
148.0000, 106.0000, -3.316e-9
150.0000, 106.0000, -3.316e-9
152.0000, 106.0000, -3.320e-9
154.0000, 106.0000, -3.324e-9
156.0000, 106.0000, -3.327e-9
158.0000, 106.0000, -3.329e-9
160.0000, 106.0000, -3.332e-9
162.0000, 106.0000, -3.336e-9
164.0000, 106.0000, -3.342e-9
166.0000, 106.0000, -3.348e-9
168.0000, 106.0000, -3.353e-9
170.0000, 106.0000, -3.357e-9
172.0000, 106.0000, -3.364e-9
174.0000, 106.0000, -3.370e-9
176.0000, 106.0000, -3.376e-9
178.0000, 106.0000, -3.385e-9
180.0000, 106.0000, -3.395e-9
182.0000, 106.0000, -3.403e-9
184.0000, 106.0000, -3.410e-9
186.0000, 106.0000, -3.417e-9
188.0000, 106.0000, -3.422e-9
190.0000, 106.0000, -3.426e-9
192.0000, 106.0000, -3.435e-9
194.0000, 106.0000, -3.448e-9
196.0000, 106.0000, -3.456e-9
198.0000, 106.0000, -3.460e-9
200.0000, 106.0000, -3.467e-9
202.0000, 106.0000, -3.473e-9
204.0000, 106.0000, -3.476e-9
206.0000, 106.0000, -3.482e-9
208.0000, 106.0000, -3.494e-9
210.0000, 106.0000, -3.499e-9
212.0000, 106.0000, -3.500e-9
214.0000, 106.0000, -3.506e-9
216.0000, 106.0000, -3.513e-9
218.0000, 106.0000, -3.517e-9
220.0000, 106.0000, -3.525e-9
222.0000, 106.0000, -3.535e-9
224.0000, 106.0000, -3.539e-9
226.0000, 106.0000, -3.543e-9
228.0000, 106.0000, -3.550e-9
230.0000, 106.0000, -3.558e-9
232.0000, 106.0000, -3.563e-9
234.0000, 106.0000, -3.572e-9
236.0000, 106.0000, -3.585e-9
238.0000, 106.0000, -3.597e-9
240.0000, 106.0000, -3.609e-9
242.0000, 106.0000, -3.624e-9
244.0000, 106.0000, -3.639e-9
246.0000, 106.0000, -3.651e-9
248.0000, 106.0000, -3.663e-9
0.0000, 108.0000, -4.218e-9
2.0000, 108.0000, -4.142e-9
4.0000, 108.0000, -4.065e-9
6.0000, 108.0000, -3.971e-9
8.0000, 108.0000, -3.883e-9
10.0000, 108.0000, -3.825e-9
12.0000, 108.0000, -3.776e-9
14.0000, 108.0000, -3.719e-9
16.0000, 108.0000, -3.672e-9
18.0000, 108.0000, -3.645e-9
20.0000, 108.0000, -3.616e-9
22.0000, 108.0000, -3.578e-9
24.0000, 108.0000, -3.549e-9
26.0000, 108.0000, -3.531e-9
28.0000, 108.0000, -3.507e-9
30.0000, 108.0000, -3.479e-9
32.0000, 108.0000, -3.463e-9
34.0000, 108.0000, -3.452e-9
36.0000, 108.0000, -3.433e-9
38.0000, 108.0000, -3.413e-9
40.0000, 108.0000, -3.405e-9
42.0000, 108.0000, -3.398e-9
44.0000, 108.0000, -3.383e-9
46.0000, 108.0000, -3.374e-9
48.0000, 108.0000, -3.371e-9
50.0000, 108.0000, -3.360e-9
52.0000, 108.0000, -3.347e-9
54.0000, 108.0000, -3.345e-9
56.0000, 108.0000, -3.344e-9
58.0000, 108.0000, -3.338e-9
60.0000, 108.0000, -3.333e-9
62.0000, 108.0000, -3.334e-9
64.0000, 108.0000, -3.332e-9
66.0000, 108.0000, -3.326e-9
68.0000, 108.0000, -3.324e-9
70.0000, 108.0000, -3.322e-9
72.0000, 108.0000, -3.320e-9
74.0000, 108.0000, -3.318e-9
76.0000, 108.0000, -3.319e-9
78.0000, 108.0000, -3.319e-9
80.0000, 108.0000, -3.316e-9
82.0000, 108.0000, -3.314e-9
84.0000, 108.0000, -3.312e-9
86.0000, 108.0000, -3.309e-9
88.0000, 108.0000, -3.307e-9
90.0000, 108.0000, -3.308e-9
92.0000, 108.0000, -3.310e-9
94.0000, 108.0000, -3.309e-9
96.0000, 108.0000, -3.308e-9
98.0000, 108.0000, -3.311e-9
100.0000, 108.0000, -3.313e-9
102.0000, 108.0000, -3.313e-9
104.0000, 108.0000, -3.312e-9
106.0000, 108.0000, -3.314e-9
108.0000, 108.0000, -3.313e-9
110.0000, 108.0000, -3.312e-9
112.0000, 108.0000, -3.313e-9
114.0000, 108.0000, -3.313e-9
116.0000, 108.0000, -3.311e-9
118.0000, 108.0000, -3.309e-9
120.0000, 108.0000, -3.309e-9
122.0000, 108.0000, -3.307e-9
124.0000, 108.0000, -3.305e-9
126.0000, 108.0000, -3.305e-9
128.0000, 108.0000, -3.305e-9
130.0000, 108.0000, -3.302e-9
132.0000, 108.0000, -3.303e-9
134.0000, 108.0000, -3.303e-9
136.0000, 108.0000, -3.300e-9
138.0000, 108.0000, -3.300e-9
140.0000, 108.0000, -3.304e-9
142.0000, 108.0000, -3.306e-9
144.0000, 108.0000, -3.306e-9
146.0000, 108.0000, -3.311e-9
148.0000, 108.0000, -3.315e-9
150.0000, 108.0000, -3.315e-9
152.0000, 108.0000, -3.317e-9
154.0000, 108.0000, -3.324e-9
156.0000, 108.0000, -3.329e-9
158.0000, 108.0000, -3.334e-9
160.0000, 108.0000, -3.342e-9
162.0000, 108.0000, -3.350e-9
164.0000, 108.0000, -3.352e-9
166.0000, 108.0000, -3.356e-9
168.0000, 108.0000, -3.362e-9
170.0000, 108.0000, -3.366e-9
172.0000, 108.0000, -3.371e-9
174.0000, 108.0000, -3.380e-9
176.0000, 108.0000, -3.388e-9
178.0000, 108.0000, -3.393e-9
180.0000, 108.0000, -3.400e-9
182.0000, 108.0000, -3.406e-9
184.0000, 108.0000, -3.414e-9
186.0000, 108.0000, -3.426e-9
188.0000, 108.0000, -3.438e-9
190.0000, 108.0000, -3.444e-9
192.0000, 108.0000, -3.451e-9
194.0000, 108.0000, -3.461e-9
196.0000, 108.0000, -3.470e-9
198.0000, 108.0000, -3.477e-9
200.0000, 108.0000, -3.484e-9
202.0000, 108.0000, -3.492e-9
204.0000, 108.0000, -3.497e-9
206.0000, 108.0000, -3.502e-9
208.0000, 108.0000, -3.508e-9
210.0000, 108.0000, -3.511e-9
212.0000, 108.0000, -3.514e-9
214.0000, 108.0000, -3.519e-9
216.0000, 108.0000, -3.526e-9
218.0000, 108.0000, -3.529e-9
220.0000, 108.0000, -3.533e-9
222.0000, 108.0000, -3.540e-9
224.0000, 108.0000, -3.546e-9
226.0000, 108.0000, -3.553e-9
228.0000, 108.0000, -3.562e-9
230.0000, 108.0000, -3.571e-9
232.0000, 108.0000, -3.581e-9
234.0000, 108.0000, -3.594e-9
236.0000, 108.0000, -3.607e-9
238.0000, 108.0000, -3.617e-9
240.0000, 108.0000, -3.627e-9
242.0000, 108.0000, -3.637e-9
244.0000, 108.0000, -3.648e-9
246.0000, 108.0000, -3.659e-9
248.0000, 108.0000, -3.671e-9
0.0000, 110.0000, -4.316e-9
2.0000, 110.0000, -4.209e-9
4.0000, 110.0000, -4.149e-9
6.0000, 110.0000, -4.076e-9
8.0000, 110.0000, -3.967e-9
10.0000, 110.0000, -3.879e-9
12.0000, 110.0000, -3.835e-9
14.0000, 110.0000, -3.789e-9
16.0000, 110.0000, -3.720e-9
18.0000, 110.0000, -3.670e-9
20.0000, 110.0000, -3.648e-9
22.0000, 110.0000, -3.612e-9
24.0000, 110.0000, -3.567e-9
26.0000, 110.0000, -3.543e-9
28.0000, 110.0000, -3.529e-9
30.0000, 110.0000, -3.497e-9
32.0000, 110.0000, -3.468e-9
34.0000, 110.0000, -3.459e-9
36.0000, 110.0000, -3.446e-9
38.0000, 110.0000, -3.420e-9
40.0000, 110.0000, -3.408e-9
42.0000, 110.0000, -3.409e-9
44.0000, 110.0000, -3.396e-9
46.0000, 110.0000, -3.377e-9
48.0000, 110.0000, -3.372e-9
50.0000, 110.0000, -3.369e-9
52.0000, 110.0000, -3.354e-9
54.0000, 110.0000, -3.345e-9
56.0000, 110.0000, -3.345e-9
58.0000, 110.0000, -3.341e-9
60.0000, 110.0000, -3.330e-9
62.0000, 110.0000, -3.328e-9
64.0000, 110.0000, -3.329e-9
66.0000, 110.0000, -3.324e-9
68.0000, 110.0000, -3.318e-9
70.0000, 110.0000, -3.317e-9
72.0000, 110.0000, -3.315e-9
74.0000, 110.0000, -3.306e-9
76.0000, 110.0000, -3.301e-9
78.0000, 110.0000, -3.302e-9
80.0000, 110.0000, -3.300e-9
82.0000, 110.0000, -3.294e-9
84.0000, 110.0000, -3.294e-9
86.0000, 110.0000, -3.297e-9
88.0000, 110.0000, -3.293e-9
90.0000, 110.0000, -3.288e-9
92.0000, 110.0000, -3.293e-9
94.0000, 110.0000, -3.298e-9
96.0000, 110.0000, -3.296e-9
98.0000, 110.0000, -3.296e-9
100.0000, 110.0000, -3.302e-9
102.0000, 110.0000, -3.305e-9
104.0000, 110.0000, -3.300e-9
106.0000, 110.0000, -3.297e-9
108.0000, 110.0000, -3.299e-9
110.0000, 110.0000, -3.297e-9
112.0000, 110.0000, -3.293e-9
114.0000, 110.0000, -3.295e-9
116.0000, 110.0000, -3.296e-9
118.0000, 110.0000, -3.292e-9
120.0000, 110.0000, -3.289e-9
122.0000, 110.0000, -3.290e-9
124.0000, 110.0000, -3.289e-9
126.0000, 110.0000, -3.283e-9
128.0000, 110.0000, -3.282e-9
130.0000, 110.0000, -3.284e-9
132.0000, 110.0000, -3.283e-9
134.0000, 110.0000, -3.280e-9
136.0000, 110.0000, -3.281e-9
138.0000, 110.0000, -3.286e-9
140.0000, 110.0000, -3.287e-9
142.0000, 110.0000, -3.285e-9
144.0000, 110.0000, -3.290e-9
146.0000, 110.0000, -3.297e-9
148.0000, 110.0000, -3.297e-9
150.0000, 110.0000, -3.296e-9
152.0000, 110.0000, -3.304e-9
154.0000, 110.0000, -3.314e-9
156.0000, 110.0000, -3.316e-9
158.0000, 110.0000, -3.322e-9
160.0000, 110.0000, -3.332e-9
162.0000, 110.0000, -3.338e-9
164.0000, 110.0000, -3.341e-9
166.0000, 110.0000, -3.351e-9
168.0000, 110.0000, -3.361e-9
170.0000, 110.0000, -3.366e-9
172.0000, 110.0000, -3.374e-9
174.0000, 110.0000, -3.387e-9
176.0000, 110.0000, -3.397e-9
178.0000, 110.0000, -3.403e-9
180.0000, 110.0000, -3.410e-9
182.0000, 110.0000, -3.416e-9
184.0000, 110.0000, -3.421e-9
186.0000, 110.0000, -3.425e-9
188.0000, 110.0000, -3.431e-9
190.0000, 110.0000, -3.437e-9
192.0000, 110.0000, -3.446e-9
194.0000, 110.0000, -3.457e-9
196.0000, 110.0000, -3.466e-9
198.0000, 110.0000, -3.472e-9
200.0000, 110.0000, -3.481e-9
202.0000, 110.0000, -3.491e-9
204.0000, 110.0000, -3.498e-9
206.0000, 110.0000, -3.507e-9
208.0000, 110.0000, -3.516e-9
210.0000, 110.0000, -3.522e-9
212.0000, 110.0000, -3.529e-9
214.0000, 110.0000, -3.537e-9
216.0000, 110.0000, -3.545e-9
218.0000, 110.0000, -3.550e-9
220.0000, 110.0000, -3.553e-9
222.0000, 110.0000, -3.559e-9
224.0000, 110.0000, -3.569e-9
226.0000, 110.0000, -3.575e-9
228.0000, 110.0000, -3.580e-9
230.0000, 110.0000, -3.586e-9
232.0000, 110.0000, -3.597e-9
234.0000, 110.0000, -3.610e-9
236.0000, 110.0000, -3.621e-9
238.0000, 110.0000, -3.632e-9
240.0000, 110.0000, -3.643e-9
242.0000, 110.0000, -3.653e-9
244.0000, 110.0000, -3.661e-9
246.0000, 110.0000, -3.672e-9
248.0000, 110.0000, -3.686e-9
0.0000, 112.0000, -4.210e-9
2.0000, 112.0000, -4.130e-9
4.0000, 112.0000, -4.052e-9
6.0000, 112.0000, -3.961e-9
8.0000, 112.0000, -3.877e-9
10.0000, 112.0000, -3.818e-9
12.0000, 112.0000, -3.770e-9
14.0000, 112.0000, -3.718e-9
16.0000, 112.0000, -3.672e-9
18.0000, 112.0000, -3.643e-9
20.0000, 112.0000, -3.613e-9
22.0000, 112.0000, -3.576e-9
24.0000, 112.0000, -3.546e-9
26.0000, 112.0000, -3.527e-9
28.0000, 112.0000, -3.504e-9
30.0000, 112.0000, -3.477e-9
32.0000, 112.0000, -3.458e-9
34.0000, 112.0000, -3.448e-9
36.0000, 112.0000, -3.430e-9
38.0000, 112.0000, -3.414e-9
40.0000, 112.0000, -3.409e-9
42.0000, 112.0000, -3.401e-9
44.0000, 112.0000, -3.384e-9
46.0000, 112.0000, -3.375e-9
48.0000, 112.0000, -3.372e-9
50.0000, 112.0000, -3.363e-9
52.0000, 112.0000, -3.354e-9
54.0000, 112.0000, -3.354e-9
56.0000, 112.0000, -3.350e-9
58.0000, 112.0000, -3.340e-9
60.0000, 112.0000, -3.334e-9
62.0000, 112.0000, -3.332e-9
64.0000, 112.0000, -3.328e-9
66.0000, 112.0000, -3.320e-9
68.0000, 112.0000, -3.317e-9
70.0000, 112.0000, -3.316e-9
72.0000, 112.0000, -3.312e-9
74.0000, 112.0000, -3.306e-9
76.0000, 112.0000, -3.308e-9
78.0000, 112.0000, -3.309e-9
80.0000, 112.0000, -3.301e-9
82.0000, 112.0000, -3.297e-9
84.0000, 112.0000, -3.300e-9
86.0000, 112.0000, -3.301e-9
88.0000, 112.0000, -3.298e-9
90.0000, 112.0000, -3.300e-9
92.0000, 112.0000, -3.303e-9
94.0000, 112.0000, -3.301e-9
96.0000, 112.0000, -3.301e-9
98.0000, 112.0000, -3.303e-9
100.0000, 112.0000, -3.303e-9
102.0000, 112.0000, -3.302e-9
104.0000, 112.0000, -3.302e-9
106.0000, 112.0000, -3.301e-9
108.0000, 112.0000, -3.297e-9
110.0000, 112.0000, -3.295e-9
112.0000, 112.0000, -3.296e-9
114.0000, 112.0000, -3.296e-9
116.0000, 112.0000, -3.293e-9
118.0000, 112.0000, -3.291e-9
120.0000, 112.0000, -3.289e-9
122.0000, 112.0000, -3.289e-9
124.0000, 112.0000, -3.289e-9
126.0000, 112.0000, -3.287e-9
128.0000, 112.0000, -3.286e-9
130.0000, 112.0000, -3.286e-9
132.0000, 112.0000, -3.288e-9
134.0000, 112.0000, -3.287e-9
136.0000, 112.0000, -3.287e-9
138.0000, 112.0000, -3.292e-9
140.0000, 112.0000, -3.297e-9
142.0000, 112.0000, -3.296e-9
144.0000, 112.0000, -3.298e-9
146.0000, 112.0000, -3.306e-9
148.0000, 112.0000, -3.309e-9
150.0000, 112.0000, -3.310e-9
152.0000, 112.0000, -3.319e-9
154.0000, 112.0000, -3.328e-9
156.0000, 112.0000, -3.329e-9
158.0000, 112.0000, -3.333e-9
160.0000, 112.0000, -3.343e-9
162.0000, 112.0000, -3.350e-9
164.0000, 112.0000, -3.355e-9
166.0000, 112.0000, -3.366e-9
168.0000, 112.0000, -3.379e-9
170.0000, 112.0000, -3.384e-9
172.0000, 112.0000, -3.388e-9
174.0000, 112.0000, -3.398e-9
176.0000, 112.0000, -3.408e-9
178.0000, 112.0000, -3.411e-9
180.0000, 112.0000, -3.415e-9
182.0000, 112.0000, -3.423e-9
184.0000, 112.0000, -3.429e-9
186.0000, 112.0000, -3.433e-9
188.0000, 112.0000, -3.441e-9
190.0000, 112.0000, -3.448e-9
192.0000, 112.0000, -3.453e-9
194.0000, 112.0000, -3.462e-9
196.0000, 112.0000, -3.473e-9
198.0000, 112.0000, -3.482e-9
200.0000, 112.0000, -3.489e-9
202.0000, 112.0000, -3.496e-9
204.0000, 112.0000, -3.504e-9
206.0000, 112.0000, -3.515e-9
208.0000, 112.0000, -3.526e-9
210.0000, 112.0000, -3.536e-9
212.0000, 112.0000, -3.546e-9
214.0000, 112.0000, -3.552e-9
216.0000, 112.0000, -3.556e-9
218.0000, 112.0000, -3.561e-9
220.0000, 112.0000, -3.565e-9
222.0000, 112.0000, -3.567e-9
224.0000, 112.0000, -3.573e-9
226.0000, 112.0000, -3.584e-9
228.0000, 112.0000, -3.591e-9
230.0000, 112.0000, -3.595e-9
232.0000, 112.0000, -3.603e-9
234.0000, 112.0000, -3.614e-9
236.0000, 112.0000, -3.626e-9
238.0000, 112.0000, -3.639e-9
240.0000, 112.0000, -3.650e-9
242.0000, 112.0000, -3.661e-9
244.0000, 112.0000, -3.672e-9
246.0000, 112.0000, -3.684e-9
248.0000, 112.0000, -3.693e-9
0.0000, 114.0000, -4.221e-9
2.0000, 114.0000, -4.148e-9
4.0000, 114.0000, -4.059e-9
6.0000, 114.0000, -3.957e-9
8.0000, 114.0000, -3.875e-9
10.0000, 114.0000, -3.819e-9
12.0000, 114.0000, -3.768e-9
14.0000, 114.0000, -3.712e-9
16.0000, 114.0000, -3.667e-9
18.0000, 114.0000, -3.634e-9
20.0000, 114.0000, -3.599e-9
22.0000, 114.0000, -3.564e-9
24.0000, 114.0000, -3.543e-9
26.0000, 114.0000, -3.526e-9
28.0000, 114.0000, -3.503e-9
30.0000, 114.0000, -3.483e-9
32.0000, 114.0000, -3.470e-9
34.0000, 114.0000, -3.454e-9
36.0000, 114.0000, -3.435e-9
38.0000, 114.0000, -3.422e-9
40.0000, 114.0000, -3.412e-9
42.0000, 114.0000, -3.397e-9
44.0000, 114.0000, -3.386e-9
46.0000, 114.0000, -3.382e-9
48.0000, 114.0000, -3.372e-9
50.0000, 114.0000, -3.358e-9
52.0000, 114.0000, -3.353e-9
54.0000, 114.0000, -3.353e-9
56.0000, 114.0000, -3.345e-9
58.0000, 114.0000, -3.338e-9
60.0000, 114.0000, -3.339e-9
62.0000, 114.0000, -3.335e-9
64.0000, 114.0000, -3.326e-9
66.0000, 114.0000, -3.324e-9
68.0000, 114.0000, -3.323e-9
70.0000, 114.0000, -3.318e-9
72.0000, 114.0000, -3.315e-9
74.0000, 114.0000, -3.317e-9
76.0000, 114.0000, -3.317e-9
78.0000, 114.0000, -3.309e-9
80.0000, 114.0000, -3.301e-9
82.0000, 114.0000, -3.301e-9
84.0000, 114.0000, -3.304e-9
86.0000, 114.0000, -3.301e-9
88.0000, 114.0000, -3.300e-9
90.0000, 114.0000, -3.302e-9
92.0000, 114.0000, -3.301e-9
94.0000, 114.0000, -3.301e-9
96.0000, 114.0000, -3.302e-9
98.0000, 114.0000, -3.298e-9
100.0000, 114.0000, -3.294e-9
102.0000, 114.0000, -3.294e-9
104.0000, 114.0000, -3.293e-9
106.0000, 114.0000, -3.287e-9
108.0000, 114.0000, -3.286e-9
110.0000, 114.0000, -3.287e-9
112.0000, 114.0000, -3.283e-9
114.0000, 114.0000, -3.279e-9
116.0000, 114.0000, -3.281e-9
118.0000, 114.0000, -3.282e-9
120.0000, 114.0000, -3.280e-9
122.0000, 114.0000, -3.279e-9
124.0000, 114.0000, -3.282e-9
126.0000, 114.0000, -3.284e-9
128.0000, 114.0000, -3.280e-9
130.0000, 114.0000, -3.277e-9
132.0000, 114.0000, -3.280e-9
134.0000, 114.0000, -3.283e-9
136.0000, 114.0000, -3.284e-9
138.0000, 114.0000, -3.287e-9
140.0000, 114.0000, -3.291e-9
142.0000, 114.0000, -3.293e-9
144.0000, 114.0000, -3.293e-9
146.0000, 114.0000, -3.296e-9
148.0000, 114.0000, -3.302e-9
150.0000, 114.0000, -3.306e-9
152.0000, 114.0000, -3.310e-9
154.0000, 114.0000, -3.316e-9
156.0000, 114.0000, -3.322e-9
158.0000, 114.0000, -3.328e-9
160.0000, 114.0000, -3.337e-9
162.0000, 114.0000, -3.345e-9
164.0000, 114.0000, -3.349e-9
166.0000, 114.0000, -3.353e-9
168.0000, 114.0000, -3.358e-9
170.0000, 114.0000, -3.365e-9
172.0000, 114.0000, -3.372e-9
174.0000, 114.0000, -3.379e-9
176.0000, 114.0000, -3.388e-9
178.0000, 114.0000, -3.395e-9
180.0000, 114.0000, -3.402e-9
182.0000, 114.0000, -3.411e-9
184.0000, 114.0000, -3.419e-9
186.0000, 114.0000, -3.428e-9
188.0000, 114.0000, -3.438e-9
190.0000, 114.0000, -3.447e-9
192.0000, 114.0000, -3.457e-9
194.0000, 114.0000, -3.469e-9
196.0000, 114.0000, -3.479e-9
198.0000, 114.0000, -3.486e-9
200.0000, 114.0000, -3.493e-9
202.0000, 114.0000, -3.503e-9
204.0000, 114.0000, -3.511e-9
206.0000, 114.0000, -3.519e-9
208.0000, 114.0000, -3.531e-9
210.0000, 114.0000, -3.541e-9
212.0000, 114.0000, -3.551e-9
214.0000, 114.0000, -3.564e-9
216.0000, 114.0000, -3.570e-9
218.0000, 114.0000, -3.573e-9
220.0000, 114.0000, -3.579e-9
222.0000, 114.0000, -3.588e-9
224.0000, 114.0000, -3.592e-9
226.0000, 114.0000, -3.598e-9
228.0000, 114.0000, -3.607e-9
230.0000, 114.0000, -3.615e-9
232.0000, 114.0000, -3.626e-9
234.0000, 114.0000, -3.640e-9
236.0000, 114.0000, -3.651e-9
238.0000, 114.0000, -3.659e-9
240.0000, 114.0000, -3.667e-9
242.0000, 114.0000, -3.676e-9
244.0000, 114.0000, -3.678e-9
246.0000, 114.0000, -3.685e-9
248.0000, 114.0000, -3.700e-9
0.0000, 116.0000, -4.204e-9
2.0000, 116.0000, -4.137e-9
4.0000, 116.0000, -4.053e-9
6.0000, 116.0000, -3.955e-9
8.0000, 116.0000, -3.877e-9
10.0000, 116.0000, -3.824e-9
12.0000, 116.0000, -3.769e-9
14.0000, 116.0000, -3.710e-9
16.0000, 116.0000, -3.671e-9
18.0000, 116.0000, -3.643e-9
20.0000, 116.0000, -3.606e-9
22.0000, 116.0000, -3.574e-9
24.0000, 116.0000, -3.561e-9
26.0000, 116.0000, -3.547e-9
28.0000, 116.0000, -3.518e-9
30.0000, 116.0000, -3.493e-9
32.0000, 116.0000, -3.481e-9
34.0000, 116.0000, -3.466e-9
36.0000, 116.0000, -3.446e-9
38.0000, 116.0000, -3.438e-9
40.0000, 116.0000, -3.433e-9
42.0000, 116.0000, -3.416e-9
44.0000, 116.0000, -3.400e-9
46.0000, 116.0000, -3.397e-9
48.0000, 116.0000, -3.391e-9
50.0000, 116.0000, -3.376e-9
52.0000, 116.0000, -3.370e-9
54.0000, 116.0000, -3.370e-9
56.0000, 116.0000, -3.362e-9
58.0000, 116.0000, -3.349e-9
60.0000, 116.0000, -3.347e-9
62.0000, 116.0000, -3.347e-9
64.0000, 116.0000, -3.338e-9
66.0000, 116.0000, -3.332e-9
68.0000, 116.0000, -3.336e-9
70.0000, 116.0000, -3.331e-9
72.0000, 116.0000, -3.320e-9
74.0000, 116.0000, -3.322e-9
76.0000, 116.0000, -3.327e-9
78.0000, 116.0000, -3.322e-9
80.0000, 116.0000, -3.315e-9
82.0000, 116.0000, -3.314e-9
84.0000, 116.0000, -3.316e-9
86.0000, 116.0000, -3.315e-9
88.0000, 116.0000, -3.310e-9
90.0000, 116.0000, -3.310e-9
92.0000, 116.0000, -3.314e-9
94.0000, 116.0000, -3.314e-9
96.0000, 116.0000, -3.307e-9
98.0000, 116.0000, -3.302e-9
100.0000, 116.0000, -3.300e-9
102.0000, 116.0000, -3.296e-9
104.0000, 116.0000, -3.290e-9
106.0000, 116.0000, -3.287e-9
108.0000, 116.0000, -3.287e-9
110.0000, 116.0000, -3.287e-9
112.0000, 116.0000, -3.287e-9
114.0000, 116.0000, -3.287e-9
116.0000, 116.0000, -3.289e-9
118.0000, 116.0000, -3.289e-9
120.0000, 116.0000, -3.287e-9
122.0000, 116.0000, -3.288e-9
124.0000, 116.0000, -3.291e-9
126.0000, 116.0000, -3.292e-9
128.0000, 116.0000, -3.292e-9
130.0000, 116.0000, -3.294e-9
132.0000, 116.0000, -3.294e-9
134.0000, 116.0000, -3.291e-9
136.0000, 116.0000, -3.293e-9
138.0000, 116.0000, -3.299e-9
140.0000, 116.0000, -3.301e-9
142.0000, 116.0000, -3.300e-9
144.0000, 116.0000, -3.303e-9
146.0000, 116.0000, -3.305e-9
148.0000, 116.0000, -3.306e-9
150.0000, 116.0000, -3.310e-9
152.0000, 116.0000, -3.316e-9
154.0000, 116.0000, -3.321e-9
156.0000, 116.0000, -3.322e-9
158.0000, 116.0000, -3.326e-9
160.0000, 116.0000, -3.332e-9
162.0000, 116.0000, -3.336e-9
164.0000, 116.0000, -3.343e-9
166.0000, 116.0000, -3.351e-9
168.0000, 116.0000, -3.357e-9
170.0000, 116.0000, -3.363e-9
172.0000, 116.0000, -3.372e-9
174.0000, 116.0000, -3.378e-9
176.0000, 116.0000, -3.382e-9
178.0000, 116.0000, -3.388e-9
180.0000, 116.0000, -3.398e-9
182.0000, 116.0000, -3.408e-9
184.0000, 116.0000, -3.416e-9
186.0000, 116.0000, -3.424e-9
188.0000, 116.0000, -3.431e-9
190.0000, 116.0000, -3.438e-9
192.0000, 116.0000, -3.448e-9
194.0000, 116.0000, -3.460e-9
196.0000, 116.0000, -3.470e-9
198.0000, 116.0000, -3.478e-9
200.0000, 116.0000, -3.487e-9
202.0000, 116.0000, -3.502e-9
204.0000, 116.0000, -3.516e-9
206.0000, 116.0000, -3.519e-9
208.0000, 116.0000, -3.520e-9
210.0000, 116.0000, -3.531e-9
212.0000, 116.0000, -3.547e-9
214.0000, 116.0000, -3.557e-9
216.0000, 116.0000, -3.571e-9
218.0000, 116.0000, -3.584e-9
220.0000, 116.0000, -3.590e-9
222.0000, 116.0000, -3.597e-9
224.0000, 116.0000, -3.606e-9
226.0000, 116.0000, -3.607e-9
228.0000, 116.0000, -3.606e-9
230.0000, 116.0000, -3.619e-9
232.0000, 116.0000, -3.634e-9
234.0000, 116.0000, -3.637e-9
236.0000, 116.0000, -3.643e-9
238.0000, 116.0000, -3.657e-9
240.0000, 116.0000, -3.665e-9
242.0000, 116.0000, -3.671e-9
244.0000, 116.0000, -3.685e-9
246.0000, 116.0000, -3.703e-9
248.0000, 116.0000, -3.713e-9
0.0000, 118.0000, -4.243e-9
2.0000, 118.0000, -4.170e-9
4.0000, 118.0000, -4.090e-9
6.0000, 118.0000, -3.988e-9
8.0000, 118.0000, -3.901e-9
10.0000, 118.0000, -3.849e-9
12.0000, 118.0000, -3.802e-9
14.0000, 118.0000, -3.740e-9
16.0000, 118.0000, -3.690e-9
18.0000, 118.0000, -3.661e-9
20.0000, 118.0000, -3.632e-9
22.0000, 118.0000, -3.592e-9
24.0000, 118.0000, -3.563e-9
26.0000, 118.0000, -3.555e-9
28.0000, 118.0000, -3.541e-9
30.0000, 118.0000, -3.511e-9
32.0000, 118.0000, -3.494e-9
34.0000, 118.0000, -3.489e-9
36.0000, 118.0000, -3.472e-9
38.0000, 118.0000, -3.450e-9
40.0000, 118.0000, -3.440e-9
42.0000, 118.0000, -3.432e-9
44.0000, 118.0000, -3.415e-9
46.0000, 118.0000, -3.403e-9
48.0000, 118.0000, -3.400e-9
50.0000, 118.0000, -3.392e-9
52.0000, 118.0000, -3.377e-9
54.0000, 118.0000, -3.372e-9
56.0000, 118.0000, -3.373e-9
58.0000, 118.0000, -3.363e-9
60.0000, 118.0000, -3.354e-9
62.0000, 118.0000, -3.355e-9
64.0000, 118.0000, -3.352e-9
66.0000, 118.0000, -3.344e-9
68.0000, 118.0000, -3.341e-9
70.0000, 118.0000, -3.341e-9
72.0000, 118.0000, -3.340e-9
74.0000, 118.0000, -3.332e-9
76.0000, 118.0000, -3.324e-9
78.0000, 118.0000, -3.321e-9
80.0000, 118.0000, -3.319e-9
82.0000, 118.0000, -3.315e-9
84.0000, 118.0000, -3.311e-9
86.0000, 118.0000, -3.310e-9
88.0000, 118.0000, -3.309e-9
90.0000, 118.0000, -3.303e-9
92.0000, 118.0000, -3.299e-9
94.0000, 118.0000, -3.299e-9
96.0000, 118.0000, -3.299e-9
98.0000, 118.0000, -3.299e-9
100.0000, 118.0000, -3.297e-9
102.0000, 118.0000, -3.296e-9
104.0000, 118.0000, -3.298e-9
106.0000, 118.0000, -3.299e-9
108.0000, 118.0000, -3.296e-9
110.0000, 118.0000, -3.296e-9
112.0000, 118.0000, -3.300e-9
114.0000, 118.0000, -3.301e-9
116.0000, 118.0000, -3.300e-9
118.0000, 118.0000, -3.303e-9
120.0000, 118.0000, -3.304e-9
122.0000, 118.0000, -3.300e-9
124.0000, 118.0000, -3.301e-9
126.0000, 118.0000, -3.307e-9
128.0000, 118.0000, -3.307e-9
130.0000, 118.0000, -3.303e-9
132.0000, 118.0000, -3.303e-9
134.0000, 118.0000, -3.306e-9
136.0000, 118.0000, -3.307e-9
138.0000, 118.0000, -3.309e-9
140.0000, 118.0000, -3.311e-9
142.0000, 118.0000, -3.311e-9
144.0000, 118.0000, -3.309e-9
146.0000, 118.0000, -3.312e-9
148.0000, 118.0000, -3.315e-9
150.0000, 118.0000, -3.315e-9
152.0000, 118.0000, -3.317e-9
154.0000, 118.0000, -3.322e-9
156.0000, 118.0000, -3.326e-9
158.0000, 118.0000, -3.329e-9
160.0000, 118.0000, -3.333e-9
162.0000, 118.0000, -3.339e-9
164.0000, 118.0000, -3.344e-9
166.0000, 118.0000, -3.349e-9
168.0000, 118.0000, -3.354e-9
170.0000, 118.0000, -3.362e-9
172.0000, 118.0000, -3.368e-9
174.0000, 118.0000, -3.371e-9
176.0000, 118.0000, -3.378e-9
178.0000, 118.0000, -3.385e-9
180.0000, 118.0000, -3.391e-9
182.0000, 118.0000, -3.400e-9
184.0000, 118.0000, -3.409e-9
186.0000, 118.0000, -3.417e-9
188.0000, 118.0000, -3.425e-9
190.0000, 118.0000, -3.435e-9
192.0000, 118.0000, -3.445e-9
194.0000, 118.0000, -3.452e-9
196.0000, 118.0000, -3.460e-9
198.0000, 118.0000, -3.474e-9
200.0000, 118.0000, -3.488e-9
202.0000, 118.0000, -3.498e-9
204.0000, 118.0000, -3.506e-9
206.0000, 118.0000, -3.511e-9
208.0000, 118.0000, -3.511e-9
210.0000, 118.0000, -3.519e-9
212.0000, 118.0000, -3.533e-9
214.0000, 118.0000, -3.544e-9
216.0000, 118.0000, -3.552e-9
218.0000, 118.0000, -3.562e-9
220.0000, 118.0000, -3.570e-9
222.0000, 118.0000, -3.575e-9
224.0000, 118.0000, -3.582e-9
226.0000, 118.0000, -3.590e-9
228.0000, 118.0000, -3.598e-9
230.0000, 118.0000, -3.606e-9
232.0000, 118.0000, -3.618e-9
234.0000, 118.0000, -3.631e-9
236.0000, 118.0000, -3.640e-9
238.0000, 118.0000, -3.648e-9
240.0000, 118.0000, -3.657e-9
242.0000, 118.0000, -3.668e-9
244.0000, 118.0000, -3.680e-9
246.0000, 118.0000, -3.693e-9
248.0000, 118.0000, -3.707e-9
0.0000, 120.0000, -4.212e-9
2.0000, 120.0000, -4.135e-9
4.0000, 120.0000, -4.059e-9
6.0000, 120.0000, -3.969e-9
8.0000, 120.0000, -3.884e-9
10.0000, 120.0000, -3.825e-9
12.0000, 120.0000, -3.780e-9
14.0000, 120.0000, -3.728e-9
16.0000, 120.0000, -3.680e-9
18.0000, 120.0000, -3.650e-9
20.0000, 120.0000, -3.622e-9
22.0000, 120.0000, -3.584e-9
24.0000, 120.0000, -3.556e-9
26.0000, 120.0000, -3.544e-9
28.0000, 120.0000, -3.526e-9
30.0000, 120.0000, -3.500e-9
32.0000, 120.0000, -3.485e-9
34.0000, 120.0000, -3.475e-9
36.0000, 120.0000, -3.459e-9
38.0000, 120.0000, -3.445e-9
40.0000, 120.0000, -3.437e-9
42.0000, 120.0000, -3.429e-9
44.0000, 120.0000, -3.416e-9
46.0000, 120.0000, -3.406e-9
48.0000, 120.0000, -3.404e-9
50.0000, 120.0000, -3.398e-9
52.0000, 120.0000, -3.386e-9
54.0000, 120.0000, -3.381e-9
56.0000, 120.0000, -3.381e-9
58.0000, 120.0000, -3.375e-9
60.0000, 120.0000, -3.366e-9
62.0000, 120.0000, -3.361e-9
64.0000, 120.0000, -3.357e-9
66.0000, 120.0000, -3.352e-9
68.0000, 120.0000, -3.345e-9
70.0000, 120.0000, -3.340e-9
72.0000, 120.0000, -3.339e-9
74.0000, 120.0000, -3.337e-9
76.0000, 120.0000, -3.330e-9
78.0000, 120.0000, -3.322e-9
80.0000, 120.0000, -3.317e-9
82.0000, 120.0000, -3.314e-9
84.0000, 120.0000, -3.307e-9
86.0000, 120.0000, -3.301e-9
88.0000, 120.0000, -3.304e-9
90.0000, 120.0000, -3.306e-9
92.0000, 120.0000, -3.301e-9
94.0000, 120.0000, -3.297e-9
96.0000, 120.0000, -3.302e-9
98.0000, 120.0000, -3.303e-9
100.0000, 120.0000, -3.298e-9
102.0000, 120.0000, -3.300e-9
104.0000, 120.0000, -3.306e-9
106.0000, 120.0000, -3.303e-9
108.0000, 120.0000, -3.299e-9
110.0000, 120.0000, -3.305e-9
112.0000, 120.0000, -3.307e-9
114.0000, 120.0000, -3.301e-9
116.0000, 120.0000, -3.304e-9
118.0000, 120.0000, -3.313e-9
120.0000, 120.0000, -3.313e-9
122.0000, 120.0000, -3.308e-9
124.0000, 120.0000, -3.311e-9
126.0000, 120.0000, -3.314e-9
128.0000, 120.0000, -3.311e-9
130.0000, 120.0000, -3.311e-9
132.0000, 120.0000, -3.314e-9
134.0000, 120.0000, -3.312e-9
136.0000, 120.0000, -3.306e-9
138.0000, 120.0000, -3.305e-9
140.0000, 120.0000, -3.307e-9
142.0000, 120.0000, -3.304e-9
144.0000, 120.0000, -3.306e-9
146.0000, 120.0000, -3.312e-9
148.0000, 120.0000, -3.313e-9
150.0000, 120.0000, -3.313e-9
152.0000, 120.0000, -3.317e-9
154.0000, 120.0000, -3.323e-9
156.0000, 120.0000, -3.327e-9
158.0000, 120.0000, -3.329e-9
160.0000, 120.0000, -3.332e-9
162.0000, 120.0000, -3.333e-9
164.0000, 120.0000, -3.336e-9
166.0000, 120.0000, -3.342e-9
168.0000, 120.0000, -3.348e-9
170.0000, 120.0000, -3.353e-9
172.0000, 120.0000, -3.360e-9
174.0000, 120.0000, -3.372e-9
176.0000, 120.0000, -3.379e-9
178.0000, 120.0000, -3.384e-9
180.0000, 120.0000, -3.392e-9
182.0000, 120.0000, -3.401e-9
184.0000, 120.0000, -3.402e-9
186.0000, 120.0000, -3.404e-9
188.0000, 120.0000, -3.418e-9
190.0000, 120.0000, -3.430e-9
192.0000, 120.0000, -3.435e-9
194.0000, 120.0000, -3.444e-9
196.0000, 120.0000, -3.457e-9
198.0000, 120.0000, -3.465e-9
200.0000, 120.0000, -3.469e-9
202.0000, 120.0000, -3.480e-9
204.0000, 120.0000, -3.494e-9
206.0000, 120.0000, -3.501e-9
208.0000, 120.0000, -3.508e-9
210.0000, 120.0000, -3.517e-9
212.0000, 120.0000, -3.524e-9
214.0000, 120.0000, -3.528e-9
216.0000, 120.0000, -3.537e-9
218.0000, 120.0000, -3.547e-9
220.0000, 120.0000, -3.554e-9
222.0000, 120.0000, -3.563e-9
224.0000, 120.0000, -3.575e-9
226.0000, 120.0000, -3.586e-9
228.0000, 120.0000, -3.591e-9
230.0000, 120.0000, -3.596e-9
232.0000, 120.0000, -3.604e-9
234.0000, 120.0000, -3.613e-9
236.0000, 120.0000, -3.621e-9
238.0000, 120.0000, -3.635e-9
240.0000, 120.0000, -3.650e-9
242.0000, 120.0000, -3.658e-9
244.0000, 120.0000, -3.667e-9
246.0000, 120.0000, -3.683e-9
248.0000, 120.0000, -3.694e-9
0.0000, 122.0000, -4.222e-9
2.0000, 122.0000, -4.143e-9
4.0000, 122.0000, -4.058e-9
6.0000, 122.0000, -3.966e-9
8.0000, 122.0000, -3.890e-9
10.0000, 122.0000, -3.835e-9
12.0000, 122.0000, -3.780e-9
14.0000, 122.0000, -3.724e-9
16.0000, 122.0000, -3.688e-9
18.0000, 122.0000, -3.662e-9
20.0000, 122.0000, -3.627e-9
22.0000, 122.0000, -3.596e-9
24.0000, 122.0000, -3.581e-9
26.0000, 122.0000, -3.562e-9
28.0000, 122.0000, -3.532e-9
30.0000, 122.0000, -3.514e-9
32.0000, 122.0000, -3.504e-9
34.0000, 122.0000, -3.488e-9
36.0000, 122.0000, -3.472e-9
38.0000, 122.0000, -3.463e-9
40.0000, 122.0000, -3.458e-9
42.0000, 122.0000, -3.446e-9
44.0000, 122.0000, -3.429e-9
46.0000, 122.0000, -3.422e-9
48.0000, 122.0000, -3.418e-9
50.0000, 122.0000, -3.409e-9
52.0000, 122.0000, -3.402e-9
54.0000, 122.0000, -3.399e-9
56.0000, 122.0000, -3.391e-9
58.0000, 122.0000, -3.383e-9
60.0000, 122.0000, -3.380e-9
62.0000, 122.0000, -3.377e-9
64.0000, 122.0000, -3.371e-9
66.0000, 122.0000, -3.362e-9
68.0000, 122.0000, -3.353e-9
70.0000, 122.0000, -3.346e-9
72.0000, 122.0000, -3.341e-9
74.0000, 122.0000, -3.334e-9
76.0000, 122.0000, -3.330e-9
78.0000, 122.0000, -3.326e-9
80.0000, 122.0000, -3.322e-9
82.0000, 122.0000, -3.320e-9
84.0000, 122.0000, -3.318e-9
86.0000, 122.0000, -3.318e-9
88.0000, 122.0000, -3.316e-9
90.0000, 122.0000, -3.313e-9
92.0000, 122.0000, -3.312e-9
94.0000, 122.0000, -3.313e-9
96.0000, 122.0000, -3.313e-9
98.0000, 122.0000, -3.312e-9
100.0000, 122.0000, -3.311e-9
102.0000, 122.0000, -3.313e-9
104.0000, 122.0000, -3.313e-9
106.0000, 122.0000, -3.314e-9
108.0000, 122.0000, -3.315e-9
110.0000, 122.0000, -3.313e-9
112.0000, 122.0000, -3.311e-9
114.0000, 122.0000, -3.315e-9
116.0000, 122.0000, -3.321e-9
118.0000, 122.0000, -3.320e-9
120.0000, 122.0000, -3.317e-9
122.0000, 122.0000, -3.318e-9
124.0000, 122.0000, -3.317e-9
126.0000, 122.0000, -3.313e-9
128.0000, 122.0000, -3.314e-9
130.0000, 122.0000, -3.315e-9
132.0000, 122.0000, -3.315e-9
134.0000, 122.0000, -3.313e-9
136.0000, 122.0000, -3.312e-9
138.0000, 122.0000, -3.311e-9
140.0000, 122.0000, -3.309e-9
142.0000, 122.0000, -3.308e-9
144.0000, 122.0000, -3.310e-9
146.0000, 122.0000, -3.317e-9
148.0000, 122.0000, -3.322e-9
150.0000, 122.0000, -3.327e-9
152.0000, 122.0000, -3.335e-9
154.0000, 122.0000, -3.343e-9
156.0000, 122.0000, -3.347e-9
158.0000, 122.0000, -3.342e-9
160.0000, 122.0000, -3.329e-9
162.0000, 122.0000, -3.324e-9
164.0000, 122.0000, -3.334e-9
166.0000, 122.0000, -3.345e-9
168.0000, 122.0000, -3.350e-9
170.0000, 122.0000, -3.355e-9
172.0000, 122.0000, -3.367e-9
174.0000, 122.0000, -3.374e-9
176.0000, 122.0000, -3.379e-9
178.0000, 122.0000, -3.388e-9
180.0000, 122.0000, -3.396e-9
182.0000, 122.0000, -3.400e-9
184.0000, 122.0000, -3.407e-9
186.0000, 122.0000, -3.417e-9
188.0000, 122.0000, -3.424e-9
190.0000, 122.0000, -3.431e-9
192.0000, 122.0000, -3.441e-9
194.0000, 122.0000, -3.449e-9
196.0000, 122.0000, -3.454e-9
198.0000, 122.0000, -3.463e-9
200.0000, 122.0000, -3.474e-9
202.0000, 122.0000, -3.482e-9
204.0000, 122.0000, -3.489e-9
206.0000, 122.0000, -3.498e-9
208.0000, 122.0000, -3.506e-9
210.0000, 122.0000, -3.512e-9
212.0000, 122.0000, -3.518e-9
214.0000, 122.0000, -3.525e-9
216.0000, 122.0000, -3.532e-9
218.0000, 122.0000, -3.538e-9
220.0000, 122.0000, -3.546e-9
222.0000, 122.0000, -3.559e-9
224.0000, 122.0000, -3.569e-9
226.0000, 122.0000, -3.576e-9
228.0000, 122.0000, -3.585e-9
230.0000, 122.0000, -3.591e-9
232.0000, 122.0000, -3.598e-9
234.0000, 122.0000, -3.609e-9
236.0000, 122.0000, -3.623e-9
238.0000, 122.0000, -3.634e-9
240.0000, 122.0000, -3.640e-9
242.0000, 122.0000, -3.652e-9
244.0000, 122.0000, -3.667e-9
246.0000, 122.0000, -3.677e-9
248.0000, 122.0000, -3.685e-9
0.0000, 124.0000, -4.243e-9
2.0000, 124.0000, -4.161e-9
4.0000, 124.0000, -4.065e-9
6.0000, 124.0000, -3.971e-9
8.0000, 124.0000, -3.898e-9
10.0000, 124.0000, -3.841e-9
12.0000, 124.0000, -3.781e-9
14.0000, 124.0000, -3.727e-9
16.0000, 124.0000, -3.695e-9
18.0000, 124.0000, -3.670e-9
20.0000, 124.0000, -3.633e-9
22.0000, 124.0000, -3.598e-9
24.0000, 124.0000, -3.576e-9
26.0000, 124.0000, -3.554e-9
28.0000, 124.0000, -3.525e-9
30.0000, 124.0000, -3.512e-9
32.0000, 124.0000, -3.507e-9
34.0000, 124.0000, -3.491e-9
36.0000, 124.0000, -3.474e-9
38.0000, 124.0000, -3.464e-9
40.0000, 124.0000, -3.456e-9
42.0000, 124.0000, -3.442e-9
44.0000, 124.0000, -3.428e-9
46.0000, 124.0000, -3.420e-9
48.0000, 124.0000, -3.413e-9
50.0000, 124.0000, -3.405e-9
52.0000, 124.0000, -3.399e-9
54.0000, 124.0000, -3.396e-9
56.0000, 124.0000, -3.390e-9
58.0000, 124.0000, -3.382e-9
60.0000, 124.0000, -3.379e-9
62.0000, 124.0000, -3.377e-9
64.0000, 124.0000, -3.372e-9
66.0000, 124.0000, -3.362e-9
68.0000, 124.0000, -3.354e-9
70.0000, 124.0000, -3.350e-9
72.0000, 124.0000, -3.344e-9
74.0000, 124.0000, -3.336e-9
76.0000, 124.0000, -3.332e-9
78.0000, 124.0000, -3.330e-9
80.0000, 124.0000, -3.324e-9
82.0000, 124.0000, -3.319e-9
84.0000, 124.0000, -3.318e-9
86.0000, 124.0000, -3.319e-9
88.0000, 124.0000, -3.319e-9
90.0000, 124.0000, -3.316e-9
92.0000, 124.0000, -3.316e-9
94.0000, 124.0000, -3.318e-9
96.0000, 124.0000, -3.317e-9
98.0000, 124.0000, -3.315e-9
100.0000, 124.0000, -3.315e-9
102.0000, 124.0000, -3.317e-9
104.0000, 124.0000, -3.315e-9
106.0000, 124.0000, -3.313e-9
108.0000, 124.0000, -3.314e-9
110.0000, 124.0000, -3.314e-9
112.0000, 124.0000, -3.312e-9
114.0000, 124.0000, -3.317e-9
116.0000, 124.0000, -3.325e-9
118.0000, 124.0000, -3.322e-9
120.0000, 124.0000, -3.318e-9
122.0000, 124.0000, -3.319e-9
124.0000, 124.0000, -3.319e-9
126.0000, 124.0000, -3.316e-9
128.0000, 124.0000, -3.314e-9
130.0000, 124.0000, -3.314e-9
132.0000, 124.0000, -3.314e-9
134.0000, 124.0000, -3.314e-9
136.0000, 124.0000, -3.314e-9
138.0000, 124.0000, -3.312e-9
140.0000, 124.0000, -3.309e-9
142.0000, 124.0000, -3.306e-9
144.0000, 124.0000, -3.308e-9
146.0000, 124.0000, -3.311e-9
148.0000, 124.0000, -3.312e-9
150.0000, 124.0000, -3.314e-9
152.0000, 124.0000, -3.319e-9
154.0000, 124.0000, -3.323e-9
156.0000, 124.0000, -3.326e-9
158.0000, 124.0000, -3.328e-9
160.0000, 124.0000, -3.330e-9
162.0000, 124.0000, -3.335e-9
164.0000, 124.0000, -3.342e-9
166.0000, 124.0000, -3.350e-9
168.0000, 124.0000, -3.354e-9
170.0000, 124.0000, -3.358e-9
172.0000, 124.0000, -3.364e-9
174.0000, 124.0000, -3.370e-9
176.0000, 124.0000, -3.376e-9
178.0000, 124.0000, -3.382e-9
180.0000, 124.0000, -3.387e-9
182.0000, 124.0000, -3.392e-9
184.0000, 124.0000, -3.399e-9
186.0000, 124.0000, -3.407e-9
188.0000, 124.0000, -3.415e-9
190.0000, 124.0000, -3.425e-9
192.0000, 124.0000, -3.435e-9
194.0000, 124.0000, -3.443e-9
196.0000, 124.0000, -3.450e-9
198.0000, 124.0000, -3.460e-9
200.0000, 124.0000, -3.470e-9
202.0000, 124.0000, -3.479e-9
204.0000, 124.0000, -3.486e-9
206.0000, 124.0000, -3.494e-9
208.0000, 124.0000, -3.500e-9
210.0000, 124.0000, -3.503e-9
212.0000, 124.0000, -3.510e-9
214.0000, 124.0000, -3.521e-9
216.0000, 124.0000, -3.527e-9
218.0000, 124.0000, -3.531e-9
220.0000, 124.0000, -3.539e-9
222.0000, 124.0000, -3.549e-9
224.0000, 124.0000, -3.554e-9
226.0000, 124.0000, -3.560e-9
228.0000, 124.0000, -3.571e-9
230.0000, 124.0000, -3.581e-9
232.0000, 124.0000, -3.589e-9
234.0000, 124.0000, -3.601e-9
236.0000, 124.0000, -3.618e-9
238.0000, 124.0000, -3.630e-9
240.0000, 124.0000, -3.635e-9
242.0000, 124.0000, -3.647e-9
244.0000, 124.0000, -3.662e-9
246.0000, 124.0000, -3.670e-9
248.0000, 124.0000, -3.678e-9
0.0000, 126.0000, -4.318e-9
2.0000, 126.0000, -4.221e-9
4.0000, 126.0000, -4.156e-9
6.0000, 126.0000, -4.069e-9
8.0000, 126.0000, -3.961e-9
10.0000, 126.0000, -3.887e-9
12.0000, 126.0000, -3.850e-9
14.0000, 126.0000, -3.797e-9
16.0000, 126.0000, -3.731e-9
18.0000, 126.0000, -3.694e-9
20.0000, 126.0000, -3.674e-9
22.0000, 126.0000, -3.634e-9
24.0000, 126.0000, -3.591e-9
26.0000, 126.0000, -3.570e-9
28.0000, 126.0000, -3.555e-9
30.0000, 126.0000, -3.526e-9
32.0000, 126.0000, -3.505e-9
34.0000, 126.0000, -3.501e-9
36.0000, 126.0000, -3.491e-9
38.0000, 126.0000, -3.471e-9
40.0000, 126.0000, -3.457e-9
42.0000, 126.0000, -3.451e-9
44.0000, 126.0000, -3.440e-9
46.0000, 126.0000, -3.423e-9
48.0000, 126.0000, -3.415e-9
50.0000, 126.0000, -3.409e-9
52.0000, 126.0000, -3.400e-9
54.0000, 126.0000, -3.393e-9
56.0000, 126.0000, -3.391e-9
58.0000, 126.0000, -3.384e-9
60.0000, 126.0000, -3.376e-9
62.0000, 126.0000, -3.371e-9
64.0000, 126.0000, -3.365e-9
66.0000, 126.0000, -3.359e-9
68.0000, 126.0000, -3.355e-9
70.0000, 126.0000, -3.348e-9
72.0000, 126.0000, -3.339e-9
74.0000, 126.0000, -3.335e-9
76.0000, 126.0000, -3.333e-9
78.0000, 126.0000, -3.327e-9
80.0000, 126.0000, -3.318e-9
82.0000, 126.0000, -3.314e-9
84.0000, 126.0000, -3.315e-9
86.0000, 126.0000, -3.313e-9
88.0000, 126.0000, -3.310e-9
90.0000, 126.0000, -3.311e-9
92.0000, 126.0000, -3.314e-9
94.0000, 126.0000, -3.312e-9
96.0000, 126.0000, -3.311e-9
98.0000, 126.0000, -3.314e-9
100.0000, 126.0000, -3.314e-9
102.0000, 126.0000, -3.312e-9
104.0000, 126.0000, -3.313e-9
106.0000, 126.0000, -3.315e-9
108.0000, 126.0000, -3.314e-9
110.0000, 126.0000, -3.315e-9
112.0000, 126.0000, -3.320e-9
114.0000, 126.0000, -3.322e-9
116.0000, 126.0000, -3.320e-9
118.0000, 126.0000, -3.322e-9
120.0000, 126.0000, -3.323e-9
122.0000, 126.0000, -3.322e-9
124.0000, 126.0000, -3.323e-9
126.0000, 126.0000, -3.323e-9
128.0000, 126.0000, -3.320e-9
130.0000, 126.0000, -3.313e-9
132.0000, 126.0000, -3.311e-9
134.0000, 126.0000, -3.313e-9
136.0000, 126.0000, -3.316e-9
138.0000, 126.0000, -3.317e-9
140.0000, 126.0000, -3.314e-9
142.0000, 126.0000, -3.309e-9
144.0000, 126.0000, -3.306e-9
146.0000, 126.0000, -3.306e-9
148.0000, 126.0000, -3.303e-9
150.0000, 126.0000, -3.302e-9
152.0000, 126.0000, -3.306e-9
154.0000, 126.0000, -3.311e-9
156.0000, 126.0000, -3.315e-9
158.0000, 126.0000, -3.321e-9
160.0000, 126.0000, -3.326e-9
162.0000, 126.0000, -3.330e-9
164.0000, 126.0000, -3.334e-9
166.0000, 126.0000, -3.340e-9
168.0000, 126.0000, -3.347e-9
170.0000, 126.0000, -3.351e-9
172.0000, 126.0000, -3.356e-9
174.0000, 126.0000, -3.364e-9
176.0000, 126.0000, -3.372e-9
178.0000, 126.0000, -3.378e-9
180.0000, 126.0000, -3.382e-9
182.0000, 126.0000, -3.389e-9
184.0000, 126.0000, -3.396e-9
186.0000, 126.0000, -3.405e-9
188.0000, 126.0000, -3.411e-9
190.0000, 126.0000, -3.417e-9
192.0000, 126.0000, -3.427e-9
194.0000, 126.0000, -3.435e-9
196.0000, 126.0000, -3.440e-9
198.0000, 126.0000, -3.449e-9
200.0000, 126.0000, -3.460e-9
202.0000, 126.0000, -3.471e-9
204.0000, 126.0000, -3.479e-9
206.0000, 126.0000, -3.486e-9
208.0000, 126.0000, -3.493e-9
210.0000, 126.0000, -3.499e-9
212.0000, 126.0000, -3.505e-9
214.0000, 126.0000, -3.509e-9
216.0000, 126.0000, -3.516e-9
218.0000, 126.0000, -3.525e-9
220.0000, 126.0000, -3.530e-9
222.0000, 126.0000, -3.536e-9
224.0000, 126.0000, -3.548e-9
226.0000, 126.0000, -3.565e-9
228.0000, 126.0000, -3.579e-9
230.0000, 126.0000, -3.586e-9
232.0000, 126.0000, -3.593e-9
234.0000, 126.0000, -3.601e-9
236.0000, 126.0000, -3.608e-9
238.0000, 126.0000, -3.614e-9
240.0000, 126.0000, -3.625e-9
242.0000, 126.0000, -3.641e-9
244.0000, 126.0000, -3.655e-9
246.0000, 126.0000, -3.669e-9
248.0000, 126.0000, -3.682e-9
0.0000, 128.0000, -4.240e-9
2.0000, 128.0000, -4.167e-9
4.0000, 128.0000, -4.090e-9
6.0000, 128.0000, -3.991e-9
8.0000, 128.0000, -3.904e-9
10.0000, 128.0000, -3.850e-9
12.0000, 128.0000, -3.801e-9
14.0000, 128.0000, -3.740e-9
16.0000, 128.0000, -3.694e-9
18.0000, 128.0000, -3.668e-9
20.0000, 128.0000, -3.635e-9
22.0000, 128.0000, -3.595e-9
24.0000, 128.0000, -3.577e-9
26.0000, 128.0000, -3.568e-9
28.0000, 128.0000, -3.542e-9
30.0000, 128.0000, -3.518e-9
32.0000, 128.0000, -3.517e-9
34.0000, 128.0000, -3.515e-9
36.0000, 128.0000, -3.495e-9
38.0000, 128.0000, -3.478e-9
40.0000, 128.0000, -3.469e-9
42.0000, 128.0000, -3.453e-9
44.0000, 128.0000, -3.436e-9
46.0000, 128.0000, -3.430e-9
48.0000, 128.0000, -3.426e-9
50.0000, 128.0000, -3.414e-9
52.0000, 128.0000, -3.403e-9
54.0000, 128.0000, -3.400e-9
56.0000, 128.0000, -3.395e-9
58.0000, 128.0000, -3.387e-9
60.0000, 128.0000, -3.382e-9
62.0000, 128.0000, -3.379e-9
64.0000, 128.0000, -3.372e-9
66.0000, 128.0000, -3.365e-9
68.0000, 128.0000, -3.360e-9
70.0000, 128.0000, -3.355e-9
72.0000, 128.0000, -3.347e-9
74.0000, 128.0000, -3.340e-9
76.0000, 128.0000, -3.340e-9
78.0000, 128.0000, -3.342e-9
80.0000, 128.0000, -3.339e-9
82.0000, 128.0000, -3.339e-9
84.0000, 128.0000, -3.339e-9
86.0000, 128.0000, -3.333e-9
88.0000, 128.0000, -3.329e-9
90.0000, 128.0000, -3.330e-9
92.0000, 128.0000, -3.329e-9
94.0000, 128.0000, -3.326e-9
96.0000, 128.0000, -3.328e-9
98.0000, 128.0000, -3.333e-9
100.0000, 128.0000, -3.332e-9
102.0000, 128.0000, -3.330e-9
104.0000, 128.0000, -3.332e-9
106.0000, 128.0000, -3.332e-9
108.0000, 128.0000, -3.330e-9
110.0000, 128.0000, -3.330e-9
112.0000, 128.0000, -3.333e-9
114.0000, 128.0000, -3.331e-9
116.0000, 128.0000, -3.323e-9
118.0000, 128.0000, -3.319e-9
120.0000, 128.0000, -3.319e-9
122.0000, 128.0000, -3.316e-9
124.0000, 128.0000, -3.312e-9
126.0000, 128.0000, -3.313e-9
128.0000, 128.0000, -3.316e-9
130.0000, 128.0000, -3.319e-9
132.0000, 128.0000, -3.323e-9
134.0000, 128.0000, -3.329e-9
136.0000, 128.0000, -3.331e-9
138.0000, 128.0000, -3.329e-9
140.0000, 128.0000, -3.327e-9
142.0000, 128.0000, -3.323e-9
144.0000, 128.0000, -3.310e-9
146.0000, 128.0000, -3.302e-9
148.0000, 128.0000, -3.311e-9
150.0000, 128.0000, -3.318e-9
152.0000, 128.0000, -3.313e-9
154.0000, 128.0000, -3.317e-9
156.0000, 128.0000, -3.330e-9
158.0000, 128.0000, -3.331e-9
160.0000, 128.0000, -3.328e-9
162.0000, 128.0000, -3.335e-9
164.0000, 128.0000, -3.346e-9
166.0000, 128.0000, -3.346e-9
168.0000, 128.0000, -3.349e-9
170.0000, 128.0000, -3.359e-9
172.0000, 128.0000, -3.364e-9
174.0000, 128.0000, -3.366e-9
176.0000, 128.0000, -3.372e-9
178.0000, 128.0000, -3.377e-9
180.0000, 128.0000, -3.380e-9
182.0000, 128.0000, -3.389e-9
184.0000, 128.0000, -3.399e-9
186.0000, 128.0000, -3.404e-9
188.0000, 128.0000, -3.408e-9
190.0000, 128.0000, -3.420e-9
192.0000, 128.0000, -3.429e-9
194.0000, 128.0000, -3.432e-9
196.0000, 128.0000, -3.440e-9
198.0000, 128.0000, -3.451e-9
200.0000, 128.0000, -3.455e-9
202.0000, 128.0000, -3.458e-9
204.0000, 128.0000, -3.468e-9
206.0000, 128.0000, -3.480e-9
208.0000, 128.0000, -3.484e-9
210.0000, 128.0000, -3.487e-9
212.0000, 128.0000, -3.495e-9
214.0000, 128.0000, -3.500e-9
216.0000, 128.0000, -3.502e-9
218.0000, 128.0000, -3.508e-9
220.0000, 128.0000, -3.515e-9
222.0000, 128.0000, -3.521e-9
224.0000, 128.0000, -3.527e-9
226.0000, 128.0000, -3.541e-9
228.0000, 128.0000, -3.556e-9
230.0000, 128.0000, -3.565e-9
232.0000, 128.0000, -3.576e-9
234.0000, 128.0000, -3.590e-9
236.0000, 128.0000, -3.602e-9
238.0000, 128.0000, -3.607e-9
240.0000, 128.0000, -3.613e-9
242.0000, 128.0000, -3.622e-9
244.0000, 128.0000, -3.630e-9
246.0000, 128.0000, -3.640e-9
248.0000, 128.0000, -3.651e-9
0.0000, 130.0000, -4.233e-9
2.0000, 130.0000, -4.168e-9
4.0000, 130.0000, -4.085e-9
6.0000, 130.0000, -3.982e-9
8.0000, 130.0000, -3.902e-9
10.0000, 130.0000, -3.853e-9
12.0000, 130.0000, -3.803e-9
14.0000, 130.0000, -3.737e-9
16.0000, 130.0000, -3.690e-9
18.0000, 130.0000, -3.667e-9
20.0000, 130.0000, -3.633e-9
22.0000, 130.0000, -3.594e-9
24.0000, 130.0000, -3.577e-9
26.0000, 130.0000, -3.567e-9
28.0000, 130.0000, -3.542e-9
30.0000, 130.0000, -3.516e-9
32.0000, 130.0000, -3.506e-9
34.0000, 130.0000, -3.499e-9
36.0000, 130.0000, -3.480e-9
38.0000, 130.0000, -3.462e-9
40.0000, 130.0000, -3.455e-9
42.0000, 130.0000, -3.447e-9
44.0000, 130.0000, -3.435e-9
46.0000, 130.0000, -3.428e-9
48.0000, 130.0000, -3.421e-9
50.0000, 130.0000, -3.410e-9
52.0000, 130.0000, -3.405e-9
54.0000, 130.0000, -3.404e-9
56.0000, 130.0000, -3.398e-9
58.0000, 130.0000, -3.390e-9
60.0000, 130.0000, -3.387e-9
62.0000, 130.0000, -3.382e-9
64.0000, 130.0000, -3.370e-9
66.0000, 130.0000, -3.363e-9
68.0000, 130.0000, -3.361e-9
70.0000, 130.0000, -3.355e-9
72.0000, 130.0000, -3.346e-9
74.0000, 130.0000, -3.342e-9
76.0000, 130.0000, -3.342e-9
78.0000, 130.0000, -3.338e-9
80.0000, 130.0000, -3.333e-9
82.0000, 130.0000, -3.333e-9
84.0000, 130.0000, -3.333e-9
86.0000, 130.0000, -3.329e-9
88.0000, 130.0000, -3.325e-9
90.0000, 130.0000, -3.324e-9
92.0000, 130.0000, -3.324e-9
94.0000, 130.0000, -3.322e-9
96.0000, 130.0000, -3.322e-9
98.0000, 130.0000, -3.322e-9
100.0000, 130.0000, -3.320e-9
102.0000, 130.0000, -3.318e-9
104.0000, 130.0000, -3.318e-9
106.0000, 130.0000, -3.324e-9
108.0000, 130.0000, -3.331e-9
110.0000, 130.0000, -3.333e-9
112.0000, 130.0000, -3.332e-9
114.0000, 130.0000, -3.328e-9
116.0000, 130.0000, -3.321e-9
118.0000, 130.0000, -3.314e-9
120.0000, 130.0000, -3.311e-9
122.0000, 130.0000, -3.310e-9
124.0000, 130.0000, -3.307e-9
126.0000, 130.0000, -3.307e-9
128.0000, 130.0000, -3.308e-9
130.0000, 130.0000, -3.307e-9
132.0000, 130.0000, -3.305e-9
134.0000, 130.0000, -3.304e-9
136.0000, 130.0000, -3.305e-9
138.0000, 130.0000, -3.305e-9
140.0000, 130.0000, -3.305e-9
142.0000, 130.0000, -3.309e-9
144.0000, 130.0000, -3.311e-9
146.0000, 130.0000, -3.310e-9
148.0000, 130.0000, -3.310e-9
150.0000, 130.0000, -3.313e-9
152.0000, 130.0000, -3.318e-9
154.0000, 130.0000, -3.322e-9
156.0000, 130.0000, -3.324e-9
158.0000, 130.0000, -3.325e-9
160.0000, 130.0000, -3.330e-9
162.0000, 130.0000, -3.337e-9
164.0000, 130.0000, -3.339e-9
166.0000, 130.0000, -3.342e-9
168.0000, 130.0000, -3.350e-9
170.0000, 130.0000, -3.355e-9
172.0000, 130.0000, -3.360e-9
174.0000, 130.0000, -3.366e-9
176.0000, 130.0000, -3.373e-9
178.0000, 130.0000, -3.378e-9
180.0000, 130.0000, -3.383e-9
182.0000, 130.0000, -3.391e-9
184.0000, 130.0000, -3.397e-9
186.0000, 130.0000, -3.403e-9
188.0000, 130.0000, -3.409e-9
190.0000, 130.0000, -3.416e-9
192.0000, 130.0000, -3.424e-9
194.0000, 130.0000, -3.432e-9
196.0000, 130.0000, -3.441e-9
198.0000, 130.0000, -3.448e-9
200.0000, 130.0000, -3.456e-9
202.0000, 130.0000, -3.465e-9
204.0000, 130.0000, -3.472e-9
206.0000, 130.0000, -3.479e-9
208.0000, 130.0000, -3.487e-9
210.0000, 130.0000, -3.496e-9
212.0000, 130.0000, -3.500e-9
214.0000, 130.0000, -3.503e-9
216.0000, 130.0000, -3.510e-9
218.0000, 130.0000, -3.518e-9
220.0000, 130.0000, -3.527e-9
222.0000, 130.0000, -3.537e-9
224.0000, 130.0000, -3.547e-9
226.0000, 130.0000, -3.556e-9
228.0000, 130.0000, -3.561e-9
230.0000, 130.0000, -3.566e-9
232.0000, 130.0000, -3.576e-9
234.0000, 130.0000, -3.587e-9
236.0000, 130.0000, -3.600e-9
238.0000, 130.0000, -3.613e-9
240.0000, 130.0000, -3.622e-9
242.0000, 130.0000, -3.632e-9
244.0000, 130.0000, -3.643e-9
246.0000, 130.0000, -3.653e-9
248.0000, 130.0000, -3.659e-9
0.0000, 132.0000, -4.248e-9
2.0000, 132.0000, -4.171e-9
4.0000, 132.0000, -4.080e-9
6.0000, 132.0000, -3.981e-9
8.0000, 132.0000, -3.903e-9
10.0000, 132.0000, -3.848e-9
12.0000, 132.0000, -3.794e-9
14.0000, 132.0000, -3.740e-9
16.0000, 132.0000, -3.699e-9
18.0000, 132.0000, -3.666e-9
20.0000, 132.0000, -3.629e-9
22.0000, 132.0000, -3.596e-9
24.0000, 132.0000, -3.576e-9
26.0000, 132.0000, -3.558e-9
28.0000, 132.0000, -3.541e-9
30.0000, 132.0000, -3.526e-9
32.0000, 132.0000, -3.508e-9
34.0000, 132.0000, -3.491e-9
36.0000, 132.0000, -3.480e-9
38.0000, 132.0000, -3.470e-9
40.0000, 132.0000, -3.457e-9
42.0000, 132.0000, -3.444e-9
44.0000, 132.0000, -3.436e-9
46.0000, 132.0000, -3.431e-9
48.0000, 132.0000, -3.422e-9
50.0000, 132.0000, -3.413e-9
52.0000, 132.0000, -3.408e-9
54.0000, 132.0000, -3.404e-9
56.0000, 132.0000, -3.396e-9
58.0000, 132.0000, -3.387e-9
60.0000, 132.0000, -3.383e-9
62.0000, 132.0000, -3.379e-9
64.0000, 132.0000, -3.371e-9
66.0000, 132.0000, -3.365e-9
68.0000, 132.0000, -3.361e-9
70.0000, 132.0000, -3.357e-9
72.0000, 132.0000, -3.351e-9
74.0000, 132.0000, -3.346e-9
76.0000, 132.0000, -3.343e-9
78.0000, 132.0000, -3.341e-9
80.0000, 132.0000, -3.339e-9
82.0000, 132.0000, -3.337e-9
84.0000, 132.0000, -3.332e-9
86.0000, 132.0000, -3.331e-9
88.0000, 132.0000, -3.334e-9
90.0000, 132.0000, -3.331e-9
92.0000, 132.0000, -3.325e-9
94.0000, 132.0000, -3.327e-9
96.0000, 132.0000, -3.328e-9
98.0000, 132.0000, -3.324e-9
100.0000, 132.0000, -3.325e-9
102.0000, 132.0000, -3.332e-9
104.0000, 132.0000, -3.330e-9
106.0000, 132.0000, -3.323e-9
108.0000, 132.0000, -3.326e-9
110.0000, 132.0000, -3.328e-9
112.0000, 132.0000, -3.320e-9
114.0000, 132.0000, -3.319e-9
116.0000, 132.0000, -3.327e-9
118.0000, 132.0000, -3.324e-9
120.0000, 132.0000, -3.314e-9
122.0000, 132.0000, -3.318e-9
124.0000, 132.0000, -3.323e-9
126.0000, 132.0000, -3.319e-9
128.0000, 132.0000, -3.314e-9
130.0000, 132.0000, -3.315e-9
132.0000, 132.0000, -3.314e-9
134.0000, 132.0000, -3.309e-9
136.0000, 132.0000, -3.309e-9
138.0000, 132.0000, -3.313e-9
140.0000, 132.0000, -3.311e-9
142.0000, 132.0000, -3.309e-9
144.0000, 132.0000, -3.312e-9
146.0000, 132.0000, -3.315e-9
148.0000, 132.0000, -3.312e-9
150.0000, 132.0000, -3.311e-9
152.0000, 132.0000, -3.315e-9
154.0000, 132.0000, -3.319e-9
156.0000, 132.0000, -3.321e-9
158.0000, 132.0000, -3.324e-9
160.0000, 132.0000, -3.326e-9
162.0000, 132.0000, -3.328e-9
164.0000, 132.0000, -3.335e-9
166.0000, 132.0000, -3.340e-9
168.0000, 132.0000, -3.342e-9
170.0000, 132.0000, -3.347e-9
172.0000, 132.0000, -3.355e-9
174.0000, 132.0000, -3.362e-9
176.0000, 132.0000, -3.368e-9
178.0000, 132.0000, -3.374e-9
180.0000, 132.0000, -3.383e-9
182.0000, 132.0000, -3.391e-9
184.0000, 132.0000, -3.398e-9
186.0000, 132.0000, -3.405e-9
188.0000, 132.0000, -3.410e-9
190.0000, 132.0000, -3.416e-9
192.0000, 132.0000, -3.425e-9
194.0000, 132.0000, -3.435e-9
196.0000, 132.0000, -3.444e-9
198.0000, 132.0000, -3.452e-9
200.0000, 132.0000, -3.462e-9
202.0000, 132.0000, -3.471e-9
204.0000, 132.0000, -3.479e-9
206.0000, 132.0000, -3.488e-9
208.0000, 132.0000, -3.495e-9
210.0000, 132.0000, -3.500e-9
212.0000, 132.0000, -3.505e-9
214.0000, 132.0000, -3.511e-9
216.0000, 132.0000, -3.517e-9
218.0000, 132.0000, -3.523e-9
220.0000, 132.0000, -3.533e-9
222.0000, 132.0000, -3.544e-9
224.0000, 132.0000, -3.553e-9
226.0000, 132.0000, -3.559e-9
228.0000, 132.0000, -3.563e-9
230.0000, 132.0000, -3.566e-9
232.0000, 132.0000, -3.573e-9
234.0000, 132.0000, -3.588e-9
236.0000, 132.0000, -3.605e-9
238.0000, 132.0000, -3.618e-9
240.0000, 132.0000, -3.627e-9
242.0000, 132.0000, -3.638e-9
244.0000, 132.0000, -3.649e-9
246.0000, 132.0000, -3.658e-9
248.0000, 132.0000, -3.665e-9
0.0000, 134.0000, -4.227e-9
2.0000, 134.0000, -4.147e-9
4.0000, 134.0000, -4.054e-9
6.0000, 134.0000, -3.961e-9
8.0000, 134.0000, -3.889e-9
10.0000, 134.0000, -3.836e-9
12.0000, 134.0000, -3.779e-9
14.0000, 134.0000, -3.725e-9
16.0000, 134.0000, -3.693e-9
18.0000, 134.0000, -3.669e-9
20.0000, 134.0000, -3.632e-9
22.0000, 134.0000, -3.596e-9
24.0000, 134.0000, -3.572e-9
26.0000, 134.0000, -3.549e-9
28.0000, 134.0000, -3.524e-9
30.0000, 134.0000, -3.509e-9
32.0000, 134.0000, -3.503e-9
34.0000, 134.0000, -3.491e-9
36.0000, 134.0000, -3.473e-9
38.0000, 134.0000, -3.463e-9
40.0000, 134.0000, -3.458e-9
42.0000, 134.0000, -3.440e-9
44.0000, 134.0000, -3.424e-9
46.0000, 134.0000, -3.424e-9
48.0000, 134.0000, -3.422e-9
50.0000, 134.0000, -3.409e-9
52.0000, 134.0000, -3.400e-9
54.0000, 134.0000, -3.399e-9
56.0000, 134.0000, -3.393e-9
58.0000, 134.0000, -3.385e-9
60.0000, 134.0000, -3.383e-9
62.0000, 134.0000, -3.379e-9
64.0000, 134.0000, -3.369e-9
66.0000, 134.0000, -3.362e-9
68.0000, 134.0000, -3.359e-9
70.0000, 134.0000, -3.350e-9
72.0000, 134.0000, -3.341e-9
74.0000, 134.0000, -3.339e-9
76.0000, 134.0000, -3.337e-9
78.0000, 134.0000, -3.329e-9
80.0000, 134.0000, -3.326e-9
82.0000, 134.0000, -3.331e-9
84.0000, 134.0000, -3.330e-9
86.0000, 134.0000, -3.325e-9
88.0000, 134.0000, -3.326e-9
90.0000, 134.0000, -3.327e-9
92.0000, 134.0000, -3.320e-9
94.0000, 134.0000, -3.315e-9
96.0000, 134.0000, -3.318e-9
98.0000, 134.0000, -3.319e-9
100.0000, 134.0000, -3.314e-9
102.0000, 134.0000, -3.315e-9
104.0000, 134.0000, -3.319e-9
106.0000, 134.0000, -3.318e-9
108.0000, 134.0000, -3.317e-9
110.0000, 134.0000, -3.323e-9
112.0000, 134.0000, -3.328e-9
114.0000, 134.0000, -3.326e-9
116.0000, 134.0000, -3.324e-9
118.0000, 134.0000, -3.325e-9
120.0000, 134.0000, -3.324e-9
122.0000, 134.0000, -3.322e-9
124.0000, 134.0000, -3.323e-9
126.0000, 134.0000, -3.321e-9
128.0000, 134.0000, -3.315e-9
130.0000, 134.0000, -3.313e-9
132.0000, 134.0000, -3.312e-9
134.0000, 134.0000, -3.310e-9
136.0000, 134.0000, -3.310e-9
138.0000, 134.0000, -3.310e-9
140.0000, 134.0000, -3.309e-9
142.0000, 134.0000, -3.309e-9
144.0000, 134.0000, -3.312e-9
146.0000, 134.0000, -3.314e-9
148.0000, 134.0000, -3.315e-9
150.0000, 134.0000, -3.318e-9
152.0000, 134.0000, -3.322e-9
154.0000, 134.0000, -3.322e-9
156.0000, 134.0000, -3.323e-9
158.0000, 134.0000, -3.328e-9
160.0000, 134.0000, -3.334e-9
162.0000, 134.0000, -3.338e-9
164.0000, 134.0000, -3.341e-9
166.0000, 134.0000, -3.345e-9
168.0000, 134.0000, -3.349e-9
170.0000, 134.0000, -3.352e-9
172.0000, 134.0000, -3.359e-9
174.0000, 134.0000, -3.366e-9
176.0000, 134.0000, -3.371e-9
178.0000, 134.0000, -3.376e-9
180.0000, 134.0000, -3.383e-9
182.0000, 134.0000, -3.391e-9
184.0000, 134.0000, -3.397e-9
186.0000, 134.0000, -3.405e-9
188.0000, 134.0000, -3.415e-9
190.0000, 134.0000, -3.421e-9
192.0000, 134.0000, -3.425e-9
194.0000, 134.0000, -3.435e-9
196.0000, 134.0000, -3.448e-9
198.0000, 134.0000, -3.454e-9
200.0000, 134.0000, -3.460e-9
202.0000, 134.0000, -3.470e-9
204.0000, 134.0000, -3.479e-9
206.0000, 134.0000, -3.483e-9
208.0000, 134.0000, -3.488e-9
210.0000, 134.0000, -3.496e-9
212.0000, 134.0000, -3.504e-9
214.0000, 134.0000, -3.509e-9
216.0000, 134.0000, -3.515e-9
218.0000, 134.0000, -3.522e-9
220.0000, 134.0000, -3.526e-9
222.0000, 134.0000, -3.533e-9
224.0000, 134.0000, -3.545e-9
226.0000, 134.0000, -3.557e-9
228.0000, 134.0000, -3.565e-9
230.0000, 134.0000, -3.573e-9
232.0000, 134.0000, -3.580e-9
234.0000, 134.0000, -3.585e-9
236.0000, 134.0000, -3.593e-9
238.0000, 134.0000, -3.608e-9
240.0000, 134.0000, -3.621e-9
242.0000, 134.0000, -3.634e-9
244.0000, 134.0000, -3.647e-9
246.0000, 134.0000, -3.658e-9
248.0000, 134.0000, -3.664e-9
0.0000, 136.0000, -4.231e-9
2.0000, 136.0000, -4.155e-9
4.0000, 136.0000, -4.076e-9
6.0000, 136.0000, -3.983e-9
8.0000, 136.0000, -3.899e-9
10.0000, 136.0000, -3.843e-9
12.0000, 136.0000, -3.795e-9
14.0000, 136.0000, -3.739e-9
16.0000, 136.0000, -3.695e-9
18.0000, 136.0000, -3.668e-9
20.0000, 136.0000, -3.639e-9
22.0000, 136.0000, -3.606e-9
24.0000, 136.0000, -3.582e-9
26.0000, 136.0000, -3.564e-9
28.0000, 136.0000, -3.544e-9
30.0000, 136.0000, -3.524e-9
32.0000, 136.0000, -3.511e-9
34.0000, 136.0000, -3.499e-9
36.0000, 136.0000, -3.482e-9
38.0000, 136.0000, -3.468e-9
40.0000, 136.0000, -3.462e-9
42.0000, 136.0000, -3.450e-9
44.0000, 136.0000, -3.434e-9
46.0000, 136.0000, -3.426e-9
48.0000, 136.0000, -3.423e-9
50.0000, 136.0000, -3.414e-9
52.0000, 136.0000, -3.404e-9
54.0000, 136.0000, -3.400e-9
56.0000, 136.0000, -3.399e-9
58.0000, 136.0000, -3.396e-9
60.0000, 136.0000, -3.393e-9
62.0000, 136.0000, -3.388e-9
64.0000, 136.0000, -3.377e-9
66.0000, 136.0000, -3.366e-9
68.0000, 136.0000, -3.359e-9
70.0000, 136.0000, -3.352e-9
72.0000, 136.0000, -3.345e-9
74.0000, 136.0000, -3.340e-9
76.0000, 136.0000, -3.337e-9
78.0000, 136.0000, -3.331e-9
80.0000, 136.0000, -3.327e-9
82.0000, 136.0000, -3.329e-9
84.0000, 136.0000, -3.328e-9
86.0000, 136.0000, -3.325e-9
88.0000, 136.0000, -3.324e-9
90.0000, 136.0000, -3.326e-9
92.0000, 136.0000, -3.323e-9
94.0000, 136.0000, -3.318e-9
96.0000, 136.0000, -3.320e-9
98.0000, 136.0000, -3.323e-9
100.0000, 136.0000, -3.319e-9
102.0000, 136.0000, -3.317e-9
104.0000, 136.0000, -3.320e-9
106.0000, 136.0000, -3.319e-9
108.0000, 136.0000, -3.316e-9
110.0000, 136.0000, -3.322e-9
112.0000, 136.0000, -3.329e-9
114.0000, 136.0000, -3.326e-9
116.0000, 136.0000, -3.322e-9
118.0000, 136.0000, -3.324e-9
120.0000, 136.0000, -3.324e-9
122.0000, 136.0000, -3.320e-9
124.0000, 136.0000, -3.320e-9
126.0000, 136.0000, -3.322e-9
128.0000, 136.0000, -3.318e-9
130.0000, 136.0000, -3.315e-9
132.0000, 136.0000, -3.316e-9
134.0000, 136.0000, -3.314e-9
136.0000, 136.0000, -3.311e-9
138.0000, 136.0000, -3.311e-9
140.0000, 136.0000, -3.312e-9
142.0000, 136.0000, -3.312e-9
144.0000, 136.0000, -3.313e-9
146.0000, 136.0000, -3.315e-9
148.0000, 136.0000, -3.316e-9
150.0000, 136.0000, -3.318e-9
152.0000, 136.0000, -3.322e-9
154.0000, 136.0000, -3.324e-9
156.0000, 136.0000, -3.324e-9
158.0000, 136.0000, -3.326e-9
160.0000, 136.0000, -3.331e-9
162.0000, 136.0000, -3.335e-9
164.0000, 136.0000, -3.339e-9
166.0000, 136.0000, -3.345e-9
168.0000, 136.0000, -3.349e-9
170.0000, 136.0000, -3.352e-9
172.0000, 136.0000, -3.359e-9
174.0000, 136.0000, -3.369e-9
176.0000, 136.0000, -3.374e-9
178.0000, 136.0000, -3.377e-9
180.0000, 136.0000, -3.384e-9
182.0000, 136.0000, -3.393e-9
184.0000, 136.0000, -3.400e-9
186.0000, 136.0000, -3.406e-9
188.0000, 136.0000, -3.414e-9
190.0000, 136.0000, -3.421e-9
192.0000, 136.0000, -3.426e-9
194.0000, 136.0000, -3.433e-9
196.0000, 136.0000, -3.444e-9
198.0000, 136.0000, -3.452e-9
200.0000, 136.0000, -3.457e-9
202.0000, 136.0000, -3.467e-9
204.0000, 136.0000, -3.477e-9
206.0000, 136.0000, -3.483e-9
208.0000, 136.0000, -3.488e-9
210.0000, 136.0000, -3.496e-9
212.0000, 136.0000, -3.506e-9
214.0000, 136.0000, -3.511e-9
216.0000, 136.0000, -3.514e-9
218.0000, 136.0000, -3.522e-9
220.0000, 136.0000, -3.528e-9
222.0000, 136.0000, -3.536e-9
224.0000, 136.0000, -3.546e-9
226.0000, 136.0000, -3.556e-9
228.0000, 136.0000, -3.562e-9
230.0000, 136.0000, -3.566e-9
232.0000, 136.0000, -3.574e-9
234.0000, 136.0000, -3.582e-9
236.0000, 136.0000, -3.592e-9
238.0000, 136.0000, -3.608e-9
240.0000, 136.0000, -3.625e-9
242.0000, 136.0000, -3.634e-9
244.0000, 136.0000, -3.642e-9
246.0000, 136.0000, -3.654e-9
248.0000, 136.0000, -3.665e-9
0.0000, 138.0000, -4.333e-9
2.0000, 138.0000, -4.230e-9
4.0000, 138.0000, -4.167e-9
6.0000, 138.0000, -4.087e-9
8.0000, 138.0000, -3.979e-9
10.0000, 138.0000, -3.899e-9
12.0000, 138.0000, -3.861e-9
14.0000, 138.0000, -3.811e-9
16.0000, 138.0000, -3.741e-9
18.0000, 138.0000, -3.699e-9
20.0000, 138.0000, -3.682e-9
22.0000, 138.0000, -3.646e-9
24.0000, 138.0000, -3.601e-9
26.0000, 138.0000, -3.584e-9
28.0000, 138.0000, -3.571e-9
30.0000, 138.0000, -3.537e-9
32.0000, 138.0000, -3.509e-9
34.0000, 138.0000, -3.503e-9
36.0000, 138.0000, -3.495e-9
38.0000, 138.0000, -3.475e-9
40.0000, 138.0000, -3.461e-9
42.0000, 138.0000, -3.455e-9
44.0000, 138.0000, -3.444e-9
46.0000, 138.0000, -3.431e-9
48.0000, 138.0000, -3.421e-9
50.0000, 138.0000, -3.416e-9
52.0000, 138.0000, -3.409e-9
54.0000, 138.0000, -3.401e-9
56.0000, 138.0000, -3.398e-9
58.0000, 138.0000, -3.392e-9
60.0000, 138.0000, -3.383e-9
62.0000, 138.0000, -3.379e-9
64.0000, 138.0000, -3.376e-9
66.0000, 138.0000, -3.364e-9
68.0000, 138.0000, -3.354e-9
70.0000, 138.0000, -3.353e-9
72.0000, 138.0000, -3.350e-9
74.0000, 138.0000, -3.340e-9
76.0000, 138.0000, -3.335e-9
78.0000, 138.0000, -3.333e-9
80.0000, 138.0000, -3.325e-9
82.0000, 138.0000, -3.316e-9
84.0000, 138.0000, -3.315e-9
86.0000, 138.0000, -3.316e-9
88.0000, 138.0000, -3.314e-9
90.0000, 138.0000, -3.308e-9
92.0000, 138.0000, -3.311e-9
94.0000, 138.0000, -3.316e-9
96.0000, 138.0000, -3.313e-9
98.0000, 138.0000, -3.308e-9
100.0000, 138.0000, -3.310e-9
102.0000, 138.0000, -3.312e-9
104.0000, 138.0000, -3.309e-9
106.0000, 138.0000, -3.309e-9
108.0000, 138.0000, -3.312e-9
110.0000, 138.0000, -3.310e-9
112.0000, 138.0000, -3.306e-9
114.0000, 138.0000, -3.311e-9
116.0000, 138.0000, -3.318e-9
118.0000, 138.0000, -3.316e-9
120.0000, 138.0000, -3.310e-9
122.0000, 138.0000, -3.311e-9
124.0000, 138.0000, -3.313e-9
126.0000, 138.0000, -3.311e-9
128.0000, 138.0000, -3.311e-9
130.0000, 138.0000, -3.312e-9
132.0000, 138.0000, -3.312e-9
134.0000, 138.0000, -3.309e-9
136.0000, 138.0000, -3.307e-9
138.0000, 138.0000, -3.308e-9
140.0000, 138.0000, -3.307e-9
142.0000, 138.0000, -3.306e-9
144.0000, 138.0000, -3.308e-9
146.0000, 138.0000, -3.308e-9
148.0000, 138.0000, -3.309e-9
150.0000, 138.0000, -3.313e-9
152.0000, 138.0000, -3.317e-9
154.0000, 138.0000, -3.320e-9
156.0000, 138.0000, -3.322e-9
158.0000, 138.0000, -3.326e-9
160.0000, 138.0000, -3.331e-9
162.0000, 138.0000, -3.334e-9
164.0000, 138.0000, -3.339e-9
166.0000, 138.0000, -3.346e-9
168.0000, 138.0000, -3.350e-9
170.0000, 138.0000, -3.355e-9
172.0000, 138.0000, -3.361e-9
174.0000, 138.0000, -3.366e-9
176.0000, 138.0000, -3.372e-9
178.0000, 138.0000, -3.380e-9
180.0000, 138.0000, -3.388e-9
182.0000, 138.0000, -3.393e-9
184.0000, 138.0000, -3.398e-9
186.0000, 138.0000, -3.406e-9
188.0000, 138.0000, -3.415e-9
190.0000, 138.0000, -3.422e-9
192.0000, 138.0000, -3.427e-9
194.0000, 138.0000, -3.435e-9
196.0000, 138.0000, -3.444e-9
198.0000, 138.0000, -3.451e-9
200.0000, 138.0000, -3.458e-9
202.0000, 138.0000, -3.467e-9
204.0000, 138.0000, -3.477e-9
206.0000, 138.0000, -3.487e-9
208.0000, 138.0000, -3.496e-9
210.0000, 138.0000, -3.502e-9
212.0000, 138.0000, -3.508e-9
214.0000, 138.0000, -3.516e-9
216.0000, 138.0000, -3.522e-9
218.0000, 138.0000, -3.528e-9
220.0000, 138.0000, -3.534e-9
222.0000, 138.0000, -3.543e-9
224.0000, 138.0000, -3.552e-9
226.0000, 138.0000, -3.562e-9
228.0000, 138.0000, -3.572e-9
230.0000, 138.0000, -3.579e-9
232.0000, 138.0000, -3.584e-9
234.0000, 138.0000, -3.592e-9
236.0000, 138.0000, -3.603e-9
238.0000, 138.0000, -3.614e-9
240.0000, 138.0000, -3.624e-9
242.0000, 138.0000, -3.638e-9
244.0000, 138.0000, -3.649e-9
246.0000, 138.0000, -3.657e-9
248.0000, 138.0000, -3.665e-9
0.0000, 140.0000, -4.238e-9
2.0000, 140.0000, -4.163e-9
4.0000, 140.0000, -4.076e-9
6.0000, 140.0000, -3.977e-9
8.0000, 140.0000, -3.899e-9
10.0000, 140.0000, -3.850e-9
12.0000, 140.0000, -3.799e-9
14.0000, 140.0000, -3.742e-9
16.0000, 140.0000, -3.701e-9
18.0000, 140.0000, -3.671e-9
20.0000, 140.0000, -3.636e-9
22.0000, 140.0000, -3.601e-9
24.0000, 140.0000, -3.578e-9
26.0000, 140.0000, -3.560e-9
28.0000, 140.0000, -3.540e-9
30.0000, 140.0000, -3.520e-9
32.0000, 140.0000, -3.509e-9
34.0000, 140.0000, -3.498e-9
36.0000, 140.0000, -3.481e-9
38.0000, 140.0000, -3.469e-9
40.0000, 140.0000, -3.463e-9
42.0000, 140.0000, -3.448e-9
44.0000, 140.0000, -3.434e-9
46.0000, 140.0000, -3.433e-9
48.0000, 140.0000, -3.429e-9
50.0000, 140.0000, -3.418e-9
52.0000, 140.0000, -3.410e-9
54.0000, 140.0000, -3.406e-9
56.0000, 140.0000, -3.401e-9
58.0000, 140.0000, -3.393e-9
60.0000, 140.0000, -3.389e-9
62.0000, 140.0000, -3.386e-9
64.0000, 140.0000, -3.378e-9
66.0000, 140.0000, -3.370e-9
68.0000, 140.0000, -3.365e-9
70.0000, 140.0000, -3.360e-9
72.0000, 140.0000, -3.352e-9
74.0000, 140.0000, -3.346e-9
76.0000, 140.0000, -3.341e-9
78.0000, 140.0000, -3.335e-9
80.0000, 140.0000, -3.334e-9
82.0000, 140.0000, -3.336e-9
84.0000, 140.0000, -3.330e-9
86.0000, 140.0000, -3.328e-9
88.0000, 140.0000, -3.332e-9
90.0000, 140.0000, -3.330e-9
92.0000, 140.0000, -3.323e-9
94.0000, 140.0000, -3.323e-9
96.0000, 140.0000, -3.328e-9
98.0000, 140.0000, -3.326e-9
100.0000, 140.0000, -3.323e-9
102.0000, 140.0000, -3.325e-9
104.0000, 140.0000, -3.325e-9
106.0000, 140.0000, -3.324e-9
108.0000, 140.0000, -3.326e-9
110.0000, 140.0000, -3.329e-9
112.0000, 140.0000, -3.328e-9
114.0000, 140.0000, -3.325e-9
116.0000, 140.0000, -3.326e-9
118.0000, 140.0000, -3.327e-9
120.0000, 140.0000, -3.326e-9
122.0000, 140.0000, -3.326e-9
124.0000, 140.0000, -3.327e-9
126.0000, 140.0000, -3.326e-9
128.0000, 140.0000, -3.323e-9
130.0000, 140.0000, -3.321e-9
132.0000, 140.0000, -3.319e-9
134.0000, 140.0000, -3.318e-9
136.0000, 140.0000, -3.315e-9
138.0000, 140.0000, -3.314e-9
140.0000, 140.0000, -3.314e-9
142.0000, 140.0000, -3.314e-9
144.0000, 140.0000, -3.314e-9
146.0000, 140.0000, -3.315e-9
148.0000, 140.0000, -3.317e-9
150.0000, 140.0000, -3.316e-9
152.0000, 140.0000, -3.317e-9
154.0000, 140.0000, -3.319e-9
156.0000, 140.0000, -3.321e-9
158.0000, 140.0000, -3.322e-9
160.0000, 140.0000, -3.326e-9
162.0000, 140.0000, -3.330e-9
164.0000, 140.0000, -3.333e-9
166.0000, 140.0000, -3.338e-9
168.0000, 140.0000, -3.342e-9
170.0000, 140.0000, -3.348e-9
172.0000, 140.0000, -3.355e-9
174.0000, 140.0000, -3.363e-9
176.0000, 140.0000, -3.371e-9
178.0000, 140.0000, -3.377e-9
180.0000, 140.0000, -3.383e-9
182.0000, 140.0000, -3.391e-9
184.0000, 140.0000, -3.398e-9
186.0000, 140.0000, -3.404e-9
188.0000, 140.0000, -3.409e-9
190.0000, 140.0000, -3.417e-9
192.0000, 140.0000, -3.424e-9
194.0000, 140.0000, -3.431e-9
196.0000, 140.0000, -3.439e-9
198.0000, 140.0000, -3.449e-9
200.0000, 140.0000, -3.457e-9
202.0000, 140.0000, -3.463e-9
204.0000, 140.0000, -3.469e-9
206.0000, 140.0000, -3.478e-9
208.0000, 140.0000, -3.485e-9
210.0000, 140.0000, -3.493e-9
212.0000, 140.0000, -3.502e-9
214.0000, 140.0000, -3.509e-9
216.0000, 140.0000, -3.515e-9
218.0000, 140.0000, -3.520e-9
220.0000, 140.0000, -3.526e-9
222.0000, 140.0000, -3.533e-9
224.0000, 140.0000, -3.543e-9
226.0000, 140.0000, -3.553e-9
228.0000, 140.0000, -3.563e-9
230.0000, 140.0000, -3.573e-9
232.0000, 140.0000, -3.584e-9
234.0000, 140.0000, -3.594e-9
236.0000, 140.0000, -3.605e-9
238.0000, 140.0000, -3.613e-9
240.0000, 140.0000, -3.619e-9
242.0000, 140.0000, -3.629e-9
244.0000, 140.0000, -3.644e-9
246.0000, 140.0000, -3.657e-9
248.0000, 140.0000, -3.664e-9
0.0000, 142.0000, -4.333e-9
2.0000, 142.0000, -4.228e-9
4.0000, 142.0000, -4.167e-9
6.0000, 142.0000, -4.090e-9
8.0000, 142.0000, -3.982e-9
10.0000, 142.0000, -3.899e-9
12.0000, 142.0000, -3.857e-9
14.0000, 142.0000, -3.811e-9
16.0000, 142.0000, -3.743e-9
18.0000, 142.0000, -3.698e-9
20.0000, 142.0000, -3.681e-9
22.0000, 142.0000, -3.648e-9
24.0000, 142.0000, -3.602e-9
26.0000, 142.0000, -3.582e-9
28.0000, 142.0000, -3.577e-9
30.0000, 142.0000, -3.555e-9
32.0000, 142.0000, -3.526e-9
34.0000, 142.0000, -3.514e-9
36.0000, 142.0000, -3.501e-9
38.0000, 142.0000, -3.476e-9
40.0000, 142.0000, -3.464e-9
42.0000, 142.0000, -3.458e-9
44.0000, 142.0000, -3.444e-9
46.0000, 142.0000, -3.430e-9
48.0000, 142.0000, -3.424e-9
50.0000, 142.0000, -3.420e-9
52.0000, 142.0000, -3.408e-9
54.0000, 142.0000, -3.398e-9
56.0000, 142.0000, -3.397e-9
58.0000, 142.0000, -3.394e-9
60.0000, 142.0000, -3.382e-9
62.0000, 142.0000, -3.374e-9
64.0000, 142.0000, -3.376e-9
66.0000, 142.0000, -3.369e-9
68.0000, 142.0000, -3.357e-9
70.0000, 142.0000, -3.353e-9
72.0000, 142.0000, -3.352e-9
74.0000, 142.0000, -3.342e-9
76.0000, 142.0000, -3.333e-9
78.0000, 142.0000, -3.333e-9
80.0000, 142.0000, -3.331e-9
82.0000, 142.0000, -3.327e-9
84.0000, 142.0000, -3.326e-9
86.0000, 142.0000, -3.327e-9
88.0000, 142.0000, -3.325e-9
90.0000, 142.0000, -3.321e-9
92.0000, 142.0000, -3.322e-9
94.0000, 142.0000, -3.322e-9
96.0000, 142.0000, -3.320e-9
98.0000, 142.0000, -3.321e-9
100.0000, 142.0000, -3.322e-9
102.0000, 142.0000, -3.322e-9
104.0000, 142.0000, -3.319e-9
106.0000, 142.0000, -3.319e-9
108.0000, 142.0000, -3.323e-9
110.0000, 142.0000, -3.326e-9
112.0000, 142.0000, -3.327e-9
114.0000, 142.0000, -3.324e-9
116.0000, 142.0000, -3.324e-9
118.0000, 142.0000, -3.326e-9
120.0000, 142.0000, -3.325e-9
122.0000, 142.0000, -3.322e-9
124.0000, 142.0000, -3.322e-9
126.0000, 142.0000, -3.319e-9
128.0000, 142.0000, -3.311e-9
130.0000, 142.0000, -3.308e-9
132.0000, 142.0000, -3.309e-9
134.0000, 142.0000, -3.308e-9
136.0000, 142.0000, -3.307e-9
138.0000, 142.0000, -3.308e-9
140.0000, 142.0000, -3.308e-9
142.0000, 142.0000, -3.307e-9
144.0000, 142.0000, -3.307e-9
146.0000, 142.0000, -3.309e-9
148.0000, 142.0000, -3.312e-9
150.0000, 142.0000, -3.311e-9
152.0000, 142.0000, -3.313e-9
154.0000, 142.0000, -3.319e-9
156.0000, 142.0000, -3.321e-9
158.0000, 142.0000, -3.320e-9
160.0000, 142.0000, -3.325e-9
162.0000, 142.0000, -3.330e-9
164.0000, 142.0000, -3.333e-9
166.0000, 142.0000, -3.337e-9
168.0000, 142.0000, -3.343e-9
170.0000, 142.0000, -3.347e-9
172.0000, 142.0000, -3.352e-9
174.0000, 142.0000, -3.361e-9
176.0000, 142.0000, -3.368e-9
178.0000, 142.0000, -3.370e-9
180.0000, 142.0000, -3.374e-9
182.0000, 142.0000, -3.384e-9
184.0000, 142.0000, -3.393e-9
186.0000, 142.0000, -3.397e-9
188.0000, 142.0000, -3.404e-9
190.0000, 142.0000, -3.411e-9
192.0000, 142.0000, -3.417e-9
194.0000, 142.0000, -3.424e-9
196.0000, 142.0000, -3.433e-9
198.0000, 142.0000, -3.443e-9
200.0000, 142.0000, -3.453e-9
202.0000, 142.0000, -3.461e-9
204.0000, 142.0000, -3.467e-9
206.0000, 142.0000, -3.473e-9
208.0000, 142.0000, -3.482e-9
210.0000, 142.0000, -3.490e-9
212.0000, 142.0000, -3.497e-9
214.0000, 142.0000, -3.503e-9
216.0000, 142.0000, -3.510e-9
218.0000, 142.0000, -3.516e-9
220.0000, 142.0000, -3.520e-9
222.0000, 142.0000, -3.529e-9
224.0000, 142.0000, -3.536e-9
226.0000, 142.0000, -3.542e-9
228.0000, 142.0000, -3.552e-9
230.0000, 142.0000, -3.564e-9
232.0000, 142.0000, -3.573e-9
234.0000, 142.0000, -3.581e-9
236.0000, 142.0000, -3.595e-9
238.0000, 142.0000, -3.606e-9
240.0000, 142.0000, -3.606e-9
242.0000, 142.0000, -3.611e-9
244.0000, 142.0000, -3.627e-9
246.0000, 142.0000, -3.644e-9
248.0000, 142.0000, -3.652e-9
0.0000, 144.0000, -4.244e-9
2.0000, 144.0000, -4.171e-9
4.0000, 144.0000, -4.093e-9
6.0000, 144.0000, -3.994e-9
8.0000, 144.0000, -3.905e-9
10.0000, 144.0000, -3.852e-9
12.0000, 144.0000, -3.807e-9
14.0000, 144.0000, -3.746e-9
16.0000, 144.0000, -3.698e-9
18.0000, 144.0000, -3.674e-9
20.0000, 144.0000, -3.643e-9
22.0000, 144.0000, -3.604e-9
24.0000, 144.0000, -3.579e-9
26.0000, 144.0000, -3.568e-9
28.0000, 144.0000, -3.549e-9
30.0000, 144.0000, -3.528e-9
32.0000, 144.0000, -3.520e-9
34.0000, 144.0000, -3.511e-9
36.0000, 144.0000, -3.492e-9
38.0000, 144.0000, -3.471e-9
40.0000, 144.0000, -3.461e-9
42.0000, 144.0000, -3.452e-9
44.0000, 144.0000, -3.440e-9
46.0000, 144.0000, -3.432e-9
48.0000, 144.0000, -3.424e-9
50.0000, 144.0000, -3.412e-9
52.0000, 144.0000, -3.405e-9
54.0000, 144.0000, -3.402e-9
56.0000, 144.0000, -3.394e-9
58.0000, 144.0000, -3.388e-9
60.0000, 144.0000, -3.386e-9
62.0000, 144.0000, -3.381e-9
64.0000, 144.0000, -3.373e-9
66.0000, 144.0000, -3.369e-9
68.0000, 144.0000, -3.363e-9
70.0000, 144.0000, -3.357e-9
72.0000, 144.0000, -3.351e-9
74.0000, 144.0000, -3.348e-9
76.0000, 144.0000, -3.347e-9
78.0000, 144.0000, -3.343e-9
80.0000, 144.0000, -3.337e-9
82.0000, 144.0000, -3.337e-9
84.0000, 144.0000, -3.338e-9
86.0000, 144.0000, -3.336e-9
88.0000, 144.0000, -3.332e-9
90.0000, 144.0000, -3.330e-9
92.0000, 144.0000, -3.332e-9
94.0000, 144.0000, -3.334e-9
96.0000, 144.0000, -3.332e-9
98.0000, 144.0000, -3.328e-9
100.0000, 144.0000, -3.327e-9
102.0000, 144.0000, -3.328e-9
104.0000, 144.0000, -3.328e-9
106.0000, 144.0000, -3.328e-9
108.0000, 144.0000, -3.327e-9
110.0000, 144.0000, -3.326e-9
112.0000, 144.0000, -3.327e-9
114.0000, 144.0000, -3.329e-9
116.0000, 144.0000, -3.329e-9
118.0000, 144.0000, -3.326e-9
120.0000, 144.0000, -3.323e-9
122.0000, 144.0000, -3.320e-9
124.0000, 144.0000, -3.318e-9
126.0000, 144.0000, -3.316e-9
128.0000, 144.0000, -3.314e-9
130.0000, 144.0000, -3.311e-9
132.0000, 144.0000, -3.311e-9
134.0000, 144.0000, -3.311e-9
136.0000, 144.0000, -3.308e-9
138.0000, 144.0000, -3.307e-9
140.0000, 144.0000, -3.309e-9
142.0000, 144.0000, -3.308e-9
144.0000, 144.0000, -3.307e-9
146.0000, 144.0000, -3.310e-9
148.0000, 144.0000, -3.313e-9
150.0000, 144.0000, -3.312e-9
152.0000, 144.0000, -3.313e-9
154.0000, 144.0000, -3.320e-9
156.0000, 144.0000, -3.322e-9
158.0000, 144.0000, -3.322e-9
160.0000, 144.0000, -3.328e-9
162.0000, 144.0000, -3.333e-9
164.0000, 144.0000, -3.333e-9
166.0000, 144.0000, -3.339e-9
168.0000, 144.0000, -3.349e-9
170.0000, 144.0000, -3.351e-9
172.0000, 144.0000, -3.352e-9
174.0000, 144.0000, -3.360e-9
176.0000, 144.0000, -3.370e-9
178.0000, 144.0000, -3.373e-9
180.0000, 144.0000, -3.376e-9
182.0000, 144.0000, -3.385e-9
184.0000, 144.0000, -3.394e-9
186.0000, 144.0000, -3.398e-9
188.0000, 144.0000, -3.405e-9
190.0000, 144.0000, -3.416e-9
192.0000, 144.0000, -3.424e-9
194.0000, 144.0000, -3.429e-9
196.0000, 144.0000, -3.437e-9
198.0000, 144.0000, -3.447e-9
200.0000, 144.0000, -3.451e-9
202.0000, 144.0000, -3.455e-9
204.0000, 144.0000, -3.466e-9
206.0000, 144.0000, -3.478e-9
208.0000, 144.0000, -3.485e-9
210.0000, 144.0000, -3.490e-9
212.0000, 144.0000, -3.499e-9
214.0000, 144.0000, -3.506e-9
216.0000, 144.0000, -3.508e-9
218.0000, 144.0000, -3.511e-9
220.0000, 144.0000, -3.518e-9
222.0000, 144.0000, -3.525e-9
224.0000, 144.0000, -3.529e-9
226.0000, 144.0000, -3.540e-9
228.0000, 144.0000, -3.554e-9
230.0000, 144.0000, -3.559e-9
232.0000, 144.0000, -3.562e-9
234.0000, 144.0000, -3.571e-9
236.0000, 144.0000, -3.581e-9
238.0000, 144.0000, -3.589e-9
240.0000, 144.0000, -3.600e-9
242.0000, 144.0000, -3.613e-9
244.0000, 144.0000, -3.621e-9
246.0000, 144.0000, -3.626e-9
248.0000, 144.0000, -3.635e-9
0.0000, 146.0000, -4.219e-9
2.0000, 146.0000, -4.153e-9
4.0000, 146.0000, -4.069e-9
6.0000, 146.0000, -3.970e-9
8.0000, 146.0000, -3.897e-9
10.0000, 146.0000, -3.852e-9
12.0000, 146.0000, -3.798e-9
14.0000, 146.0000, -3.736e-9
16.0000, 146.0000, -3.698e-9
18.0000, 146.0000, -3.673e-9
20.0000, 146.0000, -3.636e-9
22.0000, 146.0000, -3.601e-9
24.0000, 146.0000, -3.585e-9
26.0000, 146.0000, -3.570e-9
28.0000, 146.0000, -3.544e-9
30.0000, 146.0000, -3.528e-9
32.0000, 146.0000, -3.524e-9
34.0000, 146.0000, -3.505e-9
36.0000, 146.0000, -3.481e-9
38.0000, 146.0000, -3.474e-9
40.0000, 146.0000, -3.470e-9
42.0000, 146.0000, -3.455e-9
44.0000, 146.0000, -3.443e-9
46.0000, 146.0000, -3.440e-9
48.0000, 146.0000, -3.434e-9
50.0000, 146.0000, -3.423e-9
52.0000, 146.0000, -3.417e-9
54.0000, 146.0000, -3.414e-9
56.0000, 146.0000, -3.407e-9
58.0000, 146.0000, -3.398e-9
60.0000, 146.0000, -3.394e-9
62.0000, 146.0000, -3.389e-9
64.0000, 146.0000, -3.379e-9
66.0000, 146.0000, -3.371e-9
68.0000, 146.0000, -3.367e-9
70.0000, 146.0000, -3.362e-9
72.0000, 146.0000, -3.359e-9
74.0000, 146.0000, -3.357e-9
76.0000, 146.0000, -3.352e-9
78.0000, 146.0000, -3.348e-9
80.0000, 146.0000, -3.346e-9
82.0000, 146.0000, -3.344e-9
84.0000, 146.0000, -3.340e-9
86.0000, 146.0000, -3.338e-9
88.0000, 146.0000, -3.337e-9
90.0000, 146.0000, -3.335e-9
92.0000, 146.0000, -3.336e-9
94.0000, 146.0000, -3.337e-9
96.0000, 146.0000, -3.335e-9
98.0000, 146.0000, -3.332e-9
100.0000, 146.0000, -3.334e-9
102.0000, 146.0000, -3.339e-9
104.0000, 146.0000, -3.337e-9
106.0000, 146.0000, -3.335e-9
108.0000, 146.0000, -3.335e-9
110.0000, 146.0000, -3.334e-9
112.0000, 146.0000, -3.332e-9
114.0000, 146.0000, -3.329e-9
116.0000, 146.0000, -3.328e-9
118.0000, 146.0000, -3.326e-9
120.0000, 146.0000, -3.322e-9
122.0000, 146.0000, -3.320e-9
124.0000, 146.0000, -3.320e-9
126.0000, 146.0000, -3.318e-9
128.0000, 146.0000, -3.315e-9
130.0000, 146.0000, -3.315e-9
132.0000, 146.0000, -3.315e-9
134.0000, 146.0000, -3.313e-9
136.0000, 146.0000, -3.312e-9
138.0000, 146.0000, -3.313e-9
140.0000, 146.0000, -3.312e-9
142.0000, 146.0000, -3.310e-9
144.0000, 146.0000, -3.311e-9
146.0000, 146.0000, -3.312e-9
148.0000, 146.0000, -3.311e-9
150.0000, 146.0000, -3.314e-9
152.0000, 146.0000, -3.320e-9
154.0000, 146.0000, -3.324e-9
156.0000, 146.0000, -3.323e-9
158.0000, 146.0000, -3.318e-9
160.0000, 146.0000, -3.319e-9
162.0000, 146.0000, -3.324e-9
164.0000, 146.0000, -3.329e-9
166.0000, 146.0000, -3.334e-9
168.0000, 146.0000, -3.340e-9
170.0000, 146.0000, -3.346e-9
172.0000, 146.0000, -3.351e-9
174.0000, 146.0000, -3.356e-9
176.0000, 146.0000, -3.362e-9
178.0000, 146.0000, -3.367e-9
180.0000, 146.0000, -3.374e-9
182.0000, 146.0000, -3.381e-9
184.0000, 146.0000, -3.388e-9
186.0000, 146.0000, -3.398e-9
188.0000, 146.0000, -3.409e-9
190.0000, 146.0000, -3.417e-9
192.0000, 146.0000, -3.423e-9
194.0000, 146.0000, -3.430e-9
196.0000, 146.0000, -3.437e-9
198.0000, 146.0000, -3.443e-9
200.0000, 146.0000, -3.448e-9
202.0000, 146.0000, -3.458e-9
204.0000, 146.0000, -3.467e-9
206.0000, 146.0000, -3.473e-9
208.0000, 146.0000, -3.478e-9
210.0000, 146.0000, -3.482e-9
212.0000, 146.0000, -3.487e-9
214.0000, 146.0000, -3.492e-9
216.0000, 146.0000, -3.498e-9
218.0000, 146.0000, -3.504e-9
220.0000, 146.0000, -3.511e-9
222.0000, 146.0000, -3.518e-9
224.0000, 146.0000, -3.525e-9
226.0000, 146.0000, -3.533e-9
228.0000, 146.0000, -3.542e-9
230.0000, 146.0000, -3.551e-9
232.0000, 146.0000, -3.560e-9
234.0000, 146.0000, -3.572e-9
236.0000, 146.0000, -3.585e-9
238.0000, 146.0000, -3.593e-9
240.0000, 146.0000, -3.597e-9
242.0000, 146.0000, -3.605e-9
244.0000, 146.0000, -3.615e-9
246.0000, 146.0000, -3.622e-9
248.0000, 146.0000, -3.631e-9
0.0000, 148.0000, -4.206e-9
2.0000, 148.0000, -4.134e-9
4.0000, 148.0000, -4.053e-9
6.0000, 148.0000, -3.959e-9
8.0000, 148.0000, -3.883e-9
10.0000, 148.0000, -3.832e-9
12.0000, 148.0000, -3.782e-9
14.0000, 148.0000, -3.727e-9
16.0000, 148.0000, -3.687e-9
18.0000, 148.0000, -3.660e-9
20.0000, 148.0000, -3.625e-9
22.0000, 148.0000, -3.590e-9
24.0000, 148.0000, -3.575e-9
26.0000, 148.0000, -3.565e-9
28.0000, 148.0000, -3.542e-9
30.0000, 148.0000, -3.522e-9
32.0000, 148.0000, -3.513e-9
34.0000, 148.0000, -3.496e-9
36.0000, 148.0000, -3.472e-9
38.0000, 148.0000, -3.460e-9
40.0000, 148.0000, -3.456e-9
42.0000, 148.0000, -3.444e-9
44.0000, 148.0000, -3.432e-9
46.0000, 148.0000, -3.425e-9
48.0000, 148.0000, -3.418e-9
50.0000, 148.0000, -3.410e-9
52.0000, 148.0000, -3.406e-9
54.0000, 148.0000, -3.401e-9
56.0000, 148.0000, -3.392e-9
58.0000, 148.0000, -3.387e-9
60.0000, 148.0000, -3.386e-9
62.0000, 148.0000, -3.379e-9
64.0000, 148.0000, -3.367e-9
66.0000, 148.0000, -3.362e-9
68.0000, 148.0000, -3.360e-9
70.0000, 148.0000, -3.353e-9
72.0000, 148.0000, -3.345e-9
74.0000, 148.0000, -3.347e-9
76.0000, 148.0000, -3.348e-9
78.0000, 148.0000, -3.342e-9
80.0000, 148.0000, -3.337e-9
82.0000, 148.0000, -3.340e-9
84.0000, 148.0000, -3.338e-9
86.0000, 148.0000, -3.330e-9
88.0000, 148.0000, -3.331e-9
90.0000, 148.0000, -3.337e-9
92.0000, 148.0000, -3.335e-9
94.0000, 148.0000, -3.330e-9
96.0000, 148.0000, -3.333e-9
98.0000, 148.0000, -3.334e-9
100.0000, 148.0000, -3.327e-9
102.0000, 148.0000, -3.329e-9
104.0000, 148.0000, -3.336e-9
106.0000, 148.0000, -3.335e-9
108.0000, 148.0000, -3.329e-9
110.0000, 148.0000, -3.330e-9
112.0000, 148.0000, -3.331e-9
114.0000, 148.0000, -3.326e-9
116.0000, 148.0000, -3.322e-9
118.0000, 148.0000, -3.322e-9
120.0000, 148.0000, -3.318e-9
122.0000, 148.0000, -3.315e-9
124.0000, 148.0000, -3.314e-9
126.0000, 148.0000, -3.313e-9
128.0000, 148.0000, -3.312e-9
130.0000, 148.0000, -3.309e-9
132.0000, 148.0000, -3.310e-9
134.0000, 148.0000, -3.313e-9
136.0000, 148.0000, -3.312e-9
138.0000, 148.0000, -3.308e-9
140.0000, 148.0000, -3.306e-9
142.0000, 148.0000, -3.303e-9
144.0000, 148.0000, -3.301e-9
146.0000, 148.0000, -3.305e-9
148.0000, 148.0000, -3.307e-9
150.0000, 148.0000, -3.305e-9
152.0000, 148.0000, -3.309e-9
154.0000, 148.0000, -3.316e-9
156.0000, 148.0000, -3.318e-9
158.0000, 148.0000, -3.318e-9
160.0000, 148.0000, -3.322e-9
162.0000, 148.0000, -3.327e-9
164.0000, 148.0000, -3.328e-9
166.0000, 148.0000, -3.333e-9
168.0000, 148.0000, -3.340e-9
170.0000, 148.0000, -3.345e-9
172.0000, 148.0000, -3.348e-9
174.0000, 148.0000, -3.354e-9
176.0000, 148.0000, -3.362e-9
178.0000, 148.0000, -3.368e-9
180.0000, 148.0000, -3.373e-9
182.0000, 148.0000, -3.379e-9
184.0000, 148.0000, -3.387e-9
186.0000, 148.0000, -3.394e-9
188.0000, 148.0000, -3.403e-9
190.0000, 148.0000, -3.411e-9
192.0000, 148.0000, -3.418e-9
194.0000, 148.0000, -3.426e-9
196.0000, 148.0000, -3.434e-9
198.0000, 148.0000, -3.438e-9
200.0000, 148.0000, -3.441e-9
202.0000, 148.0000, -3.452e-9
204.0000, 148.0000, -3.463e-9
206.0000, 148.0000, -3.470e-9
208.0000, 148.0000, -3.476e-9
210.0000, 148.0000, -3.484e-9
212.0000, 148.0000, -3.489e-9
214.0000, 148.0000, -3.491e-9
216.0000, 148.0000, -3.496e-9
218.0000, 148.0000, -3.503e-9
220.0000, 148.0000, -3.510e-9
222.0000, 148.0000, -3.517e-9
224.0000, 148.0000, -3.528e-9
226.0000, 148.0000, -3.533e-9
228.0000, 148.0000, -3.537e-9
230.0000, 148.0000, -3.547e-9
232.0000, 148.0000, -3.562e-9
234.0000, 148.0000, -3.574e-9
236.0000, 148.0000, -3.585e-9
238.0000, 148.0000, -3.598e-9
240.0000, 148.0000, -3.606e-9
242.0000, 148.0000, -3.610e-9
244.0000, 148.0000, -3.617e-9
246.0000, 148.0000, -3.627e-9
248.0000, 148.0000, -3.636e-9
0.0000, 150.0000, -4.309e-9
2.0000, 150.0000, -4.208e-9
4.0000, 150.0000, -4.143e-9
6.0000, 150.0000, -4.064e-9
8.0000, 150.0000, -3.961e-9
10.0000, 150.0000, -3.884e-9
12.0000, 150.0000, -3.845e-9
14.0000, 150.0000, -3.799e-9
16.0000, 150.0000, -3.734e-9
18.0000, 150.0000, -3.691e-9
20.0000, 150.0000, -3.672e-9
22.0000, 150.0000, -3.635e-9
24.0000, 150.0000, -3.588e-9
26.0000, 150.0000, -3.570e-9
28.0000, 150.0000, -3.563e-9
30.0000, 150.0000, -3.536e-9
32.0000, 150.0000, -3.512e-9
34.0000, 150.0000, -3.507e-9
36.0000, 150.0000, -3.496e-9
38.0000, 150.0000, -3.470e-9
40.0000, 150.0000, -3.454e-9
42.0000, 150.0000, -3.453e-9
44.0000, 150.0000, -3.444e-9
46.0000, 150.0000, -3.426e-9
48.0000, 150.0000, -3.417e-9
50.0000, 150.0000, -3.413e-9
52.0000, 150.0000, -3.403e-9
54.0000, 150.0000, -3.396e-9
56.0000, 150.0000, -3.395e-9
58.0000, 150.0000, -3.388e-9
60.0000, 150.0000, -3.376e-9
62.0000, 150.0000, -3.373e-9
64.0000, 150.0000, -3.370e-9
66.0000, 150.0000, -3.357e-9
68.0000, 150.0000, -3.349e-9
70.0000, 150.0000, -3.353e-9
72.0000, 150.0000, -3.350e-9
74.0000, 150.0000, -3.340e-9
76.0000, 150.0000, -3.338e-9
78.0000, 150.0000, -3.343e-9
80.0000, 150.0000, -3.339e-9
82.0000, 150.0000, -3.330e-9
84.0000, 150.0000, -3.331e-9
86.0000, 150.0000, -3.334e-9
88.0000, 150.0000, -3.326e-9
90.0000, 150.0000, -3.321e-9
92.0000, 150.0000, -3.324e-9
94.0000, 150.0000, -3.323e-9
96.0000, 150.0000, -3.316e-9
98.0000, 150.0000, -3.319e-9
100.0000, 150.0000, -3.324e-9
102.0000, 150.0000, -3.319e-9
104.0000, 150.0000, -3.315e-9
106.0000, 150.0000, -3.322e-9
108.0000, 150.0000, -3.327e-9
110.0000, 150.0000, -3.321e-9
112.0000, 150.0000, -3.317e-9
114.0000, 150.0000, -3.316e-9
116.0000, 150.0000, -3.315e-9
118.0000, 150.0000, -3.312e-9
120.0000, 150.0000, -3.312e-9
122.0000, 150.0000, -3.311e-9
124.0000, 150.0000, -3.309e-9
126.0000, 150.0000, -3.306e-9
128.0000, 150.0000, -3.304e-9
130.0000, 150.0000, -3.304e-9
132.0000, 150.0000, -3.303e-9
134.0000, 150.0000, -3.302e-9
136.0000, 150.0000, -3.302e-9
138.0000, 150.0000, -3.301e-9
140.0000, 150.0000, -3.300e-9
142.0000, 150.0000, -3.299e-9
144.0000, 150.0000, -3.302e-9
146.0000, 150.0000, -3.305e-9
148.0000, 150.0000, -3.305e-9
150.0000, 150.0000, -3.305e-9
152.0000, 150.0000, -3.305e-9
154.0000, 150.0000, -3.308e-9
156.0000, 150.0000, -3.312e-9
158.0000, 150.0000, -3.316e-9
160.0000, 150.0000, -3.318e-9
162.0000, 150.0000, -3.322e-9
164.0000, 150.0000, -3.328e-9
166.0000, 150.0000, -3.333e-9
168.0000, 150.0000, -3.336e-9
170.0000, 150.0000, -3.342e-9
172.0000, 150.0000, -3.349e-9
174.0000, 150.0000, -3.354e-9
176.0000, 150.0000, -3.359e-9
178.0000, 150.0000, -3.365e-9
180.0000, 150.0000, -3.373e-9
182.0000, 150.0000, -3.382e-9
184.0000, 150.0000, -3.389e-9
186.0000, 150.0000, -3.396e-9
188.0000, 150.0000, -3.402e-9
190.0000, 150.0000, -3.410e-9
192.0000, 150.0000, -3.420e-9
194.0000, 150.0000, -3.426e-9
196.0000, 150.0000, -3.432e-9
198.0000, 150.0000, -3.441e-9
200.0000, 150.0000, -3.448e-9
202.0000, 150.0000, -3.453e-9
204.0000, 150.0000, -3.461e-9
206.0000, 150.0000, -3.472e-9
208.0000, 150.0000, -3.482e-9
210.0000, 150.0000, -3.487e-9
212.0000, 150.0000, -3.493e-9
214.0000, 150.0000, -3.501e-9
216.0000, 150.0000, -3.508e-9
218.0000, 150.0000, -3.512e-9
220.0000, 150.0000, -3.517e-9
222.0000, 150.0000, -3.521e-9
224.0000, 150.0000, -3.528e-9
226.0000, 150.0000, -3.536e-9
228.0000, 150.0000, -3.544e-9
230.0000, 150.0000, -3.551e-9
232.0000, 150.0000, -3.562e-9
234.0000, 150.0000, -3.574e-9
236.0000, 150.0000, -3.581e-9
238.0000, 150.0000, -3.586e-9
240.0000, 150.0000, -3.595e-9
242.0000, 150.0000, -3.607e-9
244.0000, 150.0000, -3.618e-9
246.0000, 150.0000, -3.629e-9
248.0000, 150.0000, -3.638e-9
0.0000, 152.0000, -4.219e-9
2.0000, 152.0000, -4.143e-9
4.0000, 152.0000, -4.067e-9
6.0000, 152.0000, -3.975e-9
8.0000, 152.0000, -3.890e-9
10.0000, 152.0000, -3.837e-9
12.0000, 152.0000, -3.794e-9
14.0000, 152.0000, -3.737e-9
16.0000, 152.0000, -3.688e-9
18.0000, 152.0000, -3.660e-9
20.0000, 152.0000, -3.635e-9
22.0000, 152.0000, -3.606e-9
24.0000, 152.0000, -3.585e-9
26.0000, 152.0000, -3.567e-9
28.0000, 152.0000, -3.546e-9
30.0000, 152.0000, -3.523e-9
32.0000, 152.0000, -3.503e-9
34.0000, 152.0000, -3.490e-9
36.0000, 152.0000, -3.482e-9
38.0000, 152.0000, -3.471e-9
40.0000, 152.0000, -3.460e-9
42.0000, 152.0000, -3.449e-9
44.0000, 152.0000, -3.436e-9
46.0000, 152.0000, -3.427e-9
48.0000, 152.0000, -3.424e-9
50.0000, 152.0000, -3.417e-9
52.0000, 152.0000, -3.406e-9
54.0000, 152.0000, -3.401e-9
56.0000, 152.0000, -3.398e-9
58.0000, 152.0000, -3.391e-9
60.0000, 152.0000, -3.383e-9
62.0000, 152.0000, -3.377e-9
64.0000, 152.0000, -3.373e-9
66.0000, 152.0000, -3.367e-9
68.0000, 152.0000, -3.361e-9
70.0000, 152.0000, -3.358e-9
72.0000, 152.0000, -3.354e-9
74.0000, 152.0000, -3.349e-9
76.0000, 152.0000, -3.349e-9
78.0000, 152.0000, -3.350e-9
80.0000, 152.0000, -3.345e-9
82.0000, 152.0000, -3.339e-9
84.0000, 152.0000, -3.339e-9
86.0000, 152.0000, -3.338e-9
88.0000, 152.0000, -3.335e-9
90.0000, 152.0000, -3.336e-9
92.0000, 152.0000, -3.339e-9
94.0000, 152.0000, -3.334e-9
96.0000, 152.0000, -3.332e-9
98.0000, 152.0000, -3.336e-9
100.0000, 152.0000, -3.337e-9
102.0000, 152.0000, -3.335e-9
104.0000, 152.0000, -3.334e-9
106.0000, 152.0000, -3.336e-9
108.0000, 152.0000, -3.331e-9
110.0000, 152.0000, -3.327e-9
112.0000, 152.0000, -3.330e-9
114.0000, 152.0000, -3.331e-9
116.0000, 152.0000, -3.324e-9
118.0000, 152.0000, -3.319e-9
120.0000, 152.0000, -3.318e-9
122.0000, 152.0000, -3.315e-9
124.0000, 152.0000, -3.312e-9
126.0000, 152.0000, -3.312e-9
128.0000, 152.0000, -3.313e-9
130.0000, 152.0000, -3.311e-9
132.0000, 152.0000, -3.309e-9
134.0000, 152.0000, -3.311e-9
136.0000, 152.0000, -3.311e-9
138.0000, 152.0000, -3.310e-9
140.0000, 152.0000, -3.309e-9
142.0000, 152.0000, -3.309e-9
144.0000, 152.0000, -3.308e-9
146.0000, 152.0000, -3.308e-9
148.0000, 152.0000, -3.311e-9
150.0000, 152.0000, -3.313e-9
152.0000, 152.0000, -3.314e-9
154.0000, 152.0000, -3.318e-9
156.0000, 152.0000, -3.322e-9
158.0000, 152.0000, -3.322e-9
160.0000, 152.0000, -3.323e-9
162.0000, 152.0000, -3.331e-9
164.0000, 152.0000, -3.337e-9
166.0000, 152.0000, -3.340e-9
168.0000, 152.0000, -3.343e-9
170.0000, 152.0000, -3.349e-9
172.0000, 152.0000, -3.352e-9
174.0000, 152.0000, -3.356e-9
176.0000, 152.0000, -3.366e-9
178.0000, 152.0000, -3.372e-9
180.0000, 152.0000, -3.376e-9
182.0000, 152.0000, -3.383e-9
184.0000, 152.0000, -3.393e-9
186.0000, 152.0000, -3.402e-9
188.0000, 152.0000, -3.407e-9
190.0000, 152.0000, -3.414e-9
192.0000, 152.0000, -3.421e-9
194.0000, 152.0000, -3.424e-9
196.0000, 152.0000, -3.430e-9
198.0000, 152.0000, -3.437e-9
200.0000, 152.0000, -3.444e-9
202.0000, 152.0000, -3.452e-9
204.0000, 152.0000, -3.460e-9
206.0000, 152.0000, -3.467e-9
208.0000, 152.0000, -3.472e-9
210.0000, 152.0000, -3.477e-9
212.0000, 152.0000, -3.480e-9
214.0000, 152.0000, -3.484e-9
216.0000, 152.0000, -3.490e-9
218.0000, 152.0000, -3.497e-9
220.0000, 152.0000, -3.505e-9
222.0000, 152.0000, -3.514e-9
224.0000, 152.0000, -3.521e-9
226.0000, 152.0000, -3.529e-9
228.0000, 152.0000, -3.536e-9
230.0000, 152.0000, -3.542e-9
232.0000, 152.0000, -3.548e-9
234.0000, 152.0000, -3.559e-9
236.0000, 152.0000, -3.574e-9
238.0000, 152.0000, -3.585e-9
240.0000, 152.0000, -3.590e-9
242.0000, 152.0000, -3.597e-9
244.0000, 152.0000, -3.606e-9
246.0000, 152.0000, -3.613e-9
248.0000, 152.0000, -3.617e-9
0.0000, 154.0000, -4.216e-9
2.0000, 154.0000, -4.152e-9
4.0000, 154.0000, -4.064e-9
6.0000, 154.0000, -3.963e-9
8.0000, 154.0000, -3.894e-9
10.0000, 154.0000, -3.849e-9
12.0000, 154.0000, -3.793e-9
14.0000, 154.0000, -3.733e-9
16.0000, 154.0000, -3.694e-9
18.0000, 154.0000, -3.666e-9
20.0000, 154.0000, -3.624e-9
22.0000, 154.0000, -3.586e-9
24.0000, 154.0000, -3.574e-9
26.0000, 154.0000, -3.562e-9
28.0000, 154.0000, -3.533e-9
30.0000, 154.0000, -3.514e-9
32.0000, 154.0000, -3.510e-9
34.0000, 154.0000, -3.491e-9
36.0000, 154.0000, -3.467e-9
38.0000, 154.0000, -3.458e-9
40.0000, 154.0000, -3.455e-9
42.0000, 154.0000, -3.441e-9
44.0000, 154.0000, -3.429e-9
46.0000, 154.0000, -3.427e-9
48.0000, 154.0000, -3.419e-9
50.0000, 154.0000, -3.404e-9
52.0000, 154.0000, -3.398e-9
54.0000, 154.0000, -3.398e-9
56.0000, 154.0000, -3.391e-9
58.0000, 154.0000, -3.379e-9
60.0000, 154.0000, -3.375e-9
62.0000, 154.0000, -3.375e-9
64.0000, 154.0000, -3.366e-9
66.0000, 154.0000, -3.356e-9
68.0000, 154.0000, -3.356e-9
70.0000, 154.0000, -3.354e-9
72.0000, 154.0000, -3.345e-9
74.0000, 154.0000, -3.343e-9
76.0000, 154.0000, -3.344e-9
78.0000, 154.0000, -3.340e-9
80.0000, 154.0000, -3.335e-9
82.0000, 154.0000, -3.336e-9
84.0000, 154.0000, -3.333e-9
86.0000, 154.0000, -3.327e-9
88.0000, 154.0000, -3.326e-9
90.0000, 154.0000, -3.326e-9
92.0000, 154.0000, -3.325e-9
94.0000, 154.0000, -3.325e-9
96.0000, 154.0000, -3.327e-9
98.0000, 154.0000, -3.326e-9
100.0000, 154.0000, -3.324e-9
102.0000, 154.0000, -3.323e-9
104.0000, 154.0000, -3.324e-9
106.0000, 154.0000, -3.327e-9
108.0000, 154.0000, -3.328e-9
110.0000, 154.0000, -3.324e-9
112.0000, 154.0000, -3.322e-9
114.0000, 154.0000, -3.322e-9
116.0000, 154.0000, -3.320e-9
118.0000, 154.0000, -3.318e-9
120.0000, 154.0000, -3.318e-9
122.0000, 154.0000, -3.317e-9
124.0000, 154.0000, -3.314e-9
126.0000, 154.0000, -3.313e-9
128.0000, 154.0000, -3.313e-9
130.0000, 154.0000, -3.312e-9
132.0000, 154.0000, -3.310e-9
134.0000, 154.0000, -3.308e-9
136.0000, 154.0000, -3.307e-9
138.0000, 154.0000, -3.305e-9
140.0000, 154.0000, -3.304e-9
142.0000, 154.0000, -3.304e-9
144.0000, 154.0000, -3.306e-9
146.0000, 154.0000, -3.309e-9
148.0000, 154.0000, -3.307e-9
150.0000, 154.0000, -3.305e-9
152.0000, 154.0000, -3.306e-9
154.0000, 154.0000, -3.310e-9
156.0000, 154.0000, -3.314e-9
158.0000, 154.0000, -3.317e-9
160.0000, 154.0000, -3.318e-9
162.0000, 154.0000, -3.321e-9
164.0000, 154.0000, -3.327e-9
166.0000, 154.0000, -3.333e-9
168.0000, 154.0000, -3.336e-9
170.0000, 154.0000, -3.341e-9
172.0000, 154.0000, -3.349e-9
174.0000, 154.0000, -3.355e-9
176.0000, 154.0000, -3.362e-9
178.0000, 154.0000, -3.369e-9
180.0000, 154.0000, -3.377e-9
182.0000, 154.0000, -3.384e-9
184.0000, 154.0000, -3.390e-9
186.0000, 154.0000, -3.396e-9
188.0000, 154.0000, -3.401e-9
190.0000, 154.0000, -3.406e-9
192.0000, 154.0000, -3.415e-9
194.0000, 154.0000, -3.423e-9
196.0000, 154.0000, -3.429e-9
198.0000, 154.0000, -3.436e-9
200.0000, 154.0000, -3.445e-9
202.0000, 154.0000, -3.452e-9
204.0000, 154.0000, -3.459e-9
206.0000, 154.0000, -3.469e-9
208.0000, 154.0000, -3.479e-9
210.0000, 154.0000, -3.483e-9
212.0000, 154.0000, -3.489e-9
214.0000, 154.0000, -3.496e-9
216.0000, 154.0000, -3.500e-9
218.0000, 154.0000, -3.506e-9
220.0000, 154.0000, -3.515e-9
222.0000, 154.0000, -3.523e-9
224.0000, 154.0000, -3.529e-9
226.0000, 154.0000, -3.535e-9
228.0000, 154.0000, -3.541e-9
230.0000, 154.0000, -3.545e-9
232.0000, 154.0000, -3.552e-9
234.0000, 154.0000, -3.566e-9
236.0000, 154.0000, -3.581e-9
238.0000, 154.0000, -3.590e-9
240.0000, 154.0000, -3.595e-9
242.0000, 154.0000, -3.606e-9
244.0000, 154.0000, -3.616e-9
246.0000, 154.0000, -3.623e-9
248.0000, 154.0000, -3.631e-9
0.0000, 156.0000, -4.203e-9
2.0000, 156.0000, -4.129e-9
4.0000, 156.0000, -4.034e-9
6.0000, 156.0000, -3.945e-9
8.0000, 156.0000, -3.885e-9
10.0000, 156.0000, -3.834e-9
12.0000, 156.0000, -3.771e-9
14.0000, 156.0000, -3.719e-9
16.0000, 156.0000, -3.694e-9
18.0000, 156.0000, -3.669e-9
20.0000, 156.0000, -3.627e-9
22.0000, 156.0000, -3.593e-9
24.0000, 156.0000, -3.575e-9
26.0000, 156.0000, -3.552e-9
28.0000, 156.0000, -3.523e-9
30.0000, 156.0000, -3.506e-9
32.0000, 156.0000, -3.502e-9
34.0000, 156.0000, -3.486e-9
36.0000, 156.0000, -3.464e-9
38.0000, 156.0000, -3.458e-9
40.0000, 156.0000, -3.455e-9
42.0000, 156.0000, -3.437e-9
44.0000, 156.0000, -3.421e-9
46.0000, 156.0000, -3.419e-9
48.0000, 156.0000, -3.415e-9
50.0000, 156.0000, -3.403e-9
52.0000, 156.0000, -3.397e-9
54.0000, 156.0000, -3.394e-9
56.0000, 156.0000, -3.388e-9
58.0000, 156.0000, -3.379e-9
60.0000, 156.0000, -3.374e-9
62.0000, 156.0000, -3.371e-9
64.0000, 156.0000, -3.364e-9
66.0000, 156.0000, -3.358e-9
68.0000, 156.0000, -3.353e-9
70.0000, 156.0000, -3.347e-9
72.0000, 156.0000, -3.342e-9
74.0000, 156.0000, -3.339e-9
76.0000, 156.0000, -3.333e-9
78.0000, 156.0000, -3.328e-9
80.0000, 156.0000, -3.328e-9
82.0000, 156.0000, -3.329e-9
84.0000, 156.0000, -3.325e-9
86.0000, 156.0000, -3.323e-9
88.0000, 156.0000, -3.324e-9
90.0000, 156.0000, -3.323e-9
92.0000, 156.0000, -3.321e-9
94.0000, 156.0000, -3.322e-9
96.0000, 156.0000, -3.323e-9
98.0000, 156.0000, -3.320e-9
100.0000, 156.0000, -3.321e-9
102.0000, 156.0000, -3.323e-9
104.0000, 156.0000, -3.321e-9
106.0000, 156.0000, -3.319e-9
108.0000, 156.0000, -3.323e-9
110.0000, 156.0000, -3.325e-9
112.0000, 156.0000, -3.324e-9
114.0000, 156.0000, -3.323e-9
116.0000, 156.0000, -3.325e-9
118.0000, 156.0000, -3.322e-9
120.0000, 156.0000, -3.318e-9
122.0000, 156.0000, -3.319e-9
124.0000, 156.0000, -3.319e-9
126.0000, 156.0000, -3.316e-9
128.0000, 156.0000, -3.313e-9
130.0000, 156.0000, -3.311e-9
132.0000, 156.0000, -3.309e-9
134.0000, 156.0000, -3.307e-9
136.0000, 156.0000, -3.306e-9
138.0000, 156.0000, -3.305e-9
140.0000, 156.0000, -3.304e-9
142.0000, 156.0000, -3.302e-9
144.0000, 156.0000, -3.301e-9
146.0000, 156.0000, -3.303e-9
148.0000, 156.0000, -3.307e-9
150.0000, 156.0000, -3.308e-9
152.0000, 156.0000, -3.309e-9
154.0000, 156.0000, -3.312e-9
156.0000, 156.0000, -3.315e-9
158.0000, 156.0000, -3.317e-9
160.0000, 156.0000, -3.320e-9
162.0000, 156.0000, -3.324e-9
164.0000, 156.0000, -3.328e-9
166.0000, 156.0000, -3.332e-9
168.0000, 156.0000, -3.336e-9
170.0000, 156.0000, -3.341e-9
172.0000, 156.0000, -3.347e-9
174.0000, 156.0000, -3.353e-9
176.0000, 156.0000, -3.360e-9
178.0000, 156.0000, -3.366e-9
180.0000, 156.0000, -3.371e-9
182.0000, 156.0000, -3.377e-9
184.0000, 156.0000, -3.385e-9
186.0000, 156.0000, -3.392e-9
188.0000, 156.0000, -3.397e-9
190.0000, 156.0000, -3.403e-9
192.0000, 156.0000, -3.411e-9
194.0000, 156.0000, -3.421e-9
196.0000, 156.0000, -3.428e-9
198.0000, 156.0000, -3.437e-9
200.0000, 156.0000, -3.446e-9
202.0000, 156.0000, -3.452e-9
204.0000, 156.0000, -3.457e-9
206.0000, 156.0000, -3.465e-9
208.0000, 156.0000, -3.474e-9
210.0000, 156.0000, -3.482e-9
212.0000, 156.0000, -3.488e-9
214.0000, 156.0000, -3.495e-9
216.0000, 156.0000, -3.501e-9
218.0000, 156.0000, -3.506e-9
220.0000, 156.0000, -3.512e-9
222.0000, 156.0000, -3.524e-9
224.0000, 156.0000, -3.534e-9
226.0000, 156.0000, -3.539e-9
228.0000, 156.0000, -3.545e-9
230.0000, 156.0000, -3.550e-9
232.0000, 156.0000, -3.554e-9
234.0000, 156.0000, -3.561e-9
236.0000, 156.0000, -3.576e-9
238.0000, 156.0000, -3.592e-9
240.0000, 156.0000, -3.599e-9
242.0000, 156.0000, -3.604e-9
244.0000, 156.0000, -3.614e-9
246.0000, 156.0000, -3.623e-9
248.0000, 156.0000, -3.626e-9
0.0000, 158.0000, -4.190e-9
2.0000, 158.0000, -4.119e-9
4.0000, 158.0000, -4.030e-9
6.0000, 158.0000, -3.942e-9
8.0000, 158.0000, -3.879e-9
10.0000, 158.0000, -3.828e-9
12.0000, 158.0000, -3.768e-9
14.0000, 158.0000, -3.715e-9
16.0000, 158.0000, -3.687e-9
18.0000, 158.0000, -3.662e-9
20.0000, 158.0000, -3.624e-9
22.0000, 158.0000, -3.592e-9
24.0000, 158.0000, -3.576e-9
26.0000, 158.0000, -3.552e-9
28.0000, 158.0000, -3.520e-9
30.0000, 158.0000, -3.507e-9
32.0000, 158.0000, -3.505e-9
34.0000, 158.0000, -3.487e-9
36.0000, 158.0000, -3.468e-9
38.0000, 158.0000, -3.464e-9
40.0000, 158.0000, -3.455e-9
42.0000, 158.0000, -3.433e-9
44.0000, 158.0000, -3.423e-9
46.0000, 158.0000, -3.424e-9
48.0000, 158.0000, -3.416e-9
50.0000, 158.0000, -3.399e-9
52.0000, 158.0000, -3.394e-9
54.0000, 158.0000, -3.395e-9
56.0000, 158.0000, -3.387e-9
58.0000, 158.0000, -3.376e-9
60.0000, 158.0000, -3.374e-9
62.0000, 158.0000, -3.373e-9
64.0000, 158.0000, -3.363e-9
66.0000, 158.0000, -3.355e-9
68.0000, 158.0000, -3.353e-9
70.0000, 158.0000, -3.346e-9
72.0000, 158.0000, -3.337e-9
74.0000, 158.0000, -3.335e-9
76.0000, 158.0000, -3.334e-9
78.0000, 158.0000, -3.328e-9
80.0000, 158.0000, -3.324e-9
82.0000, 158.0000, -3.324e-9
84.0000, 158.0000, -3.321e-9
86.0000, 158.0000, -3.316e-9
88.0000, 158.0000, -3.318e-9
90.0000, 158.0000, -3.319e-9
92.0000, 158.0000, -3.316e-9
94.0000, 158.0000, -3.316e-9
96.0000, 158.0000, -3.319e-9
98.0000, 158.0000, -3.319e-9
100.0000, 158.0000, -3.317e-9
102.0000, 158.0000, -3.317e-9
104.0000, 158.0000, -3.317e-9
106.0000, 158.0000, -3.318e-9
108.0000, 158.0000, -3.323e-9
110.0000, 158.0000, -3.323e-9
112.0000, 158.0000, -3.321e-9
114.0000, 158.0000, -3.321e-9
116.0000, 158.0000, -3.322e-9
118.0000, 158.0000, -3.320e-9
120.0000, 158.0000, -3.319e-9
122.0000, 158.0000, -3.319e-9
124.0000, 158.0000, -3.317e-9
126.0000, 158.0000, -3.314e-9
128.0000, 158.0000, -3.313e-9
130.0000, 158.0000, -3.310e-9
132.0000, 158.0000, -3.304e-9
134.0000, 158.0000, -3.300e-9
136.0000, 158.0000, -3.302e-9
138.0000, 158.0000, -3.305e-9
140.0000, 158.0000, -3.306e-9
142.0000, 158.0000, -3.306e-9
144.0000, 158.0000, -3.309e-9
146.0000, 158.0000, -3.312e-9
148.0000, 158.0000, -3.310e-9
150.0000, 158.0000, -3.308e-9
152.0000, 158.0000, -3.310e-9
154.0000, 158.0000, -3.312e-9
156.0000, 158.0000, -3.313e-9
158.0000, 158.0000, -3.316e-9
160.0000, 158.0000, -3.320e-9
162.0000, 158.0000, -3.323e-9
164.0000, 158.0000, -3.327e-9
166.0000, 158.0000, -3.333e-9
168.0000, 158.0000, -3.338e-9
170.0000, 158.0000, -3.344e-9
172.0000, 158.0000, -3.350e-9
174.0000, 158.0000, -3.355e-9
176.0000, 158.0000, -3.360e-9
178.0000, 158.0000, -3.366e-9
180.0000, 158.0000, -3.373e-9
182.0000, 158.0000, -3.380e-9
184.0000, 158.0000, -3.387e-9
186.0000, 158.0000, -3.393e-9
188.0000, 158.0000, -3.398e-9
190.0000, 158.0000, -3.404e-9
192.0000, 158.0000, -3.412e-9
194.0000, 158.0000, -3.421e-9
196.0000, 158.0000, -3.428e-9
198.0000, 158.0000, -3.435e-9
200.0000, 158.0000, -3.443e-9
202.0000, 158.0000, -3.449e-9
204.0000, 158.0000, -3.454e-9
206.0000, 158.0000, -3.463e-9
208.0000, 158.0000, -3.472e-9
210.0000, 158.0000, -3.477e-9
212.0000, 158.0000, -3.483e-9
214.0000, 158.0000, -3.493e-9
216.0000, 158.0000, -3.500e-9
218.0000, 158.0000, -3.501e-9
220.0000, 158.0000, -3.505e-9
222.0000, 158.0000, -3.517e-9
224.0000, 158.0000, -3.528e-9
226.0000, 158.0000, -3.537e-9
228.0000, 158.0000, -3.549e-9
230.0000, 158.0000, -3.561e-9
232.0000, 158.0000, -3.563e-9
234.0000, 158.0000, -3.566e-9
236.0000, 158.0000, -3.575e-9
238.0000, 158.0000, -3.582e-9
240.0000, 158.0000, -3.587e-9
242.0000, 158.0000, -3.599e-9
244.0000, 158.0000, -3.613e-9
246.0000, 158.0000, -3.618e-9
248.0000, 158.0000, -3.620e-9
0.0000, 160.0000, -4.204e-9
2.0000, 160.0000, -4.130e-9
4.0000, 160.0000, -4.053e-9
6.0000, 160.0000, -3.960e-9
8.0000, 160.0000, -3.879e-9
10.0000, 160.0000, -3.829e-9
12.0000, 160.0000, -3.784e-9
14.0000, 160.0000, -3.728e-9
16.0000, 160.0000, -3.683e-9
18.0000, 160.0000, -3.659e-9
20.0000, 160.0000, -3.633e-9
22.0000, 160.0000, -3.597e-9
24.0000, 160.0000, -3.573e-9
26.0000, 160.0000, -3.559e-9
28.0000, 160.0000, -3.537e-9
30.0000, 160.0000, -3.509e-9
32.0000, 160.0000, -3.493e-9
34.0000, 160.0000, -3.485e-9
36.0000, 160.0000, -3.468e-9
38.0000, 160.0000, -3.451e-9
40.0000, 160.0000, -3.446e-9
42.0000, 160.0000, -3.438e-9
44.0000, 160.0000, -3.421e-9
46.0000, 160.0000, -3.410e-9
48.0000, 160.0000, -3.407e-9
50.0000, 160.0000, -3.402e-9
52.0000, 160.0000, -3.392e-9
54.0000, 160.0000, -3.384e-9
56.0000, 160.0000, -3.383e-9
58.0000, 160.0000, -3.381e-9
60.0000, 160.0000, -3.373e-9
62.0000, 160.0000, -3.365e-9
64.0000, 160.0000, -3.362e-9
66.0000, 160.0000, -3.356e-9
68.0000, 160.0000, -3.347e-9
70.0000, 160.0000, -3.343e-9
72.0000, 160.0000, -3.338e-9
74.0000, 160.0000, -3.331e-9
76.0000, 160.0000, -3.325e-9
78.0000, 160.0000, -3.321e-9
80.0000, 160.0000, -3.317e-9
82.0000, 160.0000, -3.316e-9
84.0000, 160.0000, -3.317e-9
86.0000, 160.0000, -3.316e-9
88.0000, 160.0000, -3.316e-9
90.0000, 160.0000, -3.315e-9
92.0000, 160.0000, -3.315e-9
94.0000, 160.0000, -3.313e-9
96.0000, 160.0000, -3.313e-9
98.0000, 160.0000, -3.313e-9
100.0000, 160.0000, -3.314e-9
102.0000, 160.0000, -3.316e-9
104.0000, 160.0000, -3.315e-9
106.0000, 160.0000, -3.312e-9
108.0000, 160.0000, -3.315e-9
110.0000, 160.0000, -3.319e-9
112.0000, 160.0000, -3.319e-9
114.0000, 160.0000, -3.316e-9
116.0000, 160.0000, -3.317e-9
118.0000, 160.0000, -3.316e-9
120.0000, 160.0000, -3.313e-9
122.0000, 160.0000, -3.314e-9
124.0000, 160.0000, -3.316e-9
126.0000, 160.0000, -3.312e-9
128.0000, 160.0000, -3.306e-9
130.0000, 160.0000, -3.305e-9
132.0000, 160.0000, -3.307e-9
134.0000, 160.0000, -3.304e-9
136.0000, 160.0000, -3.301e-9
138.0000, 160.0000, -3.303e-9
140.0000, 160.0000, -3.303e-9
142.0000, 160.0000, -3.300e-9
144.0000, 160.0000, -3.299e-9
146.0000, 160.0000, -3.302e-9
148.0000, 160.0000, -3.304e-9
150.0000, 160.0000, -3.304e-9
152.0000, 160.0000, -3.305e-9
154.0000, 160.0000, -3.309e-9
156.0000, 160.0000, -3.311e-9
158.0000, 160.0000, -3.312e-9
160.0000, 160.0000, -3.317e-9
162.0000, 160.0000, -3.323e-9
164.0000, 160.0000, -3.326e-9
166.0000, 160.0000, -3.330e-9
168.0000, 160.0000, -3.335e-9
170.0000, 160.0000, -3.340e-9
172.0000, 160.0000, -3.345e-9
174.0000, 160.0000, -3.352e-9
176.0000, 160.0000, -3.357e-9
178.0000, 160.0000, -3.361e-9
180.0000, 160.0000, -3.367e-9
182.0000, 160.0000, -3.376e-9
184.0000, 160.0000, -3.385e-9
186.0000, 160.0000, -3.390e-9
188.0000, 160.0000, -3.395e-9
190.0000, 160.0000, -3.402e-9
192.0000, 160.0000, -3.409e-9
194.0000, 160.0000, -3.416e-9
196.0000, 160.0000, -3.425e-9
198.0000, 160.0000, -3.433e-9
200.0000, 160.0000, -3.439e-9
202.0000, 160.0000, -3.445e-9
204.0000, 160.0000, -3.452e-9
206.0000, 160.0000, -3.458e-9
208.0000, 160.0000, -3.465e-9
210.0000, 160.0000, -3.474e-9
212.0000, 160.0000, -3.485e-9
214.0000, 160.0000, -3.490e-9
216.0000, 160.0000, -3.496e-9
218.0000, 160.0000, -3.504e-9
220.0000, 160.0000, -3.507e-9
222.0000, 160.0000, -3.511e-9
224.0000, 160.0000, -3.522e-9
226.0000, 160.0000, -3.536e-9
228.0000, 160.0000, -3.546e-9
230.0000, 160.0000, -3.551e-9
232.0000, 160.0000, -3.557e-9
234.0000, 160.0000, -3.564e-9
236.0000, 160.0000, -3.574e-9
238.0000, 160.0000, -3.584e-9
240.0000, 160.0000, -3.592e-9
242.0000, 160.0000, -3.601e-9
244.0000, 160.0000, -3.612e-9
246.0000, 160.0000, -3.622e-9
248.0000, 160.0000, -3.627e-9
0.0000, 162.0000, -4.214e-9
2.0000, 162.0000, -4.136e-9
4.0000, 162.0000, -4.052e-9
6.0000, 162.0000, -3.960e-9
8.0000, 162.0000, -3.881e-9
10.0000, 162.0000, -3.827e-9
12.0000, 162.0000, -3.777e-9
14.0000, 162.0000, -3.722e-9
16.0000, 162.0000, -3.682e-9
18.0000, 162.0000, -3.663e-9
20.0000, 162.0000, -3.631e-9
22.0000, 162.0000, -3.589e-9
24.0000, 162.0000, -3.565e-9
26.0000, 162.0000, -3.552e-9
28.0000, 162.0000, -3.526e-9
30.0000, 162.0000, -3.497e-9
32.0000, 162.0000, -3.489e-9
34.0000, 162.0000, -3.483e-9
36.0000, 162.0000, -3.460e-9
38.0000, 162.0000, -3.443e-9
40.0000, 162.0000, -3.443e-9
42.0000, 162.0000, -3.433e-9
44.0000, 162.0000, -3.412e-9
46.0000, 162.0000, -3.403e-9
48.0000, 162.0000, -3.402e-9
50.0000, 162.0000, -3.393e-9
52.0000, 162.0000, -3.381e-9
54.0000, 162.0000, -3.375e-9
56.0000, 162.0000, -3.373e-9
58.0000, 162.0000, -3.369e-9
60.0000, 162.0000, -3.363e-9
62.0000, 162.0000, -3.359e-9
64.0000, 162.0000, -3.355e-9
66.0000, 162.0000, -3.348e-9
68.0000, 162.0000, -3.340e-9
70.0000, 162.0000, -3.335e-9
72.0000, 162.0000, -3.331e-9
74.0000, 162.0000, -3.325e-9
76.0000, 162.0000, -3.321e-9
78.0000, 162.0000, -3.318e-9
80.0000, 162.0000, -3.315e-9
82.0000, 162.0000, -3.317e-9
84.0000, 162.0000, -3.323e-9
86.0000, 162.0000, -3.320e-9
88.0000, 162.0000, -3.312e-9
90.0000, 162.0000, -3.311e-9
92.0000, 162.0000, -3.316e-9
94.0000, 162.0000, -3.312e-9
96.0000, 162.0000, -3.307e-9
98.0000, 162.0000, -3.311e-9
100.0000, 162.0000, -3.313e-9
102.0000, 162.0000, -3.310e-9
104.0000, 162.0000, -3.308e-9
106.0000, 162.0000, -3.309e-9
108.0000, 162.0000, -3.310e-9
110.0000, 162.0000, -3.311e-9
112.0000, 162.0000, -3.314e-9
114.0000, 162.0000, -3.315e-9
116.0000, 162.0000, -3.313e-9
118.0000, 162.0000, -3.313e-9
120.0000, 162.0000, -3.313e-9
122.0000, 162.0000, -3.314e-9
124.0000, 162.0000, -3.315e-9
126.0000, 162.0000, -3.314e-9
128.0000, 162.0000, -3.311e-9
130.0000, 162.0000, -3.309e-9
132.0000, 162.0000, -3.306e-9
134.0000, 162.0000, -3.304e-9
136.0000, 162.0000, -3.301e-9
138.0000, 162.0000, -3.300e-9
140.0000, 162.0000, -3.301e-9
142.0000, 162.0000, -3.300e-9
144.0000, 162.0000, -3.299e-9
146.0000, 162.0000, -3.299e-9
148.0000, 162.0000, -3.300e-9
150.0000, 162.0000, -3.300e-9
152.0000, 162.0000, -3.300e-9
154.0000, 162.0000, -3.302e-9
156.0000, 162.0000, -3.304e-9
158.0000, 162.0000, -3.305e-9
160.0000, 162.0000, -3.309e-9
162.0000, 162.0000, -3.313e-9
164.0000, 162.0000, -3.317e-9
166.0000, 162.0000, -3.321e-9
168.0000, 162.0000, -3.324e-9
170.0000, 162.0000, -3.327e-9
172.0000, 162.0000, -3.333e-9
174.0000, 162.0000, -3.342e-9
176.0000, 162.0000, -3.347e-9
178.0000, 162.0000, -3.352e-9
180.0000, 162.0000, -3.359e-9
182.0000, 162.0000, -3.365e-9
184.0000, 162.0000, -3.371e-9
186.0000, 162.0000, -3.380e-9
188.0000, 162.0000, -3.388e-9
190.0000, 162.0000, -3.393e-9
192.0000, 162.0000, -3.399e-9
194.0000, 162.0000, -3.410e-9
196.0000, 162.0000, -3.422e-9
198.0000, 162.0000, -3.431e-9
200.0000, 162.0000, -3.439e-9
202.0000, 162.0000, -3.449e-9
204.0000, 162.0000, -3.458e-9
206.0000, 162.0000, -3.463e-9
208.0000, 162.0000, -3.469e-9
210.0000, 162.0000, -3.477e-9
212.0000, 162.0000, -3.486e-9
214.0000, 162.0000, -3.490e-9
216.0000, 162.0000, -3.495e-9
218.0000, 162.0000, -3.501e-9
220.0000, 162.0000, -3.507e-9
222.0000, 162.0000, -3.514e-9
224.0000, 162.0000, -3.524e-9
226.0000, 162.0000, -3.534e-9
228.0000, 162.0000, -3.541e-9
230.0000, 162.0000, -3.545e-9
232.0000, 162.0000, -3.552e-9
234.0000, 162.0000, -3.560e-9
236.0000, 162.0000, -3.570e-9
238.0000, 162.0000, -3.584e-9
240.0000, 162.0000, -3.593e-9
242.0000, 162.0000, -3.597e-9
244.0000, 162.0000, -3.602e-9
246.0000, 162.0000, -3.613e-9
248.0000, 162.0000, -3.619e-9
0.0000, 164.0000, -4.285e-9
2.0000, 164.0000, -4.190e-9
4.0000, 164.0000, -4.122e-9
6.0000, 164.0000, -4.038e-9
8.0000, 164.0000, -3.937e-9
10.0000, 164.0000, -3.866e-9
12.0000, 164.0000, -3.829e-9
14.0000, 164.0000, -3.777e-9
16.0000, 164.0000, -3.714e-9
18.0000, 164.0000, -3.680e-9
20.0000, 164.0000, -3.665e-9
22.0000, 164.0000, -3.630e-9
24.0000, 164.0000, -3.588e-9
26.0000, 164.0000, -3.570e-9
28.0000, 164.0000, -3.553e-9
30.0000, 164.0000, -3.520e-9
32.0000, 164.0000, -3.497e-9
34.0000, 164.0000, -3.489e-9
36.0000, 164.0000, -3.475e-9
38.0000, 164.0000, -3.451e-9
40.0000, 164.0000, -3.439e-9
42.0000, 164.0000, -3.433e-9
44.0000, 164.0000, -3.420e-9
46.0000, 164.0000, -3.408e-9
48.0000, 164.0000, -3.400e-9
50.0000, 164.0000, -3.391e-9
52.0000, 164.0000, -3.380e-9
54.0000, 164.0000, -3.378e-9
56.0000, 164.0000, -3.381e-9
58.0000, 164.0000, -3.369e-9
60.0000, 164.0000, -3.353e-9
62.0000, 164.0000, -3.354e-9
64.0000, 164.0000, -3.355e-9
66.0000, 164.0000, -3.341e-9
68.0000, 164.0000, -3.332e-9
70.0000, 164.0000, -3.334e-9
72.0000, 164.0000, -3.328e-9
74.0000, 164.0000, -3.316e-9
76.0000, 164.0000, -3.315e-9
78.0000, 164.0000, -3.316e-9
80.0000, 164.0000, -3.308e-9
82.0000, 164.0000, -3.301e-9
84.0000, 164.0000, -3.303e-9
86.0000, 164.0000, -3.304e-9
88.0000, 164.0000, -3.301e-9
90.0000, 164.0000, -3.300e-9
92.0000, 164.0000, -3.302e-9
94.0000, 164.0000, -3.301e-9
96.0000, 164.0000, -3.300e-9
98.0000, 164.0000, -3.301e-9
100.0000, 164.0000, -3.300e-9
102.0000, 164.0000, -3.298e-9
104.0000, 164.0000, -3.300e-9
106.0000, 164.0000, -3.302e-9
108.0000, 164.0000, -3.302e-9
110.0000, 164.0000, -3.299e-9
112.0000, 164.0000, -3.299e-9
114.0000, 164.0000, -3.302e-9
116.0000, 164.0000, -3.304e-9
118.0000, 164.0000, -3.304e-9
120.0000, 164.0000, -3.302e-9
122.0000, 164.0000, -3.301e-9
124.0000, 164.0000, -3.299e-9
126.0000, 164.0000, -3.299e-9
128.0000, 164.0000, -3.300e-9
130.0000, 164.0000, -3.298e-9
132.0000, 164.0000, -3.294e-9
134.0000, 164.0000, -3.296e-9
136.0000, 164.0000, -3.298e-9
138.0000, 164.0000, -3.294e-9
140.0000, 164.0000, -3.292e-9
142.0000, 164.0000, -3.293e-9
144.0000, 164.0000, -3.294e-9
146.0000, 164.0000, -3.294e-9
148.0000, 164.0000, -3.297e-9
150.0000, 164.0000, -3.299e-9
152.0000, 164.0000, -3.301e-9
154.0000, 164.0000, -3.303e-9
156.0000, 164.0000, -3.302e-9
158.0000, 164.0000, -3.301e-9
160.0000, 164.0000, -3.304e-9
162.0000, 164.0000, -3.310e-9
164.0000, 164.0000, -3.315e-9
166.0000, 164.0000, -3.319e-9
168.0000, 164.0000, -3.324e-9
170.0000, 164.0000, -3.328e-9
172.0000, 164.0000, -3.334e-9
174.0000, 164.0000, -3.341e-9
176.0000, 164.0000, -3.346e-9
178.0000, 164.0000, -3.350e-9
180.0000, 164.0000, -3.358e-9
182.0000, 164.0000, -3.370e-9
184.0000, 164.0000, -3.379e-9
186.0000, 164.0000, -3.382e-9
188.0000, 164.0000, -3.389e-9
190.0000, 164.0000, -3.400e-9
192.0000, 164.0000, -3.409e-9
194.0000, 164.0000, -3.416e-9
196.0000, 164.0000, -3.425e-9
198.0000, 164.0000, -3.431e-9
200.0000, 164.0000, -3.436e-9
202.0000, 164.0000, -3.445e-9
204.0000, 164.0000, -3.456e-9
206.0000, 164.0000, -3.465e-9
208.0000, 164.0000, -3.473e-9
210.0000, 164.0000, -3.481e-9
212.0000, 164.0000, -3.487e-9
214.0000, 164.0000, -3.494e-9
216.0000, 164.0000, -3.502e-9
218.0000, 164.0000, -3.506e-9
220.0000, 164.0000, -3.510e-9
222.0000, 164.0000, -3.518e-9
224.0000, 164.0000, -3.526e-9
226.0000, 164.0000, -3.534e-9
228.0000, 164.0000, -3.545e-9
230.0000, 164.0000, -3.555e-9
232.0000, 164.0000, -3.561e-9
234.0000, 164.0000, -3.566e-9
236.0000, 164.0000, -3.575e-9
238.0000, 164.0000, -3.582e-9
240.0000, 164.0000, -3.588e-9
242.0000, 164.0000, -3.600e-9
244.0000, 164.0000, -3.612e-9
246.0000, 164.0000, -3.618e-9
248.0000, 164.0000, -3.624e-9
0.0000, 166.0000, -4.216e-9
2.0000, 166.0000, -4.143e-9
4.0000, 166.0000, -4.081e-9
6.0000, 166.0000, -3.993e-9
8.0000, 166.0000, -3.894e-9
10.0000, 166.0000, -3.831e-9
12.0000, 166.0000, -3.791e-9
14.0000, 166.0000, -3.732e-9
16.0000, 166.0000, -3.673e-9
18.0000, 166.0000, -3.647e-9
20.0000, 166.0000, -3.627e-9
22.0000, 166.0000, -3.586e-9
24.0000, 166.0000, -3.553e-9
26.0000, 166.0000, -3.543e-9
28.0000, 166.0000, -3.524e-9
30.0000, 166.0000, -3.492e-9
32.0000, 166.0000, -3.476e-9
34.0000, 166.0000, -3.469e-9
36.0000, 166.0000, -3.447e-9
38.0000, 166.0000, -3.427e-9
40.0000, 166.0000, -3.424e-9
42.0000, 166.0000, -3.420e-9
44.0000, 166.0000, -3.402e-9
46.0000, 166.0000, -3.392e-9
48.0000, 166.0000, -3.394e-9
50.0000, 166.0000, -3.385e-9
52.0000, 166.0000, -3.372e-9
54.0000, 166.0000, -3.371e-9
56.0000, 166.0000, -3.371e-9
58.0000, 166.0000, -3.362e-9
60.0000, 166.0000, -3.351e-9
62.0000, 166.0000, -3.347e-9
64.0000, 166.0000, -3.347e-9
66.0000, 166.0000, -3.339e-9
68.0000, 166.0000, -3.330e-9
70.0000, 166.0000, -3.330e-9
72.0000, 166.0000, -3.330e-9
74.0000, 166.0000, -3.322e-9
76.0000, 166.0000, -3.315e-9
78.0000, 166.0000, -3.312e-9
80.0000, 166.0000, -3.307e-9
82.0000, 166.0000, -3.302e-9
84.0000, 166.0000, -3.299e-9
86.0000, 166.0000, -3.298e-9
88.0000, 166.0000, -3.298e-9
90.0000, 166.0000, -3.297e-9
92.0000, 166.0000, -3.298e-9
94.0000, 166.0000, -3.298e-9
96.0000, 166.0000, -3.299e-9
98.0000, 166.0000, -3.298e-9
100.0000, 166.0000, -3.297e-9
102.0000, 166.0000, -3.299e-9
104.0000, 166.0000, -3.298e-9
106.0000, 166.0000, -3.297e-9
108.0000, 166.0000, -3.298e-9
110.0000, 166.0000, -3.298e-9
112.0000, 166.0000, -3.297e-9
114.0000, 166.0000, -3.297e-9
116.0000, 166.0000, -3.301e-9
118.0000, 166.0000, -3.304e-9
120.0000, 166.0000, -3.303e-9
122.0000, 166.0000, -3.303e-9
124.0000, 166.0000, -3.303e-9
126.0000, 166.0000, -3.300e-9
128.0000, 166.0000, -3.297e-9
130.0000, 166.0000, -3.296e-9
132.0000, 166.0000, -3.294e-9
134.0000, 166.0000, -3.293e-9
136.0000, 166.0000, -3.293e-9
138.0000, 166.0000, -3.291e-9
140.0000, 166.0000, -3.289e-9
142.0000, 166.0000, -3.291e-9
144.0000, 166.0000, -3.292e-9
146.0000, 166.0000, -3.293e-9
148.0000, 166.0000, -3.297e-9
150.0000, 166.0000, -3.300e-9
152.0000, 166.0000, -3.299e-9
154.0000, 166.0000, -3.301e-9
156.0000, 166.0000, -3.305e-9
158.0000, 166.0000, -3.308e-9
160.0000, 166.0000, -3.309e-9
162.0000, 166.0000, -3.314e-9
164.0000, 166.0000, -3.321e-9
166.0000, 166.0000, -3.323e-9
168.0000, 166.0000, -3.325e-9
170.0000, 166.0000, -3.331e-9
172.0000, 166.0000, -3.338e-9
174.0000, 166.0000, -3.343e-9
176.0000, 166.0000, -3.348e-9
178.0000, 166.0000, -3.354e-9
180.0000, 166.0000, -3.360e-9
182.0000, 166.0000, -3.366e-9
184.0000, 166.0000, -3.374e-9
186.0000, 166.0000, -3.380e-9
188.0000, 166.0000, -3.388e-9
190.0000, 166.0000, -3.398e-9
192.0000, 166.0000, -3.407e-9
194.0000, 166.0000, -3.415e-9
196.0000, 166.0000, -3.422e-9
198.0000, 166.0000, -3.428e-9
200.0000, 166.0000, -3.435e-9
202.0000, 166.0000, -3.446e-9
204.0000, 166.0000, -3.456e-9
206.0000, 166.0000, -3.463e-9
208.0000, 166.0000, -3.470e-9
210.0000, 166.0000, -3.477e-9
212.0000, 166.0000, -3.484e-9
214.0000, 166.0000, -3.493e-9
216.0000, 166.0000, -3.501e-9
218.0000, 166.0000, -3.511e-9
220.0000, 166.0000, -3.518e-9
222.0000, 166.0000, -3.525e-9
224.0000, 166.0000, -3.531e-9
226.0000, 166.0000, -3.540e-9
228.0000, 166.0000, -3.549e-9
230.0000, 166.0000, -3.558e-9
232.0000, 166.0000, -3.569e-9
234.0000, 166.0000, -3.577e-9
236.0000, 166.0000, -3.582e-9
238.0000, 166.0000, -3.590e-9
240.0000, 166.0000, -3.596e-9
242.0000, 166.0000, -3.601e-9
244.0000, 166.0000, -3.610e-9
246.0000, 166.0000, -3.620e-9
248.0000, 166.0000, -3.627e-9
0.0000, 168.0000, -4.266e-9
2.0000, 168.0000, -4.175e-9
4.0000, 168.0000, -4.111e-9
6.0000, 168.0000, -4.029e-9
8.0000, 168.0000, -3.929e-9
10.0000, 168.0000, -3.856e-9
12.0000, 168.0000, -3.811e-9
14.0000, 168.0000, -3.762e-9
16.0000, 168.0000, -3.705e-9
18.0000, 168.0000, -3.666e-9
20.0000, 168.0000, -3.643e-9
22.0000, 168.0000, -3.604e-9
24.0000, 168.0000, -3.563e-9
26.0000, 168.0000, -3.545e-9
28.0000, 168.0000, -3.531e-9
30.0000, 168.0000, -3.502e-9
32.0000, 168.0000, -3.478e-9
34.0000, 168.0000, -3.469e-9
36.0000, 168.0000, -3.457e-9
38.0000, 168.0000, -3.437e-9
40.0000, 168.0000, -3.420e-9
42.0000, 168.0000, -3.412e-9
44.0000, 168.0000, -3.404e-9
46.0000, 168.0000, -3.394e-9
48.0000, 168.0000, -3.384e-9
50.0000, 168.0000, -3.380e-9
52.0000, 168.0000, -3.376e-9
54.0000, 168.0000, -3.367e-9
56.0000, 168.0000, -3.357e-9
58.0000, 168.0000, -3.354e-9
60.0000, 168.0000, -3.350e-9
62.0000, 168.0000, -3.342e-9
64.0000, 168.0000, -3.338e-9
66.0000, 168.0000, -3.339e-9
68.0000, 168.0000, -3.336e-9
70.0000, 168.0000, -3.327e-9
72.0000, 168.0000, -3.324e-9
74.0000, 168.0000, -3.325e-9
76.0000, 168.0000, -3.319e-9
78.0000, 168.0000, -3.311e-9
80.0000, 168.0000, -3.308e-9
82.0000, 168.0000, -3.304e-9
84.0000, 168.0000, -3.298e-9
86.0000, 168.0000, -3.294e-9
88.0000, 168.0000, -3.294e-9
90.0000, 168.0000, -3.293e-9
92.0000, 168.0000, -3.292e-9
94.0000, 168.0000, -3.293e-9
96.0000, 168.0000, -3.295e-9
98.0000, 168.0000, -3.294e-9
100.0000, 168.0000, -3.292e-9
102.0000, 168.0000, -3.294e-9
104.0000, 168.0000, -3.296e-9
106.0000, 168.0000, -3.293e-9
108.0000, 168.0000, -3.290e-9
110.0000, 168.0000, -3.294e-9
112.0000, 168.0000, -3.297e-9
114.0000, 168.0000, -3.292e-9
116.0000, 168.0000, -3.293e-9
118.0000, 168.0000, -3.299e-9
120.0000, 168.0000, -3.297e-9
122.0000, 168.0000, -3.293e-9
124.0000, 168.0000, -3.296e-9
126.0000, 168.0000, -3.298e-9
128.0000, 168.0000, -3.293e-9
130.0000, 168.0000, -3.294e-9
132.0000, 168.0000, -3.299e-9
134.0000, 168.0000, -3.296e-9
136.0000, 168.0000, -3.291e-9
138.0000, 168.0000, -3.291e-9
140.0000, 168.0000, -3.292e-9
142.0000, 168.0000, -3.286e-9
144.0000, 168.0000, -3.286e-9
146.0000, 168.0000, -3.290e-9
148.0000, 168.0000, -3.289e-9
150.0000, 168.0000, -3.288e-9
152.0000, 168.0000, -3.294e-9
154.0000, 168.0000, -3.302e-9
156.0000, 168.0000, -3.301e-9
158.0000, 168.0000, -3.300e-9
160.0000, 168.0000, -3.304e-9
162.0000, 168.0000, -3.308e-9
164.0000, 168.0000, -3.311e-9
166.0000, 168.0000, -3.318e-9
168.0000, 168.0000, -3.325e-9
170.0000, 168.0000, -3.327e-9
172.0000, 168.0000, -3.329e-9
174.0000, 168.0000, -3.337e-9
176.0000, 168.0000, -3.345e-9
178.0000, 168.0000, -3.349e-9
180.0000, 168.0000, -3.354e-9
182.0000, 168.0000, -3.362e-9
184.0000, 168.0000, -3.370e-9
186.0000, 168.0000, -3.380e-9
188.0000, 168.0000, -3.390e-9
190.0000, 168.0000, -3.397e-9
192.0000, 168.0000, -3.404e-9
194.0000, 168.0000, -3.414e-9
196.0000, 168.0000, -3.423e-9
198.0000, 168.0000, -3.430e-9
200.0000, 168.0000, -3.436e-9
202.0000, 168.0000, -3.443e-9
204.0000, 168.0000, -3.453e-9
206.0000, 168.0000, -3.463e-9
208.0000, 168.0000, -3.473e-9
210.0000, 168.0000, -3.482e-9
212.0000, 168.0000, -3.490e-9
214.0000, 168.0000, -3.497e-9
216.0000, 168.0000, -3.503e-9
218.0000, 168.0000, -3.506e-9
220.0000, 168.0000, -3.512e-9
222.0000, 168.0000, -3.521e-9
224.0000, 168.0000, -3.529e-9
226.0000, 168.0000, -3.538e-9
228.0000, 168.0000, -3.548e-9
230.0000, 168.0000, -3.557e-9
232.0000, 168.0000, -3.564e-9
234.0000, 168.0000, -3.572e-9
236.0000, 168.0000, -3.580e-9
238.0000, 168.0000, -3.586e-9
240.0000, 168.0000, -3.592e-9
242.0000, 168.0000, -3.603e-9
244.0000, 168.0000, -3.616e-9
246.0000, 168.0000, -3.625e-9
248.0000, 168.0000, -3.631e-9
0.0000, 170.0000, -4.195e-9
2.0000, 170.0000, -4.118e-9
4.0000, 170.0000, -4.032e-9
6.0000, 170.0000, -3.942e-9
8.0000, 170.0000, -3.868e-9
10.0000, 170.0000, -3.813e-9
12.0000, 170.0000, -3.763e-9
14.0000, 170.0000, -3.713e-9
16.0000, 170.0000, -3.675e-9
18.0000, 170.0000, -3.647e-9
20.0000, 170.0000, -3.619e-9
22.0000, 170.0000, -3.586e-9
24.0000, 170.0000, -3.561e-9
26.0000, 170.0000, -3.542e-9
28.0000, 170.0000, -3.518e-9
30.0000, 170.0000, -3.497e-9
32.0000, 170.0000, -3.484e-9
34.0000, 170.0000, -3.470e-9
36.0000, 170.0000, -3.453e-9
38.0000, 170.0000, -3.437e-9
40.0000, 170.0000, -3.426e-9
42.0000, 170.0000, -3.415e-9
44.0000, 170.0000, -3.402e-9
46.0000, 170.0000, -3.394e-9
48.0000, 170.0000, -3.389e-9
50.0000, 170.0000, -3.380e-9
52.0000, 170.0000, -3.370e-9
54.0000, 170.0000, -3.365e-9
56.0000, 170.0000, -3.362e-9
58.0000, 170.0000, -3.356e-9
60.0000, 170.0000, -3.348e-9
62.0000, 170.0000, -3.342e-9
64.0000, 170.0000, -3.337e-9
66.0000, 170.0000, -3.334e-9
68.0000, 170.0000, -3.331e-9
70.0000, 170.0000, -3.326e-9
72.0000, 170.0000, -3.323e-9
74.0000, 170.0000, -3.321e-9
76.0000, 170.0000, -3.318e-9
78.0000, 170.0000, -3.314e-9
80.0000, 170.0000, -3.310e-9
82.0000, 170.0000, -3.306e-9
84.0000, 170.0000, -3.301e-9
86.0000, 170.0000, -3.293e-9
88.0000, 170.0000, -3.293e-9
90.0000, 170.0000, -3.299e-9
92.0000, 170.0000, -3.299e-9
94.0000, 170.0000, -3.295e-9
96.0000, 170.0000, -3.298e-9
98.0000, 170.0000, -3.302e-9
100.0000, 170.0000, -3.297e-9
102.0000, 170.0000, -3.295e-9
104.0000, 170.0000, -3.300e-9
106.0000, 170.0000, -3.300e-9
108.0000, 170.0000, -3.297e-9
110.0000, 170.0000, -3.299e-9
112.0000, 170.0000, -3.301e-9
114.0000, 170.0000, -3.298e-9
116.0000, 170.0000, -3.299e-9
118.0000, 170.0000, -3.304e-9
120.0000, 170.0000, -3.304e-9
122.0000, 170.0000, -3.301e-9
124.0000, 170.0000, -3.302e-9
126.0000, 170.0000, -3.302e-9
128.0000, 170.0000, -3.298e-9
130.0000, 170.0000, -3.298e-9
132.0000, 170.0000, -3.302e-9
134.0000, 170.0000, -3.299e-9
136.0000, 170.0000, -3.295e-9
138.0000, 170.0000, -3.295e-9
140.0000, 170.0000, -3.296e-9
142.0000, 170.0000, -3.293e-9
144.0000, 170.0000, -3.290e-9
146.0000, 170.0000, -3.293e-9
148.0000, 170.0000, -3.295e-9
150.0000, 170.0000, -3.295e-9
152.0000, 170.0000, -3.298e-9
154.0000, 170.0000, -3.303e-9
156.0000, 170.0000, -3.306e-9
158.0000, 170.0000, -3.307e-9
160.0000, 170.0000, -3.309e-9
162.0000, 170.0000, -3.315e-9
164.0000, 170.0000, -3.318e-9
166.0000, 170.0000, -3.318e-9
168.0000, 170.0000, -3.324e-9
170.0000, 170.0000, -3.330e-9
172.0000, 170.0000, -3.334e-9
174.0000, 170.0000, -3.340e-9
176.0000, 170.0000, -3.348e-9
178.0000, 170.0000, -3.353e-9
180.0000, 170.0000, -3.358e-9
182.0000, 170.0000, -3.366e-9
184.0000, 170.0000, -3.375e-9
186.0000, 170.0000, -3.381e-9
188.0000, 170.0000, -3.387e-9
190.0000, 170.0000, -3.396e-9
192.0000, 170.0000, -3.407e-9
194.0000, 170.0000, -3.415e-9
196.0000, 170.0000, -3.423e-9
198.0000, 170.0000, -3.431e-9
200.0000, 170.0000, -3.435e-9
202.0000, 170.0000, -3.442e-9
204.0000, 170.0000, -3.454e-9
206.0000, 170.0000, -3.465e-9
208.0000, 170.0000, -3.473e-9
210.0000, 170.0000, -3.482e-9
212.0000, 170.0000, -3.491e-9
214.0000, 170.0000, -3.497e-9
216.0000, 170.0000, -3.502e-9
218.0000, 170.0000, -3.508e-9
220.0000, 170.0000, -3.514e-9
222.0000, 170.0000, -3.520e-9
224.0000, 170.0000, -3.528e-9
226.0000, 170.0000, -3.539e-9
228.0000, 170.0000, -3.547e-9
230.0000, 170.0000, -3.554e-9
232.0000, 170.0000, -3.566e-9
234.0000, 170.0000, -3.575e-9
236.0000, 170.0000, -3.581e-9
238.0000, 170.0000, -3.589e-9
240.0000, 170.0000, -3.595e-9
242.0000, 170.0000, -3.602e-9
244.0000, 170.0000, -3.613e-9
246.0000, 170.0000, -3.627e-9
248.0000, 170.0000, -3.635e-9
0.0000, 172.0000, -4.195e-9
2.0000, 172.0000, -4.123e-9
4.0000, 172.0000, -4.047e-9
6.0000, 172.0000, -3.955e-9
8.0000, 172.0000, -3.872e-9
10.0000, 172.0000, -3.818e-9
12.0000, 172.0000, -3.775e-9
14.0000, 172.0000, -3.721e-9
16.0000, 172.0000, -3.674e-9
18.0000, 172.0000, -3.649e-9
20.0000, 172.0000, -3.623e-9
22.0000, 172.0000, -3.585e-9
24.0000, 172.0000, -3.554e-9
26.0000, 172.0000, -3.538e-9
28.0000, 172.0000, -3.519e-9
30.0000, 172.0000, -3.494e-9
32.0000, 172.0000, -3.476e-9
34.0000, 172.0000, -3.466e-9
36.0000, 172.0000, -3.453e-9
38.0000, 172.0000, -3.436e-9
40.0000, 172.0000, -3.425e-9
42.0000, 172.0000, -3.415e-9
44.0000, 172.0000, -3.402e-9
46.0000, 172.0000, -3.392e-9
48.0000, 172.0000, -3.386e-9
50.0000, 172.0000, -3.382e-9
52.0000, 172.0000, -3.379e-9
54.0000, 172.0000, -3.371e-9
56.0000, 172.0000, -3.360e-9
58.0000, 172.0000, -3.355e-9
60.0000, 172.0000, -3.353e-9
62.0000, 172.0000, -3.345e-9
64.0000, 172.0000, -3.338e-9
66.0000, 172.0000, -3.336e-9
68.0000, 172.0000, -3.331e-9
70.0000, 172.0000, -3.322e-9
72.0000, 172.0000, -3.316e-9
74.0000, 172.0000, -3.314e-9
76.0000, 172.0000, -3.309e-9
78.0000, 172.0000, -3.301e-9
80.0000, 172.0000, -3.301e-9
82.0000, 172.0000, -3.306e-9
84.0000, 172.0000, -3.304e-9
86.0000, 172.0000, -3.299e-9
88.0000, 172.0000, -3.302e-9
90.0000, 172.0000, -3.303e-9
92.0000, 172.0000, -3.299e-9
94.0000, 172.0000, -3.297e-9
96.0000, 172.0000, -3.301e-9
98.0000, 172.0000, -3.299e-9
100.0000, 172.0000, -3.297e-9
102.0000, 172.0000, -3.301e-9
104.0000, 172.0000, -3.303e-9
106.0000, 172.0000, -3.298e-9
108.0000, 172.0000, -3.299e-9
110.0000, 172.0000, -3.306e-9
112.0000, 172.0000, -3.308e-9
114.0000, 172.0000, -3.305e-9
116.0000, 172.0000, -3.307e-9
118.0000, 172.0000, -3.309e-9
120.0000, 172.0000, -3.304e-9
122.0000, 172.0000, -3.303e-9
124.0000, 172.0000, -3.307e-9
126.0000, 172.0000, -3.305e-9
128.0000, 172.0000, -3.299e-9
130.0000, 172.0000, -3.299e-9
132.0000, 172.0000, -3.299e-9
134.0000, 172.0000, -3.295e-9
136.0000, 172.0000, -3.292e-9
138.0000, 172.0000, -3.294e-9
140.0000, 172.0000, -3.293e-9
142.0000, 172.0000, -3.291e-9
144.0000, 172.0000, -3.292e-9
146.0000, 172.0000, -3.293e-9
148.0000, 172.0000, -3.292e-9
150.0000, 172.0000, -3.292e-9
152.0000, 172.0000, -3.296e-9
154.0000, 172.0000, -3.298e-9
156.0000, 172.0000, -3.297e-9
158.0000, 172.0000, -3.299e-9
160.0000, 172.0000, -3.304e-9
162.0000, 172.0000, -3.308e-9
164.0000, 172.0000, -3.312e-9
166.0000, 172.0000, -3.319e-9
168.0000, 172.0000, -3.323e-9
170.0000, 172.0000, -3.325e-9
172.0000, 172.0000, -3.330e-9
174.0000, 172.0000, -3.337e-9
176.0000, 172.0000, -3.343e-9
178.0000, 172.0000, -3.347e-9
180.0000, 172.0000, -3.351e-9
182.0000, 172.0000, -3.359e-9
184.0000, 172.0000, -3.369e-9
186.0000, 172.0000, -3.378e-9
188.0000, 172.0000, -3.385e-9
190.0000, 172.0000, -3.390e-9
192.0000, 172.0000, -3.395e-9
194.0000, 172.0000, -3.403e-9
196.0000, 172.0000, -3.415e-9
198.0000, 172.0000, -3.426e-9
200.0000, 172.0000, -3.430e-9
202.0000, 172.0000, -3.438e-9
204.0000, 172.0000, -3.446e-9
206.0000, 172.0000, -3.451e-9
208.0000, 172.0000, -3.458e-9
210.0000, 172.0000, -3.469e-9
212.0000, 172.0000, -3.477e-9
214.0000, 172.0000, -3.481e-9
216.0000, 172.0000, -3.487e-9
218.0000, 172.0000, -3.494e-9
220.0000, 172.0000, -3.500e-9
222.0000, 172.0000, -3.507e-9
224.0000, 172.0000, -3.518e-9
226.0000, 172.0000, -3.527e-9
228.0000, 172.0000, -3.532e-9
230.0000, 172.0000, -3.538e-9
232.0000, 172.0000, -3.547e-9
234.0000, 172.0000, -3.555e-9
236.0000, 172.0000, -3.564e-9
238.0000, 172.0000, -3.579e-9
240.0000, 172.0000, -3.589e-9
242.0000, 172.0000, -3.594e-9
244.0000, 172.0000, -3.601e-9
246.0000, 172.0000, -3.612e-9
248.0000, 172.0000, -3.617e-9
0.0000, 174.0000, -4.144e-9
2.0000, 174.0000, -4.077e-9
4.0000, 174.0000, -4.004e-9
6.0000, 174.0000, -3.919e-9
8.0000, 174.0000, -3.848e-9
10.0000, 174.0000, -3.797e-9
12.0000, 174.0000, -3.749e-9
14.0000, 174.0000, -3.695e-9
16.0000, 174.0000, -3.657e-9
18.0000, 174.0000, -3.634e-9
20.0000, 174.0000, -3.600e-9
22.0000, 174.0000, -3.563e-9
24.0000, 174.0000, -3.543e-9
26.0000, 174.0000, -3.529e-9
28.0000, 174.0000, -3.505e-9
30.0000, 174.0000, -3.482e-9
32.0000, 174.0000, -3.473e-9
34.0000, 174.0000, -3.461e-9
36.0000, 174.0000, -3.438e-9
38.0000, 174.0000, -3.424e-9
40.0000, 174.0000, -3.420e-9
42.0000, 174.0000, -3.406e-9
44.0000, 174.0000, -3.391e-9
46.0000, 174.0000, -3.388e-9
48.0000, 174.0000, -3.383e-9
50.0000, 174.0000, -3.368e-9
52.0000, 174.0000, -3.361e-9
54.0000, 174.0000, -3.364e-9
56.0000, 174.0000, -3.360e-9
58.0000, 174.0000, -3.349e-9
60.0000, 174.0000, -3.344e-9
62.0000, 174.0000, -3.343e-9
64.0000, 174.0000, -3.337e-9
66.0000, 174.0000, -3.329e-9
68.0000, 174.0000, -3.327e-9
70.0000, 174.0000, -3.323e-9
72.0000, 174.0000, -3.315e-9
74.0000, 174.0000, -3.310e-9
76.0000, 174.0000, -3.306e-9
78.0000, 174.0000, -3.300e-9
80.0000, 174.0000, -3.295e-9
82.0000, 174.0000, -3.293e-9
84.0000, 174.0000, -3.290e-9
86.0000, 174.0000, -3.288e-9
88.0000, 174.0000, -3.291e-9
90.0000, 174.0000, -3.293e-9
92.0000, 174.0000, -3.291e-9
94.0000, 174.0000, -3.292e-9
96.0000, 174.0000, -3.294e-9
98.0000, 174.0000, -3.291e-9
100.0000, 174.0000, -3.288e-9
102.0000, 174.0000, -3.290e-9
104.0000, 174.0000, -3.292e-9
106.0000, 174.0000, -3.290e-9
108.0000, 174.0000, -3.291e-9
110.0000, 174.0000, -3.293e-9
112.0000, 174.0000, -3.293e-9
114.0000, 174.0000, -3.292e-9
116.0000, 174.0000, -3.296e-9
118.0000, 174.0000, -3.299e-9
120.0000, 174.0000, -3.295e-9
122.0000, 174.0000, -3.294e-9
124.0000, 174.0000, -3.295e-9
126.0000, 174.0000, -3.292e-9
128.0000, 174.0000, -3.291e-9
130.0000, 174.0000, -3.294e-9
132.0000, 174.0000, -3.294e-9
134.0000, 174.0000, -3.290e-9
136.0000, 174.0000, -3.289e-9
138.0000, 174.0000, -3.289e-9
140.0000, 174.0000, -3.287e-9
142.0000, 174.0000, -3.285e-9
144.0000, 174.0000, -3.289e-9
146.0000, 174.0000, -3.292e-9
148.0000, 174.0000, -3.290e-9
150.0000, 174.0000, -3.290e-9
152.0000, 174.0000, -3.293e-9
154.0000, 174.0000, -3.296e-9
156.0000, 174.0000, -3.298e-9
158.0000, 174.0000, -3.301e-9
160.0000, 174.0000, -3.303e-9
162.0000, 174.0000, -3.305e-9
164.0000, 174.0000, -3.308e-9
166.0000, 174.0000, -3.314e-9
168.0000, 174.0000, -3.321e-9
170.0000, 174.0000, -3.326e-9
172.0000, 174.0000, -3.333e-9
174.0000, 174.0000, -3.339e-9
176.0000, 174.0000, -3.345e-9
178.0000, 174.0000, -3.349e-9
180.0000, 174.0000, -3.355e-9
182.0000, 174.0000, -3.361e-9
184.0000, 174.0000, -3.366e-9
186.0000, 174.0000, -3.374e-9
188.0000, 174.0000, -3.382e-9
190.0000, 174.0000, -3.389e-9
192.0000, 174.0000, -3.397e-9
194.0000, 174.0000, -3.406e-9
196.0000, 174.0000, -3.414e-9
198.0000, 174.0000, -3.419e-9
200.0000, 174.0000, -3.426e-9
202.0000, 174.0000, -3.439e-9
204.0000, 174.0000, -3.447e-9
206.0000, 174.0000, -3.453e-9
208.0000, 174.0000, -3.464e-9
210.0000, 174.0000, -3.473e-9
212.0000, 174.0000, -3.475e-9
214.0000, 174.0000, -3.479e-9
216.0000, 174.0000, -3.488e-9
218.0000, 174.0000, -3.494e-9
220.0000, 174.0000, -3.496e-9
222.0000, 174.0000, -3.504e-9
224.0000, 174.0000, -3.517e-9
226.0000, 174.0000, -3.525e-9
228.0000, 174.0000, -3.531e-9
230.0000, 174.0000, -3.538e-9
232.0000, 174.0000, -3.548e-9
234.0000, 174.0000, -3.556e-9
236.0000, 174.0000, -3.568e-9
238.0000, 174.0000, -3.581e-9
240.0000, 174.0000, -3.590e-9
242.0000, 174.0000, -3.599e-9
244.0000, 174.0000, -3.608e-9
246.0000, 174.0000, -3.616e-9
248.0000, 174.0000, -3.622e-9
0.0000, 176.0000, -4.177e-9
2.0000, 176.0000, -4.106e-9
4.0000, 176.0000, -4.017e-9
6.0000, 176.0000, -3.928e-9
8.0000, 176.0000, -3.864e-9
10.0000, 176.0000, -3.812e-9
12.0000, 176.0000, -3.756e-9
14.0000, 176.0000, -3.703e-9
16.0000, 176.0000, -3.671e-9
18.0000, 176.0000, -3.643e-9
20.0000, 176.0000, -3.606e-9
22.0000, 176.0000, -3.576e-9
24.0000, 176.0000, -3.556e-9
26.0000, 176.0000, -3.528e-9
28.0000, 176.0000, -3.500e-9
30.0000, 176.0000, -3.486e-9
32.0000, 176.0000, -3.474e-9
34.0000, 176.0000, -3.457e-9
36.0000, 176.0000, -3.444e-9
38.0000, 176.0000, -3.435e-9
40.0000, 176.0000, -3.420e-9
42.0000, 176.0000, -3.407e-9
44.0000, 176.0000, -3.399e-9
46.0000, 176.0000, -3.388e-9
48.0000, 176.0000, -3.374e-9
50.0000, 176.0000, -3.367e-9
52.0000, 176.0000, -3.366e-9
54.0000, 176.0000, -3.360e-9
56.0000, 176.0000, -3.349e-9
58.0000, 176.0000, -3.345e-9
60.0000, 176.0000, -3.346e-9
62.0000, 176.0000, -3.340e-9
64.0000, 176.0000, -3.329e-9
66.0000, 176.0000, -3.327e-9
68.0000, 176.0000, -3.326e-9
70.0000, 176.0000, -3.316e-9
72.0000, 176.0000, -3.308e-9
74.0000, 176.0000, -3.308e-9
76.0000, 176.0000, -3.306e-9
78.0000, 176.0000, -3.297e-9
80.0000, 176.0000, -3.293e-9
82.0000, 176.0000, -3.295e-9
84.0000, 176.0000, -3.295e-9
86.0000, 176.0000, -3.293e-9
88.0000, 176.0000, -3.294e-9
90.0000, 176.0000, -3.296e-9
92.0000, 176.0000, -3.294e-9
94.0000, 176.0000, -3.292e-9
96.0000, 176.0000, -3.294e-9
98.0000, 176.0000, -3.295e-9
100.0000, 176.0000, -3.293e-9
102.0000, 176.0000, -3.293e-9
104.0000, 176.0000, -3.296e-9
106.0000, 176.0000, -3.298e-9
108.0000, 176.0000, -3.296e-9
110.0000, 176.0000, -3.296e-9
112.0000, 176.0000, -3.300e-9
114.0000, 176.0000, -3.302e-9
116.0000, 176.0000, -3.299e-9
118.0000, 176.0000, -3.299e-9
120.0000, 176.0000, -3.300e-9
122.0000, 176.0000, -3.298e-9
124.0000, 176.0000, -3.299e-9
126.0000, 176.0000, -3.303e-9
128.0000, 176.0000, -3.303e-9
130.0000, 176.0000, -3.296e-9
132.0000, 176.0000, -3.294e-9
134.0000, 176.0000, -3.295e-9
136.0000, 176.0000, -3.293e-9
138.0000, 176.0000, -3.288e-9
140.0000, 176.0000, -3.287e-9
142.0000, 176.0000, -3.287e-9
144.0000, 176.0000, -3.284e-9
146.0000, 176.0000, -3.284e-9
148.0000, 176.0000, -3.287e-9
150.0000, 176.0000, -3.288e-9
152.0000, 176.0000, -3.287e-9
154.0000, 176.0000, -3.287e-9
156.0000, 176.0000, -3.289e-9
158.0000, 176.0000, -3.291e-9
160.0000, 176.0000, -3.292e-9
162.0000, 176.0000, -3.297e-9
164.0000, 176.0000, -3.305e-9
166.0000, 176.0000, -3.309e-9
168.0000, 176.0000, -3.313e-9
170.0000, 176.0000, -3.319e-9
172.0000, 176.0000, -3.323e-9
174.0000, 176.0000, -3.329e-9
176.0000, 176.0000, -3.337e-9
178.0000, 176.0000, -3.342e-9
180.0000, 176.0000, -3.346e-9
182.0000, 176.0000, -3.352e-9
184.0000, 176.0000, -3.362e-9
186.0000, 176.0000, -3.371e-9
188.0000, 176.0000, -3.378e-9
190.0000, 176.0000, -3.385e-9
192.0000, 176.0000, -3.392e-9
194.0000, 176.0000, -3.399e-9
196.0000, 176.0000, -3.407e-9
198.0000, 176.0000, -3.418e-9
200.0000, 176.0000, -3.428e-9
202.0000, 176.0000, -3.434e-9
204.0000, 176.0000, -3.443e-9
206.0000, 176.0000, -3.454e-9
208.0000, 176.0000, -3.461e-9
210.0000, 176.0000, -3.465e-9
212.0000, 176.0000, -3.473e-9
214.0000, 176.0000, -3.481e-9
216.0000, 176.0000, -3.485e-9
218.0000, 176.0000, -3.490e-9
220.0000, 176.0000, -3.500e-9
222.0000, 176.0000, -3.509e-9
224.0000, 176.0000, -3.513e-9
226.0000, 176.0000, -3.519e-9
228.0000, 176.0000, -3.528e-9
230.0000, 176.0000, -3.534e-9
232.0000, 176.0000, -3.541e-9
234.0000, 176.0000, -3.552e-9
236.0000, 176.0000, -3.564e-9
238.0000, 176.0000, -3.573e-9
240.0000, 176.0000, -3.580e-9
242.0000, 176.0000, -3.590e-9
244.0000, 176.0000, -3.599e-9
246.0000, 176.0000, -3.604e-9
248.0000, 176.0000, -3.612e-9
0.0000, 178.0000, -4.200e-9
2.0000, 178.0000, -4.130e-9
4.0000, 178.0000, -4.053e-9
6.0000, 178.0000, -3.958e-9
8.0000, 178.0000, -3.875e-9
10.0000, 178.0000, -3.822e-9
12.0000, 178.0000, -3.774e-9
14.0000, 178.0000, -3.717e-9
16.0000, 178.0000, -3.672e-9
18.0000, 178.0000, -3.647e-9
20.0000, 178.0000, -3.619e-9
22.0000, 178.0000, -3.582e-9
24.0000, 178.0000, -3.560e-9
26.0000, 178.0000, -3.549e-9
28.0000, 178.0000, -3.524e-9
30.0000, 178.0000, -3.497e-9
32.0000, 178.0000, -3.488e-9
34.0000, 178.0000, -3.476e-9
36.0000, 178.0000, -3.449e-9
38.0000, 178.0000, -3.428e-9
40.0000, 178.0000, -3.419e-9
42.0000, 178.0000, -3.409e-9
44.0000, 178.0000, -3.392e-9
46.0000, 178.0000, -3.386e-9
48.0000, 178.0000, -3.385e-9
50.0000, 178.0000, -3.373e-9
52.0000, 178.0000, -3.358e-9
54.0000, 178.0000, -3.354e-9
56.0000, 178.0000, -3.352e-9
58.0000, 178.0000, -3.342e-9
60.0000, 178.0000, -3.333e-9
62.0000, 178.0000, -3.330e-9
64.0000, 178.0000, -3.326e-9
66.0000, 178.0000, -3.320e-9
68.0000, 178.0000, -3.316e-9
70.0000, 178.0000, -3.312e-9
72.0000, 178.0000, -3.308e-9
74.0000, 178.0000, -3.305e-9
76.0000, 178.0000, -3.302e-9
78.0000, 178.0000, -3.296e-9
80.0000, 178.0000, -3.289e-9
82.0000, 178.0000, -3.286e-9
84.0000, 178.0000, -3.282e-9
86.0000, 178.0000, -3.279e-9
88.0000, 178.0000, -3.279e-9
90.0000, 178.0000, -3.284e-9
92.0000, 178.0000, -3.286e-9
94.0000, 178.0000, -3.284e-9
96.0000, 178.0000, -3.283e-9
98.0000, 178.0000, -3.285e-9
100.0000, 178.0000, -3.285e-9
102.0000, 178.0000, -3.283e-9
104.0000, 178.0000, -3.284e-9
106.0000, 178.0000, -3.286e-9
108.0000, 178.0000, -3.285e-9
110.0000, 178.0000, -3.289e-9
112.0000, 178.0000, -3.294e-9
114.0000, 178.0000, -3.289e-9
116.0000, 178.0000, -3.284e-9
118.0000, 178.0000, -3.288e-9
120.0000, 178.0000, -3.292e-9
122.0000, 178.0000, -3.288e-9
124.0000, 178.0000, -3.285e-9
126.0000, 178.0000, -3.288e-9
128.0000, 178.0000, -3.288e-9
130.0000, 178.0000, -3.285e-9
132.0000, 178.0000, -3.288e-9
134.0000, 178.0000, -3.289e-9
136.0000, 178.0000, -3.281e-9
138.0000, 178.0000, -3.277e-9
140.0000, 178.0000, -3.282e-9
142.0000, 178.0000, -3.282e-9
144.0000, 178.0000, -3.278e-9
146.0000, 178.0000, -3.281e-9
148.0000, 178.0000, -3.287e-9
150.0000, 178.0000, -3.284e-9
152.0000, 178.0000, -3.284e-9
154.0000, 178.0000, -3.290e-9
156.0000, 178.0000, -3.295e-9
158.0000, 178.0000, -3.296e-9
160.0000, 178.0000, -3.299e-9
162.0000, 178.0000, -3.304e-9
164.0000, 178.0000, -3.306e-9
166.0000, 178.0000, -3.307e-9
168.0000, 178.0000, -3.313e-9
170.0000, 178.0000, -3.320e-9
172.0000, 178.0000, -3.322e-9
174.0000, 178.0000, -3.326e-9
176.0000, 178.0000, -3.334e-9
178.0000, 178.0000, -3.340e-9
180.0000, 178.0000, -3.345e-9
182.0000, 178.0000, -3.353e-9
184.0000, 178.0000, -3.361e-9
186.0000, 178.0000, -3.366e-9
188.0000, 178.0000, -3.372e-9
190.0000, 178.0000, -3.383e-9
192.0000, 178.0000, -3.392e-9
194.0000, 178.0000, -3.400e-9
196.0000, 178.0000, -3.408e-9
198.0000, 178.0000, -3.416e-9
200.0000, 178.0000, -3.422e-9
202.0000, 178.0000, -3.430e-9
204.0000, 178.0000, -3.442e-9
206.0000, 178.0000, -3.452e-9
208.0000, 178.0000, -3.461e-9
210.0000, 178.0000, -3.467e-9
212.0000, 178.0000, -3.471e-9
214.0000, 178.0000, -3.476e-9
216.0000, 178.0000, -3.483e-9
218.0000, 178.0000, -3.489e-9
220.0000, 178.0000, -3.494e-9
222.0000, 178.0000, -3.502e-9
224.0000, 178.0000, -3.512e-9
226.0000, 178.0000, -3.522e-9
228.0000, 178.0000, -3.529e-9
230.0000, 178.0000, -3.536e-9
232.0000, 178.0000, -3.545e-9
234.0000, 178.0000, -3.553e-9
236.0000, 178.0000, -3.562e-9
238.0000, 178.0000, -3.573e-9
240.0000, 178.0000, -3.580e-9
242.0000, 178.0000, -3.585e-9
244.0000, 178.0000, -3.596e-9
246.0000, 178.0000, -3.609e-9
248.0000, 178.0000, -3.620e-9
0.0000, 180.0000, -4.218e-9
2.0000, 180.0000, -4.140e-9
4.0000, 180.0000, -4.071e-9
6.0000, 180.0000, -3.981e-9
8.0000, 180.0000, -3.889e-9
10.0000, 180.0000, -3.831e-9
12.0000, 180.0000, -3.791e-9
14.0000, 180.0000, -3.736e-9
16.0000, 180.0000, -3.682e-9
18.0000, 180.0000, -3.652e-9
20.0000, 180.0000, -3.629e-9
22.0000, 180.0000, -3.593e-9
24.0000, 180.0000, -3.561e-9
26.0000, 180.0000, -3.550e-9
28.0000, 180.0000, -3.534e-9
30.0000, 180.0000, -3.502e-9
32.0000, 180.0000, -3.480e-9
34.0000, 180.0000, -3.471e-9
36.0000, 180.0000, -3.459e-9
38.0000, 180.0000, -3.445e-9
40.0000, 180.0000, -3.431e-9
42.0000, 180.0000, -3.416e-9
44.0000, 180.0000, -3.401e-9
46.0000, 180.0000, -3.389e-9
48.0000, 180.0000, -3.379e-9
50.0000, 180.0000, -3.368e-9
52.0000, 180.0000, -3.359e-9
54.0000, 180.0000, -3.355e-9
56.0000, 180.0000, -3.350e-9
58.0000, 180.0000, -3.341e-9
60.0000, 180.0000, -3.333e-9
62.0000, 180.0000, -3.332e-9
64.0000, 180.0000, -3.329e-9
66.0000, 180.0000, -3.321e-9
68.0000, 180.0000, -3.316e-9
70.0000, 180.0000, -3.315e-9
72.0000, 180.0000, -3.308e-9
74.0000, 180.0000, -3.301e-9
76.0000, 180.0000, -3.300e-9
78.0000, 180.0000, -3.298e-9
80.0000, 180.0000, -3.290e-9
82.0000, 180.0000, -3.285e-9
84.0000, 180.0000, -3.291e-9
86.0000, 180.0000, -3.296e-9
88.0000, 180.0000, -3.290e-9
90.0000, 180.0000, -3.284e-9
92.0000, 180.0000, -3.286e-9
94.0000, 180.0000, -3.285e-9
96.0000, 180.0000, -3.279e-9
98.0000, 180.0000, -3.279e-9
100.0000, 180.0000, -3.282e-9
102.0000, 180.0000, -3.281e-9
104.0000, 180.0000, -3.280e-9
106.0000, 180.0000, -3.283e-9
108.0000, 180.0000, -3.285e-9
110.0000, 180.0000, -3.285e-9
112.0000, 180.0000, -3.292e-9
114.0000, 180.0000, -3.303e-9
116.0000, 180.0000, -3.307e-9
118.0000, 180.0000, -3.307e-9
120.0000, 180.0000, -3.308e-9
122.0000, 180.0000, -3.296e-9
124.0000, 180.0000, -3.276e-9
126.0000, 180.0000, -3.277e-9
128.0000, 180.0000, -3.290e-9
130.0000, 180.0000, -3.286e-9
132.0000, 180.0000, -3.279e-9
134.0000, 180.0000, -3.286e-9
136.0000, 180.0000, -3.290e-9
138.0000, 180.0000, -3.280e-9
140.0000, 180.0000, -3.277e-9
142.0000, 180.0000, -3.286e-9
144.0000, 180.0000, -3.285e-9
146.0000, 180.0000, -3.280e-9
148.0000, 180.0000, -3.285e-9
150.0000, 180.0000, -3.290e-9
152.0000, 180.0000, -3.284e-9
154.0000, 180.0000, -3.284e-9
156.0000, 180.0000, -3.293e-9
158.0000, 180.0000, -3.295e-9
160.0000, 180.0000, -3.292e-9
162.0000, 180.0000, -3.296e-9
164.0000, 180.0000, -3.304e-9
166.0000, 180.0000, -3.305e-9
168.0000, 180.0000, -3.308e-9
170.0000, 180.0000, -3.318e-9
172.0000, 180.0000, -3.323e-9
174.0000, 180.0000, -3.324e-9
176.0000, 180.0000, -3.332e-9
178.0000, 180.0000, -3.341e-9
180.0000, 180.0000, -3.344e-9
182.0000, 180.0000, -3.347e-9
184.0000, 180.0000, -3.357e-9
186.0000, 180.0000, -3.370e-9
188.0000, 180.0000, -3.374e-9
190.0000, 180.0000, -3.376e-9
192.0000, 180.0000, -3.382e-9
194.0000, 180.0000, -3.389e-9
196.0000, 180.0000, -3.395e-9
198.0000, 180.0000, -3.406e-9
200.0000, 180.0000, -3.417e-9
202.0000, 180.0000, -3.423e-9
204.0000, 180.0000, -3.430e-9
206.0000, 180.0000, -3.442e-9
208.0000, 180.0000, -3.451e-9
210.0000, 180.0000, -3.454e-9
212.0000, 180.0000, -3.460e-9
214.0000, 180.0000, -3.470e-9
216.0000, 180.0000, -3.477e-9
218.0000, 180.0000, -3.481e-9
220.0000, 180.0000, -3.488e-9
222.0000, 180.0000, -3.495e-9
224.0000, 180.0000, -3.500e-9
226.0000, 180.0000, -3.506e-9
228.0000, 180.0000, -3.516e-9
230.0000, 180.0000, -3.526e-9
232.0000, 180.0000, -3.536e-9
234.0000, 180.0000, -3.548e-9
236.0000, 180.0000, -3.565e-9
238.0000, 180.0000, -3.580e-9
240.0000, 180.0000, -3.588e-9
242.0000, 180.0000, -3.598e-9
244.0000, 180.0000, -3.608e-9
246.0000, 180.0000, -3.610e-9
248.0000, 180.0000, -3.609e-9
0.0000, 182.0000, -4.259e-9
2.0000, 182.0000, -4.163e-9
4.0000, 182.0000, -4.097e-9
6.0000, 182.0000, -4.019e-9
8.0000, 182.0000, -3.922e-9
10.0000, 182.0000, -3.849e-9
12.0000, 182.0000, -3.806e-9
14.0000, 182.0000, -3.758e-9
16.0000, 182.0000, -3.700e-9
18.0000, 182.0000, -3.661e-9
20.0000, 182.0000, -3.642e-9
22.0000, 182.0000, -3.610e-9
24.0000, 182.0000, -3.570e-9
26.0000, 182.0000, -3.548e-9
28.0000, 182.0000, -3.533e-9
30.0000, 182.0000, -3.505e-9
32.0000, 182.0000, -3.483e-9
34.0000, 182.0000, -3.477e-9
36.0000, 182.0000, -3.463e-9
38.0000, 182.0000, -3.444e-9
40.0000, 182.0000, -3.437e-9
42.0000, 182.0000, -3.428e-9
44.0000, 182.0000, -3.405e-9
46.0000, 182.0000, -3.389e-9
48.0000, 182.0000, -3.389e-9
50.0000, 182.0000, -3.380e-9
52.0000, 182.0000, -3.360e-9
54.0000, 182.0000, -3.355e-9
56.0000, 182.0000, -3.356e-9
58.0000, 182.0000, -3.342e-9
60.0000, 182.0000, -3.329e-9
62.0000, 182.0000, -3.331e-9
64.0000, 182.0000, -3.328e-9
66.0000, 182.0000, -3.316e-9
68.0000, 182.0000, -3.310e-9
70.0000, 182.0000, -3.311e-9
72.0000, 182.0000, -3.305e-9
74.0000, 182.0000, -3.295e-9
76.0000, 182.0000, -3.293e-9
78.0000, 182.0000, -3.294e-9
80.0000, 182.0000, -3.292e-9
82.0000, 182.0000, -3.289e-9
84.0000, 182.0000, -3.289e-9
86.0000, 182.0000, -3.286e-9
88.0000, 182.0000, -3.282e-9
90.0000, 182.0000, -3.281e-9
92.0000, 182.0000, -3.282e-9
94.0000, 182.0000, -3.282e-9
96.0000, 182.0000, -3.284e-9
98.0000, 182.0000, -3.291e-9
100.0000, 182.0000, -3.291e-9
102.0000, 182.0000, -3.287e-9
104.0000, 182.0000, -3.289e-9
106.0000, 182.0000, -3.294e-9
108.0000, 182.0000, -3.289e-9
110.0000, 182.0000, -3.280e-9
112.0000, 182.0000, -3.283e-9
114.0000, 182.0000, -3.289e-9
116.0000, 182.0000, -3.287e-9
118.0000, 182.0000, -3.285e-9
120.0000, 182.0000, -3.290e-9
122.0000, 182.0000, -3.292e-9
124.0000, 182.0000, -3.288e-9
126.0000, 182.0000, -3.287e-9
128.0000, 182.0000, -3.288e-9
130.0000, 182.0000, -3.284e-9
132.0000, 182.0000, -3.279e-9
134.0000, 182.0000, -3.279e-9
136.0000, 182.0000, -3.279e-9
138.0000, 182.0000, -3.276e-9
140.0000, 182.0000, -3.275e-9
142.0000, 182.0000, -3.276e-9
144.0000, 182.0000, -3.275e-9
146.0000, 182.0000, -3.275e-9
148.0000, 182.0000, -3.278e-9
150.0000, 182.0000, -3.279e-9
152.0000, 182.0000, -3.278e-9
154.0000, 182.0000, -3.279e-9
156.0000, 182.0000, -3.284e-9
158.0000, 182.0000, -3.287e-9
160.0000, 182.0000, -3.289e-9
162.0000, 182.0000, -3.289e-9
164.0000, 182.0000, -3.290e-9
166.0000, 182.0000, -3.295e-9
168.0000, 182.0000, -3.299e-9
170.0000, 182.0000, -3.304e-9
172.0000, 182.0000, -3.311e-9
174.0000, 182.0000, -3.318e-9
176.0000, 182.0000, -3.325e-9
178.0000, 182.0000, -3.331e-9
180.0000, 182.0000, -3.337e-9
182.0000, 182.0000, -3.345e-9
184.0000, 182.0000, -3.354e-9
186.0000, 182.0000, -3.361e-9
188.0000, 182.0000, -3.365e-9
190.0000, 182.0000, -3.369e-9
192.0000, 182.0000, -3.377e-9
194.0000, 182.0000, -3.388e-9
196.0000, 182.0000, -3.397e-9
198.0000, 182.0000, -3.404e-9
200.0000, 182.0000, -3.411e-9
202.0000, 182.0000, -3.419e-9
204.0000, 182.0000, -3.424e-9
206.0000, 182.0000, -3.431e-9
208.0000, 182.0000, -3.439e-9
210.0000, 182.0000, -3.446e-9
212.0000, 182.0000, -3.453e-9
214.0000, 182.0000, -3.458e-9
216.0000, 182.0000, -3.466e-9
218.0000, 182.0000, -3.471e-9
220.0000, 182.0000, -3.474e-9
222.0000, 182.0000, -3.484e-9
224.0000, 182.0000, -3.498e-9
226.0000, 182.0000, -3.506e-9
228.0000, 182.0000, -3.511e-9
230.0000, 182.0000, -3.520e-9
232.0000, 182.0000, -3.529e-9
234.0000, 182.0000, -3.535e-9
236.0000, 182.0000, -3.549e-9
238.0000, 182.0000, -3.564e-9
240.0000, 182.0000, -3.572e-9
242.0000, 182.0000, -3.577e-9
244.0000, 182.0000, -3.587e-9
246.0000, 182.0000, -3.597e-9
248.0000, 182.0000, -3.600e-9
0.0000, 184.0000, -4.165e-9
2.0000, 184.0000, -4.093e-9
4.0000, 184.0000, -4.013e-9
6.0000, 184.0000, -3.923e-9
8.0000, 184.0000, -3.852e-9
10.0000, 184.0000, -3.803e-9
12.0000, 184.0000, -3.756e-9
14.0000, 184.0000, -3.702e-9
16.0000, 184.0000, -3.664e-9
18.0000, 184.0000, -3.641e-9
20.0000, 184.0000, -3.611e-9
22.0000, 184.0000, -3.576e-9
24.0000, 184.0000, -3.556e-9
26.0000, 184.0000, -3.544e-9
28.0000, 184.0000, -3.520e-9
30.0000, 184.0000, -3.494e-9
32.0000, 184.0000, -3.478e-9
34.0000, 184.0000, -3.458e-9
36.0000, 184.0000, -3.437e-9
38.0000, 184.0000, -3.424e-9
40.0000, 184.0000, -3.414e-9
42.0000, 184.0000, -3.402e-9
44.0000, 184.0000, -3.392e-9
46.0000, 184.0000, -3.382e-9
48.0000, 184.0000, -3.370e-9
50.0000, 184.0000, -3.359e-9
52.0000, 184.0000, -3.354e-9
54.0000, 184.0000, -3.351e-9
56.0000, 184.0000, -3.345e-9
58.0000, 184.0000, -3.337e-9
60.0000, 184.0000, -3.334e-9
62.0000, 184.0000, -3.331e-9
64.0000, 184.0000, -3.324e-9
66.0000, 184.0000, -3.316e-9
68.0000, 184.0000, -3.313e-9
70.0000, 184.0000, -3.309e-9
72.0000, 184.0000, -3.302e-9
74.0000, 184.0000, -3.297e-9
76.0000, 184.0000, -3.296e-9
78.0000, 184.0000, -3.292e-9
80.0000, 184.0000, -3.284e-9
82.0000, 184.0000, -3.281e-9
84.0000, 184.0000, -3.285e-9
86.0000, 184.0000, -3.289e-9
88.0000, 184.0000, -3.288e-9
90.0000, 184.0000, -3.291e-9
92.0000, 184.0000, -3.291e-9
94.0000, 184.0000, -3.280e-9
96.0000, 184.0000, -3.274e-9
98.0000, 184.0000, -3.279e-9
100.0000, 184.0000, -3.276e-9
102.0000, 184.0000, -3.270e-9
104.0000, 184.0000, -3.274e-9
106.0000, 184.0000, -3.280e-9
108.0000, 184.0000, -3.277e-9
110.0000, 184.0000, -3.276e-9
112.0000, 184.0000, -3.285e-9
114.0000, 184.0000, -3.289e-9
116.0000, 184.0000, -3.285e-9
118.0000, 184.0000, -3.286e-9
120.0000, 184.0000, -3.289e-9
122.0000, 184.0000, -3.286e-9
124.0000, 184.0000, -3.281e-9
126.0000, 184.0000, -3.284e-9
128.0000, 184.0000, -3.286e-9
130.0000, 184.0000, -3.281e-9
132.0000, 184.0000, -3.278e-9
134.0000, 184.0000, -3.280e-9
136.0000, 184.0000, -3.277e-9
138.0000, 184.0000, -3.272e-9
140.0000, 184.0000, -3.272e-9
142.0000, 184.0000, -3.276e-9
144.0000, 184.0000, -3.275e-9
146.0000, 184.0000, -3.275e-9
148.0000, 184.0000, -3.276e-9
150.0000, 184.0000, -3.277e-9
152.0000, 184.0000, -3.277e-9
154.0000, 184.0000, -3.280e-9
156.0000, 184.0000, -3.282e-9
158.0000, 184.0000, -3.283e-9
160.0000, 184.0000, -3.285e-9
162.0000, 184.0000, -3.289e-9
164.0000, 184.0000, -3.293e-9
166.0000, 184.0000, -3.297e-9
168.0000, 184.0000, -3.303e-9
170.0000, 184.0000, -3.310e-9
172.0000, 184.0000, -3.313e-9
174.0000, 184.0000, -3.316e-9
176.0000, 184.0000, -3.324e-9
178.0000, 184.0000, -3.332e-9
180.0000, 184.0000, -3.336e-9
182.0000, 184.0000, -3.340e-9
184.0000, 184.0000, -3.348e-9
186.0000, 184.0000, -3.357e-9
188.0000, 184.0000, -3.364e-9
190.0000, 184.0000, -3.371e-9
192.0000, 184.0000, -3.378e-9
194.0000, 184.0000, -3.383e-9
196.0000, 184.0000, -3.390e-9
198.0000, 184.0000, -3.402e-9
200.0000, 184.0000, -3.411e-9
202.0000, 184.0000, -3.417e-9
204.0000, 184.0000, -3.425e-9
206.0000, 184.0000, -3.433e-9
208.0000, 184.0000, -3.439e-9
210.0000, 184.0000, -3.444e-9
212.0000, 184.0000, -3.451e-9
214.0000, 184.0000, -3.460e-9
216.0000, 184.0000, -3.467e-9
218.0000, 184.0000, -3.472e-9
220.0000, 184.0000, -3.478e-9
222.0000, 184.0000, -3.484e-9
224.0000, 184.0000, -3.491e-9
226.0000, 184.0000, -3.502e-9
228.0000, 184.0000, -3.513e-9
230.0000, 184.0000, -3.521e-9
232.0000, 184.0000, -3.531e-9
234.0000, 184.0000, -3.542e-9
236.0000, 184.0000, -3.552e-9
238.0000, 184.0000, -3.562e-9
240.0000, 184.0000, -3.573e-9
242.0000, 184.0000, -3.585e-9
244.0000, 184.0000, -3.593e-9
246.0000, 184.0000, -3.599e-9
248.0000, 184.0000, -3.605e-9
0.0000, 186.0000, -4.272e-9
2.0000, 186.0000, -4.168e-9
4.0000, 186.0000, -4.101e-9
6.0000, 186.0000, -4.030e-9
8.0000, 186.0000, -3.934e-9
10.0000, 186.0000, -3.855e-9
12.0000, 186.0000, -3.814e-9
14.0000, 186.0000, -3.770e-9
16.0000, 186.0000, -3.707e-9
18.0000, 186.0000, -3.663e-9
20.0000, 186.0000, -3.645e-9
22.0000, 186.0000, -3.616e-9
24.0000, 186.0000, -3.575e-9
26.0000, 186.0000, -3.552e-9
28.0000, 186.0000, -3.542e-9
30.0000, 186.0000, -3.516e-9
32.0000, 186.0000, -3.484e-9
34.0000, 186.0000, -3.466e-9
36.0000, 186.0000, -3.452e-9
38.0000, 186.0000, -3.429e-9
40.0000, 186.0000, -3.412e-9
42.0000, 186.0000, -3.406e-9
44.0000, 186.0000, -3.397e-9
46.0000, 186.0000, -3.381e-9
48.0000, 186.0000, -3.369e-9
50.0000, 186.0000, -3.361e-9
52.0000, 186.0000, -3.351e-9
54.0000, 186.0000, -3.344e-9
56.0000, 186.0000, -3.342e-9
58.0000, 186.0000, -3.336e-9
60.0000, 186.0000, -3.327e-9
62.0000, 186.0000, -3.326e-9
64.0000, 186.0000, -3.323e-9
66.0000, 186.0000, -3.311e-9
68.0000, 186.0000, -3.303e-9
70.0000, 186.0000, -3.304e-9
72.0000, 186.0000, -3.299e-9
74.0000, 186.0000, -3.291e-9
76.0000, 186.0000, -3.292e-9
78.0000, 186.0000, -3.295e-9
80.0000, 186.0000, -3.293e-9
82.0000, 186.0000, -3.291e-9
84.0000, 186.0000, -3.288e-9
86.0000, 186.0000, -3.280e-9
88.0000, 186.0000, -3.274e-9
90.0000, 186.0000, -3.270e-9
92.0000, 186.0000, -3.270e-9
94.0000, 186.0000, -3.271e-9
96.0000, 186.0000, -3.272e-9
98.0000, 186.0000, -3.274e-9
100.0000, 186.0000, -3.274e-9
102.0000, 186.0000, -3.275e-9
104.0000, 186.0000, -3.277e-9
106.0000, 186.0000, -3.277e-9
108.0000, 186.0000, -3.277e-9
110.0000, 186.0000, -3.278e-9
112.0000, 186.0000, -3.278e-9
114.0000, 186.0000, -3.281e-9
116.0000, 186.0000, -3.284e-9
118.0000, 186.0000, -3.285e-9
120.0000, 186.0000, -3.284e-9
122.0000, 186.0000, -3.283e-9
124.0000, 186.0000, -3.283e-9
126.0000, 186.0000, -3.284e-9
128.0000, 186.0000, -3.282e-9
130.0000, 186.0000, -3.280e-9
132.0000, 186.0000, -3.281e-9
134.0000, 186.0000, -3.278e-9
136.0000, 186.0000, -3.272e-9
138.0000, 186.0000, -3.271e-9
140.0000, 186.0000, -3.270e-9
142.0000, 186.0000, -3.268e-9
144.0000, 186.0000, -3.266e-9
146.0000, 186.0000, -3.267e-9
148.0000, 186.0000, -3.267e-9
150.0000, 186.0000, -3.266e-9
152.0000, 186.0000, -3.267e-9
154.0000, 186.0000, -3.271e-9
156.0000, 186.0000, -3.272e-9
158.0000, 186.0000, -3.273e-9
160.0000, 186.0000, -3.278e-9
162.0000, 186.0000, -3.282e-9
164.0000, 186.0000, -3.285e-9
166.0000, 186.0000, -3.291e-9
168.0000, 186.0000, -3.296e-9
170.0000, 186.0000, -3.301e-9
172.0000, 186.0000, -3.304e-9
174.0000, 186.0000, -3.307e-9
176.0000, 186.0000, -3.315e-9
178.0000, 186.0000, -3.324e-9
180.0000, 186.0000, -3.328e-9
182.0000, 186.0000, -3.334e-9
184.0000, 186.0000, -3.342e-9
186.0000, 186.0000, -3.350e-9
188.0000, 186.0000, -3.358e-9
190.0000, 186.0000, -3.367e-9
192.0000, 186.0000, -3.375e-9
194.0000, 186.0000, -3.381e-9
196.0000, 186.0000, -3.388e-9
198.0000, 186.0000, -3.397e-9
200.0000, 186.0000, -3.406e-9
202.0000, 186.0000, -3.413e-9
204.0000, 186.0000, -3.422e-9
206.0000, 186.0000, -3.430e-9
208.0000, 186.0000, -3.436e-9
210.0000, 186.0000, -3.441e-9
212.0000, 186.0000, -3.448e-9
214.0000, 186.0000, -3.456e-9
216.0000, 186.0000, -3.464e-9
218.0000, 186.0000, -3.470e-9
220.0000, 186.0000, -3.476e-9
222.0000, 186.0000, -3.483e-9
224.0000, 186.0000, -3.490e-9
226.0000, 186.0000, -3.499e-9
228.0000, 186.0000, -3.512e-9
230.0000, 186.0000, -3.523e-9
232.0000, 186.0000, -3.535e-9
234.0000, 186.0000, -3.546e-9
236.0000, 186.0000, -3.552e-9
238.0000, 186.0000, -3.556e-9
240.0000, 186.0000, -3.563e-9
242.0000, 186.0000, -3.572e-9
244.0000, 186.0000, -3.583e-9
246.0000, 186.0000, -3.594e-9
248.0000, 186.0000, -3.604e-9
0.0000, 188.0000, -4.199e-9
2.0000, 188.0000, -4.130e-9
4.0000, 188.0000, -4.052e-9
6.0000, 188.0000, -3.954e-9
8.0000, 188.0000, -3.872e-9
10.0000, 188.0000, -3.822e-9
12.0000, 188.0000, -3.773e-9
14.0000, 188.0000, -3.714e-9
16.0000, 188.0000, -3.670e-9
18.0000, 188.0000, -3.648e-9
20.0000, 188.0000, -3.619e-9
22.0000, 188.0000, -3.581e-9
24.0000, 188.0000, -3.558e-9
26.0000, 188.0000, -3.546e-9
28.0000, 188.0000, -3.522e-9
30.0000, 188.0000, -3.498e-9
32.0000, 188.0000, -3.484e-9
34.0000, 188.0000, -3.466e-9
36.0000, 188.0000, -3.439e-9
38.0000, 188.0000, -3.422e-9
40.0000, 188.0000, -3.413e-9
42.0000, 188.0000, -3.398e-9
44.0000, 188.0000, -3.382e-9
46.0000, 188.0000, -3.379e-9
48.0000, 188.0000, -3.374e-9
50.0000, 188.0000, -3.359e-9
52.0000, 188.0000, -3.348e-9
54.0000, 188.0000, -3.346e-9
56.0000, 188.0000, -3.339e-9
58.0000, 188.0000, -3.327e-9
60.0000, 188.0000, -3.322e-9
62.0000, 188.0000, -3.320e-9
64.0000, 188.0000, -3.311e-9
66.0000, 188.0000, -3.306e-9
68.0000, 188.0000, -3.307e-9
70.0000, 188.0000, -3.303e-9
72.0000, 188.0000, -3.295e-9
74.0000, 188.0000, -3.293e-9
76.0000, 188.0000, -3.294e-9
78.0000, 188.0000, -3.286e-9
80.0000, 188.0000, -3.276e-9
82.0000, 188.0000, -3.275e-9
84.0000, 188.0000, -3.272e-9
86.0000, 188.0000, -3.266e-9
88.0000, 188.0000, -3.264e-9
90.0000, 188.0000, -3.267e-9
92.0000, 188.0000, -3.271e-9
94.0000, 188.0000, -3.270e-9
96.0000, 188.0000, -3.270e-9
98.0000, 188.0000, -3.270e-9
100.0000, 188.0000, -3.268e-9
102.0000, 188.0000, -3.267e-9
104.0000, 188.0000, -3.269e-9
106.0000, 188.0000, -3.271e-9
108.0000, 188.0000, -3.272e-9
110.0000, 188.0000, -3.274e-9
112.0000, 188.0000, -3.274e-9
114.0000, 188.0000, -3.273e-9
116.0000, 188.0000, -3.273e-9
118.0000, 188.0000, -3.275e-9
120.0000, 188.0000, -3.277e-9
122.0000, 188.0000, -3.279e-9
124.0000, 188.0000, -3.280e-9
126.0000, 188.0000, -3.277e-9
128.0000, 188.0000, -3.272e-9
130.0000, 188.0000, -3.271e-9
132.0000, 188.0000, -3.275e-9
134.0000, 188.0000, -3.273e-9
136.0000, 188.0000, -3.271e-9
138.0000, 188.0000, -3.272e-9
140.0000, 188.0000, -3.270e-9
142.0000, 188.0000, -3.269e-9
144.0000, 188.0000, -3.269e-9
146.0000, 188.0000, -3.271e-9
148.0000, 188.0000, -3.272e-9
150.0000, 188.0000, -3.273e-9
152.0000, 188.0000, -3.276e-9
154.0000, 188.0000, -3.279e-9
156.0000, 188.0000, -3.280e-9
158.0000, 188.0000, -3.283e-9
160.0000, 188.0000, -3.286e-9
162.0000, 188.0000, -3.289e-9
164.0000, 188.0000, -3.294e-9
166.0000, 188.0000, -3.297e-9
168.0000, 188.0000, -3.299e-9
170.0000, 188.0000, -3.303e-9
172.0000, 188.0000, -3.310e-9
174.0000, 188.0000, -3.316e-9
176.0000, 188.0000, -3.321e-9
178.0000, 188.0000, -3.327e-9
180.0000, 188.0000, -3.330e-9
182.0000, 188.0000, -3.335e-9
184.0000, 188.0000, -3.344e-9
186.0000, 188.0000, -3.354e-9
188.0000, 188.0000, -3.358e-9
190.0000, 188.0000, -3.363e-9
192.0000, 188.0000, -3.375e-9
194.0000, 188.0000, -3.387e-9
196.0000, 188.0000, -3.395e-9
198.0000, 188.0000, -3.403e-9
200.0000, 188.0000, -3.411e-9
202.0000, 188.0000, -3.419e-9
204.0000, 188.0000, -3.426e-9
206.0000, 188.0000, -3.436e-9
208.0000, 188.0000, -3.446e-9
210.0000, 188.0000, -3.452e-9
212.0000, 188.0000, -3.460e-9
214.0000, 188.0000, -3.467e-9
216.0000, 188.0000, -3.475e-9
218.0000, 188.0000, -3.480e-9
220.0000, 188.0000, -3.485e-9
222.0000, 188.0000, -3.493e-9
224.0000, 188.0000, -3.502e-9
226.0000, 188.0000, -3.511e-9
228.0000, 188.0000, -3.518e-9
230.0000, 188.0000, -3.526e-9
232.0000, 188.0000, -3.535e-9
234.0000, 188.0000, -3.540e-9
236.0000, 188.0000, -3.546e-9
238.0000, 188.0000, -3.556e-9
240.0000, 188.0000, -3.563e-9
242.0000, 188.0000, -3.569e-9
244.0000, 188.0000, -3.581e-9
246.0000, 188.0000, -3.599e-9
248.0000, 188.0000, -3.609e-9
0.0000, 190.0000, -4.263e-9
2.0000, 190.0000, -4.165e-9
4.0000, 190.0000, -4.103e-9
6.0000, 190.0000, -4.026e-9
8.0000, 190.0000, -3.926e-9
10.0000, 190.0000, -3.849e-9
12.0000, 190.0000, -3.810e-9
14.0000, 190.0000, -3.764e-9
16.0000, 190.0000, -3.700e-9
18.0000, 190.0000, -3.660e-9
20.0000, 190.0000, -3.645e-9
22.0000, 190.0000, -3.612e-9
24.0000, 190.0000, -3.567e-9
26.0000, 190.0000, -3.542e-9
28.0000, 190.0000, -3.527e-9
30.0000, 190.0000, -3.499e-9
32.0000, 190.0000, -3.472e-9
34.0000, 190.0000, -3.465e-9
36.0000, 190.0000, -3.454e-9
38.0000, 190.0000, -3.428e-9
40.0000, 190.0000, -3.411e-9
42.0000, 190.0000, -3.404e-9
44.0000, 190.0000, -3.390e-9
46.0000, 190.0000, -3.372e-9
48.0000, 190.0000, -3.363e-9
50.0000, 190.0000, -3.358e-9
52.0000, 190.0000, -3.348e-9
54.0000, 190.0000, -3.339e-9
56.0000, 190.0000, -3.335e-9
58.0000, 190.0000, -3.332e-9
60.0000, 190.0000, -3.328e-9
62.0000, 190.0000, -3.326e-9
64.0000, 190.0000, -3.323e-9
66.0000, 190.0000, -3.311e-9
68.0000, 190.0000, -3.300e-9
70.0000, 190.0000, -3.296e-9
72.0000, 190.0000, -3.289e-9
74.0000, 190.0000, -3.280e-9
76.0000, 190.0000, -3.281e-9
78.0000, 190.0000, -3.280e-9
80.0000, 190.0000, -3.272e-9
82.0000, 190.0000, -3.267e-9
84.0000, 190.0000, -3.266e-9
86.0000, 190.0000, -3.263e-9
88.0000, 190.0000, -3.258e-9
90.0000, 190.0000, -3.257e-9
92.0000, 190.0000, -3.261e-9
94.0000, 190.0000, -3.261e-9
96.0000, 190.0000, -3.259e-9
98.0000, 190.0000, -3.261e-9
100.0000, 190.0000, -3.263e-9
102.0000, 190.0000, -3.262e-9
104.0000, 190.0000, -3.260e-9
106.0000, 190.0000, -3.261e-9
108.0000, 190.0000, -3.261e-9
110.0000, 190.0000, -3.258e-9
112.0000, 190.0000, -3.260e-9
114.0000, 190.0000, -3.262e-9
116.0000, 190.0000, -3.261e-9
118.0000, 190.0000, -3.261e-9
120.0000, 190.0000, -3.263e-9
122.0000, 190.0000, -3.264e-9
124.0000, 190.0000, -3.263e-9
126.0000, 190.0000, -3.265e-9
128.0000, 190.0000, -3.264e-9
130.0000, 190.0000, -3.259e-9
132.0000, 190.0000, -3.263e-9
134.0000, 190.0000, -3.268e-9
136.0000, 190.0000, -3.266e-9
138.0000, 190.0000, -3.263e-9
140.0000, 190.0000, -3.265e-9
142.0000, 190.0000, -3.265e-9
144.0000, 190.0000, -3.261e-9
146.0000, 190.0000, -3.260e-9
148.0000, 190.0000, -3.265e-9
150.0000, 190.0000, -3.266e-9
152.0000, 190.0000, -3.266e-9
154.0000, 190.0000, -3.272e-9
156.0000, 190.0000, -3.279e-9
158.0000, 190.0000, -3.280e-9
160.0000, 190.0000, -3.279e-9
162.0000, 190.0000, -3.283e-9
164.0000, 190.0000, -3.287e-9
166.0000, 190.0000, -3.291e-9
168.0000, 190.0000, -3.299e-9
170.0000, 190.0000, -3.307e-9
172.0000, 190.0000, -3.310e-9
174.0000, 190.0000, -3.310e-9
176.0000, 190.0000, -3.319e-9
178.0000, 190.0000, -3.327e-9
180.0000, 190.0000, -3.327e-9
182.0000, 190.0000, -3.332e-9
184.0000, 190.0000, -3.343e-9
186.0000, 190.0000, -3.351e-9
188.0000, 190.0000, -3.357e-9
190.0000, 190.0000, -3.364e-9
192.0000, 190.0000, -3.372e-9
194.0000, 190.0000, -3.379e-9
196.0000, 190.0000, -3.389e-9
198.0000, 190.0000, -3.400e-9
200.0000, 190.0000, -3.406e-9
202.0000, 190.0000, -3.410e-9
204.0000, 190.0000, -3.420e-9
206.0000, 190.0000, -3.433e-9
208.0000, 190.0000, -3.441e-9
210.0000, 190.0000, -3.449e-9
212.0000, 190.0000, -3.461e-9
214.0000, 190.0000, -3.470e-9
216.0000, 190.0000, -3.476e-9
218.0000, 190.0000, -3.482e-9
220.0000, 190.0000, -3.489e-9
222.0000, 190.0000, -3.496e-9
224.0000, 190.0000, -3.502e-9
226.0000, 190.0000, -3.511e-9
228.0000, 190.0000, -3.522e-9
230.0000, 190.0000, -3.531e-9
232.0000, 190.0000, -3.540e-9
234.0000, 190.0000, -3.549e-9
236.0000, 190.0000, -3.554e-9
238.0000, 190.0000, -3.557e-9
240.0000, 190.0000, -3.564e-9
242.0000, 190.0000, -3.575e-9
244.0000, 190.0000, -3.585e-9
246.0000, 190.0000, -3.595e-9
248.0000, 190.0000, -3.605e-9
0.0000, 192.0000, -4.187e-9
2.0000, 192.0000, -4.114e-9
4.0000, 192.0000, -4.026e-9
6.0000, 192.0000, -3.931e-9
8.0000, 192.0000, -3.858e-9
10.0000, 192.0000, -3.809e-9
12.0000, 192.0000, -3.753e-9
14.0000, 192.0000, -3.697e-9
16.0000, 192.0000, -3.663e-9
18.0000, 192.0000, -3.641e-9
20.0000, 192.0000, -3.607e-9
22.0000, 192.0000, -3.571e-9
24.0000, 192.0000, -3.551e-9
26.0000, 192.0000, -3.533e-9
28.0000, 192.0000, -3.504e-9
30.0000, 192.0000, -3.479e-9
32.0000, 192.0000, -3.467e-9
34.0000, 192.0000, -3.452e-9
36.0000, 192.0000, -3.431e-9
38.0000, 192.0000, -3.415e-9
40.0000, 192.0000, -3.405e-9
42.0000, 192.0000, -3.389e-9
44.0000, 192.0000, -3.373e-9
46.0000, 192.0000, -3.370e-9
48.0000, 192.0000, -3.367e-9
50.0000, 192.0000, -3.353e-9
52.0000, 192.0000, -3.345e-9
54.0000, 192.0000, -3.344e-9
56.0000, 192.0000, -3.333e-9
58.0000, 192.0000, -3.319e-9
60.0000, 192.0000, -3.317e-9
62.0000, 192.0000, -3.316e-9
64.0000, 192.0000, -3.308e-9
66.0000, 192.0000, -3.301e-9
68.0000, 192.0000, -3.299e-9
70.0000, 192.0000, -3.297e-9
72.0000, 192.0000, -3.292e-9
74.0000, 192.0000, -3.287e-9
76.0000, 192.0000, -3.288e-9
78.0000, 192.0000, -3.286e-9
80.0000, 192.0000, -3.279e-9
82.0000, 192.0000, -3.277e-9
84.0000, 192.0000, -3.275e-9
86.0000, 192.0000, -3.269e-9
88.0000, 192.0000, -3.265e-9
90.0000, 192.0000, -3.265e-9
92.0000, 192.0000, -3.265e-9
94.0000, 192.0000, -3.266e-9
96.0000, 192.0000, -3.268e-9
98.0000, 192.0000, -3.267e-9
100.0000, 192.0000, -3.266e-9
102.0000, 192.0000, -3.267e-9
104.0000, 192.0000, -3.267e-9
106.0000, 192.0000, -3.265e-9
108.0000, 192.0000, -3.265e-9
110.0000, 192.0000, -3.266e-9
112.0000, 192.0000, -3.266e-9
114.0000, 192.0000, -3.267e-9
116.0000, 192.0000, -3.268e-9
118.0000, 192.0000, -3.266e-9
120.0000, 192.0000, -3.265e-9
122.0000, 192.0000, -3.268e-9
124.0000, 192.0000, -3.272e-9
126.0000, 192.0000, -3.270e-9
128.0000, 192.0000, -3.267e-9
130.0000, 192.0000, -3.267e-9
132.0000, 192.0000, -3.266e-9
134.0000, 192.0000, -3.267e-9
136.0000, 192.0000, -3.268e-9
138.0000, 192.0000, -3.269e-9
140.0000, 192.0000, -3.268e-9
142.0000, 192.0000, -3.266e-9
144.0000, 192.0000, -3.266e-9
146.0000, 192.0000, -3.265e-9
148.0000, 192.0000, -3.265e-9
150.0000, 192.0000, -3.266e-9
152.0000, 192.0000, -3.271e-9
154.0000, 192.0000, -3.273e-9
156.0000, 192.0000, -3.275e-9
158.0000, 192.0000, -3.277e-9
160.0000, 192.0000, -3.280e-9
162.0000, 192.0000, -3.282e-9
164.0000, 192.0000, -3.285e-9
166.0000, 192.0000, -3.287e-9
168.0000, 192.0000, -3.287e-9
170.0000, 192.0000, -3.290e-9
172.0000, 192.0000, -3.301e-9
174.0000, 192.0000, -3.311e-9
176.0000, 192.0000, -3.316e-9
178.0000, 192.0000, -3.325e-9
180.0000, 192.0000, -3.334e-9
182.0000, 192.0000, -3.336e-9
184.0000, 192.0000, -3.340e-9
186.0000, 192.0000, -3.351e-9
188.0000, 192.0000, -3.360e-9
190.0000, 192.0000, -3.363e-9
192.0000, 192.0000, -3.370e-9
194.0000, 192.0000, -3.381e-9
196.0000, 192.0000, -3.392e-9
198.0000, 192.0000, -3.398e-9
200.0000, 192.0000, -3.404e-9
202.0000, 192.0000, -3.413e-9
204.0000, 192.0000, -3.420e-9
206.0000, 192.0000, -3.428e-9
208.0000, 192.0000, -3.441e-9
210.0000, 192.0000, -3.451e-9
212.0000, 192.0000, -3.458e-9
214.0000, 192.0000, -3.467e-9
216.0000, 192.0000, -3.477e-9
218.0000, 192.0000, -3.482e-9
220.0000, 192.0000, -3.488e-9
222.0000, 192.0000, -3.500e-9
224.0000, 192.0000, -3.510e-9
226.0000, 192.0000, -3.516e-9
228.0000, 192.0000, -3.523e-9
230.0000, 192.0000, -3.529e-9
232.0000, 192.0000, -3.534e-9
234.0000, 192.0000, -3.541e-9
236.0000, 192.0000, -3.554e-9
238.0000, 192.0000, -3.564e-9
240.0000, 192.0000, -3.569e-9
242.0000, 192.0000, -3.579e-9
244.0000, 192.0000, -3.588e-9
246.0000, 192.0000, -3.592e-9
248.0000, 192.0000, -3.596e-9
0.0000, 194.0000, -4.262e-9
2.0000, 194.0000, -4.162e-9
4.0000, 194.0000, -4.104e-9
6.0000, 194.0000, -4.035e-9
8.0000, 194.0000, -3.933e-9
10.0000, 194.0000, -3.849e-9
12.0000, 194.0000, -3.806e-9
14.0000, 194.0000, -3.764e-9
16.0000, 194.0000, -3.699e-9
18.0000, 194.0000, -3.650e-9
20.0000, 194.0000, -3.631e-9
22.0000, 194.0000, -3.600e-9
24.0000, 194.0000, -3.554e-9
26.0000, 194.0000, -3.533e-9
28.0000, 194.0000, -3.522e-9
30.0000, 194.0000, -3.492e-9
32.0000, 194.0000, -3.462e-9
34.0000, 194.0000, -3.453e-9
36.0000, 194.0000, -3.440e-9
38.0000, 194.0000, -3.414e-9
40.0000, 194.0000, -3.398e-9
42.0000, 194.0000, -3.394e-9
44.0000, 194.0000, -3.381e-9
46.0000, 194.0000, -3.365e-9
48.0000, 194.0000, -3.359e-9
50.0000, 194.0000, -3.353e-9
52.0000, 194.0000, -3.340e-9
54.0000, 194.0000, -3.328e-9
56.0000, 194.0000, -3.324e-9
58.0000, 194.0000, -3.319e-9
60.0000, 194.0000, -3.309e-9
62.0000, 194.0000, -3.302e-9
64.0000, 194.0000, -3.302e-9
66.0000, 194.0000, -3.301e-9
68.0000, 194.0000, -3.294e-9
70.0000, 194.0000, -3.289e-9
72.0000, 194.0000, -3.286e-9
74.0000, 194.0000, -3.284e-9
76.0000, 194.0000, -3.280e-9
78.0000, 194.0000, -3.276e-9
80.0000, 194.0000, -3.272e-9
82.0000, 194.0000, -3.267e-9
84.0000, 194.0000, -3.262e-9
86.0000, 194.0000, -3.260e-9
88.0000, 194.0000, -3.259e-9
90.0000, 194.0000, -3.258e-9
92.0000, 194.0000, -3.260e-9
94.0000, 194.0000, -3.261e-9
96.0000, 194.0000, -3.259e-9
98.0000, 194.0000, -3.258e-9
100.0000, 194.0000, -3.258e-9
102.0000, 194.0000, -3.257e-9
104.0000, 194.0000, -3.255e-9
106.0000, 194.0000, -3.255e-9
108.0000, 194.0000, -3.256e-9
110.0000, 194.0000, -3.257e-9
112.0000, 194.0000, -3.258e-9
114.0000, 194.0000, -3.259e-9
116.0000, 194.0000, -3.259e-9
118.0000, 194.0000, -3.260e-9
120.0000, 194.0000, -3.262e-9
122.0000, 194.0000, -3.265e-9
124.0000, 194.0000, -3.264e-9
126.0000, 194.0000, -3.263e-9
128.0000, 194.0000, -3.262e-9
130.0000, 194.0000, -3.261e-9
132.0000, 194.0000, -3.263e-9
134.0000, 194.0000, -3.263e-9
136.0000, 194.0000, -3.261e-9
138.0000, 194.0000, -3.260e-9
140.0000, 194.0000, -3.259e-9
142.0000, 194.0000, -3.256e-9
144.0000, 194.0000, -3.255e-9
146.0000, 194.0000, -3.256e-9
148.0000, 194.0000, -3.259e-9
150.0000, 194.0000, -3.262e-9
152.0000, 194.0000, -3.263e-9
154.0000, 194.0000, -3.266e-9
156.0000, 194.0000, -3.270e-9
158.0000, 194.0000, -3.271e-9
160.0000, 194.0000, -3.272e-9
162.0000, 194.0000, -3.276e-9
164.0000, 194.0000, -3.282e-9
166.0000, 194.0000, -3.284e-9
168.0000, 194.0000, -3.287e-9
170.0000, 194.0000, -3.290e-9
172.0000, 194.0000, -3.294e-9
174.0000, 194.0000, -3.300e-9
176.0000, 194.0000, -3.308e-9
178.0000, 194.0000, -3.313e-9
180.0000, 194.0000, -3.315e-9
182.0000, 194.0000, -3.322e-9
184.0000, 194.0000, -3.333e-9
186.0000, 194.0000, -3.342e-9
188.0000, 194.0000, -3.346e-9
190.0000, 194.0000, -3.352e-9
192.0000, 194.0000, -3.363e-9
194.0000, 194.0000, -3.374e-9
196.0000, 194.0000, -3.381e-9
198.0000, 194.0000, -3.389e-9
200.0000, 194.0000, -3.398e-9
202.0000, 194.0000, -3.404e-9
204.0000, 194.0000, -3.413e-9
206.0000, 194.0000, -3.426e-9
208.0000, 194.0000, -3.435e-9
210.0000, 194.0000, -3.440e-9
212.0000, 194.0000, -3.449e-9
214.0000, 194.0000, -3.460e-9
216.0000, 194.0000, -3.468e-9
218.0000, 194.0000, -3.472e-9
220.0000, 194.0000, -3.480e-9
222.0000, 194.0000, -3.488e-9
224.0000, 194.0000, -3.493e-9
226.0000, 194.0000, -3.498e-9
228.0000, 194.0000, -3.507e-9
230.0000, 194.0000, -3.516e-9
232.0000, 194.0000, -3.525e-9
234.0000, 194.0000, -3.537e-9
236.0000, 194.0000, -3.552e-9
238.0000, 194.0000, -3.562e-9
240.0000, 194.0000, -3.562e-9
242.0000, 194.0000, -3.564e-9
244.0000, 194.0000, -3.571e-9
246.0000, 194.0000, -3.578e-9
248.0000, 194.0000, -3.586e-9
0.0000, 196.0000, -4.268e-9
2.0000, 196.0000, -4.166e-9
4.0000, 196.0000, -4.102e-9
6.0000, 196.0000, -4.028e-9
8.0000, 196.0000, -3.928e-9
10.0000, 196.0000, -3.846e-9
12.0000, 196.0000, -3.804e-9
14.0000, 196.0000, -3.762e-9
16.0000, 196.0000, -3.700e-9
18.0000, 196.0000, -3.654e-9
20.0000, 196.0000, -3.634e-9
22.0000, 196.0000, -3.605e-9
24.0000, 196.0000, -3.562e-9
26.0000, 196.0000, -3.536e-9
28.0000, 196.0000, -3.524e-9
30.0000, 196.0000, -3.497e-9
32.0000, 196.0000, -3.467e-9
34.0000, 196.0000, -3.457e-9
36.0000, 196.0000, -3.447e-9
38.0000, 196.0000, -3.421e-9
40.0000, 196.0000, -3.400e-9
42.0000, 196.0000, -3.394e-9
44.0000, 196.0000, -3.385e-9
46.0000, 196.0000, -3.367e-9
48.0000, 196.0000, -3.359e-9
50.0000, 196.0000, -3.359e-9
52.0000, 196.0000, -3.348e-9
54.0000, 196.0000, -3.334e-9
56.0000, 196.0000, -3.330e-9
58.0000, 196.0000, -3.327e-9
60.0000, 196.0000, -3.315e-9
62.0000, 196.0000, -3.307e-9
64.0000, 196.0000, -3.306e-9
66.0000, 196.0000, -3.302e-9
68.0000, 196.0000, -3.295e-9
70.0000, 196.0000, -3.292e-9
72.0000, 196.0000, -3.288e-9
74.0000, 196.0000, -3.283e-9
76.0000, 196.0000, -3.280e-9
78.0000, 196.0000, -3.277e-9
80.0000, 196.0000, -3.273e-9
82.0000, 196.0000, -3.267e-9
84.0000, 196.0000, -3.263e-9
86.0000, 196.0000, -3.262e-9
88.0000, 196.0000, -3.259e-9
90.0000, 196.0000, -3.256e-9
92.0000, 196.0000, -3.258e-9
94.0000, 196.0000, -3.261e-9
96.0000, 196.0000, -3.259e-9
98.0000, 196.0000, -3.257e-9
100.0000, 196.0000, -3.260e-9
102.0000, 196.0000, -3.261e-9
104.0000, 196.0000, -3.258e-9
106.0000, 196.0000, -3.260e-9
108.0000, 196.0000, -3.265e-9
110.0000, 196.0000, -3.263e-9
112.0000, 196.0000, -3.259e-9
114.0000, 196.0000, -3.262e-9
116.0000, 196.0000, -3.262e-9
118.0000, 196.0000, -3.258e-9
120.0000, 196.0000, -3.260e-9
122.0000, 196.0000, -3.267e-9
124.0000, 196.0000, -3.266e-9
126.0000, 196.0000, -3.260e-9
128.0000, 196.0000, -3.260e-9
130.0000, 196.0000, -3.261e-9
132.0000, 196.0000, -3.259e-9
134.0000, 196.0000, -3.257e-9
136.0000, 196.0000, -3.259e-9
138.0000, 196.0000, -3.259e-9
140.0000, 196.0000, -3.255e-9
142.0000, 196.0000, -3.255e-9
144.0000, 196.0000, -3.257e-9
146.0000, 196.0000, -3.256e-9
148.0000, 196.0000, -3.256e-9
150.0000, 196.0000, -3.260e-9
152.0000, 196.0000, -3.263e-9
154.0000, 196.0000, -3.263e-9
156.0000, 196.0000, -3.265e-9
158.0000, 196.0000, -3.269e-9
160.0000, 196.0000, -3.273e-9
162.0000, 196.0000, -3.275e-9
164.0000, 196.0000, -3.280e-9
166.0000, 196.0000, -3.285e-9
168.0000, 196.0000, -3.287e-9
170.0000, 196.0000, -3.290e-9
172.0000, 196.0000, -3.297e-9
174.0000, 196.0000, -3.304e-9
176.0000, 196.0000, -3.309e-9
178.0000, 196.0000, -3.315e-9
180.0000, 196.0000, -3.320e-9
182.0000, 196.0000, -3.325e-9
184.0000, 196.0000, -3.334e-9
186.0000, 196.0000, -3.344e-9
188.0000, 196.0000, -3.351e-9
190.0000, 196.0000, -3.355e-9
192.0000, 196.0000, -3.363e-9
194.0000, 196.0000, -3.375e-9
196.0000, 196.0000, -3.384e-9
198.0000, 196.0000, -3.390e-9
200.0000, 196.0000, -3.397e-9
202.0000, 196.0000, -3.404e-9
204.0000, 196.0000, -3.412e-9
206.0000, 196.0000, -3.425e-9
208.0000, 196.0000, -3.434e-9
210.0000, 196.0000, -3.437e-9
212.0000, 196.0000, -3.445e-9
214.0000, 196.0000, -3.456e-9
216.0000, 196.0000, -3.463e-9
218.0000, 196.0000, -3.467e-9
220.0000, 196.0000, -3.475e-9
222.0000, 196.0000, -3.487e-9
224.0000, 196.0000, -3.495e-9
226.0000, 196.0000, -3.502e-9
228.0000, 196.0000, -3.509e-9
230.0000, 196.0000, -3.512e-9
232.0000, 196.0000, -3.518e-9
234.0000, 196.0000, -3.528e-9
236.0000, 196.0000, -3.540e-9
238.0000, 196.0000, -3.551e-9
240.0000, 196.0000, -3.561e-9
242.0000, 196.0000, -3.569e-9
244.0000, 196.0000, -3.573e-9
246.0000, 196.0000, -3.580e-9
248.0000, 196.0000, -3.589e-9
0.0000, 198.0000, -4.154e-9
2.0000, 198.0000, -4.085e-9
4.0000, 198.0000, -4.011e-9
6.0000, 198.0000, -3.921e-9
8.0000, 198.0000, -3.843e-9
10.0000, 198.0000, -3.793e-9
12.0000, 198.0000, -3.747e-9
14.0000, 198.0000, -3.694e-9
16.0000, 198.0000, -3.653e-9
18.0000, 198.0000, -3.627e-9
20.0000, 198.0000, -3.598e-9
22.0000, 198.0000, -3.562e-9
24.0000, 198.0000, -3.537e-9
26.0000, 198.0000, -3.523e-9
28.0000, 198.0000, -3.501e-9
30.0000, 198.0000, -3.476e-9
32.0000, 198.0000, -3.460e-9
34.0000, 198.0000, -3.446e-9
36.0000, 198.0000, -3.427e-9
38.0000, 198.0000, -3.412e-9
40.0000, 198.0000, -3.404e-9
42.0000, 198.0000, -3.394e-9
44.0000, 198.0000, -3.376e-9
46.0000, 198.0000, -3.366e-9
48.0000, 198.0000, -3.363e-9
50.0000, 198.0000, -3.352e-9
52.0000, 198.0000, -3.338e-9
54.0000, 198.0000, -3.335e-9
56.0000, 198.0000, -3.335e-9
58.0000, 198.0000, -3.325e-9
60.0000, 198.0000, -3.315e-9
62.0000, 198.0000, -3.313e-9
64.0000, 198.0000, -3.312e-9
66.0000, 198.0000, -3.302e-9
68.0000, 198.0000, -3.297e-9
70.0000, 198.0000, -3.297e-9
72.0000, 198.0000, -3.295e-9
74.0000, 198.0000, -3.290e-9
76.0000, 198.0000, -3.287e-9
78.0000, 198.0000, -3.284e-9
80.0000, 198.0000, -3.278e-9
82.0000, 198.0000, -3.273e-9
84.0000, 198.0000, -3.268e-9
86.0000, 198.0000, -3.263e-9
88.0000, 198.0000, -3.262e-9
90.0000, 198.0000, -3.266e-9
92.0000, 198.0000, -3.266e-9
94.0000, 198.0000, -3.263e-9
96.0000, 198.0000, -3.263e-9
98.0000, 198.0000, -3.265e-9
100.0000, 198.0000, -3.263e-9
102.0000, 198.0000, -3.262e-9
104.0000, 198.0000, -3.264e-9
106.0000, 198.0000, -3.264e-9
108.0000, 198.0000, -3.263e-9
110.0000, 198.0000, -3.266e-9
112.0000, 198.0000, -3.269e-9
114.0000, 198.0000, -3.267e-9
116.0000, 198.0000, -3.267e-9
118.0000, 198.0000, -3.272e-9
120.0000, 198.0000, -3.273e-9
122.0000, 198.0000, -3.270e-9
124.0000, 198.0000, -3.269e-9
126.0000, 198.0000, -3.269e-9
128.0000, 198.0000, -3.265e-9
130.0000, 198.0000, -3.264e-9
132.0000, 198.0000, -3.267e-9
134.0000, 198.0000, -3.268e-9
136.0000, 198.0000, -3.265e-9
138.0000, 198.0000, -3.262e-9
140.0000, 198.0000, -3.261e-9
142.0000, 198.0000, -3.261e-9
144.0000, 198.0000, -3.259e-9
146.0000, 198.0000, -3.259e-9
148.0000, 198.0000, -3.261e-9
150.0000, 198.0000, -3.261e-9
152.0000, 198.0000, -3.261e-9
154.0000, 198.0000, -3.263e-9
156.0000, 198.0000, -3.266e-9
158.0000, 198.0000, -3.268e-9
160.0000, 198.0000, -3.269e-9
162.0000, 198.0000, -3.272e-9
164.0000, 198.0000, -3.276e-9
166.0000, 198.0000, -3.280e-9
168.0000, 198.0000, -3.285e-9
170.0000, 198.0000, -3.290e-9
172.0000, 198.0000, -3.294e-9
174.0000, 198.0000, -3.300e-9
176.0000, 198.0000, -3.307e-9
178.0000, 198.0000, -3.311e-9
180.0000, 198.0000, -3.316e-9
182.0000, 198.0000, -3.326e-9
184.0000, 198.0000, -3.336e-9
186.0000, 198.0000, -3.339e-9
188.0000, 198.0000, -3.343e-9
190.0000, 198.0000, -3.353e-9
192.0000, 198.0000, -3.365e-9
194.0000, 198.0000, -3.374e-9
196.0000, 198.0000, -3.380e-9
198.0000, 198.0000, -3.389e-9
200.0000, 198.0000, -3.396e-9
202.0000, 198.0000, -3.404e-9
204.0000, 198.0000, -3.416e-9
206.0000, 198.0000, -3.427e-9
208.0000, 198.0000, -3.434e-9
210.0000, 198.0000, -3.441e-9
212.0000, 198.0000, -3.451e-9
214.0000, 198.0000, -3.458e-9
216.0000, 198.0000, -3.464e-9
218.0000, 198.0000, -3.471e-9
220.0000, 198.0000, -3.479e-9
222.0000, 198.0000, -3.487e-9
224.0000, 198.0000, -3.496e-9
226.0000, 198.0000, -3.505e-9
228.0000, 198.0000, -3.511e-9
230.0000, 198.0000, -3.515e-9
232.0000, 198.0000, -3.523e-9
234.0000, 198.0000, -3.533e-9
236.0000, 198.0000, -3.543e-9
238.0000, 198.0000, -3.554e-9
240.0000, 198.0000, -3.563e-9
242.0000, 198.0000, -3.568e-9
244.0000, 198.0000, -3.576e-9
246.0000, 198.0000, -3.587e-9
248.0000, 198.0000, -3.597e-9
0.0000, 200.0000, -4.247e-9
2.0000, 200.0000, -4.148e-9
4.0000, 200.0000, -4.085e-9
6.0000, 200.0000, -4.013e-9
8.0000, 200.0000, -3.916e-9
10.0000, 200.0000, -3.837e-9
12.0000, 200.0000, -3.797e-9
14.0000, 200.0000, -3.750e-9
16.0000, 200.0000, -3.682e-9
18.0000, 200.0000, -3.639e-9
20.0000, 200.0000, -3.623e-9
22.0000, 200.0000, -3.591e-9
24.0000, 200.0000, -3.547e-9
26.0000, 200.0000, -3.526e-9
28.0000, 200.0000, -3.519e-9
30.0000, 200.0000, -3.490e-9
32.0000, 200.0000, -3.457e-9
34.0000, 200.0000, -3.447e-9
36.0000, 200.0000, -3.438e-9
38.0000, 200.0000, -3.412e-9
40.0000, 200.0000, -3.396e-9
42.0000, 200.0000, -3.394e-9
44.0000, 200.0000, -3.382e-9
46.0000, 200.0000, -3.365e-9
48.0000, 200.0000, -3.359e-9
50.0000, 200.0000, -3.352e-9
52.0000, 200.0000, -3.337e-9
54.0000, 200.0000, -3.328e-9
56.0000, 200.0000, -3.329e-9
58.0000, 200.0000, -3.324e-9
60.0000, 200.0000, -3.312e-9
62.0000, 200.0000, -3.310e-9
64.0000, 200.0000, -3.311e-9
66.0000, 200.0000, -3.302e-9
68.0000, 200.0000, -3.292e-9
70.0000, 200.0000, -3.293e-9
72.0000, 200.0000, -3.293e-9
74.0000, 200.0000, -3.283e-9
76.0000, 200.0000, -3.276e-9
78.0000, 200.0000, -3.276e-9
80.0000, 200.0000, -3.270e-9
82.0000, 200.0000, -3.260e-9
84.0000, 200.0000, -3.259e-9
86.0000, 200.0000, -3.262e-9
88.0000, 200.0000, -3.262e-9
90.0000, 200.0000, -3.258e-9
92.0000, 200.0000, -3.260e-9
94.0000, 200.0000, -3.262e-9
96.0000, 200.0000, -3.260e-9
98.0000, 200.0000, -3.258e-9
100.0000, 200.0000, -3.261e-9
102.0000, 200.0000, -3.262e-9
104.0000, 200.0000, -3.259e-9
106.0000, 200.0000, -3.260e-9
108.0000, 200.0000, -3.263e-9
110.0000, 200.0000, -3.261e-9
112.0000, 200.0000, -3.260e-9
114.0000, 200.0000, -3.263e-9
116.0000, 200.0000, -3.267e-9
118.0000, 200.0000, -3.266e-9
120.0000, 200.0000, -3.265e-9
122.0000, 200.0000, -3.266e-9
124.0000, 200.0000, -3.263e-9
126.0000, 200.0000, -3.259e-9
128.0000, 200.0000, -3.261e-9
130.0000, 200.0000, -3.262e-9
132.0000, 200.0000, -3.259e-9
134.0000, 200.0000, -3.256e-9
136.0000, 200.0000, -3.254e-9
138.0000, 200.0000, -3.252e-9
140.0000, 200.0000, -3.250e-9
142.0000, 200.0000, -3.250e-9
144.0000, 200.0000, -3.251e-9
146.0000, 200.0000, -3.252e-9
148.0000, 200.0000, -3.253e-9
150.0000, 200.0000, -3.253e-9
152.0000, 200.0000, -3.255e-9
154.0000, 200.0000, -3.260e-9
156.0000, 200.0000, -3.261e-9
158.0000, 200.0000, -3.259e-9
160.0000, 200.0000, -3.259e-9
162.0000, 200.0000, -3.262e-9
164.0000, 200.0000, -3.267e-9
166.0000, 200.0000, -3.272e-9
168.0000, 200.0000, -3.277e-9
170.0000, 200.0000, -3.280e-9
172.0000, 200.0000, -3.287e-9
174.0000, 200.0000, -3.294e-9
176.0000, 200.0000, -3.297e-9
178.0000, 200.0000, -3.303e-9
180.0000, 200.0000, -3.314e-9
182.0000, 200.0000, -3.322e-9
184.0000, 200.0000, -3.327e-9
186.0000, 200.0000, -3.334e-9
188.0000, 200.0000, -3.343e-9
190.0000, 200.0000, -3.352e-9
192.0000, 200.0000, -3.360e-9
194.0000, 200.0000, -3.368e-9
196.0000, 200.0000, -3.377e-9
198.0000, 200.0000, -3.383e-9
200.0000, 200.0000, -3.390e-9
202.0000, 200.0000, -3.401e-9
204.0000, 200.0000, -3.409e-9
206.0000, 200.0000, -3.416e-9
208.0000, 200.0000, -3.425e-9
210.0000, 200.0000, -3.434e-9
212.0000, 200.0000, -3.442e-9
214.0000, 200.0000, -3.450e-9
216.0000, 200.0000, -3.462e-9
218.0000, 200.0000, -3.469e-9
220.0000, 200.0000, -3.471e-9
222.0000, 200.0000, -3.476e-9
224.0000, 200.0000, -3.483e-9
226.0000, 200.0000, -3.489e-9
228.0000, 200.0000, -3.496e-9
230.0000, 200.0000, -3.508e-9
232.0000, 200.0000, -3.520e-9
234.0000, 200.0000, -3.529e-9
236.0000, 200.0000, -3.535e-9
238.0000, 200.0000, -3.542e-9
240.0000, 200.0000, -3.547e-9
242.0000, 200.0000, -3.554e-9
244.0000, 200.0000, -3.566e-9
246.0000, 200.0000, -3.579e-9
248.0000, 200.0000, -3.587e-9
0.0000, 202.0000, -4.153e-9
2.0000, 202.0000, -4.090e-9
4.0000, 202.0000, -4.005e-9
6.0000, 202.0000, -3.913e-9
8.0000, 202.0000, -3.848e-9
10.0000, 202.0000, -3.801e-9
12.0000, 202.0000, -3.747e-9
14.0000, 202.0000, -3.691e-9
16.0000, 202.0000, -3.655e-9
18.0000, 202.0000, -3.627e-9
20.0000, 202.0000, -3.591e-9
22.0000, 202.0000, -3.558e-9
24.0000, 202.0000, -3.538e-9
26.0000, 202.0000, -3.518e-9
28.0000, 202.0000, -3.492e-9
30.0000, 202.0000, -3.471e-9
32.0000, 202.0000, -3.457e-9
34.0000, 202.0000, -3.445e-9
36.0000, 202.0000, -3.428e-9
38.0000, 202.0000, -3.413e-9
40.0000, 202.0000, -3.404e-9
42.0000, 202.0000, -3.392e-9
44.0000, 202.0000, -3.376e-9
46.0000, 202.0000, -3.367e-9
48.0000, 202.0000, -3.361e-9
50.0000, 202.0000, -3.352e-9
52.0000, 202.0000, -3.344e-9
54.0000, 202.0000, -3.337e-9
56.0000, 202.0000, -3.330e-9
58.0000, 202.0000, -3.326e-9
60.0000, 202.0000, -3.323e-9
62.0000, 202.0000, -3.318e-9
64.0000, 202.0000, -3.311e-9
66.0000, 202.0000, -3.306e-9
68.0000, 202.0000, -3.303e-9
70.0000, 202.0000, -3.299e-9
72.0000, 202.0000, -3.292e-9
74.0000, 202.0000, -3.288e-9
76.0000, 202.0000, -3.286e-9
78.0000, 202.0000, -3.280e-9
80.0000, 202.0000, -3.277e-9
82.0000, 202.0000, -3.281e-9
84.0000, 202.0000, -3.280e-9
86.0000, 202.0000, -3.276e-9
88.0000, 202.0000, -3.276e-9
90.0000, 202.0000, -3.276e-9
92.0000, 202.0000, -3.271e-9
94.0000, 202.0000, -3.268e-9
96.0000, 202.0000, -3.269e-9
98.0000, 202.0000, -3.269e-9
100.0000, 202.0000, -3.268e-9
102.0000, 202.0000, -3.270e-9
104.0000, 202.0000, -3.272e-9
106.0000, 202.0000, -3.271e-9
108.0000, 202.0000, -3.269e-9
110.0000, 202.0000, -3.271e-9
112.0000, 202.0000, -3.275e-9
114.0000, 202.0000, -3.275e-9
116.0000, 202.0000, -3.272e-9
118.0000, 202.0000, -3.270e-9
120.0000, 202.0000, -3.267e-9
122.0000, 202.0000, -3.269e-9
124.0000, 202.0000, -3.272e-9
126.0000, 202.0000, -3.271e-9
128.0000, 202.0000, -3.267e-9
130.0000, 202.0000, -3.263e-9
132.0000, 202.0000, -3.260e-9
134.0000, 202.0000, -3.259e-9
136.0000, 202.0000, -3.256e-9
138.0000, 202.0000, -3.254e-9
140.0000, 202.0000, -3.255e-9
142.0000, 202.0000, -3.256e-9
144.0000, 202.0000, -3.256e-9
146.0000, 202.0000, -3.256e-9
148.0000, 202.0000, -3.258e-9
150.0000, 202.0000, -3.257e-9
152.0000, 202.0000, -3.257e-9
154.0000, 202.0000, -3.260e-9
156.0000, 202.0000, -3.262e-9
158.0000, 202.0000, -3.262e-9
160.0000, 202.0000, -3.267e-9
162.0000, 202.0000, -3.272e-9
164.0000, 202.0000, -3.276e-9
166.0000, 202.0000, -3.279e-9
168.0000, 202.0000, -3.282e-9
170.0000, 202.0000, -3.285e-9
172.0000, 202.0000, -3.289e-9
174.0000, 202.0000, -3.297e-9
176.0000, 202.0000, -3.305e-9
178.0000, 202.0000, -3.309e-9
180.0000, 202.0000, -3.314e-9
182.0000, 202.0000, -3.322e-9
184.0000, 202.0000, -3.330e-9
186.0000, 202.0000, -3.336e-9
188.0000, 202.0000, -3.343e-9
190.0000, 202.0000, -3.349e-9
192.0000, 202.0000, -3.354e-9
194.0000, 202.0000, -3.362e-9
196.0000, 202.0000, -3.374e-9
198.0000, 202.0000, -3.382e-9
200.0000, 202.0000, -3.385e-9
202.0000, 202.0000, -3.393e-9
204.0000, 202.0000, -3.406e-9
206.0000, 202.0000, -3.413e-9
208.0000, 202.0000, -3.417e-9
210.0000, 202.0000, -3.427e-9
212.0000, 202.0000, -3.437e-9
214.0000, 202.0000, -3.441e-9
216.0000, 202.0000, -3.448e-9
218.0000, 202.0000, -3.458e-9
220.0000, 202.0000, -3.464e-9
222.0000, 202.0000, -3.469e-9
224.0000, 202.0000, -3.480e-9
226.0000, 202.0000, -3.490e-9
228.0000, 202.0000, -3.492e-9
230.0000, 202.0000, -3.495e-9
232.0000, 202.0000, -3.503e-9
234.0000, 202.0000, -3.509e-9
236.0000, 202.0000, -3.518e-9
238.0000, 202.0000, -3.534e-9
240.0000, 202.0000, -3.547e-9
242.0000, 202.0000, -3.553e-9
244.0000, 202.0000, -3.558e-9
246.0000, 202.0000, -3.568e-9
248.0000, 202.0000, -3.577e-9
0.0000, 204.0000, -4.163e-9
2.0000, 204.0000, -4.087e-9
4.0000, 204.0000, -3.997e-9
6.0000, 204.0000, -3.911e-9
8.0000, 204.0000, -3.847e-9
10.0000, 204.0000, -3.795e-9
12.0000, 204.0000, -3.738e-9
14.0000, 204.0000, -3.687e-9
16.0000, 204.0000, -3.656e-9
18.0000, 204.0000, -3.628e-9
20.0000, 204.0000, -3.591e-9
22.0000, 204.0000, -3.558e-9
24.0000, 204.0000, -3.539e-9
26.0000, 204.0000, -3.521e-9
28.0000, 204.0000, -3.496e-9
30.0000, 204.0000, -3.476e-9
32.0000, 204.0000, -3.463e-9
34.0000, 204.0000, -3.446e-9
36.0000, 204.0000, -3.426e-9
38.0000, 204.0000, -3.419e-9
40.0000, 204.0000, -3.413e-9
42.0000, 204.0000, -3.397e-9
44.0000, 204.0000, -3.384e-9
46.0000, 204.0000, -3.379e-9
48.0000, 204.0000, -3.367e-9
50.0000, 204.0000, -3.351e-9
52.0000, 204.0000, -3.345e-9
54.0000, 204.0000, -3.345e-9
56.0000, 204.0000, -3.339e-9
58.0000, 204.0000, -3.329e-9
60.0000, 204.0000, -3.324e-9
62.0000, 204.0000, -3.323e-9
64.0000, 204.0000, -3.317e-9
66.0000, 204.0000, -3.308e-9
68.0000, 204.0000, -3.305e-9
70.0000, 204.0000, -3.302e-9
72.0000, 204.0000, -3.295e-9
74.0000, 204.0000, -3.290e-9
76.0000, 204.0000, -3.287e-9
78.0000, 204.0000, -3.281e-9
80.0000, 204.0000, -3.275e-9
82.0000, 204.0000, -3.275e-9
84.0000, 204.0000, -3.274e-9
86.0000, 204.0000, -3.272e-9
88.0000, 204.0000, -3.274e-9
90.0000, 204.0000, -3.273e-9
92.0000, 204.0000, -3.268e-9
94.0000, 204.0000, -3.267e-9
96.0000, 204.0000, -3.269e-9
98.0000, 204.0000, -3.268e-9
100.0000, 204.0000, -3.265e-9
102.0000, 204.0000, -3.266e-9
104.0000, 204.0000, -3.267e-9
106.0000, 204.0000, -3.265e-9
108.0000, 204.0000, -3.263e-9
110.0000, 204.0000, -3.265e-9
112.0000, 204.0000, -3.266e-9
114.0000, 204.0000, -3.267e-9
116.0000, 204.0000, -3.270e-9
118.0000, 204.0000, -3.270e-9
120.0000, 204.0000, -3.267e-9
122.0000, 204.0000, -3.265e-9
124.0000, 204.0000, -3.264e-9
126.0000, 204.0000, -3.265e-9
128.0000, 204.0000, -3.265e-9
130.0000, 204.0000, -3.263e-9
132.0000, 204.0000, -3.262e-9
134.0000, 204.0000, -3.260e-9
136.0000, 204.0000, -3.256e-9
138.0000, 204.0000, -3.254e-9
140.0000, 204.0000, -3.253e-9
142.0000, 204.0000, -3.250e-9
144.0000, 204.0000, -3.250e-9
146.0000, 204.0000, -3.251e-9
148.0000, 204.0000, -3.253e-9
150.0000, 204.0000, -3.253e-9
152.0000, 204.0000, -3.255e-9
154.0000, 204.0000, -3.258e-9
156.0000, 204.0000, -3.258e-9
158.0000, 204.0000, -3.259e-9
160.0000, 204.0000, -3.264e-9
162.0000, 204.0000, -3.269e-9
164.0000, 204.0000, -3.271e-9
166.0000, 204.0000, -3.275e-9
168.0000, 204.0000, -3.281e-9
170.0000, 204.0000, -3.286e-9
172.0000, 204.0000, -3.288e-9
174.0000, 204.0000, -3.291e-9
176.0000, 204.0000, -3.298e-9
178.0000, 204.0000, -3.305e-9
180.0000, 204.0000, -3.311e-9
182.0000, 204.0000, -3.320e-9
184.0000, 204.0000, -3.330e-9
186.0000, 204.0000, -3.335e-9
188.0000, 204.0000, -3.341e-9
190.0000, 204.0000, -3.351e-9
192.0000, 204.0000, -3.359e-9
194.0000, 204.0000, -3.362e-9
196.0000, 204.0000, -3.368e-9
198.0000, 204.0000, -3.378e-9
200.0000, 204.0000, -3.387e-9
202.0000, 204.0000, -3.394e-9
204.0000, 204.0000, -3.404e-9
206.0000, 204.0000, -3.415e-9
208.0000, 204.0000, -3.422e-9
210.0000, 204.0000, -3.427e-9
212.0000, 204.0000, -3.435e-9
214.0000, 204.0000, -3.445e-9
216.0000, 204.0000, -3.453e-9
218.0000, 204.0000, -3.462e-9
220.0000, 204.0000, -3.469e-9
222.0000, 204.0000, -3.475e-9
224.0000, 204.0000, -3.480e-9
226.0000, 204.0000, -3.489e-9
228.0000, 204.0000, -3.501e-9
230.0000, 204.0000, -3.509e-9
232.0000, 204.0000, -3.516e-9
234.0000, 204.0000, -3.526e-9
236.0000, 204.0000, -3.536e-9
238.0000, 204.0000, -3.540e-9
240.0000, 204.0000, -3.547e-9
242.0000, 204.0000, -3.560e-9
244.0000, 204.0000, -3.571e-9
246.0000, 204.0000, -3.576e-9
248.0000, 204.0000, -3.582e-9
0.0000, 206.0000, -4.263e-9
2.0000, 206.0000, -4.162e-9
4.0000, 206.0000, -4.101e-9
6.0000, 206.0000, -4.029e-9
8.0000, 206.0000, -3.928e-9
10.0000, 206.0000, -3.844e-9
12.0000, 206.0000, -3.801e-9
14.0000, 206.0000, -3.758e-9
16.0000, 206.0000, -3.697e-9
18.0000, 206.0000, -3.652e-9
20.0000, 206.0000, -3.630e-9
22.0000, 206.0000, -3.597e-9
24.0000, 206.0000, -3.556e-9
26.0000, 206.0000, -3.535e-9
28.0000, 206.0000, -3.520e-9
30.0000, 206.0000, -3.492e-9
32.0000, 206.0000, -3.463e-9
34.0000, 206.0000, -3.453e-9
36.0000, 206.0000, -3.442e-9
38.0000, 206.0000, -3.417e-9
40.0000, 206.0000, -3.403e-9
42.0000, 206.0000, -3.400e-9
44.0000, 206.0000, -3.384e-9
46.0000, 206.0000, -3.363e-9
48.0000, 206.0000, -3.357e-9
50.0000, 206.0000, -3.356e-9
52.0000, 206.0000, -3.344e-9
54.0000, 206.0000, -3.334e-9
56.0000, 206.0000, -3.333e-9
58.0000, 206.0000, -3.331e-9
60.0000, 206.0000, -3.321e-9
62.0000, 206.0000, -3.312e-9
64.0000, 206.0000, -3.311e-9
66.0000, 206.0000, -3.308e-9
68.0000, 206.0000, -3.299e-9
70.0000, 206.0000, -3.293e-9
72.0000, 206.0000, -3.292e-9
74.0000, 206.0000, -3.284e-9
76.0000, 206.0000, -3.277e-9
78.0000, 206.0000, -3.276e-9
80.0000, 206.0000, -3.274e-9
82.0000, 206.0000, -3.268e-9
84.0000, 206.0000, -3.269e-9
86.0000, 206.0000, -3.272e-9
88.0000, 206.0000, -3.268e-9
90.0000, 206.0000, -3.263e-9
92.0000, 206.0000, -3.266e-9
94.0000, 206.0000, -3.267e-9
96.0000, 206.0000, -3.263e-9
98.0000, 206.0000, -3.262e-9
100.0000, 206.0000, -3.264e-9
102.0000, 206.0000, -3.264e-9
104.0000, 206.0000, -3.262e-9
106.0000, 206.0000, -3.264e-9
108.0000, 206.0000, -3.264e-9
110.0000, 206.0000, -3.262e-9
112.0000, 206.0000, -3.265e-9
114.0000, 206.0000, -3.268e-9
116.0000, 206.0000, -3.266e-9
118.0000, 206.0000, -3.265e-9
120.0000, 206.0000, -3.266e-9
122.0000, 206.0000, -3.266e-9
124.0000, 206.0000, -3.265e-9
126.0000, 206.0000, -3.265e-9
128.0000, 206.0000, -3.264e-9
130.0000, 206.0000, -3.260e-9
132.0000, 206.0000, -3.256e-9
134.0000, 206.0000, -3.253e-9
136.0000, 206.0000, -3.251e-9
138.0000, 206.0000, -3.246e-9
140.0000, 206.0000, -3.245e-9
142.0000, 206.0000, -3.247e-9
144.0000, 206.0000, -3.248e-9
146.0000, 206.0000, -3.247e-9
148.0000, 206.0000, -3.247e-9
150.0000, 206.0000, -3.249e-9
152.0000, 206.0000, -3.250e-9
154.0000, 206.0000, -3.249e-9
156.0000, 206.0000, -3.251e-9
158.0000, 206.0000, -3.254e-9
160.0000, 206.0000, -3.255e-9
162.0000, 206.0000, -3.258e-9
164.0000, 206.0000, -3.263e-9
166.0000, 206.0000, -3.267e-9
168.0000, 206.0000, -3.271e-9
170.0000, 206.0000, -3.275e-9
172.0000, 206.0000, -3.279e-9
174.0000, 206.0000, -3.285e-9
176.0000, 206.0000, -3.293e-9
178.0000, 206.0000, -3.299e-9
180.0000, 206.0000, -3.305e-9
182.0000, 206.0000, -3.310e-9
184.0000, 206.0000, -3.318e-9
186.0000, 206.0000, -3.327e-9
188.0000, 206.0000, -3.333e-9
190.0000, 206.0000, -3.339e-9
192.0000, 206.0000, -3.345e-9
194.0000, 206.0000, -3.352e-9
196.0000, 206.0000, -3.362e-9
198.0000, 206.0000, -3.373e-9
200.0000, 206.0000, -3.380e-9
202.0000, 206.0000, -3.386e-9
204.0000, 206.0000, -3.395e-9
206.0000, 206.0000, -3.405e-9
208.0000, 206.0000, -3.410e-9
210.0000, 206.0000, -3.416e-9
212.0000, 206.0000, -3.427e-9
214.0000, 206.0000, -3.437e-9
216.0000, 206.0000, -3.443e-9
218.0000, 206.0000, -3.450e-9
220.0000, 206.0000, -3.457e-9
222.0000, 206.0000, -3.464e-9
224.0000, 206.0000, -3.474e-9
226.0000, 206.0000, -3.484e-9
228.0000, 206.0000, -3.491e-9
230.0000, 206.0000, -3.498e-9
232.0000, 206.0000, -3.507e-9
234.0000, 206.0000, -3.515e-9
236.0000, 206.0000, -3.521e-9
238.0000, 206.0000, -3.529e-9
240.0000, 206.0000, -3.540e-9
242.0000, 206.0000, -3.550e-9
244.0000, 206.0000, -3.559e-9
246.0000, 206.0000, -3.571e-9
248.0000, 206.0000, -3.580e-9
0.0000, 208.0000, -4.140e-9
2.0000, 208.0000, -4.068e-9
4.0000, 208.0000, -3.987e-9
6.0000, 208.0000, -3.900e-9
8.0000, 208.0000, -3.833e-9
10.0000, 208.0000, -3.782e-9
12.0000, 208.0000, -3.730e-9
14.0000, 208.0000, -3.679e-9
16.0000, 208.0000, -3.645e-9
18.0000, 208.0000, -3.613e-9
20.0000, 208.0000, -3.575e-9
22.0000, 208.0000, -3.544e-9
24.0000, 208.0000, -3.527e-9
26.0000, 208.0000, -3.507e-9
28.0000, 208.0000, -3.481e-9
30.0000, 208.0000, -3.462e-9
32.0000, 208.0000, -3.450e-9
34.0000, 208.0000, -3.434e-9
36.0000, 208.0000, -3.416e-9
38.0000, 208.0000, -3.406e-9
40.0000, 208.0000, -3.396e-9
42.0000, 208.0000, -3.381e-9
44.0000, 208.0000, -3.370e-9
46.0000, 208.0000, -3.362e-9
48.0000, 208.0000, -3.350e-9
50.0000, 208.0000, -3.338e-9
52.0000, 208.0000, -3.333e-9
54.0000, 208.0000, -3.328e-9
56.0000, 208.0000, -3.318e-9
58.0000, 208.0000, -3.315e-9
60.0000, 208.0000, -3.317e-9
62.0000, 208.0000, -3.314e-9
64.0000, 208.0000, -3.307e-9
66.0000, 208.0000, -3.302e-9
68.0000, 208.0000, -3.299e-9
70.0000, 208.0000, -3.293e-9
72.0000, 208.0000, -3.289e-9
74.0000, 208.0000, -3.287e-9
76.0000, 208.0000, -3.282e-9
78.0000, 208.0000, -3.273e-9
80.0000, 208.0000, -3.270e-9
82.0000, 208.0000, -3.269e-9
84.0000, 208.0000, -3.266e-9
86.0000, 208.0000, -3.265e-9
88.0000, 208.0000, -3.269e-9
90.0000, 208.0000, -3.267e-9
92.0000, 208.0000, -3.264e-9
94.0000, 208.0000, -3.267e-9
96.0000, 208.0000, -3.267e-9
98.0000, 208.0000, -3.262e-9
100.0000, 208.0000, -3.263e-9
102.0000, 208.0000, -3.265e-9
104.0000, 208.0000, -3.263e-9
106.0000, 208.0000, -3.261e-9
108.0000, 208.0000, -3.265e-9
110.0000, 208.0000, -3.265e-9
112.0000, 208.0000, -3.263e-9
114.0000, 208.0000, -3.266e-9
116.0000, 208.0000, -3.271e-9
118.0000, 208.0000, -3.268e-9
120.0000, 208.0000, -3.264e-9
122.0000, 208.0000, -3.266e-9
124.0000, 208.0000, -3.266e-9
126.0000, 208.0000, -3.264e-9
128.0000, 208.0000, -3.263e-9
130.0000, 208.0000, -3.262e-9
132.0000, 208.0000, -3.259e-9
134.0000, 208.0000, -3.255e-9
136.0000, 208.0000, -3.253e-9
138.0000, 208.0000, -3.251e-9
140.0000, 208.0000, -3.247e-9
142.0000, 208.0000, -3.246e-9
144.0000, 208.0000, -3.248e-9
146.0000, 208.0000, -3.251e-9
148.0000, 208.0000, -3.251e-9
150.0000, 208.0000, -3.253e-9
152.0000, 208.0000, -3.255e-9
154.0000, 208.0000, -3.256e-9
156.0000, 208.0000, -3.255e-9
158.0000, 208.0000, -3.255e-9
160.0000, 208.0000, -3.259e-9
162.0000, 208.0000, -3.262e-9
164.0000, 208.0000, -3.265e-9
166.0000, 208.0000, -3.272e-9
168.0000, 208.0000, -3.277e-9
170.0000, 208.0000, -3.279e-9
172.0000, 208.0000, -3.283e-9
174.0000, 208.0000, -3.286e-9
176.0000, 208.0000, -3.290e-9
178.0000, 208.0000, -3.297e-9
180.0000, 208.0000, -3.306e-9
182.0000, 208.0000, -3.312e-9
184.0000, 208.0000, -3.316e-9
186.0000, 208.0000, -3.324e-9
188.0000, 208.0000, -3.335e-9
190.0000, 208.0000, -3.343e-9
192.0000, 208.0000, -3.350e-9
194.0000, 208.0000, -3.359e-9
196.0000, 208.0000, -3.367e-9
198.0000, 208.0000, -3.373e-9
200.0000, 208.0000, -3.382e-9
202.0000, 208.0000, -3.391e-9
204.0000, 208.0000, -3.398e-9
206.0000, 208.0000, -3.406e-9
208.0000, 208.0000, -3.416e-9
210.0000, 208.0000, -3.422e-9
212.0000, 208.0000, -3.427e-9
214.0000, 208.0000, -3.436e-9
216.0000, 208.0000, -3.450e-9
218.0000, 208.0000, -3.459e-9
220.0000, 208.0000, -3.466e-9
222.0000, 208.0000, -3.478e-9
224.0000, 208.0000, -3.487e-9
226.0000, 208.0000, -3.489e-9
228.0000, 208.0000, -3.492e-9
230.0000, 208.0000, -3.503e-9
232.0000, 208.0000, -3.513e-9
234.0000, 208.0000, -3.520e-9
236.0000, 208.0000, -3.528e-9
238.0000, 208.0000, -3.536e-9
240.0000, 208.0000, -3.542e-9
242.0000, 208.0000, -3.549e-9
244.0000, 208.0000, -3.560e-9
246.0000, 208.0000, -3.569e-9
248.0000, 208.0000, -3.574e-9
0.0000, 210.0000, -4.218e-9
2.0000, 210.0000, -4.125e-9
4.0000, 210.0000, -4.061e-9
6.0000, 210.0000, -3.986e-9
8.0000, 210.0000, -3.892e-9
10.0000, 210.0000, -3.822e-9
12.0000, 210.0000, -3.786e-9
14.0000, 210.0000, -3.739e-9
16.0000, 210.0000, -3.677e-9
18.0000, 210.0000, -3.639e-9
20.0000, 210.0000, -3.618e-9
22.0000, 210.0000, -3.580e-9
24.0000, 210.0000, -3.540e-9
26.0000, 210.0000, -3.522e-9
28.0000, 210.0000, -3.508e-9
30.0000, 210.0000, -3.478e-9
32.0000, 210.0000, -3.453e-9
34.0000, 210.0000, -3.444e-9
36.0000, 210.0000, -3.429e-9
38.0000, 210.0000, -3.407e-9
40.0000, 210.0000, -3.396e-9
42.0000, 210.0000, -3.388e-9
44.0000, 210.0000, -3.373e-9
46.0000, 210.0000, -3.359e-9
48.0000, 210.0000, -3.352e-9
50.0000, 210.0000, -3.344e-9
52.0000, 210.0000, -3.332e-9
54.0000, 210.0000, -3.327e-9
56.0000, 210.0000, -3.326e-9
58.0000, 210.0000, -3.319e-9
60.0000, 210.0000, -3.312e-9
62.0000, 210.0000, -3.312e-9
64.0000, 210.0000, -3.309e-9
66.0000, 210.0000, -3.300e-9
68.0000, 210.0000, -3.294e-9
70.0000, 210.0000, -3.294e-9
72.0000, 210.0000, -3.289e-9
74.0000, 210.0000, -3.282e-9
76.0000, 210.0000, -3.278e-9
78.0000, 210.0000, -3.275e-9
80.0000, 210.0000, -3.268e-9
82.0000, 210.0000, -3.265e-9
84.0000, 210.0000, -3.264e-9
86.0000, 210.0000, -3.263e-9
88.0000, 210.0000, -3.261e-9
90.0000, 210.0000, -3.259e-9
92.0000, 210.0000, -3.259e-9
94.0000, 210.0000, -3.260e-9
96.0000, 210.0000, -3.259e-9
98.0000, 210.0000, -3.256e-9
100.0000, 210.0000, -3.255e-9
102.0000, 210.0000, -3.256e-9
104.0000, 210.0000, -3.254e-9
106.0000, 210.0000, -3.254e-9
108.0000, 210.0000, -3.255e-9
110.0000, 210.0000, -3.254e-9
112.0000, 210.0000, -3.252e-9
114.0000, 210.0000, -3.256e-9
116.0000, 210.0000, -3.260e-9
118.0000, 210.0000, -3.258e-9
120.0000, 210.0000, -3.254e-9
122.0000, 210.0000, -3.253e-9
124.0000, 210.0000, -3.252e-9
126.0000, 210.0000, -3.250e-9
128.0000, 210.0000, -3.249e-9
130.0000, 210.0000, -3.251e-9
132.0000, 210.0000, -3.250e-9
134.0000, 210.0000, -3.246e-9
136.0000, 210.0000, -3.245e-9
138.0000, 210.0000, -3.245e-9
140.0000, 210.0000, -3.240e-9
142.0000, 210.0000, -3.238e-9
144.0000, 210.0000, -3.240e-9
146.0000, 210.0000, -3.242e-9
148.0000, 210.0000, -3.240e-9
150.0000, 210.0000, -3.242e-9
152.0000, 210.0000, -3.248e-9
154.0000, 210.0000, -3.250e-9
156.0000, 210.0000, -3.249e-9
158.0000, 210.0000, -3.253e-9
160.0000, 210.0000, -3.257e-9
162.0000, 210.0000, -3.257e-9
164.0000, 210.0000, -3.259e-9
166.0000, 210.0000, -3.267e-9
168.0000, 210.0000, -3.272e-9
170.0000, 210.0000, -3.274e-9
172.0000, 210.0000, -3.279e-9
174.0000, 210.0000, -3.285e-9
176.0000, 210.0000, -3.290e-9
178.0000, 210.0000, -3.296e-9
180.0000, 210.0000, -3.306e-9
182.0000, 210.0000, -3.313e-9
184.0000, 210.0000, -3.316e-9
186.0000, 210.0000, -3.321e-9
188.0000, 210.0000, -3.331e-9
190.0000, 210.0000, -3.339e-9
192.0000, 210.0000, -3.344e-9
194.0000, 210.0000, -3.351e-9
196.0000, 210.0000, -3.360e-9
198.0000, 210.0000, -3.366e-9
200.0000, 210.0000, -3.373e-9
202.0000, 210.0000, -3.384e-9
204.0000, 210.0000, -3.393e-9
206.0000, 210.0000, -3.401e-9
208.0000, 210.0000, -3.410e-9
210.0000, 210.0000, -3.417e-9
212.0000, 210.0000, -3.423e-9
214.0000, 210.0000, -3.432e-9
216.0000, 210.0000, -3.443e-9
218.0000, 210.0000, -3.453e-9
220.0000, 210.0000, -3.461e-9
222.0000, 210.0000, -3.475e-9
224.0000, 210.0000, -3.486e-9
226.0000, 210.0000, -3.489e-9
228.0000, 210.0000, -3.493e-9
230.0000, 210.0000, -3.501e-9
232.0000, 210.0000, -3.509e-9
234.0000, 210.0000, -3.513e-9
236.0000, 210.0000, -3.520e-9
238.0000, 210.0000, -3.530e-9
240.0000, 210.0000, -3.537e-9
242.0000, 210.0000, -3.544e-9
244.0000, 210.0000, -3.555e-9
246.0000, 210.0000, -3.566e-9
248.0000, 210.0000, -3.571e-9
0.0000, 212.0000, -4.162e-9
2.0000, 212.0000, -4.088e-9
4.0000, 212.0000, -4.012e-9
6.0000, 212.0000, -3.926e-9
8.0000, 212.0000, -3.847e-9
10.0000, 212.0000, -3.791e-9
12.0000, 212.0000, -3.743e-9
14.0000, 212.0000, -3.691e-9
16.0000, 212.0000, -3.649e-9
18.0000, 212.0000, -3.622e-9
20.0000, 212.0000, -3.595e-9
22.0000, 212.0000, -3.562e-9
24.0000, 212.0000, -3.537e-9
26.0000, 212.0000, -3.520e-9
28.0000, 212.0000, -3.497e-9
30.0000, 212.0000, -3.472e-9
32.0000, 212.0000, -3.457e-9
34.0000, 212.0000, -3.443e-9
36.0000, 212.0000, -3.425e-9
38.0000, 212.0000, -3.410e-9
40.0000, 212.0000, -3.404e-9
42.0000, 212.0000, -3.393e-9
44.0000, 212.0000, -3.376e-9
46.0000, 212.0000, -3.366e-9
48.0000, 212.0000, -3.363e-9
50.0000, 212.0000, -3.356e-9
52.0000, 212.0000, -3.346e-9
54.0000, 212.0000, -3.338e-9
56.0000, 212.0000, -3.334e-9
58.0000, 212.0000, -3.327e-9
60.0000, 212.0000, -3.320e-9
62.0000, 212.0000, -3.316e-9
64.0000, 212.0000, -3.314e-9
66.0000, 212.0000, -3.309e-9
68.0000, 212.0000, -3.304e-9
70.0000, 212.0000, -3.298e-9
72.0000, 212.0000, -3.292e-9
74.0000, 212.0000, -3.287e-9
76.0000, 212.0000, -3.284e-9
78.0000, 212.0000, -3.283e-9
80.0000, 212.0000, -3.281e-9
82.0000, 212.0000, -3.279e-9
84.0000, 212.0000, -3.277e-9
86.0000, 212.0000, -3.274e-9
88.0000, 212.0000, -3.274e-9
90.0000, 212.0000, -3.274e-9
92.0000, 212.0000, -3.273e-9
94.0000, 212.0000, -3.274e-9
96.0000, 212.0000, -3.274e-9
98.0000, 212.0000, -3.270e-9
100.0000, 212.0000, -3.271e-9
102.0000, 212.0000, -3.274e-9
104.0000, 212.0000, -3.271e-9
106.0000, 212.0000, -3.268e-9
108.0000, 212.0000, -3.271e-9
110.0000, 212.0000, -3.271e-9
112.0000, 212.0000, -3.266e-9
114.0000, 212.0000, -3.267e-9
116.0000, 212.0000, -3.269e-9
118.0000, 212.0000, -3.266e-9
120.0000, 212.0000, -3.266e-9
122.0000, 212.0000, -3.269e-9
124.0000, 212.0000, -3.265e-9
126.0000, 212.0000, -3.259e-9
128.0000, 212.0000, -3.258e-9
130.0000, 212.0000, -3.257e-9
132.0000, 212.0000, -3.252e-9
134.0000, 212.0000, -3.247e-9
136.0000, 212.0000, -3.249e-9
138.0000, 212.0000, -3.250e-9
140.0000, 212.0000, -3.246e-9
142.0000, 212.0000, -3.245e-9
144.0000, 212.0000, -3.249e-9
146.0000, 212.0000, -3.249e-9
148.0000, 212.0000, -3.244e-9
150.0000, 212.0000, -3.245e-9
152.0000, 212.0000, -3.250e-9
154.0000, 212.0000, -3.250e-9
156.0000, 212.0000, -3.251e-9
158.0000, 212.0000, -3.256e-9
160.0000, 212.0000, -3.256e-9
162.0000, 212.0000, -3.255e-9
164.0000, 212.0000, -3.261e-9
166.0000, 212.0000, -3.268e-9
168.0000, 212.0000, -3.267e-9
170.0000, 212.0000, -3.268e-9
172.0000, 212.0000, -3.278e-9
174.0000, 212.0000, -3.287e-9
176.0000, 212.0000, -3.289e-9
178.0000, 212.0000, -3.294e-9
180.0000, 212.0000, -3.301e-9
182.0000, 212.0000, -3.307e-9
184.0000, 212.0000, -3.314e-9
186.0000, 212.0000, -3.321e-9
188.0000, 212.0000, -3.327e-9
190.0000, 212.0000, -3.331e-9
192.0000, 212.0000, -3.337e-9
194.0000, 212.0000, -3.346e-9
196.0000, 212.0000, -3.355e-9
198.0000, 212.0000, -3.362e-9
200.0000, 212.0000, -3.369e-9
202.0000, 212.0000, -3.379e-9
204.0000, 212.0000, -3.385e-9
206.0000, 212.0000, -3.390e-9
208.0000, 212.0000, -3.398e-9
210.0000, 212.0000, -3.406e-9
212.0000, 212.0000, -3.414e-9
214.0000, 212.0000, -3.420e-9
216.0000, 212.0000, -3.429e-9
218.0000, 212.0000, -3.435e-9
220.0000, 212.0000, -3.441e-9
222.0000, 212.0000, -3.451e-9
224.0000, 212.0000, -3.462e-9
226.0000, 212.0000, -3.468e-9
228.0000, 212.0000, -3.472e-9
230.0000, 212.0000, -3.478e-9
232.0000, 212.0000, -3.486e-9
234.0000, 212.0000, -3.496e-9
236.0000, 212.0000, -3.511e-9
238.0000, 212.0000, -3.528e-9
240.0000, 212.0000, -3.540e-9
242.0000, 212.0000, -3.546e-9
244.0000, 212.0000, -3.549e-9
246.0000, 212.0000, -3.554e-9
248.0000, 212.0000, -3.559e-9
0.0000, 214.0000, -4.273e-9
2.0000, 214.0000, -4.175e-9
4.0000, 214.0000, -4.107e-9
6.0000, 214.0000, -4.024e-9
8.0000, 214.0000, -3.922e-9
10.0000, 214.0000, -3.847e-9
12.0000, 214.0000, -3.808e-9
14.0000, 214.0000, -3.762e-9
16.0000, 214.0000, -3.698e-9
18.0000, 214.0000, -3.659e-9
20.0000, 214.0000, -3.648e-9
22.0000, 214.0000, -3.615e-9
24.0000, 214.0000, -3.566e-9
26.0000, 214.0000, -3.542e-9
28.0000, 214.0000, -3.528e-9
30.0000, 214.0000, -3.492e-9
32.0000, 214.0000, -3.465e-9
34.0000, 214.0000, -3.462e-9
36.0000, 214.0000, -3.448e-9
38.0000, 214.0000, -3.419e-9
40.0000, 214.0000, -3.406e-9
42.0000, 214.0000, -3.402e-9
44.0000, 214.0000, -3.385e-9
46.0000, 214.0000, -3.365e-9
48.0000, 214.0000, -3.358e-9
50.0000, 214.0000, -3.354e-9
52.0000, 214.0000, -3.341e-9
54.0000, 214.0000, -3.331e-9
56.0000, 214.0000, -3.331e-9
58.0000, 214.0000, -3.330e-9
60.0000, 214.0000, -3.321e-9
62.0000, 214.0000, -3.313e-9
64.0000, 214.0000, -3.310e-9
66.0000, 214.0000, -3.305e-9
68.0000, 214.0000, -3.296e-9
70.0000, 214.0000, -3.293e-9
72.0000, 214.0000, -3.291e-9
74.0000, 214.0000, -3.282e-9
76.0000, 214.0000, -3.276e-9
78.0000, 214.0000, -3.276e-9
80.0000, 214.0000, -3.275e-9
82.0000, 214.0000, -3.274e-9
84.0000, 214.0000, -3.274e-9
86.0000, 214.0000, -3.273e-9
88.0000, 214.0000, -3.270e-9
90.0000, 214.0000, -3.268e-9
92.0000, 214.0000, -3.267e-9
94.0000, 214.0000, -3.265e-9
96.0000, 214.0000, -3.263e-9
98.0000, 214.0000, -3.262e-9
100.0000, 214.0000, -3.262e-9
102.0000, 214.0000, -3.262e-9
104.0000, 214.0000, -3.261e-9
106.0000, 214.0000, -3.259e-9
108.0000, 214.0000, -3.259e-9
110.0000, 214.0000, -3.261e-9
112.0000, 214.0000, -3.262e-9
114.0000, 214.0000, -3.261e-9
116.0000, 214.0000, -3.260e-9
118.0000, 214.0000, -3.260e-9
120.0000, 214.0000, -3.256e-9
122.0000, 214.0000, -3.255e-9
124.0000, 214.0000, -3.256e-9
126.0000, 214.0000, -3.252e-9
128.0000, 214.0000, -3.247e-9
130.0000, 214.0000, -3.246e-9
132.0000, 214.0000, -3.246e-9
134.0000, 214.0000, -3.242e-9
136.0000, 214.0000, -3.240e-9
138.0000, 214.0000, -3.242e-9
140.0000, 214.0000, -3.241e-9
142.0000, 214.0000, -3.239e-9
144.0000, 214.0000, -3.240e-9
146.0000, 214.0000, -3.241e-9
148.0000, 214.0000, -3.240e-9
150.0000, 214.0000, -3.239e-9
152.0000, 214.0000, -3.240e-9
154.0000, 214.0000, -3.241e-9
156.0000, 214.0000, -3.242e-9
158.0000, 214.0000, -3.242e-9
160.0000, 214.0000, -3.244e-9
162.0000, 214.0000, -3.247e-9
164.0000, 214.0000, -3.252e-9
166.0000, 214.0000, -3.256e-9
168.0000, 214.0000, -3.260e-9
170.0000, 214.0000, -3.265e-9
172.0000, 214.0000, -3.270e-9
174.0000, 214.0000, -3.273e-9
176.0000, 214.0000, -3.276e-9
178.0000, 214.0000, -3.282e-9
180.0000, 214.0000, -3.288e-9
182.0000, 214.0000, -3.294e-9
184.0000, 214.0000, -3.304e-9
186.0000, 214.0000, -3.313e-9
188.0000, 214.0000, -3.319e-9
190.0000, 214.0000, -3.324e-9
192.0000, 214.0000, -3.331e-9
194.0000, 214.0000, -3.339e-9
196.0000, 214.0000, -3.348e-9
198.0000, 214.0000, -3.356e-9
200.0000, 214.0000, -3.364e-9
202.0000, 214.0000, -3.373e-9
204.0000, 214.0000, -3.381e-9
206.0000, 214.0000, -3.389e-9
208.0000, 214.0000, -3.396e-9
210.0000, 214.0000, -3.404e-9
212.0000, 214.0000, -3.413e-9
214.0000, 214.0000, -3.423e-9
216.0000, 214.0000, -3.433e-9
218.0000, 214.0000, -3.442e-9
220.0000, 214.0000, -3.449e-9
222.0000, 214.0000, -3.457e-9
224.0000, 214.0000, -3.466e-9
226.0000, 214.0000, -3.475e-9
228.0000, 214.0000, -3.483e-9
230.0000, 214.0000, -3.493e-9
232.0000, 214.0000, -3.504e-9
234.0000, 214.0000, -3.513e-9
236.0000, 214.0000, -3.521e-9
238.0000, 214.0000, -3.535e-9
240.0000, 214.0000, -3.547e-9
242.0000, 214.0000, -3.552e-9
244.0000, 214.0000, -3.556e-9
246.0000, 214.0000, -3.564e-9
248.0000, 214.0000, -3.571e-9
0.0000, 216.0000, -4.241e-9
2.0000, 216.0000, -4.144e-9
4.0000, 216.0000, -4.082e-9
6.0000, 216.0000, -4.008e-9
8.0000, 216.0000, -3.909e-9
10.0000, 216.0000, -3.833e-9
12.0000, 216.0000, -3.795e-9
14.0000, 216.0000, -3.749e-9
16.0000, 216.0000, -3.685e-9
18.0000, 216.0000, -3.646e-9
20.0000, 216.0000, -3.630e-9
22.0000, 216.0000, -3.593e-9
24.0000, 216.0000, -3.548e-9
26.0000, 216.0000, -3.531e-9
28.0000, 216.0000, -3.522e-9
30.0000, 216.0000, -3.492e-9
32.0000, 216.0000, -3.462e-9
34.0000, 216.0000, -3.445e-9
36.0000, 216.0000, -3.430e-9
38.0000, 216.0000, -3.411e-9
40.0000, 216.0000, -3.396e-9
42.0000, 216.0000, -3.387e-9
44.0000, 216.0000, -3.376e-9
46.0000, 216.0000, -3.361e-9
48.0000, 216.0000, -3.353e-9
50.0000, 216.0000, -3.349e-9
52.0000, 216.0000, -3.338e-9
54.0000, 216.0000, -3.327e-9
56.0000, 216.0000, -3.322e-9
58.0000, 216.0000, -3.320e-9
60.0000, 216.0000, -3.312e-9
62.0000, 216.0000, -3.303e-9
64.0000, 216.0000, -3.300e-9
66.0000, 216.0000, -3.296e-9
68.0000, 216.0000, -3.289e-9
70.0000, 216.0000, -3.284e-9
72.0000, 216.0000, -3.282e-9
74.0000, 216.0000, -3.277e-9
76.0000, 216.0000, -3.271e-9
78.0000, 216.0000, -3.269e-9
80.0000, 216.0000, -3.270e-9
82.0000, 216.0000, -3.272e-9
84.0000, 216.0000, -3.269e-9
86.0000, 216.0000, -3.265e-9
88.0000, 216.0000, -3.264e-9
90.0000, 216.0000, -3.264e-9
92.0000, 216.0000, -3.260e-9
94.0000, 216.0000, -3.259e-9
96.0000, 216.0000, -3.261e-9
98.0000, 216.0000, -3.261e-9
100.0000, 216.0000, -3.260e-9
102.0000, 216.0000, -3.264e-9
104.0000, 216.0000, -3.269e-9
106.0000, 216.0000, -3.269e-9
108.0000, 216.0000, -3.270e-9
110.0000, 216.0000, -3.275e-9
112.0000, 216.0000, -3.278e-9
114.0000, 216.0000, -3.273e-9
116.0000, 216.0000, -3.259e-9
118.0000, 216.0000, -3.247e-9
120.0000, 216.0000, -3.249e-9
122.0000, 216.0000, -3.255e-9
124.0000, 216.0000, -3.250e-9
126.0000, 216.0000, -3.247e-9
128.0000, 216.0000, -3.249e-9
130.0000, 216.0000, -3.246e-9
132.0000, 216.0000, -3.240e-9
134.0000, 216.0000, -3.239e-9
136.0000, 216.0000, -3.238e-9
138.0000, 216.0000, -3.234e-9
140.0000, 216.0000, -3.233e-9
142.0000, 216.0000, -3.238e-9
144.0000, 216.0000, -3.237e-9
146.0000, 216.0000, -3.231e-9
148.0000, 216.0000, -3.229e-9
150.0000, 216.0000, -3.231e-9
152.0000, 216.0000, -3.232e-9
154.0000, 216.0000, -3.233e-9
156.0000, 216.0000, -3.236e-9
158.0000, 216.0000, -3.239e-9
160.0000, 216.0000, -3.241e-9
162.0000, 216.0000, -3.244e-9
164.0000, 216.0000, -3.249e-9
166.0000, 216.0000, -3.254e-9
168.0000, 216.0000, -3.255e-9
170.0000, 216.0000, -3.258e-9
172.0000, 216.0000, -3.265e-9
174.0000, 216.0000, -3.271e-9
176.0000, 216.0000, -3.277e-9
178.0000, 216.0000, -3.283e-9
180.0000, 216.0000, -3.289e-9
182.0000, 216.0000, -3.296e-9
184.0000, 216.0000, -3.305e-9
186.0000, 216.0000, -3.312e-9
188.0000, 216.0000, -3.318e-9
190.0000, 216.0000, -3.321e-9
192.0000, 216.0000, -3.327e-9
194.0000, 216.0000, -3.337e-9
196.0000, 216.0000, -3.347e-9
198.0000, 216.0000, -3.354e-9
200.0000, 216.0000, -3.362e-9
202.0000, 216.0000, -3.370e-9
204.0000, 216.0000, -3.377e-9
206.0000, 216.0000, -3.385e-9
208.0000, 216.0000, -3.394e-9
210.0000, 216.0000, -3.399e-9
212.0000, 216.0000, -3.404e-9
214.0000, 216.0000, -3.411e-9
216.0000, 216.0000, -3.420e-9
218.0000, 216.0000, -3.424e-9
220.0000, 216.0000, -3.425e-9
222.0000, 216.0000, -3.435e-9
224.0000, 216.0000, -3.450e-9
226.0000, 216.0000, -3.460e-9
228.0000, 216.0000, -3.469e-9
230.0000, 216.0000, -3.484e-9
232.0000, 216.0000, -3.493e-9
234.0000, 216.0000, -3.492e-9
236.0000, 216.0000, -3.498e-9
238.0000, 216.0000, -3.511e-9
240.0000, 216.0000, -3.520e-9
242.0000, 216.0000, -3.525e-9
244.0000, 216.0000, -3.538e-9
246.0000, 216.0000, -3.550e-9
248.0000, 216.0000, -3.552e-9
0.0000, 218.0000, -4.154e-9
2.0000, 218.0000, -4.083e-9
4.0000, 218.0000, -3.999e-9
6.0000, 218.0000, -3.911e-9
8.0000, 218.0000, -3.842e-9
10.0000, 218.0000, -3.789e-9
12.0000, 218.0000, -3.737e-9
14.0000, 218.0000, -3.687e-9
16.0000, 218.0000, -3.650e-9
18.0000, 218.0000, -3.621e-9
20.0000, 218.0000, -3.592e-9
22.0000, 218.0000, -3.564e-9
24.0000, 218.0000, -3.540e-9
26.0000, 218.0000, -3.517e-9
28.0000, 218.0000, -3.494e-9
30.0000, 218.0000, -3.472e-9
32.0000, 218.0000, -3.454e-9
34.0000, 218.0000, -3.442e-9
36.0000, 218.0000, -3.432e-9
38.0000, 218.0000, -3.419e-9
40.0000, 218.0000, -3.405e-9
42.0000, 218.0000, -3.391e-9
44.0000, 218.0000, -3.377e-9
46.0000, 218.0000, -3.363e-9
48.0000, 218.0000, -3.351e-9
50.0000, 218.0000, -3.344e-9
52.0000, 218.0000, -3.340e-9
54.0000, 218.0000, -3.334e-9
56.0000, 218.0000, -3.328e-9
58.0000, 218.0000, -3.323e-9
60.0000, 218.0000, -3.317e-9
62.0000, 218.0000, -3.310e-9
64.0000, 218.0000, -3.305e-9
66.0000, 218.0000, -3.302e-9
68.0000, 218.0000, -3.297e-9
70.0000, 218.0000, -3.291e-9
72.0000, 218.0000, -3.285e-9
74.0000, 218.0000, -3.279e-9
76.0000, 218.0000, -3.274e-9
78.0000, 218.0000, -3.271e-9
80.0000, 218.0000, -3.269e-9
82.0000, 218.0000, -3.266e-9
84.0000, 218.0000, -3.267e-9
86.0000, 218.0000, -3.267e-9
88.0000, 218.0000, -3.264e-9
90.0000, 218.0000, -3.261e-9
92.0000, 218.0000, -3.265e-9
94.0000, 218.0000, -3.269e-9
96.0000, 218.0000, -3.269e-9
98.0000, 218.0000, -3.269e-9
100.0000, 218.0000, -3.267e-9
102.0000, 218.0000, -3.264e-9
104.0000, 218.0000, -3.264e-9
106.0000, 218.0000, -3.262e-9
108.0000, 218.0000, -3.251e-9
110.0000, 218.0000, -3.246e-9
112.0000, 218.0000, -3.256e-9
114.0000, 218.0000, -3.260e-9
116.0000, 218.0000, -3.255e-9
118.0000, 218.0000, -3.256e-9
120.0000, 218.0000, -3.259e-9
122.0000, 218.0000, -3.255e-9
124.0000, 218.0000, -3.252e-9
126.0000, 218.0000, -3.256e-9
128.0000, 218.0000, -3.254e-9
130.0000, 218.0000, -3.247e-9
132.0000, 218.0000, -3.245e-9
134.0000, 218.0000, -3.246e-9
136.0000, 218.0000, -3.243e-9
138.0000, 218.0000, -3.238e-9
140.0000, 218.0000, -3.238e-9
142.0000, 218.0000, -3.239e-9
144.0000, 218.0000, -3.237e-9
146.0000, 218.0000, -3.236e-9
148.0000, 218.0000, -3.239e-9
150.0000, 218.0000, -3.241e-9
152.0000, 218.0000, -3.240e-9
154.0000, 218.0000, -3.242e-9
156.0000, 218.0000, -3.244e-9
158.0000, 218.0000, -3.244e-9
160.0000, 218.0000, -3.245e-9
162.0000, 218.0000, -3.250e-9
164.0000, 218.0000, -3.256e-9
166.0000, 218.0000, -3.260e-9
168.0000, 218.0000, -3.263e-9
170.0000, 218.0000, -3.267e-9
172.0000, 218.0000, -3.270e-9
174.0000, 218.0000, -3.275e-9
176.0000, 218.0000, -3.282e-9
178.0000, 218.0000, -3.289e-9
180.0000, 218.0000, -3.294e-9
182.0000, 218.0000, -3.299e-9
184.0000, 218.0000, -3.306e-9
186.0000, 218.0000, -3.315e-9
188.0000, 218.0000, -3.321e-9
190.0000, 218.0000, -3.328e-9
192.0000, 218.0000, -3.335e-9
194.0000, 218.0000, -3.341e-9
196.0000, 218.0000, -3.348e-9
198.0000, 218.0000, -3.358e-9
200.0000, 218.0000, -3.366e-9
202.0000, 218.0000, -3.373e-9
204.0000, 218.0000, -3.382e-9
206.0000, 218.0000, -3.390e-9
208.0000, 218.0000, -3.396e-9
210.0000, 218.0000, -3.401e-9
212.0000, 218.0000, -3.410e-9
214.0000, 218.0000, -3.418e-9
216.0000, 218.0000, -3.427e-9
218.0000, 218.0000, -3.438e-9
220.0000, 218.0000, -3.448e-9
222.0000, 218.0000, -3.454e-9
224.0000, 218.0000, -3.458e-9
226.0000, 218.0000, -3.466e-9
228.0000, 218.0000, -3.476e-9
230.0000, 218.0000, -3.485e-9
232.0000, 218.0000, -3.496e-9
234.0000, 218.0000, -3.507e-9
236.0000, 218.0000, -3.515e-9
238.0000, 218.0000, -3.523e-9
240.0000, 218.0000, -3.533e-9
242.0000, 218.0000, -3.544e-9
244.0000, 218.0000, -3.550e-9
246.0000, 218.0000, -3.557e-9
248.0000, 218.0000, -3.568e-9
0.0000, 220.0000, -4.193e-9
2.0000, 220.0000, -4.115e-9
4.0000, 220.0000, -4.056e-9
6.0000, 220.0000, -3.973e-9
8.0000, 220.0000, -3.875e-9
10.0000, 220.0000, -3.810e-9
12.0000, 220.0000, -3.774e-9
14.0000, 220.0000, -3.722e-9
16.0000, 220.0000, -3.662e-9
18.0000, 220.0000, -3.628e-9
20.0000, 220.0000, -3.606e-9
22.0000, 220.0000, -3.569e-9
24.0000, 220.0000, -3.532e-9
26.0000, 220.0000, -3.514e-9
28.0000, 220.0000, -3.500e-9
30.0000, 220.0000, -3.474e-9
32.0000, 220.0000, -3.451e-9
34.0000, 220.0000, -3.442e-9
36.0000, 220.0000, -3.427e-9
38.0000, 220.0000, -3.407e-9
40.0000, 220.0000, -3.396e-9
42.0000, 220.0000, -3.389e-9
44.0000, 220.0000, -3.374e-9
46.0000, 220.0000, -3.362e-9
48.0000, 220.0000, -3.354e-9
50.0000, 220.0000, -3.345e-9
52.0000, 220.0000, -3.332e-9
54.0000, 220.0000, -3.325e-9
56.0000, 220.0000, -3.320e-9
58.0000, 220.0000, -3.312e-9
60.0000, 220.0000, -3.305e-9
62.0000, 220.0000, -3.303e-9
64.0000, 220.0000, -3.299e-9
66.0000, 220.0000, -3.291e-9
68.0000, 220.0000, -3.286e-9
70.0000, 220.0000, -3.286e-9
72.0000, 220.0000, -3.281e-9
74.0000, 220.0000, -3.276e-9
76.0000, 220.0000, -3.273e-9
78.0000, 220.0000, -3.267e-9
80.0000, 220.0000, -3.260e-9
82.0000, 220.0000, -3.257e-9
84.0000, 220.0000, -3.258e-9
86.0000, 220.0000, -3.262e-9
88.0000, 220.0000, -3.266e-9
90.0000, 220.0000, -3.264e-9
92.0000, 220.0000, -3.259e-9
94.0000, 220.0000, -3.258e-9
96.0000, 220.0000, -3.259e-9
98.0000, 220.0000, -3.253e-9
100.0000, 220.0000, -3.246e-9
102.0000, 220.0000, -3.245e-9
104.0000, 220.0000, -3.248e-9
106.0000, 220.0000, -3.248e-9
108.0000, 220.0000, -3.247e-9
110.0000, 220.0000, -3.249e-9
112.0000, 220.0000, -3.252e-9
114.0000, 220.0000, -3.251e-9
116.0000, 220.0000, -3.252e-9
118.0000, 220.0000, -3.254e-9
120.0000, 220.0000, -3.255e-9
122.0000, 220.0000, -3.251e-9
124.0000, 220.0000, -3.248e-9
126.0000, 220.0000, -3.251e-9
128.0000, 220.0000, -3.250e-9
130.0000, 220.0000, -3.245e-9
132.0000, 220.0000, -3.243e-9
134.0000, 220.0000, -3.242e-9
136.0000, 220.0000, -3.238e-9
138.0000, 220.0000, -3.234e-9
140.0000, 220.0000, -3.233e-9
142.0000, 220.0000, -3.232e-9
144.0000, 220.0000, -3.232e-9
146.0000, 220.0000, -3.232e-9
148.0000, 220.0000, -3.234e-9
150.0000, 220.0000, -3.236e-9
152.0000, 220.0000, -3.237e-9
154.0000, 220.0000, -3.238e-9
156.0000, 220.0000, -3.240e-9
158.0000, 220.0000, -3.241e-9
160.0000, 220.0000, -3.243e-9
162.0000, 220.0000, -3.249e-9
164.0000, 220.0000, -3.254e-9
166.0000, 220.0000, -3.256e-9
168.0000, 220.0000, -3.259e-9
170.0000, 220.0000, -3.265e-9
172.0000, 220.0000, -3.270e-9
174.0000, 220.0000, -3.271e-9
176.0000, 220.0000, -3.276e-9
178.0000, 220.0000, -3.284e-9
180.0000, 220.0000, -3.290e-9
182.0000, 220.0000, -3.297e-9
184.0000, 220.0000, -3.305e-9
186.0000, 220.0000, -3.312e-9
188.0000, 220.0000, -3.318e-9
190.0000, 220.0000, -3.324e-9
192.0000, 220.0000, -3.330e-9
194.0000, 220.0000, -3.336e-9
196.0000, 220.0000, -3.344e-9
198.0000, 220.0000, -3.352e-9
200.0000, 220.0000, -3.361e-9
202.0000, 220.0000, -3.371e-9
204.0000, 220.0000, -3.377e-9
206.0000, 220.0000, -3.384e-9
208.0000, 220.0000, -3.392e-9
210.0000, 220.0000, -3.398e-9
212.0000, 220.0000, -3.407e-9
214.0000, 220.0000, -3.419e-9
216.0000, 220.0000, -3.430e-9
218.0000, 220.0000, -3.435e-9
220.0000, 220.0000, -3.441e-9
222.0000, 220.0000, -3.452e-9
224.0000, 220.0000, -3.460e-9
226.0000, 220.0000, -3.466e-9
228.0000, 220.0000, -3.475e-9
230.0000, 220.0000, -3.484e-9
232.0000, 220.0000, -3.489e-9
234.0000, 220.0000, -3.496e-9
236.0000, 220.0000, -3.508e-9
238.0000, 220.0000, -3.516e-9
240.0000, 220.0000, -3.522e-9
242.0000, 220.0000, -3.536e-9
244.0000, 220.0000, -3.551e-9
246.0000, 220.0000, -3.558e-9
248.0000, 220.0000, -3.560e-9
0.0000, 222.0000, -4.135e-9
2.0000, 222.0000, -4.062e-9
4.0000, 222.0000, -3.983e-9
6.0000, 222.0000, -3.898e-9
8.0000, 222.0000, -3.827e-9
10.0000, 222.0000, -3.774e-9
12.0000, 222.0000, -3.724e-9
14.0000, 222.0000, -3.675e-9
16.0000, 222.0000, -3.638e-9
18.0000, 222.0000, -3.608e-9
20.0000, 222.0000, -3.575e-9
22.0000, 222.0000, -3.545e-9
24.0000, 222.0000, -3.524e-9
26.0000, 222.0000, -3.505e-9
28.0000, 222.0000, -3.481e-9
30.0000, 222.0000, -3.461e-9
32.0000, 222.0000, -3.446e-9
34.0000, 222.0000, -3.431e-9
36.0000, 222.0000, -3.416e-9
38.0000, 222.0000, -3.405e-9
40.0000, 222.0000, -3.396e-9
42.0000, 222.0000, -3.383e-9
44.0000, 222.0000, -3.369e-9
46.0000, 222.0000, -3.361e-9
48.0000, 222.0000, -3.352e-9
50.0000, 222.0000, -3.340e-9
52.0000, 222.0000, -3.333e-9
54.0000, 222.0000, -3.331e-9
56.0000, 222.0000, -3.324e-9
58.0000, 222.0000, -3.313e-9
60.0000, 222.0000, -3.308e-9
62.0000, 222.0000, -3.305e-9
64.0000, 222.0000, -3.298e-9
66.0000, 222.0000, -3.293e-9
68.0000, 222.0000, -3.291e-9
70.0000, 222.0000, -3.285e-9
72.0000, 222.0000, -3.278e-9
74.0000, 222.0000, -3.274e-9
76.0000, 222.0000, -3.272e-9
78.0000, 222.0000, -3.270e-9
80.0000, 222.0000, -3.269e-9
82.0000, 222.0000, -3.273e-9
84.0000, 222.0000, -3.277e-9
86.0000, 222.0000, -3.271e-9
88.0000, 222.0000, -3.262e-9
90.0000, 222.0000, -3.261e-9
92.0000, 222.0000, -3.262e-9
94.0000, 222.0000, -3.256e-9
96.0000, 222.0000, -3.253e-9
98.0000, 222.0000, -3.256e-9
100.0000, 222.0000, -3.257e-9
102.0000, 222.0000, -3.253e-9
104.0000, 222.0000, -3.254e-9
106.0000, 222.0000, -3.258e-9
108.0000, 222.0000, -3.256e-9
110.0000, 222.0000, -3.252e-9
112.0000, 222.0000, -3.256e-9
114.0000, 222.0000, -3.261e-9
116.0000, 222.0000, -3.258e-9
118.0000, 222.0000, -3.257e-9
120.0000, 222.0000, -3.258e-9
122.0000, 222.0000, -3.256e-9
124.0000, 222.0000, -3.254e-9
126.0000, 222.0000, -3.256e-9
128.0000, 222.0000, -3.255e-9
130.0000, 222.0000, -3.249e-9
132.0000, 222.0000, -3.246e-9
134.0000, 222.0000, -3.247e-9
136.0000, 222.0000, -3.243e-9
138.0000, 222.0000, -3.237e-9
140.0000, 222.0000, -3.236e-9
142.0000, 222.0000, -3.237e-9
144.0000, 222.0000, -3.235e-9
146.0000, 222.0000, -3.235e-9
148.0000, 222.0000, -3.236e-9
150.0000, 222.0000, -3.237e-9
152.0000, 222.0000, -3.238e-9
154.0000, 222.0000, -3.240e-9
156.0000, 222.0000, -3.241e-9
158.0000, 222.0000, -3.241e-9
160.0000, 222.0000, -3.242e-9
162.0000, 222.0000, -3.245e-9
164.0000, 222.0000, -3.249e-9
166.0000, 222.0000, -3.253e-9
168.0000, 222.0000, -3.258e-9
170.0000, 222.0000, -3.262e-9
172.0000, 222.0000, -3.264e-9
174.0000, 222.0000, -3.267e-9
176.0000, 222.0000, -3.276e-9
178.0000, 222.0000, -3.283e-9
180.0000, 222.0000, -3.287e-9
182.0000, 222.0000, -3.293e-9
184.0000, 222.0000, -3.300e-9
186.0000, 222.0000, -3.308e-9
188.0000, 222.0000, -3.313e-9
190.0000, 222.0000, -3.319e-9
192.0000, 222.0000, -3.327e-9
194.0000, 222.0000, -3.333e-9
196.0000, 222.0000, -3.341e-9
198.0000, 222.0000, -3.352e-9
200.0000, 222.0000, -3.361e-9
202.0000, 222.0000, -3.366e-9
204.0000, 222.0000, -3.375e-9
206.0000, 222.0000, -3.384e-9
208.0000, 222.0000, -3.390e-9
210.0000, 222.0000, -3.397e-9
212.0000, 222.0000, -3.409e-9
214.0000, 222.0000, -3.417e-9
216.0000, 222.0000, -3.421e-9
218.0000, 222.0000, -3.428e-9
220.0000, 222.0000, -3.436e-9
222.0000, 222.0000, -3.443e-9
224.0000, 222.0000, -3.450e-9
226.0000, 222.0000, -3.462e-9
228.0000, 222.0000, -3.472e-9
230.0000, 222.0000, -3.476e-9
232.0000, 222.0000, -3.482e-9
234.0000, 222.0000, -3.491e-9
236.0000, 222.0000, -3.497e-9
238.0000, 222.0000, -3.502e-9
240.0000, 222.0000, -3.514e-9
242.0000, 222.0000, -3.531e-9
244.0000, 222.0000, -3.541e-9
246.0000, 222.0000, -3.546e-9
248.0000, 222.0000, -3.553e-9
0.0000, 224.0000, -4.172e-9
2.0000, 224.0000, -4.102e-9
4.0000, 224.0000, -4.008e-9
6.0000, 224.0000, -3.913e-9
8.0000, 224.0000, -3.847e-9
10.0000, 224.0000, -3.797e-9
12.0000, 224.0000, -3.738e-9
14.0000, 224.0000, -3.686e-9
16.0000, 224.0000, -3.654e-9
18.0000, 224.0000, -3.623e-9
20.0000, 224.0000, -3.582e-9
22.0000, 224.0000, -3.552e-9
24.0000, 224.0000, -3.536e-9
26.0000, 224.0000, -3.517e-9
28.0000, 224.0000, -3.489e-9
30.0000, 224.0000, -3.466e-9
32.0000, 224.0000, -3.452e-9
34.0000, 224.0000, -3.435e-9
36.0000, 224.0000, -3.417e-9
38.0000, 224.0000, -3.402e-9
40.0000, 224.0000, -3.394e-9
42.0000, 224.0000, -3.382e-9
44.0000, 224.0000, -3.368e-9
46.0000, 224.0000, -3.359e-9
48.0000, 224.0000, -3.353e-9
50.0000, 224.0000, -3.344e-9
52.0000, 224.0000, -3.336e-9
54.0000, 224.0000, -3.332e-9
56.0000, 224.0000, -3.328e-9
58.0000, 224.0000, -3.322e-9
60.0000, 224.0000, -3.316e-9
62.0000, 224.0000, -3.309e-9
64.0000, 224.0000, -3.303e-9
66.0000, 224.0000, -3.300e-9
68.0000, 224.0000, -3.296e-9
70.0000, 224.0000, -3.291e-9
72.0000, 224.0000, -3.290e-9
74.0000, 224.0000, -3.291e-9
76.0000, 224.0000, -3.291e-9
78.0000, 224.0000, -3.286e-9
80.0000, 224.0000, -3.276e-9
82.0000, 224.0000, -3.269e-9
84.0000, 224.0000, -3.270e-9
86.0000, 224.0000, -3.268e-9
88.0000, 224.0000, -3.262e-9
90.0000, 224.0000, -3.261e-9
92.0000, 224.0000, -3.264e-9
94.0000, 224.0000, -3.262e-9
96.0000, 224.0000, -3.259e-9
98.0000, 224.0000, -3.262e-9
100.0000, 224.0000, -3.264e-9
102.0000, 224.0000, -3.262e-9
104.0000, 224.0000, -3.260e-9
106.0000, 224.0000, -3.261e-9
108.0000, 224.0000, -3.261e-9
110.0000, 224.0000, -3.258e-9
112.0000, 224.0000, -3.262e-9
114.0000, 224.0000, -3.264e-9
116.0000, 224.0000, -3.262e-9
118.0000, 224.0000, -3.259e-9
120.0000, 224.0000, -3.258e-9
122.0000, 224.0000, -3.258e-9
124.0000, 224.0000, -3.257e-9
126.0000, 224.0000, -3.254e-9
128.0000, 224.0000, -3.251e-9
130.0000, 224.0000, -3.249e-9
132.0000, 224.0000, -3.246e-9
134.0000, 224.0000, -3.244e-9
136.0000, 224.0000, -3.241e-9
138.0000, 224.0000, -3.238e-9
140.0000, 224.0000, -3.235e-9
142.0000, 224.0000, -3.234e-9
144.0000, 224.0000, -3.235e-9
146.0000, 224.0000, -3.236e-9
148.0000, 224.0000, -3.234e-9
150.0000, 224.0000, -3.233e-9
152.0000, 224.0000, -3.233e-9
154.0000, 224.0000, -3.233e-9
156.0000, 224.0000, -3.236e-9
158.0000, 224.0000, -3.239e-9
160.0000, 224.0000, -3.241e-9
162.0000, 224.0000, -3.243e-9
164.0000, 224.0000, -3.249e-9
166.0000, 224.0000, -3.255e-9
168.0000, 224.0000, -3.258e-9
170.0000, 224.0000, -3.261e-9
172.0000, 224.0000, -3.267e-9
174.0000, 224.0000, -3.272e-9
176.0000, 224.0000, -3.277e-9
178.0000, 224.0000, -3.284e-9
180.0000, 224.0000, -3.291e-9
182.0000, 224.0000, -3.297e-9
184.0000, 224.0000, -3.305e-9
186.0000, 224.0000, -3.314e-9
188.0000, 224.0000, -3.319e-9
190.0000, 224.0000, -3.321e-9
192.0000, 224.0000, -3.326e-9
194.0000, 224.0000, -3.334e-9
196.0000, 224.0000, -3.343e-9
198.0000, 224.0000, -3.352e-9
200.0000, 224.0000, -3.359e-9
202.0000, 224.0000, -3.367e-9
204.0000, 224.0000, -3.373e-9
206.0000, 224.0000, -3.379e-9
208.0000, 224.0000, -3.388e-9
210.0000, 224.0000, -3.397e-9
212.0000, 224.0000, -3.403e-9
214.0000, 224.0000, -3.409e-9
216.0000, 224.0000, -3.419e-9
218.0000, 224.0000, -3.427e-9
220.0000, 224.0000, -3.431e-9
222.0000, 224.0000, -3.438e-9
224.0000, 224.0000, -3.448e-9
226.0000, 224.0000, -3.457e-9
228.0000, 224.0000, -3.462e-9
230.0000, 224.0000, -3.468e-9
232.0000, 224.0000, -3.478e-9
234.0000, 224.0000, -3.486e-9
236.0000, 224.0000, -3.494e-9
238.0000, 224.0000, -3.506e-9
240.0000, 224.0000, -3.517e-9
242.0000, 224.0000, -3.522e-9
244.0000, 224.0000, -3.528e-9
246.0000, 224.0000, -3.539e-9
248.0000, 224.0000, -3.548e-9
0.0000, 226.0000, -4.245e-9
2.0000, 226.0000, -4.147e-9
4.0000, 226.0000, -4.091e-9
6.0000, 226.0000, -4.020e-9
8.0000, 226.0000, -3.917e-9
10.0000, 226.0000, -3.837e-9
12.0000, 226.0000, -3.798e-9
14.0000, 226.0000, -3.752e-9
16.0000, 226.0000, -3.685e-9
18.0000, 226.0000, -3.642e-9
20.0000, 226.0000, -3.627e-9
22.0000, 226.0000, -3.592e-9
24.0000, 226.0000, -3.546e-9
26.0000, 226.0000, -3.530e-9
28.0000, 226.0000, -3.521e-9
30.0000, 226.0000, -3.485e-9
32.0000, 226.0000, -3.454e-9
34.0000, 226.0000, -3.453e-9
36.0000, 226.0000, -3.443e-9
38.0000, 226.0000, -3.412e-9
40.0000, 226.0000, -3.398e-9
42.0000, 226.0000, -3.399e-9
44.0000, 226.0000, -3.380e-9
46.0000, 226.0000, -3.355e-9
48.0000, 226.0000, -3.351e-9
50.0000, 226.0000, -3.351e-9
52.0000, 226.0000, -3.335e-9
54.0000, 226.0000, -3.324e-9
56.0000, 226.0000, -3.328e-9
58.0000, 226.0000, -3.322e-9
60.0000, 226.0000, -3.306e-9
62.0000, 226.0000, -3.300e-9
64.0000, 226.0000, -3.302e-9
66.0000, 226.0000, -3.297e-9
68.0000, 226.0000, -3.291e-9
70.0000, 226.0000, -3.290e-9
72.0000, 226.0000, -3.282e-9
74.0000, 226.0000, -3.269e-9
76.0000, 226.0000, -3.263e-9
78.0000, 226.0000, -3.262e-9
80.0000, 226.0000, -3.257e-9
82.0000, 226.0000, -3.254e-9
84.0000, 226.0000, -3.260e-9
86.0000, 226.0000, -3.262e-9
88.0000, 226.0000, -3.254e-9
90.0000, 226.0000, -3.252e-9
92.0000, 226.0000, -3.258e-9
94.0000, 226.0000, -3.255e-9
96.0000, 226.0000, -3.249e-9
98.0000, 226.0000, -3.253e-9
100.0000, 226.0000, -3.256e-9
102.0000, 226.0000, -3.251e-9
104.0000, 226.0000, -3.251e-9
106.0000, 226.0000, -3.255e-9
108.0000, 226.0000, -3.254e-9
110.0000, 226.0000, -3.250e-9
112.0000, 226.0000, -3.252e-9
114.0000, 226.0000, -3.254e-9
116.0000, 226.0000, -3.251e-9
118.0000, 226.0000, -3.248e-9
120.0000, 226.0000, -3.247e-9
122.0000, 226.0000, -3.246e-9
124.0000, 226.0000, -3.245e-9
126.0000, 226.0000, -3.244e-9
128.0000, 226.0000, -3.244e-9
130.0000, 226.0000, -3.240e-9
132.0000, 226.0000, -3.236e-9
134.0000, 226.0000, -3.233e-9
136.0000, 226.0000, -3.231e-9
138.0000, 226.0000, -3.227e-9
140.0000, 226.0000, -3.225e-9
142.0000, 226.0000, -3.226e-9
144.0000, 226.0000, -3.227e-9
146.0000, 226.0000, -3.226e-9
148.0000, 226.0000, -3.227e-9
150.0000, 226.0000, -3.229e-9
152.0000, 226.0000, -3.229e-9
154.0000, 226.0000, -3.229e-9
156.0000, 226.0000, -3.232e-9
158.0000, 226.0000, -3.235e-9
160.0000, 226.0000, -3.236e-9
162.0000, 226.0000, -3.238e-9
164.0000, 226.0000, -3.243e-9
166.0000, 226.0000, -3.247e-9
168.0000, 226.0000, -3.250e-9
170.0000, 226.0000, -3.253e-9
172.0000, 226.0000, -3.257e-9
174.0000, 226.0000, -3.261e-9
176.0000, 226.0000, -3.268e-9
178.0000, 226.0000, -3.274e-9
180.0000, 226.0000, -3.280e-9
182.0000, 226.0000, -3.286e-9
184.0000, 226.0000, -3.293e-9
186.0000, 226.0000, -3.302e-9
188.0000, 226.0000, -3.307e-9
190.0000, 226.0000, -3.310e-9
192.0000, 226.0000, -3.316e-9
194.0000, 226.0000, -3.325e-9
196.0000, 226.0000, -3.335e-9
198.0000, 226.0000, -3.344e-9
200.0000, 226.0000, -3.352e-9
202.0000, 226.0000, -3.361e-9
204.0000, 226.0000, -3.367e-9
206.0000, 226.0000, -3.373e-9
208.0000, 226.0000, -3.380e-9
210.0000, 226.0000, -3.388e-9
212.0000, 226.0000, -3.397e-9
214.0000, 226.0000, -3.408e-9
216.0000, 226.0000, -3.418e-9
218.0000, 226.0000, -3.423e-9
220.0000, 226.0000, -3.428e-9
222.0000, 226.0000, -3.436e-9
224.0000, 226.0000, -3.447e-9
226.0000, 226.0000, -3.456e-9
228.0000, 226.0000, -3.463e-9
230.0000, 226.0000, -3.471e-9
232.0000, 226.0000, -3.480e-9
234.0000, 226.0000, -3.488e-9
236.0000, 226.0000, -3.495e-9
238.0000, 226.0000, -3.504e-9
240.0000, 226.0000, -3.513e-9
242.0000, 226.0000, -3.522e-9
244.0000, 226.0000, -3.529e-9
246.0000, 226.0000, -3.539e-9
248.0000, 226.0000, -3.549e-9
0.0000, 228.0000, -4.252e-9
2.0000, 228.0000, -4.151e-9
4.0000, 228.0000, -4.088e-9
6.0000, 228.0000, -4.018e-9
8.0000, 228.0000, -3.920e-9
10.0000, 228.0000, -3.838e-9
12.0000, 228.0000, -3.799e-9
14.0000, 228.0000, -3.759e-9
16.0000, 228.0000, -3.693e-9
18.0000, 228.0000, -3.644e-9
20.0000, 228.0000, -3.627e-9
22.0000, 228.0000, -3.598e-9
24.0000, 228.0000, -3.550e-9
26.0000, 228.0000, -3.525e-9
28.0000, 228.0000, -3.518e-9
30.0000, 228.0000, -3.492e-9
32.0000, 228.0000, -3.461e-9
34.0000, 228.0000, -3.449e-9
36.0000, 228.0000, -3.443e-9
38.0000, 228.0000, -3.421e-9
40.0000, 228.0000, -3.399e-9
42.0000, 228.0000, -3.395e-9
44.0000, 228.0000, -3.386e-9
46.0000, 228.0000, -3.366e-9
48.0000, 228.0000, -3.352e-9
50.0000, 228.0000, -3.347e-9
52.0000, 228.0000, -3.337e-9
54.0000, 228.0000, -3.325e-9
56.0000, 228.0000, -3.320e-9
58.0000, 228.0000, -3.315e-9
60.0000, 228.0000, -3.306e-9
62.0000, 228.0000, -3.300e-9
64.0000, 228.0000, -3.298e-9
66.0000, 228.0000, -3.294e-9
68.0000, 228.0000, -3.289e-9
70.0000, 228.0000, -3.283e-9
72.0000, 228.0000, -3.278e-9
74.0000, 228.0000, -3.274e-9
76.0000, 228.0000, -3.270e-9
78.0000, 228.0000, -3.264e-9
80.0000, 228.0000, -3.260e-9
82.0000, 228.0000, -3.258e-9
84.0000, 228.0000, -3.260e-9
86.0000, 228.0000, -3.260e-9
88.0000, 228.0000, -3.256e-9
90.0000, 228.0000, -3.254e-9
92.0000, 228.0000, -3.255e-9
94.0000, 228.0000, -3.253e-9
96.0000, 228.0000, -3.249e-9
98.0000, 228.0000, -3.248e-9
100.0000, 228.0000, -3.248e-9
102.0000, 228.0000, -3.246e-9
104.0000, 228.0000, -3.245e-9
106.0000, 228.0000, -3.248e-9
108.0000, 228.0000, -3.249e-9
110.0000, 228.0000, -3.246e-9
112.0000, 228.0000, -3.246e-9
114.0000, 228.0000, -3.249e-9
116.0000, 228.0000, -3.250e-9
118.0000, 228.0000, -3.247e-9
120.0000, 228.0000, -3.244e-9
122.0000, 228.0000, -3.242e-9
124.0000, 228.0000, -3.240e-9
126.0000, 228.0000, -3.241e-9
128.0000, 228.0000, -3.241e-9
130.0000, 228.0000, -3.237e-9
132.0000, 228.0000, -3.235e-9
134.0000, 228.0000, -3.234e-9
136.0000, 228.0000, -3.231e-9
138.0000, 228.0000, -3.225e-9
140.0000, 228.0000, -3.224e-9
142.0000, 228.0000, -3.226e-9
144.0000, 228.0000, -3.225e-9
146.0000, 228.0000, -3.226e-9
148.0000, 228.0000, -3.228e-9
150.0000, 228.0000, -3.229e-9
152.0000, 228.0000, -3.229e-9
154.0000, 228.0000, -3.231e-9
156.0000, 228.0000, -3.232e-9
158.0000, 228.0000, -3.232e-9
160.0000, 228.0000, -3.234e-9
162.0000, 228.0000, -3.239e-9
164.0000, 228.0000, -3.241e-9
166.0000, 228.0000, -3.243e-9
168.0000, 228.0000, -3.251e-9
170.0000, 228.0000, -3.257e-9
172.0000, 228.0000, -3.258e-9
174.0000, 228.0000, -3.263e-9
176.0000, 228.0000, -3.272e-9
178.0000, 228.0000, -3.276e-9
180.0000, 228.0000, -3.278e-9
182.0000, 228.0000, -3.285e-9
184.0000, 228.0000, -3.292e-9
186.0000, 228.0000, -3.298e-9
188.0000, 228.0000, -3.305e-9
190.0000, 228.0000, -3.315e-9
192.0000, 228.0000, -3.321e-9
194.0000, 228.0000, -3.324e-9
196.0000, 228.0000, -3.333e-9
198.0000, 228.0000, -3.344e-9
200.0000, 228.0000, -3.352e-9
202.0000, 228.0000, -3.358e-9
204.0000, 228.0000, -3.366e-9
206.0000, 228.0000, -3.374e-9
208.0000, 228.0000, -3.380e-9
210.0000, 228.0000, -3.388e-9
212.0000, 228.0000, -3.398e-9
214.0000, 228.0000, -3.406e-9
216.0000, 228.0000, -3.412e-9
218.0000, 228.0000, -3.419e-9
220.0000, 228.0000, -3.426e-9
222.0000, 228.0000, -3.435e-9
224.0000, 228.0000, -3.445e-9
226.0000, 228.0000, -3.454e-9
228.0000, 228.0000, -3.459e-9
230.0000, 228.0000, -3.463e-9
232.0000, 228.0000, -3.471e-9
234.0000, 228.0000, -3.481e-9
236.0000, 228.0000, -3.489e-9
238.0000, 228.0000, -3.500e-9
240.0000, 228.0000, -3.511e-9
242.0000, 228.0000, -3.520e-9
244.0000, 228.0000, -3.529e-9
246.0000, 228.0000, -3.537e-9
248.0000, 228.0000, -3.544e-9
0.0000, 230.0000, -4.163e-9
2.0000, 230.0000, -4.091e-9
4.0000, 230.0000, -4.004e-9
6.0000, 230.0000, -3.913e-9
8.0000, 230.0000, -3.842e-9
10.0000, 230.0000, -3.792e-9
12.0000, 230.0000, -3.737e-9
14.0000, 230.0000, -3.684e-9
16.0000, 230.0000, -3.651e-9
18.0000, 230.0000, -3.627e-9
20.0000, 230.0000, -3.590e-9
22.0000, 230.0000, -3.554e-9
24.0000, 230.0000, -3.535e-9
26.0000, 230.0000, -3.516e-9
28.0000, 230.0000, -3.489e-9
30.0000, 230.0000, -3.469e-9
32.0000, 230.0000, -3.458e-9
34.0000, 230.0000, -3.442e-9
36.0000, 230.0000, -3.422e-9
38.0000, 230.0000, -3.409e-9
40.0000, 230.0000, -3.399e-9
42.0000, 230.0000, -3.385e-9
44.0000, 230.0000, -3.372e-9
46.0000, 230.0000, -3.366e-9
48.0000, 230.0000, -3.359e-9
50.0000, 230.0000, -3.349e-9
52.0000, 230.0000, -3.339e-9
54.0000, 230.0000, -3.331e-9
56.0000, 230.0000, -3.324e-9
58.0000, 230.0000, -3.317e-9
60.0000, 230.0000, -3.309e-9
62.0000, 230.0000, -3.304e-9
64.0000, 230.0000, -3.301e-9
66.0000, 230.0000, -3.295e-9
68.0000, 230.0000, -3.289e-9
70.0000, 230.0000, -3.287e-9
72.0000, 230.0000, -3.285e-9
74.0000, 230.0000, -3.281e-9
76.0000, 230.0000, -3.277e-9
78.0000, 230.0000, -3.272e-9
80.0000, 230.0000, -3.266e-9
82.0000, 230.0000, -3.262e-9
84.0000, 230.0000, -3.259e-9
86.0000, 230.0000, -3.260e-9
88.0000, 230.0000, -3.263e-9
90.0000, 230.0000, -3.261e-9
92.0000, 230.0000, -3.258e-9
94.0000, 230.0000, -3.258e-9
96.0000, 230.0000, -3.259e-9
98.0000, 230.0000, -3.256e-9
100.0000, 230.0000, -3.254e-9
102.0000, 230.0000, -3.255e-9
104.0000, 230.0000, -3.253e-9
106.0000, 230.0000, -3.250e-9
108.0000, 230.0000, -3.251e-9
110.0000, 230.0000, -3.251e-9
112.0000, 230.0000, -3.248e-9
114.0000, 230.0000, -3.249e-9
116.0000, 230.0000, -3.254e-9
118.0000, 230.0000, -3.255e-9
120.0000, 230.0000, -3.251e-9
122.0000, 230.0000, -3.249e-9
124.0000, 230.0000, -3.247e-9
126.0000, 230.0000, -3.245e-9
128.0000, 230.0000, -3.244e-9
130.0000, 230.0000, -3.243e-9
132.0000, 230.0000, -3.241e-9
134.0000, 230.0000, -3.237e-9
136.0000, 230.0000, -3.234e-9
138.0000, 230.0000, -3.233e-9
140.0000, 230.0000, -3.229e-9
142.0000, 230.0000, -3.225e-9
144.0000, 230.0000, -3.225e-9
146.0000, 230.0000, -3.227e-9
148.0000, 230.0000, -3.226e-9
150.0000, 230.0000, -3.227e-9
152.0000, 230.0000, -3.230e-9
154.0000, 230.0000, -3.229e-9
156.0000, 230.0000, -3.227e-9
158.0000, 230.0000, -3.230e-9
160.0000, 230.0000, -3.234e-9
162.0000, 230.0000, -3.236e-9
164.0000, 230.0000, -3.240e-9
166.0000, 230.0000, -3.247e-9
168.0000, 230.0000, -3.251e-9
170.0000, 230.0000, -3.255e-9
172.0000, 230.0000, -3.262e-9
174.0000, 230.0000, -3.267e-9
176.0000, 230.0000, -3.270e-9
178.0000, 230.0000, -3.273e-9
180.0000, 230.0000, -3.279e-9
182.0000, 230.0000, -3.287e-9
184.0000, 230.0000, -3.296e-9
186.0000, 230.0000, -3.305e-9
188.0000, 230.0000, -3.316e-9
190.0000, 230.0000, -3.323e-9
192.0000, 230.0000, -3.327e-9
194.0000, 230.0000, -3.333e-9
196.0000, 230.0000, -3.340e-9
198.0000, 230.0000, -3.346e-9
200.0000, 230.0000, -3.353e-9
202.0000, 230.0000, -3.362e-9
204.0000, 230.0000, -3.369e-9
206.0000, 230.0000, -3.376e-9
208.0000, 230.0000, -3.383e-9
210.0000, 230.0000, -3.390e-9
212.0000, 230.0000, -3.397e-9
214.0000, 230.0000, -3.406e-9
216.0000, 230.0000, -3.414e-9
218.0000, 230.0000, -3.420e-9
220.0000, 230.0000, -3.426e-9
222.0000, 230.0000, -3.437e-9
224.0000, 230.0000, -3.445e-9
226.0000, 230.0000, -3.451e-9
228.0000, 230.0000, -3.457e-9
230.0000, 230.0000, -3.466e-9
232.0000, 230.0000, -3.476e-9
234.0000, 230.0000, -3.486e-9
236.0000, 230.0000, -3.497e-9
238.0000, 230.0000, -3.507e-9
240.0000, 230.0000, -3.513e-9
242.0000, 230.0000, -3.520e-9
244.0000, 230.0000, -3.530e-9
246.0000, 230.0000, -3.539e-9
248.0000, 230.0000, -3.546e-9
0.0000, 232.0000, -4.230e-9
2.0000, 232.0000, -4.134e-9
4.0000, 232.0000, -4.073e-9
6.0000, 232.0000, -3.999e-9
8.0000, 232.0000, -3.901e-9
10.0000, 232.0000, -3.825e-9
12.0000, 232.0000, -3.787e-9
14.0000, 232.0000, -3.739e-9
16.0000, 232.0000, -3.675e-9
18.0000, 232.0000, -3.634e-9
20.0000, 232.0000, -3.615e-9
22.0000, 232.0000, -3.580e-9
24.0000, 232.0000, -3.539e-9
26.0000, 232.0000, -3.520e-9
28.0000, 232.0000, -3.508e-9
30.0000, 232.0000, -3.474e-9
32.0000, 232.0000, -3.447e-9
34.0000, 232.0000, -3.443e-9
36.0000, 232.0000, -3.433e-9
38.0000, 232.0000, -3.408e-9
40.0000, 232.0000, -3.392e-9
42.0000, 232.0000, -3.388e-9
44.0000, 232.0000, -3.374e-9
46.0000, 232.0000, -3.355e-9
48.0000, 232.0000, -3.346e-9
50.0000, 232.0000, -3.342e-9
52.0000, 232.0000, -3.332e-9
54.0000, 232.0000, -3.324e-9
56.0000, 232.0000, -3.321e-9
58.0000, 232.0000, -3.313e-9
60.0000, 232.0000, -3.303e-9
62.0000, 232.0000, -3.300e-9
64.0000, 232.0000, -3.296e-9
66.0000, 232.0000, -3.287e-9
68.0000, 232.0000, -3.283e-9
70.0000, 232.0000, -3.281e-9
72.0000, 232.0000, -3.275e-9
74.0000, 232.0000, -3.269e-9
76.0000, 232.0000, -3.268e-9
78.0000, 232.0000, -3.264e-9
80.0000, 232.0000, -3.258e-9
82.0000, 232.0000, -3.256e-9
84.0000, 232.0000, -3.258e-9
86.0000, 232.0000, -3.258e-9
88.0000, 232.0000, -3.256e-9
90.0000, 232.0000, -3.254e-9
92.0000, 232.0000, -3.253e-9
94.0000, 232.0000, -3.251e-9
96.0000, 232.0000, -3.249e-9
98.0000, 232.0000, -3.249e-9
100.0000, 232.0000, -3.249e-9
102.0000, 232.0000, -3.249e-9
104.0000, 232.0000, -3.246e-9
106.0000, 232.0000, -3.244e-9
108.0000, 232.0000, -3.246e-9
110.0000, 232.0000, -3.244e-9
112.0000, 232.0000, -3.243e-9
114.0000, 232.0000, -3.246e-9
116.0000, 232.0000, -3.249e-9
118.0000, 232.0000, -3.248e-9
120.0000, 232.0000, -3.245e-9
122.0000, 232.0000, -3.242e-9
124.0000, 232.0000, -3.237e-9
126.0000, 232.0000, -3.236e-9
128.0000, 232.0000, -3.239e-9
130.0000, 232.0000, -3.239e-9
132.0000, 232.0000, -3.233e-9
134.0000, 232.0000, -3.232e-9
136.0000, 232.0000, -3.232e-9
138.0000, 232.0000, -3.227e-9
140.0000, 232.0000, -3.222e-9
142.0000, 232.0000, -3.224e-9
144.0000, 232.0000, -3.224e-9
146.0000, 232.0000, -3.223e-9
148.0000, 232.0000, -3.224e-9
150.0000, 232.0000, -3.226e-9
152.0000, 232.0000, -3.227e-9
154.0000, 232.0000, -3.228e-9
156.0000, 232.0000, -3.229e-9
158.0000, 232.0000, -3.230e-9
160.0000, 232.0000, -3.231e-9
162.0000, 232.0000, -3.233e-9
164.0000, 232.0000, -3.236e-9
166.0000, 232.0000, -3.241e-9
168.0000, 232.0000, -3.244e-9
170.0000, 232.0000, -3.248e-9
172.0000, 232.0000, -3.250e-9
174.0000, 232.0000, -3.252e-9
176.0000, 232.0000, -3.258e-9
178.0000, 232.0000, -3.267e-9
180.0000, 232.0000, -3.276e-9
182.0000, 232.0000, -3.285e-9
184.0000, 232.0000, -3.294e-9
186.0000, 232.0000, -3.302e-9
188.0000, 232.0000, -3.308e-9
190.0000, 232.0000, -3.313e-9
192.0000, 232.0000, -3.319e-9
194.0000, 232.0000, -3.326e-9
196.0000, 232.0000, -3.332e-9
198.0000, 232.0000, -3.341e-9
200.0000, 232.0000, -3.350e-9
202.0000, 232.0000, -3.356e-9
204.0000, 232.0000, -3.364e-9
206.0000, 232.0000, -3.371e-9
208.0000, 232.0000, -3.378e-9
210.0000, 232.0000, -3.386e-9
212.0000, 232.0000, -3.395e-9
214.0000, 232.0000, -3.404e-9
216.0000, 232.0000, -3.409e-9
218.0000, 232.0000, -3.416e-9
220.0000, 232.0000, -3.423e-9
222.0000, 232.0000, -3.431e-9
224.0000, 232.0000, -3.438e-9
226.0000, 232.0000, -3.447e-9
228.0000, 232.0000, -3.459e-9
230.0000, 232.0000, -3.465e-9
232.0000, 232.0000, -3.471e-9
234.0000, 232.0000, -3.480e-9
236.0000, 232.0000, -3.488e-9
238.0000, 232.0000, -3.493e-9
240.0000, 232.0000, -3.501e-9
242.0000, 232.0000, -3.515e-9
244.0000, 232.0000, -3.527e-9
246.0000, 232.0000, -3.535e-9
248.0000, 232.0000, -3.543e-9
0.0000, 234.0000, -4.172e-9
2.0000, 234.0000, -4.098e-9
4.0000, 234.0000, -4.016e-9
6.0000, 234.0000, -3.925e-9
8.0000, 234.0000, -3.849e-9
10.0000, 234.0000, -3.796e-9
12.0000, 234.0000, -3.746e-9
14.0000, 234.0000, -3.692e-9
16.0000, 234.0000, -3.653e-9
18.0000, 234.0000, -3.632e-9
20.0000, 234.0000, -3.603e-9
22.0000, 234.0000, -3.566e-9
24.0000, 234.0000, -3.543e-9
26.0000, 234.0000, -3.524e-9
28.0000, 234.0000, -3.496e-9
30.0000, 234.0000, -3.470e-9
32.0000, 234.0000, -3.456e-9
34.0000, 234.0000, -3.447e-9
36.0000, 234.0000, -3.428e-9
38.0000, 234.0000, -3.410e-9
40.0000, 234.0000, -3.401e-9
42.0000, 234.0000, -3.387e-9
44.0000, 234.0000, -3.368e-9
46.0000, 234.0000, -3.358e-9
48.0000, 234.0000, -3.354e-9
50.0000, 234.0000, -3.344e-9
52.0000, 234.0000, -3.333e-9
54.0000, 234.0000, -3.329e-9
56.0000, 234.0000, -3.328e-9
58.0000, 234.0000, -3.321e-9
60.0000, 234.0000, -3.312e-9
62.0000, 234.0000, -3.307e-9
64.0000, 234.0000, -3.302e-9
66.0000, 234.0000, -3.296e-9
68.0000, 234.0000, -3.292e-9
70.0000, 234.0000, -3.288e-9
72.0000, 234.0000, -3.282e-9
74.0000, 234.0000, -3.276e-9
76.0000, 234.0000, -3.272e-9
78.0000, 234.0000, -3.269e-9
80.0000, 234.0000, -3.268e-9
82.0000, 234.0000, -3.272e-9
84.0000, 234.0000, -3.271e-9
86.0000, 234.0000, -3.266e-9
88.0000, 234.0000, -3.266e-9
90.0000, 234.0000, -3.265e-9
92.0000, 234.0000, -3.260e-9
94.0000, 234.0000, -3.256e-9
96.0000, 234.0000, -3.260e-9
98.0000, 234.0000, -3.259e-9
100.0000, 234.0000, -3.254e-9
102.0000, 234.0000, -3.254e-9
104.0000, 234.0000, -3.257e-9
106.0000, 234.0000, -3.254e-9
108.0000, 234.0000, -3.250e-9
110.0000, 234.0000, -3.253e-9
112.0000, 234.0000, -3.256e-9
114.0000, 234.0000, -3.254e-9
116.0000, 234.0000, -3.252e-9
118.0000, 234.0000, -3.252e-9
120.0000, 234.0000, -3.249e-9
122.0000, 234.0000, -3.247e-9
124.0000, 234.0000, -3.247e-9
126.0000, 234.0000, -3.244e-9
128.0000, 234.0000, -3.240e-9
130.0000, 234.0000, -3.238e-9
132.0000, 234.0000, -3.237e-9
134.0000, 234.0000, -3.232e-9
136.0000, 234.0000, -3.228e-9
138.0000, 234.0000, -3.228e-9
140.0000, 234.0000, -3.227e-9
142.0000, 234.0000, -3.226e-9
144.0000, 234.0000, -3.228e-9
146.0000, 234.0000, -3.229e-9
148.0000, 234.0000, -3.227e-9
150.0000, 234.0000, -3.227e-9
152.0000, 234.0000, -3.227e-9
154.0000, 234.0000, -3.228e-9
156.0000, 234.0000, -3.231e-9
158.0000, 234.0000, -3.233e-9
160.0000, 234.0000, -3.235e-9
162.0000, 234.0000, -3.235e-9
164.0000, 234.0000, -3.236e-9
166.0000, 234.0000, -3.241e-9
168.0000, 234.0000, -3.242e-9
170.0000, 234.0000, -3.245e-9
172.0000, 234.0000, -3.252e-9
174.0000, 234.0000, -3.261e-9
176.0000, 234.0000, -3.270e-9
178.0000, 234.0000, -3.278e-9
180.0000, 234.0000, -3.284e-9
182.0000, 234.0000, -3.290e-9
184.0000, 234.0000, -3.297e-9
186.0000, 234.0000, -3.303e-9
188.0000, 234.0000, -3.307e-9
190.0000, 234.0000, -3.311e-9
192.0000, 234.0000, -3.317e-9
194.0000, 234.0000, -3.323e-9
196.0000, 234.0000, -3.331e-9
198.0000, 234.0000, -3.341e-9
200.0000, 234.0000, -3.349e-9
202.0000, 234.0000, -3.356e-9
204.0000, 234.0000, -3.362e-9
206.0000, 234.0000, -3.369e-9
208.0000, 234.0000, -3.378e-9
210.0000, 234.0000, -3.387e-9
212.0000, 234.0000, -3.396e-9
214.0000, 234.0000, -3.404e-9
216.0000, 234.0000, -3.413e-9
218.0000, 234.0000, -3.421e-9
220.0000, 234.0000, -3.426e-9
222.0000, 234.0000, -3.434e-9
224.0000, 234.0000, -3.444e-9
226.0000, 234.0000, -3.452e-9
228.0000, 234.0000, -3.458e-9
230.0000, 234.0000, -3.465e-9
232.0000, 234.0000, -3.473e-9
234.0000, 234.0000, -3.479e-9
236.0000, 234.0000, -3.486e-9
238.0000, 234.0000, -3.497e-9
240.0000, 234.0000, -3.509e-9
242.0000, 234.0000, -3.519e-9
244.0000, 234.0000, -3.525e-9
246.0000, 234.0000, -3.533e-9
248.0000, 234.0000, -3.540e-9
0.0000, 236.0000, -4.131e-9
2.0000, 236.0000, -4.061e-9
4.0000, 236.0000, -3.979e-9
6.0000, 236.0000, -3.894e-9
8.0000, 236.0000, -3.827e-9
10.0000, 236.0000, -3.773e-9
12.0000, 236.0000, -3.720e-9
14.0000, 236.0000, -3.672e-9
16.0000, 236.0000, -3.635e-9
18.0000, 236.0000, -3.606e-9
20.0000, 236.0000, -3.577e-9
22.0000, 236.0000, -3.547e-9
24.0000, 236.0000, -3.524e-9
26.0000, 236.0000, -3.506e-9
28.0000, 236.0000, -3.487e-9
30.0000, 236.0000, -3.464e-9
32.0000, 236.0000, -3.444e-9
34.0000, 236.0000, -3.432e-9
36.0000, 236.0000, -3.420e-9
38.0000, 236.0000, -3.404e-9
40.0000, 236.0000, -3.390e-9
42.0000, 236.0000, -3.380e-9
44.0000, 236.0000, -3.369e-9
46.0000, 236.0000, -3.354e-9
48.0000, 236.0000, -3.345e-9
50.0000, 236.0000, -3.338e-9
52.0000, 236.0000, -3.329e-9
54.0000, 236.0000, -3.320e-9
56.0000, 236.0000, -3.316e-9
58.0000, 236.0000, -3.313e-9
60.0000, 236.0000, -3.307e-9
62.0000, 236.0000, -3.299e-9
64.0000, 236.0000, -3.297e-9
66.0000, 236.0000, -3.294e-9
68.0000, 236.0000, -3.287e-9
70.0000, 236.0000, -3.281e-9
72.0000, 236.0000, -3.279e-9
74.0000, 236.0000, -3.276e-9
76.0000, 236.0000, -3.275e-9
78.0000, 236.0000, -3.277e-9
80.0000, 236.0000, -3.272e-9
82.0000, 236.0000, -3.267e-9
84.0000, 236.0000, -3.267e-9
86.0000, 236.0000, -3.267e-9
88.0000, 236.0000, -3.262e-9
90.0000, 236.0000, -3.260e-9
92.0000, 236.0000, -3.263e-9
94.0000, 236.0000, -3.262e-9
96.0000, 236.0000, -3.260e-9
98.0000, 236.0000, -3.260e-9
100.0000, 236.0000, -3.260e-9
102.0000, 236.0000, -3.258e-9
104.0000, 236.0000, -3.256e-9
106.0000, 236.0000, -3.260e-9
108.0000, 236.0000, -3.261e-9
110.0000, 236.0000, -3.257e-9
112.0000, 236.0000, -3.256e-9
114.0000, 236.0000, -3.254e-9
116.0000, 236.0000, -3.251e-9
118.0000, 236.0000, -3.251e-9
120.0000, 236.0000, -3.250e-9
122.0000, 236.0000, -3.245e-9
124.0000, 236.0000, -3.241e-9
126.0000, 236.0000, -3.239e-9
128.0000, 236.0000, -3.236e-9
130.0000, 236.0000, -3.233e-9
132.0000, 236.0000, -3.233e-9
134.0000, 236.0000, -3.230e-9
136.0000, 236.0000, -3.226e-9
138.0000, 236.0000, -3.227e-9
140.0000, 236.0000, -3.230e-9
142.0000, 236.0000, -3.229e-9
144.0000, 236.0000, -3.228e-9
146.0000, 236.0000, -3.228e-9
148.0000, 236.0000, -3.227e-9
150.0000, 236.0000, -3.224e-9
152.0000, 236.0000, -3.226e-9
154.0000, 236.0000, -3.231e-9
156.0000, 236.0000, -3.229e-9
158.0000, 236.0000, -3.227e-9
160.0000, 236.0000, -3.234e-9
162.0000, 236.0000, -3.242e-9
164.0000, 236.0000, -3.239e-9
166.0000, 236.0000, -3.242e-9
168.0000, 236.0000, -3.252e-9
170.0000, 236.0000, -3.257e-9
172.0000, 236.0000, -3.258e-9
174.0000, 236.0000, -3.266e-9
176.0000, 236.0000, -3.273e-9
178.0000, 236.0000, -3.274e-9
180.0000, 236.0000, -3.277e-9
182.0000, 236.0000, -3.287e-9
184.0000, 236.0000, -3.294e-9
186.0000, 236.0000, -3.295e-9
188.0000, 236.0000, -3.302e-9
190.0000, 236.0000, -3.313e-9
192.0000, 236.0000, -3.317e-9
194.0000, 236.0000, -3.319e-9
196.0000, 236.0000, -3.328e-9
198.0000, 236.0000, -3.336e-9
200.0000, 236.0000, -3.339e-9
202.0000, 236.0000, -3.346e-9
204.0000, 236.0000, -3.356e-9
206.0000, 236.0000, -3.365e-9
208.0000, 236.0000, -3.372e-9
210.0000, 236.0000, -3.382e-9
212.0000, 236.0000, -3.392e-9
214.0000, 236.0000, -3.397e-9
216.0000, 236.0000, -3.402e-9
218.0000, 236.0000, -3.412e-9
220.0000, 236.0000, -3.417e-9
222.0000, 236.0000, -3.413e-9
224.0000, 236.0000, -3.414e-9
226.0000, 236.0000, -3.427e-9
228.0000, 236.0000, -3.439e-9
230.0000, 236.0000, -3.446e-9
232.0000, 236.0000, -3.456e-9
234.0000, 236.0000, -3.469e-9
236.0000, 236.0000, -3.476e-9
238.0000, 236.0000, -3.480e-9
240.0000, 236.0000, -3.491e-9
242.0000, 236.0000, -3.505e-9
244.0000, 236.0000, -3.511e-9
246.0000, 236.0000, -3.515e-9
248.0000, 236.0000, -3.522e-9
0.0000, 238.0000, -4.189e-9
2.0000, 238.0000, -4.118e-9
4.0000, 238.0000, -4.052e-9
6.0000, 238.0000, -3.958e-9
8.0000, 238.0000, -3.866e-9
10.0000, 238.0000, -3.814e-9
12.0000, 238.0000, -3.775e-9
14.0000, 238.0000, -3.713e-9
16.0000, 238.0000, -3.659e-9
18.0000, 238.0000, -3.637e-9
20.0000, 238.0000, -3.615e-9
22.0000, 238.0000, -3.571e-9
24.0000, 238.0000, -3.538e-9
26.0000, 238.0000, -3.524e-9
28.0000, 238.0000, -3.498e-9
30.0000, 238.0000, -3.464e-9
32.0000, 238.0000, -3.450e-9
34.0000, 238.0000, -3.444e-9
36.0000, 238.0000, -3.422e-9
38.0000, 238.0000, -3.401e-9
40.0000, 238.0000, -3.398e-9
42.0000, 238.0000, -3.389e-9
44.0000, 238.0000, -3.367e-9
46.0000, 238.0000, -3.354e-9
48.0000, 238.0000, -3.356e-9
50.0000, 238.0000, -3.348e-9
52.0000, 238.0000, -3.334e-9
54.0000, 238.0000, -3.329e-9
56.0000, 238.0000, -3.329e-9
58.0000, 238.0000, -3.321e-9
60.0000, 238.0000, -3.312e-9
62.0000, 238.0000, -3.308e-9
64.0000, 238.0000, -3.305e-9
66.0000, 238.0000, -3.297e-9
68.0000, 238.0000, -3.291e-9
70.0000, 238.0000, -3.288e-9
72.0000, 238.0000, -3.282e-9
74.0000, 238.0000, -3.274e-9
76.0000, 238.0000, -3.271e-9
78.0000, 238.0000, -3.270e-9
80.0000, 238.0000, -3.267e-9
82.0000, 238.0000, -3.268e-9
84.0000, 238.0000, -3.266e-9
86.0000, 238.0000, -3.260e-9
88.0000, 238.0000, -3.258e-9
90.0000, 238.0000, -3.259e-9
92.0000, 238.0000, -3.256e-9
94.0000, 238.0000, -3.252e-9
96.0000, 238.0000, -3.253e-9
98.0000, 238.0000, -3.254e-9
100.0000, 238.0000, -3.251e-9
102.0000, 238.0000, -3.250e-9
104.0000, 238.0000, -3.251e-9
106.0000, 238.0000, -3.250e-9
108.0000, 238.0000, -3.248e-9
110.0000, 238.0000, -3.249e-9
112.0000, 238.0000, -3.251e-9
114.0000, 238.0000, -3.248e-9
116.0000, 238.0000, -3.246e-9
118.0000, 238.0000, -3.246e-9
120.0000, 238.0000, -3.245e-9
122.0000, 238.0000, -3.245e-9
124.0000, 238.0000, -3.244e-9
126.0000, 238.0000, -3.242e-9
128.0000, 238.0000, -3.237e-9
130.0000, 238.0000, -3.233e-9
132.0000, 238.0000, -3.232e-9
134.0000, 238.0000, -3.229e-9
136.0000, 238.0000, -3.225e-9
138.0000, 238.0000, -3.224e-9
140.0000, 238.0000, -3.222e-9
142.0000, 238.0000, -3.221e-9
144.0000, 238.0000, -3.221e-9
146.0000, 238.0000, -3.223e-9
148.0000, 238.0000, -3.222e-9
150.0000, 238.0000, -3.221e-9
152.0000, 238.0000, -3.220e-9
154.0000, 238.0000, -3.221e-9
156.0000, 238.0000, -3.225e-9
158.0000, 238.0000, -3.227e-9
160.0000, 238.0000, -3.228e-9
162.0000, 238.0000, -3.232e-9
164.0000, 238.0000, -3.238e-9
166.0000, 238.0000, -3.243e-9
168.0000, 238.0000, -3.244e-9
170.0000, 238.0000, -3.246e-9
172.0000, 238.0000, -3.252e-9
174.0000, 238.0000, -3.259e-9
176.0000, 238.0000, -3.263e-9
178.0000, 238.0000, -3.268e-9
180.0000, 238.0000, -3.275e-9
182.0000, 238.0000, -3.282e-9
184.0000, 238.0000, -3.289e-9
186.0000, 238.0000, -3.295e-9
188.0000, 238.0000, -3.300e-9
190.0000, 238.0000, -3.305e-9
192.0000, 238.0000, -3.312e-9
194.0000, 238.0000, -3.320e-9
196.0000, 238.0000, -3.331e-9
198.0000, 238.0000, -3.338e-9
200.0000, 238.0000, -3.343e-9
202.0000, 238.0000, -3.348e-9
204.0000, 238.0000, -3.356e-9
206.0000, 238.0000, -3.364e-9
208.0000, 238.0000, -3.372e-9
210.0000, 238.0000, -3.380e-9
212.0000, 238.0000, -3.388e-9
214.0000, 238.0000, -3.397e-9
216.0000, 238.0000, -3.405e-9
218.0000, 238.0000, -3.410e-9
220.0000, 238.0000, -3.412e-9
222.0000, 238.0000, -3.419e-9
224.0000, 238.0000, -3.430e-9
226.0000, 238.0000, -3.441e-9
228.0000, 238.0000, -3.450e-9
230.0000, 238.0000, -3.456e-9
232.0000, 238.0000, -3.461e-9
234.0000, 238.0000, -3.466e-9
236.0000, 238.0000, -3.476e-9
238.0000, 238.0000, -3.489e-9
240.0000, 238.0000, -3.500e-9
242.0000, 238.0000, -3.508e-9
244.0000, 238.0000, -3.517e-9
246.0000, 238.0000, -3.526e-9
248.0000, 238.0000, -3.530e-9
0.0000, 240.0000, -4.122e-9
2.0000, 240.0000, -4.049e-9
4.0000, 240.0000, -3.973e-9
6.0000, 240.0000, -3.890e-9
8.0000, 240.0000, -3.818e-9
10.0000, 240.0000, -3.764e-9
12.0000, 240.0000, -3.718e-9
14.0000, 240.0000, -3.672e-9
16.0000, 240.0000, -3.631e-9
18.0000, 240.0000, -3.600e-9
20.0000, 240.0000, -3.571e-9
22.0000, 240.0000, -3.541e-9
24.0000, 240.0000, -3.514e-9
26.0000, 240.0000, -3.495e-9
28.0000, 240.0000, -3.475e-9
30.0000, 240.0000, -3.452e-9
32.0000, 240.0000, -3.434e-9
34.0000, 240.0000, -3.420e-9
36.0000, 240.0000, -3.406e-9
38.0000, 240.0000, -3.393e-9
40.0000, 240.0000, -3.380e-9
42.0000, 240.0000, -3.368e-9
44.0000, 240.0000, -3.358e-9
46.0000, 240.0000, -3.346e-9
48.0000, 240.0000, -3.335e-9
50.0000, 240.0000, -3.329e-9
52.0000, 240.0000, -3.325e-9
54.0000, 240.0000, -3.322e-9
56.0000, 240.0000, -3.320e-9
58.0000, 240.0000, -3.314e-9
60.0000, 240.0000, -3.308e-9
62.0000, 240.0000, -3.304e-9
64.0000, 240.0000, -3.300e-9
66.0000, 240.0000, -3.293e-9
68.0000, 240.0000, -3.290e-9
70.0000, 240.0000, -3.286e-9
72.0000, 240.0000, -3.279e-9
74.0000, 240.0000, -3.273e-9
76.0000, 240.0000, -3.270e-9
78.0000, 240.0000, -3.266e-9
80.0000, 240.0000, -3.259e-9
82.0000, 240.0000, -3.255e-9
84.0000, 240.0000, -3.258e-9
86.0000, 240.0000, -3.257e-9
88.0000, 240.0000, -3.251e-9
90.0000, 240.0000, -3.251e-9
92.0000, 240.0000, -3.255e-9
94.0000, 240.0000, -3.252e-9
96.0000, 240.0000, -3.248e-9
98.0000, 240.0000, -3.250e-9
100.0000, 240.0000, -3.250e-9
102.0000, 240.0000, -3.246e-9
104.0000, 240.0000, -3.246e-9
106.0000, 240.0000, -3.250e-9
108.0000, 240.0000, -3.248e-9
110.0000, 240.0000, -3.243e-9
112.0000, 240.0000, -3.245e-9
114.0000, 240.0000, -3.249e-9
116.0000, 240.0000, -3.247e-9
118.0000, 240.0000, -3.245e-9
120.0000, 240.0000, -3.245e-9
122.0000, 240.0000, -3.244e-9
124.0000, 240.0000, -3.242e-9
126.0000, 240.0000, -3.244e-9
128.0000, 240.0000, -3.243e-9
130.0000, 240.0000, -3.237e-9
132.0000, 240.0000, -3.234e-9
134.0000, 240.0000, -3.232e-9
136.0000, 240.0000, -3.228e-9
138.0000, 240.0000, -3.223e-9
140.0000, 240.0000, -3.222e-9
142.0000, 240.0000, -3.222e-9
144.0000, 240.0000, -3.221e-9
146.0000, 240.0000, -3.222e-9
148.0000, 240.0000, -3.225e-9
150.0000, 240.0000, -3.225e-9
152.0000, 240.0000, -3.224e-9
154.0000, 240.0000, -3.225e-9
156.0000, 240.0000, -3.227e-9
158.0000, 240.0000, -3.226e-9
160.0000, 240.0000, -3.227e-9
162.0000, 240.0000, -3.232e-9
164.0000, 240.0000, -3.237e-9
166.0000, 240.0000, -3.239e-9
168.0000, 240.0000, -3.243e-9
170.0000, 240.0000, -3.249e-9
172.0000, 240.0000, -3.253e-9
174.0000, 240.0000, -3.256e-9
176.0000, 240.0000, -3.262e-9
178.0000, 240.0000, -3.269e-9
180.0000, 240.0000, -3.274e-9
182.0000, 240.0000, -3.278e-9
184.0000, 240.0000, -3.285e-9
186.0000, 240.0000, -3.293e-9
188.0000, 240.0000, -3.299e-9
190.0000, 240.0000, -3.306e-9
192.0000, 240.0000, -3.313e-9
194.0000, 240.0000, -3.320e-9
196.0000, 240.0000, -3.328e-9
198.0000, 240.0000, -3.338e-9
200.0000, 240.0000, -3.347e-9
202.0000, 240.0000, -3.354e-9
204.0000, 240.0000, -3.361e-9
206.0000, 240.0000, -3.369e-9
208.0000, 240.0000, -3.376e-9
210.0000, 240.0000, -3.382e-9
212.0000, 240.0000, -3.391e-9
214.0000, 240.0000, -3.401e-9
216.0000, 240.0000, -3.408e-9
218.0000, 240.0000, -3.414e-9
220.0000, 240.0000, -3.420e-9
222.0000, 240.0000, -3.427e-9
224.0000, 240.0000, -3.435e-9
226.0000, 240.0000, -3.444e-9
228.0000, 240.0000, -3.450e-9
230.0000, 240.0000, -3.455e-9
232.0000, 240.0000, -3.464e-9
234.0000, 240.0000, -3.474e-9
236.0000, 240.0000, -3.480e-9
238.0000, 240.0000, -3.490e-9
240.0000, 240.0000, -3.503e-9
242.0000, 240.0000, -3.513e-9
244.0000, 240.0000, -3.521e-9
246.0000, 240.0000, -3.529e-9
248.0000, 240.0000, -3.537e-9
0.0000, 242.0000, -4.265e-9
2.0000, 242.0000, -4.158e-9
4.0000, 242.0000, -4.098e-9
6.0000, 242.0000, -4.033e-9
8.0000, 242.0000, -3.931e-9
10.0000, 242.0000, -3.842e-9
12.0000, 242.0000, -3.796e-9
14.0000, 242.0000, -3.749e-9
16.0000, 242.0000, -3.682e-9
18.0000, 242.0000, -3.637e-9
20.0000, 242.0000, -3.620e-9
22.0000, 242.0000, -3.589e-9
24.0000, 242.0000, -3.544e-9
26.0000, 242.0000, -3.522e-9
28.0000, 242.0000, -3.509e-9
30.0000, 242.0000, -3.478e-9
32.0000, 242.0000, -3.447e-9
34.0000, 242.0000, -3.435e-9
36.0000, 242.0000, -3.421e-9
38.0000, 242.0000, -3.398e-9
40.0000, 242.0000, -3.386e-9
42.0000, 242.0000, -3.380e-9
44.0000, 242.0000, -3.366e-9
46.0000, 242.0000, -3.352e-9
48.0000, 242.0000, -3.346e-9
50.0000, 242.0000, -3.340e-9
52.0000, 242.0000, -3.328e-9
54.0000, 242.0000, -3.318e-9
56.0000, 242.0000, -3.314e-9
58.0000, 242.0000, -3.310e-9
60.0000, 242.0000, -3.303e-9
62.0000, 242.0000, -3.297e-9
64.0000, 242.0000, -3.293e-9
66.0000, 242.0000, -3.287e-9
68.0000, 242.0000, -3.280e-9
70.0000, 242.0000, -3.277e-9
72.0000, 242.0000, -3.275e-9
74.0000, 242.0000, -3.269e-9
76.0000, 242.0000, -3.263e-9
78.0000, 242.0000, -3.259e-9
80.0000, 242.0000, -3.254e-9
82.0000, 242.0000, -3.251e-9
84.0000, 242.0000, -3.251e-9
86.0000, 242.0000, -3.248e-9
88.0000, 242.0000, -3.245e-9
90.0000, 242.0000, -3.245e-9
92.0000, 242.0000, -3.246e-9
94.0000, 242.0000, -3.244e-9
96.0000, 242.0000, -3.243e-9
98.0000, 242.0000, -3.243e-9
100.0000, 242.0000, -3.242e-9
102.0000, 242.0000, -3.240e-9
104.0000, 242.0000, -3.240e-9
106.0000, 242.0000, -3.241e-9
108.0000, 242.0000, -3.241e-9
110.0000, 242.0000, -3.240e-9
112.0000, 242.0000, -3.242e-9
114.0000, 242.0000, -3.242e-9
116.0000, 242.0000, -3.239e-9
118.0000, 242.0000, -3.240e-9
120.0000, 242.0000, -3.242e-9
122.0000, 242.0000, -3.239e-9
124.0000, 242.0000, -3.238e-9
126.0000, 242.0000, -3.240e-9
128.0000, 242.0000, -3.238e-9
130.0000, 242.0000, -3.230e-9
132.0000, 242.0000, -3.227e-9
134.0000, 242.0000, -3.227e-9
136.0000, 242.0000, -3.223e-9
138.0000, 242.0000, -3.218e-9
140.0000, 242.0000, -3.218e-9
142.0000, 242.0000, -3.218e-9
144.0000, 242.0000, -3.216e-9
146.0000, 242.0000, -3.216e-9
148.0000, 242.0000, -3.218e-9
150.0000, 242.0000, -3.218e-9
152.0000, 242.0000, -3.217e-9
154.0000, 242.0000, -3.218e-9
156.0000, 242.0000, -3.220e-9
158.0000, 242.0000, -3.219e-9
160.0000, 242.0000, -3.222e-9
162.0000, 242.0000, -3.228e-9
164.0000, 242.0000, -3.232e-9
166.0000, 242.0000, -3.234e-9
168.0000, 242.0000, -3.239e-9
170.0000, 242.0000, -3.245e-9
172.0000, 242.0000, -3.246e-9
174.0000, 242.0000, -3.248e-9
176.0000, 242.0000, -3.255e-9
178.0000, 242.0000, -3.261e-9
180.0000, 242.0000, -3.266e-9
182.0000, 242.0000, -3.274e-9
184.0000, 242.0000, -3.282e-9
186.0000, 242.0000, -3.289e-9
188.0000, 242.0000, -3.297e-9
190.0000, 242.0000, -3.305e-9
192.0000, 242.0000, -3.311e-9
194.0000, 242.0000, -3.318e-9
196.0000, 242.0000, -3.326e-9
198.0000, 242.0000, -3.334e-9
200.0000, 242.0000, -3.340e-9
202.0000, 242.0000, -3.349e-9
204.0000, 242.0000, -3.359e-9
206.0000, 242.0000, -3.367e-9
208.0000, 242.0000, -3.373e-9
210.0000, 242.0000, -3.379e-9
212.0000, 242.0000, -3.387e-9
214.0000, 242.0000, -3.394e-9
216.0000, 242.0000, -3.401e-9
218.0000, 242.0000, -3.407e-9
220.0000, 242.0000, -3.412e-9
222.0000, 242.0000, -3.420e-9
224.0000, 242.0000, -3.429e-9
226.0000, 242.0000, -3.438e-9
228.0000, 242.0000, -3.446e-9
230.0000, 242.0000, -3.452e-9
232.0000, 242.0000, -3.457e-9
234.0000, 242.0000, -3.464e-9
236.0000, 242.0000, -3.474e-9
238.0000, 242.0000, -3.484e-9
240.0000, 242.0000, -3.495e-9
242.0000, 242.0000, -3.509e-9
244.0000, 242.0000, -3.516e-9
246.0000, 242.0000, -3.520e-9
248.0000, 242.0000, -3.526e-9
0.0000, 244.0000, -4.154e-9
2.0000, 244.0000, -4.083e-9
4.0000, 244.0000, -4.004e-9
6.0000, 244.0000, -3.913e-9
8.0000, 244.0000, -3.835e-9
10.0000, 244.0000, -3.780e-9
12.0000, 244.0000, -3.728e-9
14.0000, 244.0000, -3.676e-9
16.0000, 244.0000, -3.637e-9
18.0000, 244.0000, -3.608e-9
20.0000, 244.0000, -3.577e-9
22.0000, 244.0000, -3.543e-9
24.0000, 244.0000, -3.519e-9
26.0000, 244.0000, -3.498e-9
28.0000, 244.0000, -3.473e-9
30.0000, 244.0000, -3.453e-9
32.0000, 244.0000, -3.441e-9
34.0000, 244.0000, -3.424e-9
36.0000, 244.0000, -3.406e-9
38.0000, 244.0000, -3.393e-9
40.0000, 244.0000, -3.382e-9
42.0000, 244.0000, -3.369e-9
44.0000, 244.0000, -3.356e-9
46.0000, 244.0000, -3.349e-9
48.0000, 244.0000, -3.343e-9
50.0000, 244.0000, -3.332e-9
52.0000, 244.0000, -3.322e-9
54.0000, 244.0000, -3.318e-9
56.0000, 244.0000, -3.312e-9
58.0000, 244.0000, -3.302e-9
60.0000, 244.0000, -3.298e-9
62.0000, 244.0000, -3.295e-9
64.0000, 244.0000, -3.288e-9
66.0000, 244.0000, -3.283e-9
68.0000, 244.0000, -3.280e-9
70.0000, 244.0000, -3.275e-9
72.0000, 244.0000, -3.270e-9
74.0000, 244.0000, -3.267e-9
76.0000, 244.0000, -3.263e-9
78.0000, 244.0000, -3.256e-9
80.0000, 244.0000, -3.249e-9
82.0000, 244.0000, -3.247e-9
84.0000, 244.0000, -3.244e-9
86.0000, 244.0000, -3.239e-9
88.0000, 244.0000, -3.238e-9
90.0000, 244.0000, -3.242e-9
92.0000, 244.0000, -3.244e-9
94.0000, 244.0000, -3.240e-9
96.0000, 244.0000, -3.239e-9
98.0000, 244.0000, -3.241e-9
100.0000, 244.0000, -3.237e-9
102.0000, 244.0000, -3.233e-9
104.0000, 244.0000, -3.234e-9
106.0000, 244.0000, -3.235e-9
108.0000, 244.0000, -3.233e-9
110.0000, 244.0000, -3.233e-9
112.0000, 244.0000, -3.234e-9
114.0000, 244.0000, -3.233e-9
116.0000, 244.0000, -3.229e-9
118.0000, 244.0000, -3.228e-9
120.0000, 244.0000, -3.232e-9
122.0000, 244.0000, -3.232e-9
124.0000, 244.0000, -3.230e-9
126.0000, 244.0000, -3.230e-9
128.0000, 244.0000, -3.229e-9
130.0000, 244.0000, -3.228e-9
132.0000, 244.0000, -3.228e-9
134.0000, 244.0000, -3.228e-9
136.0000, 244.0000, -3.225e-9
138.0000, 244.0000, -3.223e-9
140.0000, 244.0000, -3.223e-9
142.0000, 244.0000, -3.222e-9
144.0000, 244.0000, -3.218e-9
146.0000, 244.0000, -3.216e-9
148.0000, 244.0000, -3.218e-9
150.0000, 244.0000, -3.220e-9
152.0000, 244.0000, -3.221e-9
154.0000, 244.0000, -3.225e-9
156.0000, 244.0000, -3.228e-9
158.0000, 244.0000, -3.229e-9
160.0000, 244.0000, -3.231e-9
162.0000, 244.0000, -3.234e-9
164.0000, 244.0000, -3.238e-9
166.0000, 244.0000, -3.241e-9
168.0000, 244.0000, -3.243e-9
170.0000, 244.0000, -3.247e-9
172.0000, 244.0000, -3.253e-9
174.0000, 244.0000, -3.259e-9
176.0000, 244.0000, -3.263e-9
178.0000, 244.0000, -3.267e-9
180.0000, 244.0000, -3.273e-9
182.0000, 244.0000, -3.279e-9
184.0000, 244.0000, -3.287e-9
186.0000, 244.0000, -3.297e-9
188.0000, 244.0000, -3.303e-9
190.0000, 244.0000, -3.309e-9
192.0000, 244.0000, -3.318e-9
194.0000, 244.0000, -3.327e-9
196.0000, 244.0000, -3.334e-9
198.0000, 244.0000, -3.338e-9
200.0000, 244.0000, -3.345e-9
202.0000, 244.0000, -3.353e-9
204.0000, 244.0000, -3.362e-9
206.0000, 244.0000, -3.371e-9
208.0000, 244.0000, -3.380e-9
210.0000, 244.0000, -3.387e-9
212.0000, 244.0000, -3.395e-9
214.0000, 244.0000, -3.404e-9
216.0000, 244.0000, -3.413e-9
218.0000, 244.0000, -3.423e-9
220.0000, 244.0000, -3.428e-9
222.0000, 244.0000, -3.434e-9
224.0000, 244.0000, -3.446e-9
226.0000, 244.0000, -3.456e-9
228.0000, 244.0000, -3.461e-9
230.0000, 244.0000, -3.467e-9
232.0000, 244.0000, -3.478e-9
234.0000, 244.0000, -3.485e-9
236.0000, 244.0000, -3.489e-9
238.0000, 244.0000, -3.497e-9
240.0000, 244.0000, -3.506e-9
242.0000, 244.0000, -3.512e-9
244.0000, 244.0000, -3.520e-9
246.0000, 244.0000, -3.532e-9
248.0000, 244.0000, -3.540e-9
0.0000, 246.0000, -4.136e-9
2.0000, 246.0000, -4.071e-9
4.0000, 246.0000, -3.998e-9
6.0000, 246.0000, -3.908e-9
8.0000, 246.0000, -3.830e-9
10.0000, 246.0000, -3.779e-9
12.0000, 246.0000, -3.730e-9
14.0000, 246.0000, -3.671e-9
16.0000, 246.0000, -3.628e-9
18.0000, 246.0000, -3.603e-9
20.0000, 246.0000, -3.570e-9
22.0000, 246.0000, -3.532e-9
24.0000, 246.0000, -3.510e-9
26.0000, 246.0000, -3.496e-9
28.0000, 246.0000, -3.474e-9
30.0000, 246.0000, -3.450e-9
32.0000, 246.0000, -3.436e-9
34.0000, 246.0000, -3.423e-9
36.0000, 246.0000, -3.402e-9
38.0000, 246.0000, -3.386e-9
40.0000, 246.0000, -3.380e-9
42.0000, 246.0000, -3.370e-9
44.0000, 246.0000, -3.355e-9
46.0000, 246.0000, -3.349e-9
48.0000, 246.0000, -3.344e-9
50.0000, 246.0000, -3.330e-9
52.0000, 246.0000, -3.318e-9
54.0000, 246.0000, -3.314e-9
56.0000, 246.0000, -3.308e-9
58.0000, 246.0000, -3.299e-9
60.0000, 246.0000, -3.294e-9
62.0000, 246.0000, -3.292e-9
64.0000, 246.0000, -3.287e-9
66.0000, 246.0000, -3.279e-9
68.0000, 246.0000, -3.276e-9
70.0000, 246.0000, -3.277e-9
72.0000, 246.0000, -3.273e-9
74.0000, 246.0000, -3.266e-9
76.0000, 246.0000, -3.263e-9
78.0000, 246.0000, -3.258e-9
80.0000, 246.0000, -3.251e-9
82.0000, 246.0000, -3.246e-9
84.0000, 246.0000, -3.245e-9
86.0000, 246.0000, -3.245e-9
88.0000, 246.0000, -3.244e-9
90.0000, 246.0000, -3.242e-9
92.0000, 246.0000, -3.242e-9
94.0000, 246.0000, -3.242e-9
96.0000, 246.0000, -3.242e-9
98.0000, 246.0000, -3.240e-9
100.0000, 246.0000, -3.240e-9
102.0000, 246.0000, -3.239e-9
104.0000, 246.0000, -3.237e-9
106.0000, 246.0000, -3.237e-9
108.0000, 246.0000, -3.239e-9
110.0000, 246.0000, -3.239e-9
112.0000, 246.0000, -3.239e-9
114.0000, 246.0000, -3.238e-9
116.0000, 246.0000, -3.240e-9
118.0000, 246.0000, -3.242e-9
120.0000, 246.0000, -3.239e-9
122.0000, 246.0000, -3.236e-9
124.0000, 246.0000, -3.233e-9
126.0000, 246.0000, -3.233e-9
128.0000, 246.0000, -3.234e-9
130.0000, 246.0000, -3.234e-9
132.0000, 246.0000, -3.230e-9
134.0000, 246.0000, -3.228e-9
136.0000, 246.0000, -3.226e-9
138.0000, 246.0000, -3.222e-9
140.0000, 246.0000, -3.218e-9
142.0000, 246.0000, -3.218e-9
144.0000, 246.0000, -3.219e-9
146.0000, 246.0000, -3.217e-9
148.0000, 246.0000, -3.216e-9
150.0000, 246.0000, -3.216e-9
152.0000, 246.0000, -3.215e-9
154.0000, 246.0000, -3.216e-9
156.0000, 246.0000, -3.219e-9
158.0000, 246.0000, -3.221e-9
160.0000, 246.0000, -3.223e-9
162.0000, 246.0000, -3.227e-9
164.0000, 246.0000, -3.233e-9
166.0000, 246.0000, -3.238e-9
168.0000, 246.0000, -3.242e-9
170.0000, 246.0000, -3.247e-9
172.0000, 246.0000, -3.254e-9
174.0000, 246.0000, -3.258e-9
176.0000, 246.0000, -3.262e-9
178.0000, 246.0000, -3.267e-9
180.0000, 246.0000, -3.272e-9
182.0000, 246.0000, -3.279e-9
184.0000, 246.0000, -3.288e-9
186.0000, 246.0000, -3.294e-9
188.0000, 246.0000, -3.302e-9
190.0000, 246.0000, -3.311e-9
192.0000, 246.0000, -3.319e-9
194.0000, 246.0000, -3.325e-9
196.0000, 246.0000, -3.332e-9
198.0000, 246.0000, -3.339e-9
200.0000, 246.0000, -3.346e-9
202.0000, 246.0000, -3.354e-9
204.0000, 246.0000, -3.362e-9
206.0000, 246.0000, -3.369e-9
208.0000, 246.0000, -3.376e-9
210.0000, 246.0000, -3.382e-9
212.0000, 246.0000, -3.390e-9
214.0000, 246.0000, -3.397e-9
216.0000, 246.0000, -3.404e-9
218.0000, 246.0000, -3.410e-9
220.0000, 246.0000, -3.416e-9
222.0000, 246.0000, -3.426e-9
224.0000, 246.0000, -3.437e-9
226.0000, 246.0000, -3.443e-9
228.0000, 246.0000, -3.450e-9
230.0000, 246.0000, -3.460e-9
232.0000, 246.0000, -3.466e-9
234.0000, 246.0000, -3.470e-9
236.0000, 246.0000, -3.481e-9
238.0000, 246.0000, -3.491e-9
240.0000, 246.0000, -3.495e-9
242.0000, 246.0000, -3.502e-9
244.0000, 246.0000, -3.512e-9
246.0000, 246.0000, -3.521e-9
248.0000, 246.0000, -3.528e-9
0.0000, 248.0000, -4.150e-9
2.0000, 248.0000, -4.077e-9
4.0000, 248.0000, -4.000e-9
6.0000, 248.0000, -3.913e-9
8.0000, 248.0000, -3.838e-9
10.0000, 248.0000, -3.786e-9
12.0000, 248.0000, -3.737e-9
14.0000, 248.0000, -3.682e-9
16.0000, 248.0000, -3.639e-9
18.0000, 248.0000, -3.614e-9
20.0000, 248.0000, -3.585e-9
22.0000, 248.0000, -3.549e-9
24.0000, 248.0000, -3.523e-9
26.0000, 248.0000, -3.506e-9
28.0000, 248.0000, -3.480e-9
30.0000, 248.0000, -3.457e-9
32.0000, 248.0000, -3.448e-9
34.0000, 248.0000, -3.435e-9
36.0000, 248.0000, -3.414e-9
38.0000, 248.0000, -3.400e-9
40.0000, 248.0000, -3.394e-9
42.0000, 248.0000, -3.378e-9
44.0000, 248.0000, -3.360e-9
46.0000, 248.0000, -3.353e-9
48.0000, 248.0000, -3.347e-9
50.0000, 248.0000, -3.334e-9
52.0000, 248.0000, -3.324e-9
54.0000, 248.0000, -3.324e-9
56.0000, 248.0000, -3.321e-9
58.0000, 248.0000, -3.312e-9
60.0000, 248.0000, -3.305e-9
62.0000, 248.0000, -3.302e-9
64.0000, 248.0000, -3.294e-9
66.0000, 248.0000, -3.284e-9
68.0000, 248.0000, -3.279e-9
70.0000, 248.0000, -3.276e-9
72.0000, 248.0000, -3.270e-9
74.0000, 248.0000, -3.264e-9
76.0000, 248.0000, -3.261e-9
78.0000, 248.0000, -3.258e-9
80.0000, 248.0000, -3.257e-9
82.0000, 248.0000, -3.259e-9
84.0000, 248.0000, -3.256e-9
86.0000, 248.0000, -3.251e-9
88.0000, 248.0000, -3.250e-9
90.0000, 248.0000, -3.249e-9
92.0000, 248.0000, -3.246e-9
94.0000, 248.0000, -3.246e-9
96.0000, 248.0000, -3.248e-9
98.0000, 248.0000, -3.247e-9
100.0000, 248.0000, -3.245e-9
102.0000, 248.0000, -3.246e-9
104.0000, 248.0000, -3.246e-9
106.0000, 248.0000, -3.243e-9
108.0000, 248.0000, -3.240e-9
110.0000, 248.0000, -3.241e-9
112.0000, 248.0000, -3.243e-9
114.0000, 248.0000, -3.243e-9
116.0000, 248.0000, -3.244e-9
118.0000, 248.0000, -3.243e-9
120.0000, 248.0000, -3.241e-9
122.0000, 248.0000, -3.241e-9
124.0000, 248.0000, -3.240e-9
126.0000, 248.0000, -3.235e-9
128.0000, 248.0000, -3.231e-9
130.0000, 248.0000, -3.228e-9
132.0000, 248.0000, -3.225e-9
134.0000, 248.0000, -3.221e-9
136.0000, 248.0000, -3.220e-9
138.0000, 248.0000, -3.219e-9
140.0000, 248.0000, -3.216e-9
142.0000, 248.0000, -3.215e-9
144.0000, 248.0000, -3.218e-9
146.0000, 248.0000, -3.218e-9
148.0000, 248.0000, -3.216e-9
150.0000, 248.0000, -3.216e-9
152.0000, 248.0000, -3.219e-9
154.0000, 248.0000, -3.218e-9
156.0000, 248.0000, -3.218e-9
158.0000, 248.0000, -3.222e-9
160.0000, 248.0000, -3.225e-9
162.0000, 248.0000, -3.226e-9
164.0000, 248.0000, -3.232e-9
166.0000, 248.0000, -3.239e-9
168.0000, 248.0000, -3.241e-9
170.0000, 248.0000, -3.243e-9
172.0000, 248.0000, -3.250e-9
174.0000, 248.0000, -3.256e-9
176.0000, 248.0000, -3.260e-9
178.0000, 248.0000, -3.264e-9
180.0000, 248.0000, -3.269e-9
182.0000, 248.0000, -3.275e-9
184.0000, 248.0000, -3.282e-9
186.0000, 248.0000, -3.290e-9
188.0000, 248.0000, -3.295e-9
190.0000, 248.0000, -3.299e-9
192.0000, 248.0000, -3.306e-9
194.0000, 248.0000, -3.314e-9
196.0000, 248.0000, -3.321e-9
198.0000, 248.0000, -3.329e-9
200.0000, 248.0000, -3.337e-9
202.0000, 248.0000, -3.346e-9
204.0000, 248.0000, -3.352e-9
206.0000, 248.0000, -3.358e-9
208.0000, 248.0000, -3.367e-9
210.0000, 248.0000, -3.374e-9
212.0000, 248.0000, -3.383e-9
214.0000, 248.0000, -3.392e-9
216.0000, 248.0000, -3.402e-9
218.0000, 248.0000, -3.409e-9
220.0000, 248.0000, -3.415e-9
222.0000, 248.0000, -3.422e-9
224.0000, 248.0000, -3.429e-9
226.0000, 248.0000, -3.435e-9
228.0000, 248.0000, -3.442e-9
230.0000, 248.0000, -3.451e-9
232.0000, 248.0000, -3.460e-9
234.0000, 248.0000, -3.468e-9
236.0000, 248.0000, -3.477e-9
238.0000, 248.0000, -3.488e-9
240.0000, 248.0000, -3.496e-9
242.0000, 248.0000, -3.501e-9
244.0000, 248.0000, -3.509e-9
246.0000, 248.0000, -3.518e-9
248.0000, 248.0000, -3.524e-9
