X/um, Y/um, Current/A
 
0.0000, 0.0000, -3.748e-9
2.0000, 0.0000, -3.557e-9
4.0000, 0.0000, -3.396e-9
6.0000, 0.0000, -3.272e-9
8.0000, 0.0000, -3.180e-9
10.0000, 0.0000, -3.111e-9
12.0000, 0.0000, -3.057e-9
14.0000, 0.0000, -3.016e-9
16.0000, 0.0000, -2.985e-9
18.0000, 0.0000, -2.961e-9
20.0000, 0.0000, -2.943e-9
22.0000, 0.0000, -2.929e-9
24.0000, 0.0000, -2.916e-9
26.0000, 0.0000, -2.901e-9
28.0000, 0.0000, -2.889e-9
30.0000, 0.0000, -2.881e-9
32.0000, 0.0000, -2.877e-9
34.0000, 0.0000, -2.874e-9
36.0000, 0.0000, -2.871e-9
38.0000, 0.0000, -2.869e-9
40.0000, 0.0000, -2.867e-9
42.0000, 0.0000, -2.865e-9
44.0000, 0.0000, -2.864e-9
46.0000, 0.0000, -2.863e-9
48.0000, 0.0000, -2.860e-9
50.0000, 0.0000, -2.858e-9
52.0000, 0.0000, -2.859e-9
54.0000, 0.0000, -2.861e-9
56.0000, 0.0000, -2.864e-9
58.0000, 0.0000, -2.865e-9
60.0000, 0.0000, -2.865e-9
62.0000, 0.0000, -2.865e-9
64.0000, 0.0000, -2.866e-9
66.0000, 0.0000, -2.866e-9
68.0000, 0.0000, -2.868e-9
70.0000, 0.0000, -2.870e-9
72.0000, 0.0000, -2.872e-9
74.0000, 0.0000, -2.873e-9
76.0000, 0.0000, -2.873e-9
78.0000, 0.0000, -2.872e-9
80.0000, 0.0000, -2.872e-9
82.0000, 0.0000, -2.871e-9
84.0000, 0.0000, -2.871e-9
86.0000, 0.0000, -2.872e-9
88.0000, 0.0000, -2.870e-9
90.0000, 0.0000, -2.868e-9
92.0000, 0.0000, -2.866e-9
94.0000, 0.0000, -2.864e-9
96.0000, 0.0000, -2.861e-9
98.0000, 0.0000, -2.861e-9
100.0000, 0.0000, -2.862e-9
102.0000, 0.0000, -2.862e-9
104.0000, 0.0000, -2.864e-9
106.0000, 0.0000, -2.865e-9
108.0000, 0.0000, -2.865e-9
110.0000, 0.0000, -2.866e-9
112.0000, 0.0000, -2.866e-9
114.0000, 0.0000, -2.867e-9
116.0000, 0.0000, -2.867e-9
118.0000, 0.0000, -2.867e-9
120.0000, 0.0000, -2.868e-9
122.0000, 0.0000, -2.868e-9
124.0000, 0.0000, -2.868e-9
126.0000, 0.0000, -2.869e-9
128.0000, 0.0000, -2.868e-9
130.0000, 0.0000, -2.868e-9
132.0000, 0.0000, -2.867e-9
134.0000, 0.0000, -2.867e-9
136.0000, 0.0000, -2.866e-9
138.0000, 0.0000, -2.865e-9
140.0000, 0.0000, -2.864e-9
142.0000, 0.0000, -2.862e-9
144.0000, 0.0000, -2.858e-9
146.0000, 0.0000, -2.853e-9
148.0000, 0.0000, -2.849e-9
150.0000, 0.0000, -2.844e-9
152.0000, 0.0000, -2.841e-9
154.0000, 0.0000, -2.839e-9
156.0000, 0.0000, -2.838e-9
158.0000, 0.0000, -2.835e-9
160.0000, 0.0000, -2.834e-9
162.0000, 0.0000, -2.835e-9
164.0000, 0.0000, -2.835e-9
166.0000, 0.0000, -2.834e-9
168.0000, 0.0000, -2.832e-9
170.0000, 0.0000, -2.830e-9
172.0000, 0.0000, -2.830e-9
174.0000, 0.0000, -2.831e-9
176.0000, 0.0000, -2.833e-9
178.0000, 0.0000, -2.836e-9
180.0000, 0.0000, -2.839e-9
182.0000, 0.0000, -2.840e-9
184.0000, 0.0000, -2.841e-9
186.0000, 0.0000, -2.842e-9
188.0000, 0.0000, -2.843e-9
190.0000, 0.0000, -2.845e-9
192.0000, 0.0000, -2.848e-9
194.0000, 0.0000, -2.851e-9
196.0000, 0.0000, -2.853e-9
198.0000, 0.0000, -2.855e-9
200.0000, 0.0000, -2.857e-9
202.0000, 0.0000, -2.860e-9
204.0000, 0.0000, -2.863e-9
206.0000, 0.0000, -2.866e-9
208.0000, 0.0000, -2.867e-9
210.0000, 0.0000, -2.868e-9
212.0000, 0.0000, -2.870e-9
214.0000, 0.0000, -2.873e-9
216.0000, 0.0000, -2.876e-9
218.0000, 0.0000, -2.878e-9
220.0000, 0.0000, -2.881e-9
222.0000, 0.0000, -2.884e-9
224.0000, 0.0000, -2.888e-9
226.0000, 0.0000, -2.892e-9
228.0000, 0.0000, -2.896e-9
230.0000, 0.0000, -2.899e-9
232.0000, 0.0000, -2.902e-9
234.0000, 0.0000, -2.908e-9
236.0000, 0.0000, -2.915e-9
238.0000, 0.0000, -2.920e-9
240.0000, 0.0000, -2.924e-9
242.0000, 0.0000, -2.925e-9
244.0000, 0.0000, -2.928e-9
246.0000, 0.0000, -2.931e-9
248.0000, 0.0000, -2.935e-9
250.0000, 0.0000, -2.938e-9
252.0000, 0.0000, -2.941e-9
254.0000, 0.0000, -2.944e-9
256.0000, 0.0000, -2.945e-9
258.0000, 0.0000, -2.946e-9
260.0000, 0.0000, -2.946e-9
262.0000, 0.0000, -2.945e-9
264.0000, 0.0000, -2.945e-9
266.0000, 0.0000, -2.945e-9
268.0000, 0.0000, -2.944e-9
270.0000, 0.0000, -2.942e-9
272.0000, 0.0000, -2.942e-9
274.0000, 0.0000, -2.942e-9
276.0000, 0.0000, -2.943e-9
278.0000, 0.0000, -2.943e-9
280.0000, 0.0000, -2.943e-9
282.0000, 0.0000, -2.943e-9
284.0000, 0.0000, -2.943e-9
286.0000, 0.0000, -2.941e-9
288.0000, 0.0000, -2.940e-9
290.0000, 0.0000, -2.937e-9
292.0000, 0.0000, -2.935e-9
294.0000, 0.0000, -2.935e-9
296.0000, 0.0000, -2.938e-9
298.0000, 0.0000, -2.938e-9
0.0000, 2.0000, -3.378e-9
2.0000, 2.0000, -3.233e-9
4.0000, 2.0000, -3.114e-9
6.0000, 2.0000, -3.024e-9
8.0000, 2.0000, -2.956e-9
10.0000, 2.0000, -2.904e-9
12.0000, 2.0000, -2.864e-9
14.0000, 2.0000, -2.832e-9
16.0000, 2.0000, -2.809e-9
18.0000, 2.0000, -2.791e-9
20.0000, 2.0000, -2.777e-9
22.0000, 2.0000, -2.768e-9
24.0000, 2.0000, -2.765e-9
26.0000, 2.0000, -2.761e-9
28.0000, 2.0000, -2.754e-9
30.0000, 2.0000, -2.746e-9
32.0000, 2.0000, -2.738e-9
34.0000, 2.0000, -2.733e-9
36.0000, 2.0000, -2.730e-9
38.0000, 2.0000, -2.730e-9
40.0000, 2.0000, -2.730e-9
42.0000, 2.0000, -2.730e-9
44.0000, 2.0000, -2.731e-9
46.0000, 2.0000, -2.732e-9
48.0000, 2.0000, -2.733e-9
50.0000, 2.0000, -2.733e-9
52.0000, 2.0000, -2.733e-9
54.0000, 2.0000, -2.732e-9
56.0000, 2.0000, -2.731e-9
58.0000, 2.0000, -2.734e-9
60.0000, 2.0000, -2.738e-9
62.0000, 2.0000, -2.740e-9
64.0000, 2.0000, -2.742e-9
66.0000, 2.0000, -2.745e-9
68.0000, 2.0000, -2.747e-9
70.0000, 2.0000, -2.748e-9
72.0000, 2.0000, -2.748e-9
74.0000, 2.0000, -2.749e-9
76.0000, 2.0000, -2.749e-9
78.0000, 2.0000, -2.749e-9
80.0000, 2.0000, -2.750e-9
82.0000, 2.0000, -2.751e-9
84.0000, 2.0000, -2.750e-9
86.0000, 2.0000, -2.750e-9
88.0000, 2.0000, -2.751e-9
90.0000, 2.0000, -2.752e-9
92.0000, 2.0000, -2.750e-9
94.0000, 2.0000, -2.749e-9
96.0000, 2.0000, -2.747e-9
98.0000, 2.0000, -2.746e-9
100.0000, 2.0000, -2.744e-9
102.0000, 2.0000, -2.743e-9
104.0000, 2.0000, -2.746e-9
106.0000, 2.0000, -2.748e-9
108.0000, 2.0000, -2.750e-9
110.0000, 2.0000, -2.751e-9
112.0000, 2.0000, -2.752e-9
114.0000, 2.0000, -2.754e-9
116.0000, 2.0000, -2.754e-9
118.0000, 2.0000, -2.752e-9
120.0000, 2.0000, -2.752e-9
122.0000, 2.0000, -2.752e-9
124.0000, 2.0000, -2.753e-9
126.0000, 2.0000, -2.753e-9
128.0000, 2.0000, -2.753e-9
130.0000, 2.0000, -2.751e-9
132.0000, 2.0000, -2.750e-9
134.0000, 2.0000, -2.749e-9
136.0000, 2.0000, -2.747e-9
138.0000, 2.0000, -2.745e-9
140.0000, 2.0000, -2.744e-9
142.0000, 2.0000, -2.743e-9
144.0000, 2.0000, -2.741e-9
146.0000, 2.0000, -2.740e-9
148.0000, 2.0000, -2.738e-9
150.0000, 2.0000, -2.736e-9
152.0000, 2.0000, -2.733e-9
154.0000, 2.0000, -2.730e-9
156.0000, 2.0000, -2.729e-9
158.0000, 2.0000, -2.729e-9
160.0000, 2.0000, -2.728e-9
162.0000, 2.0000, -2.727e-9
164.0000, 2.0000, -2.727e-9
166.0000, 2.0000, -2.728e-9
168.0000, 2.0000, -2.729e-9
170.0000, 2.0000, -2.731e-9
172.0000, 2.0000, -2.732e-9
174.0000, 2.0000, -2.733e-9
176.0000, 2.0000, -2.734e-9
178.0000, 2.0000, -2.734e-9
180.0000, 2.0000, -2.735e-9
182.0000, 2.0000, -2.736e-9
184.0000, 2.0000, -2.741e-9
186.0000, 2.0000, -2.743e-9
188.0000, 2.0000, -2.743e-9
190.0000, 2.0000, -2.743e-9
192.0000, 2.0000, -2.744e-9
194.0000, 2.0000, -2.745e-9
196.0000, 2.0000, -2.746e-9
198.0000, 2.0000, -2.745e-9
200.0000, 2.0000, -2.745e-9
202.0000, 2.0000, -2.744e-9
204.0000, 2.0000, -2.744e-9
206.0000, 2.0000, -2.747e-9
208.0000, 2.0000, -2.751e-9
210.0000, 2.0000, -2.756e-9
212.0000, 2.0000, -2.761e-9
214.0000, 2.0000, -2.763e-9
216.0000, 2.0000, -2.765e-9
218.0000, 2.0000, -2.768e-9
220.0000, 2.0000, -2.773e-9
222.0000, 2.0000, -2.779e-9
224.0000, 2.0000, -2.784e-9
226.0000, 2.0000, -2.788e-9
228.0000, 2.0000, -2.791e-9
230.0000, 2.0000, -2.795e-9
232.0000, 2.0000, -2.800e-9
234.0000, 2.0000, -2.806e-9
236.0000, 2.0000, -2.813e-9
238.0000, 2.0000, -2.814e-9
240.0000, 2.0000, -2.804e-9
242.0000, 2.0000, -2.790e-9
244.0000, 2.0000, -2.779e-9
246.0000, 2.0000, -2.768e-9
248.0000, 2.0000, -2.756e-9
250.0000, 2.0000, -2.747e-9
252.0000, 2.0000, -2.738e-9
254.0000, 2.0000, -2.728e-9
256.0000, 2.0000, -2.717e-9
258.0000, 2.0000, -2.706e-9
260.0000, 2.0000, -2.698e-9
262.0000, 2.0000, -2.691e-9
264.0000, 2.0000, -2.687e-9
266.0000, 2.0000, -2.683e-9
268.0000, 2.0000, -2.679e-9
270.0000, 2.0000, -2.676e-9
272.0000, 2.0000, -2.673e-9
274.0000, 2.0000, -2.671e-9
276.0000, 2.0000, -2.669e-9
278.0000, 2.0000, -2.667e-9
280.0000, 2.0000, -2.663e-9
282.0000, 2.0000, -2.661e-9
284.0000, 2.0000, -2.660e-9
286.0000, 2.0000, -2.661e-9
288.0000, 2.0000, -2.664e-9
290.0000, 2.0000, -2.669e-9
292.0000, 2.0000, -2.672e-9
294.0000, 2.0000, -2.672e-9
296.0000, 2.0000, -2.671e-9
298.0000, 2.0000, -2.669e-9
0.0000, 4.0000, -3.321e-9
2.0000, 4.0000, -3.172e-9
4.0000, 4.0000, -3.052e-9
6.0000, 4.0000, -2.961e-9
8.0000, 4.0000, -2.893e-9
10.0000, 4.0000, -2.842e-9
12.0000, 4.0000, -2.802e-9
14.0000, 4.0000, -2.772e-9
16.0000, 4.0000, -2.748e-9
18.0000, 4.0000, -2.730e-9
20.0000, 4.0000, -2.716e-9
22.0000, 4.0000, -2.705e-9
24.0000, 4.0000, -2.697e-9
26.0000, 4.0000, -2.691e-9
28.0000, 4.0000, -2.684e-9
30.0000, 4.0000, -2.679e-9
32.0000, 4.0000, -2.677e-9
34.0000, 4.0000, -2.677e-9
36.0000, 4.0000, -2.677e-9
38.0000, 4.0000, -2.677e-9
40.0000, 4.0000, -2.677e-9
42.0000, 4.0000, -2.676e-9
44.0000, 4.0000, -2.678e-9
46.0000, 4.0000, -2.681e-9
48.0000, 4.0000, -2.685e-9
50.0000, 4.0000, -2.688e-9
52.0000, 4.0000, -2.690e-9
54.0000, 4.0000, -2.690e-9
56.0000, 4.0000, -2.689e-9
58.0000, 4.0000, -2.686e-9
60.0000, 4.0000, -2.685e-9
62.0000, 4.0000, -2.688e-9
64.0000, 4.0000, -2.693e-9
66.0000, 4.0000, -2.697e-9
68.0000, 4.0000, -2.699e-9
70.0000, 4.0000, -2.699e-9
72.0000, 4.0000, -2.699e-9
74.0000, 4.0000, -2.698e-9
76.0000, 4.0000, -2.698e-9
78.0000, 4.0000, -2.699e-9
80.0000, 4.0000, -2.701e-9
82.0000, 4.0000, -2.701e-9
84.0000, 4.0000, -2.702e-9
86.0000, 4.0000, -2.704e-9
88.0000, 4.0000, -2.704e-9
90.0000, 4.0000, -2.703e-9
92.0000, 4.0000, -2.702e-9
94.0000, 4.0000, -2.702e-9
96.0000, 4.0000, -2.700e-9
98.0000, 4.0000, -2.699e-9
100.0000, 4.0000, -2.698e-9
102.0000, 4.0000, -2.699e-9
104.0000, 4.0000, -2.699e-9
106.0000, 4.0000, -2.698e-9
108.0000, 4.0000, -2.700e-9
110.0000, 4.0000, -2.703e-9
112.0000, 4.0000, -2.704e-9
114.0000, 4.0000, -2.703e-9
116.0000, 4.0000, -2.703e-9
118.0000, 4.0000, -2.702e-9
120.0000, 4.0000, -2.701e-9
122.0000, 4.0000, -2.700e-9
124.0000, 4.0000, -2.699e-9
126.0000, 4.0000, -2.698e-9
128.0000, 4.0000, -2.697e-9
130.0000, 4.0000, -2.696e-9
132.0000, 4.0000, -2.695e-9
134.0000, 4.0000, -2.693e-9
136.0000, 4.0000, -2.691e-9
138.0000, 4.0000, -2.690e-9
140.0000, 4.0000, -2.690e-9
142.0000, 4.0000, -2.690e-9
144.0000, 4.0000, -2.689e-9
146.0000, 4.0000, -2.687e-9
148.0000, 4.0000, -2.686e-9
150.0000, 4.0000, -2.686e-9
152.0000, 4.0000, -2.685e-9
154.0000, 4.0000, -2.684e-9
156.0000, 4.0000, -2.682e-9
158.0000, 4.0000, -2.681e-9
160.0000, 4.0000, -2.681e-9
162.0000, 4.0000, -2.681e-9
164.0000, 4.0000, -2.682e-9
166.0000, 4.0000, -2.682e-9
168.0000, 4.0000, -2.683e-9
170.0000, 4.0000, -2.684e-9
172.0000, 4.0000, -2.685e-9
174.0000, 4.0000, -2.688e-9
176.0000, 4.0000, -2.689e-9
178.0000, 4.0000, -2.690e-9
180.0000, 4.0000, -2.690e-9
182.0000, 4.0000, -2.689e-9
184.0000, 4.0000, -2.689e-9
186.0000, 4.0000, -2.689e-9
188.0000, 4.0000, -2.687e-9
190.0000, 4.0000, -2.686e-9
192.0000, 4.0000, -2.688e-9
194.0000, 4.0000, -2.690e-9
196.0000, 4.0000, -2.692e-9
198.0000, 4.0000, -2.694e-9
200.0000, 4.0000, -2.695e-9
202.0000, 4.0000, -2.696e-9
204.0000, 4.0000, -2.699e-9
206.0000, 4.0000, -2.701e-9
208.0000, 4.0000, -2.702e-9
210.0000, 4.0000, -2.704e-9
212.0000, 4.0000, -2.705e-9
214.0000, 4.0000, -2.708e-9
216.0000, 4.0000, -2.710e-9
218.0000, 4.0000, -2.714e-9
220.0000, 4.0000, -2.717e-9
222.0000, 4.0000, -2.718e-9
224.0000, 4.0000, -2.712e-9
226.0000, 4.0000, -2.704e-9
228.0000, 4.0000, -2.693e-9
230.0000, 4.0000, -2.681e-9
232.0000, 4.0000, -2.672e-9
234.0000, 4.0000, -2.666e-9
236.0000, 4.0000, -2.659e-9
238.0000, 4.0000, -2.653e-9
240.0000, 4.0000, -2.648e-9
242.0000, 4.0000, -2.645e-9
244.0000, 4.0000, -2.642e-9
246.0000, 4.0000, -2.639e-9
248.0000, 4.0000, -2.634e-9
250.0000, 4.0000, -2.631e-9
252.0000, 4.0000, -2.627e-9
254.0000, 4.0000, -2.625e-9
256.0000, 4.0000, -2.621e-9
258.0000, 4.0000, -2.618e-9
260.0000, 4.0000, -2.615e-9
262.0000, 4.0000, -2.612e-9
264.0000, 4.0000, -2.610e-9
266.0000, 4.0000, -2.608e-9
268.0000, 4.0000, -2.606e-9
270.0000, 4.0000, -2.606e-9
272.0000, 4.0000, -2.606e-9
274.0000, 4.0000, -2.604e-9
276.0000, 4.0000, -2.603e-9
278.0000, 4.0000, -2.602e-9
280.0000, 4.0000, -2.601e-9
282.0000, 4.0000, -2.600e-9
284.0000, 4.0000, -2.598e-9
286.0000, 4.0000, -2.597e-9
288.0000, 4.0000, -2.595e-9
290.0000, 4.0000, -2.594e-9
292.0000, 4.0000, -2.592e-9
294.0000, 4.0000, -2.590e-9
296.0000, 4.0000, -2.590e-9
298.0000, 4.0000, -2.590e-9
0.0000, 6.0000, -3.277e-9
2.0000, 6.0000, -3.130e-9
4.0000, 6.0000, -3.011e-9
6.0000, 6.0000, -2.921e-9
8.0000, 6.0000, -2.852e-9
10.0000, 6.0000, -2.800e-9
12.0000, 6.0000, -2.761e-9
14.0000, 6.0000, -2.732e-9
16.0000, 6.0000, -2.709e-9
18.0000, 6.0000, -2.691e-9
20.0000, 6.0000, -2.678e-9
22.0000, 6.0000, -2.667e-9
24.0000, 6.0000, -2.659e-9
26.0000, 6.0000, -2.653e-9
28.0000, 6.0000, -2.648e-9
30.0000, 6.0000, -2.646e-9
32.0000, 6.0000, -2.644e-9
34.0000, 6.0000, -2.642e-9
36.0000, 6.0000, -2.640e-9
38.0000, 6.0000, -2.639e-9
40.0000, 6.0000, -2.637e-9
42.0000, 6.0000, -2.638e-9
44.0000, 6.0000, -2.640e-9
46.0000, 6.0000, -2.640e-9
48.0000, 6.0000, -2.644e-9
50.0000, 6.0000, -2.650e-9
52.0000, 6.0000, -2.653e-9
54.0000, 6.0000, -2.655e-9
56.0000, 6.0000, -2.657e-9
58.0000, 6.0000, -2.659e-9
60.0000, 6.0000, -2.662e-9
62.0000, 6.0000, -2.664e-9
64.0000, 6.0000, -2.664e-9
66.0000, 6.0000, -2.665e-9
68.0000, 6.0000, -2.665e-9
70.0000, 6.0000, -2.665e-9
72.0000, 6.0000, -2.666e-9
74.0000, 6.0000, -2.669e-9
76.0000, 6.0000, -2.671e-9
78.0000, 6.0000, -2.671e-9
80.0000, 6.0000, -2.669e-9
82.0000, 6.0000, -2.670e-9
84.0000, 6.0000, -2.672e-9
86.0000, 6.0000, -2.672e-9
88.0000, 6.0000, -2.671e-9
90.0000, 6.0000, -2.670e-9
92.0000, 6.0000, -2.668e-9
94.0000, 6.0000, -2.669e-9
96.0000, 6.0000, -2.671e-9
98.0000, 6.0000, -2.670e-9
100.0000, 6.0000, -2.670e-9
102.0000, 6.0000, -2.668e-9
104.0000, 6.0000, -2.667e-9
106.0000, 6.0000, -2.668e-9
108.0000, 6.0000, -2.669e-9
110.0000, 6.0000, -2.670e-9
112.0000, 6.0000, -2.671e-9
114.0000, 6.0000, -2.671e-9
116.0000, 6.0000, -2.671e-9
118.0000, 6.0000, -2.671e-9
120.0000, 6.0000, -2.671e-9
122.0000, 6.0000, -2.668e-9
124.0000, 6.0000, -2.666e-9
126.0000, 6.0000, -2.663e-9
128.0000, 6.0000, -2.662e-9
130.0000, 6.0000, -2.660e-9
132.0000, 6.0000, -2.658e-9
134.0000, 6.0000, -2.657e-9
136.0000, 6.0000, -2.656e-9
138.0000, 6.0000, -2.654e-9
140.0000, 6.0000, -2.654e-9
142.0000, 6.0000, -2.655e-9
144.0000, 6.0000, -2.655e-9
146.0000, 6.0000, -2.654e-9
148.0000, 6.0000, -2.653e-9
150.0000, 6.0000, -2.653e-9
152.0000, 6.0000, -2.651e-9
154.0000, 6.0000, -2.649e-9
156.0000, 6.0000, -2.647e-9
158.0000, 6.0000, -2.646e-9
160.0000, 6.0000, -2.646e-9
162.0000, 6.0000, -2.646e-9
164.0000, 6.0000, -2.645e-9
166.0000, 6.0000, -2.645e-9
168.0000, 6.0000, -2.646e-9
170.0000, 6.0000, -2.647e-9
172.0000, 6.0000, -2.648e-9
174.0000, 6.0000, -2.647e-9
176.0000, 6.0000, -2.644e-9
178.0000, 6.0000, -2.641e-9
180.0000, 6.0000, -2.640e-9
182.0000, 6.0000, -2.641e-9
184.0000, 6.0000, -2.643e-9
186.0000, 6.0000, -2.646e-9
188.0000, 6.0000, -2.650e-9
190.0000, 6.0000, -2.651e-9
192.0000, 6.0000, -2.650e-9
194.0000, 6.0000, -2.650e-9
196.0000, 6.0000, -2.649e-9
198.0000, 6.0000, -2.647e-9
200.0000, 6.0000, -2.646e-9
202.0000, 6.0000, -2.647e-9
204.0000, 6.0000, -2.650e-9
206.0000, 6.0000, -2.652e-9
208.0000, 6.0000, -2.654e-9
210.0000, 6.0000, -2.652e-9
212.0000, 6.0000, -2.646e-9
214.0000, 6.0000, -2.639e-9
216.0000, 6.0000, -2.631e-9
218.0000, 6.0000, -2.624e-9
220.0000, 6.0000, -2.618e-9
222.0000, 6.0000, -2.614e-9
224.0000, 6.0000, -2.609e-9
226.0000, 6.0000, -2.604e-9
228.0000, 6.0000, -2.599e-9
230.0000, 6.0000, -2.595e-9
232.0000, 6.0000, -2.593e-9
234.0000, 6.0000, -2.589e-9
236.0000, 6.0000, -2.586e-9
238.0000, 6.0000, -2.584e-9
240.0000, 6.0000, -2.583e-9
242.0000, 6.0000, -2.579e-9
244.0000, 6.0000, -2.577e-9
246.0000, 6.0000, -2.574e-9
248.0000, 6.0000, -2.572e-9
250.0000, 6.0000, -2.570e-9
252.0000, 6.0000, -2.568e-9
254.0000, 6.0000, -2.566e-9
256.0000, 6.0000, -2.564e-9
258.0000, 6.0000, -2.562e-9
260.0000, 6.0000, -2.561e-9
262.0000, 6.0000, -2.561e-9
264.0000, 6.0000, -2.560e-9
266.0000, 6.0000, -2.559e-9
268.0000, 6.0000, -2.558e-9
270.0000, 6.0000, -2.556e-9
272.0000, 6.0000, -2.555e-9
274.0000, 6.0000, -2.554e-9
276.0000, 6.0000, -2.552e-9
278.0000, 6.0000, -2.552e-9
280.0000, 6.0000, -2.551e-9
282.0000, 6.0000, -2.550e-9
284.0000, 6.0000, -2.550e-9
286.0000, 6.0000, -2.548e-9
288.0000, 6.0000, -2.548e-9
290.0000, 6.0000, -2.546e-9
292.0000, 6.0000, -2.545e-9
294.0000, 6.0000, -2.545e-9
296.0000, 6.0000, -2.545e-9
298.0000, 6.0000, -2.544e-9
0.0000, 8.0000, -3.217e-9
2.0000, 8.0000, -3.077e-9
4.0000, 8.0000, -2.967e-9
6.0000, 8.0000, -2.882e-9
8.0000, 8.0000, -2.819e-9
10.0000, 8.0000, -2.770e-9
12.0000, 8.0000, -2.733e-9
14.0000, 8.0000, -2.706e-9
16.0000, 8.0000, -2.684e-9
18.0000, 8.0000, -2.666e-9
20.0000, 8.0000, -2.653e-9
22.0000, 8.0000, -2.641e-9
24.0000, 8.0000, -2.634e-9
26.0000, 8.0000, -2.631e-9
28.0000, 8.0000, -2.628e-9
30.0000, 8.0000, -2.628e-9
32.0000, 8.0000, -2.627e-9
34.0000, 8.0000, -2.629e-9
36.0000, 8.0000, -2.631e-9
38.0000, 8.0000, -2.633e-9
40.0000, 8.0000, -2.634e-9
42.0000, 8.0000, -2.633e-9
44.0000, 8.0000, -2.633e-9
46.0000, 8.0000, -2.631e-9
48.0000, 8.0000, -2.630e-9
50.0000, 8.0000, -2.632e-9
52.0000, 8.0000, -2.634e-9
54.0000, 8.0000, -2.638e-9
56.0000, 8.0000, -2.640e-9
58.0000, 8.0000, -2.642e-9
60.0000, 8.0000, -2.641e-9
62.0000, 8.0000, -2.641e-9
64.0000, 8.0000, -2.642e-9
66.0000, 8.0000, -2.645e-9
68.0000, 8.0000, -2.649e-9
70.0000, 8.0000, -2.651e-9
72.0000, 8.0000, -2.652e-9
74.0000, 8.0000, -2.654e-9
76.0000, 8.0000, -2.654e-9
78.0000, 8.0000, -2.655e-9
80.0000, 8.0000, -2.654e-9
82.0000, 8.0000, -2.652e-9
84.0000, 8.0000, -2.656e-9
86.0000, 8.0000, -2.659e-9
88.0000, 8.0000, -2.658e-9
90.0000, 8.0000, -2.656e-9
92.0000, 8.0000, -2.653e-9
94.0000, 8.0000, -2.652e-9
96.0000, 8.0000, -2.652e-9
98.0000, 8.0000, -2.654e-9
100.0000, 8.0000, -2.653e-9
102.0000, 8.0000, -2.653e-9
104.0000, 8.0000, -2.651e-9
106.0000, 8.0000, -2.650e-9
108.0000, 8.0000, -2.649e-9
110.0000, 8.0000, -2.650e-9
112.0000, 8.0000, -2.649e-9
114.0000, 8.0000, -2.647e-9
116.0000, 8.0000, -2.645e-9
118.0000, 8.0000, -2.643e-9
120.0000, 8.0000, -2.642e-9
122.0000, 8.0000, -2.641e-9
124.0000, 8.0000, -2.639e-9
126.0000, 8.0000, -2.637e-9
128.0000, 8.0000, -2.636e-9
130.0000, 8.0000, -2.635e-9
132.0000, 8.0000, -2.635e-9
134.0000, 8.0000, -2.633e-9
136.0000, 8.0000, -2.631e-9
138.0000, 8.0000, -2.630e-9
140.0000, 8.0000, -2.630e-9
142.0000, 8.0000, -2.630e-9
144.0000, 8.0000, -2.630e-9
146.0000, 8.0000, -2.629e-9
148.0000, 8.0000, -2.629e-9
150.0000, 8.0000, -2.630e-9
152.0000, 8.0000, -2.630e-9
154.0000, 8.0000, -2.629e-9
156.0000, 8.0000, -2.627e-9
158.0000, 8.0000, -2.626e-9
160.0000, 8.0000, -2.625e-9
162.0000, 8.0000, -2.625e-9
164.0000, 8.0000, -2.625e-9
166.0000, 8.0000, -2.625e-9
168.0000, 8.0000, -2.624e-9
170.0000, 8.0000, -2.621e-9
172.0000, 8.0000, -2.619e-9
174.0000, 8.0000, -2.621e-9
176.0000, 8.0000, -2.623e-9
178.0000, 8.0000, -2.623e-9
180.0000, 8.0000, -2.624e-9
182.0000, 8.0000, -2.624e-9
184.0000, 8.0000, -2.623e-9
186.0000, 8.0000, -2.623e-9
188.0000, 8.0000, -2.622e-9
190.0000, 8.0000, -2.619e-9
192.0000, 8.0000, -2.618e-9
194.0000, 8.0000, -2.619e-9
196.0000, 8.0000, -2.620e-9
198.0000, 8.0000, -2.621e-9
200.0000, 8.0000, -2.620e-9
202.0000, 8.0000, -2.615e-9
204.0000, 8.0000, -2.609e-9
206.0000, 8.0000, -2.603e-9
208.0000, 8.0000, -2.597e-9
210.0000, 8.0000, -2.591e-9
212.0000, 8.0000, -2.586e-9
214.0000, 8.0000, -2.582e-9
216.0000, 8.0000, -2.577e-9
218.0000, 8.0000, -2.573e-9
220.0000, 8.0000, -2.568e-9
222.0000, 8.0000, -2.564e-9
224.0000, 8.0000, -2.561e-9
226.0000, 8.0000, -2.558e-9
228.0000, 8.0000, -2.556e-9
230.0000, 8.0000, -2.554e-9
232.0000, 8.0000, -2.553e-9
234.0000, 8.0000, -2.551e-9
236.0000, 8.0000, -2.549e-9
238.0000, 8.0000, -2.547e-9
240.0000, 8.0000, -2.545e-9
242.0000, 8.0000, -2.544e-9
244.0000, 8.0000, -2.541e-9
246.0000, 8.0000, -2.539e-9
248.0000, 8.0000, -2.538e-9
250.0000, 8.0000, -2.536e-9
252.0000, 8.0000, -2.535e-9
254.0000, 8.0000, -2.535e-9
256.0000, 8.0000, -2.534e-9
258.0000, 8.0000, -2.532e-9
260.0000, 8.0000, -2.532e-9
262.0000, 8.0000, -2.530e-9
264.0000, 8.0000, -2.529e-9
266.0000, 8.0000, -2.529e-9
268.0000, 8.0000, -2.528e-9
270.0000, 8.0000, -2.526e-9
272.0000, 8.0000, -2.525e-9
274.0000, 8.0000, -2.525e-9
276.0000, 8.0000, -2.524e-9
278.0000, 8.0000, -2.523e-9
280.0000, 8.0000, -2.523e-9
282.0000, 8.0000, -2.521e-9
284.0000, 8.0000, -2.520e-9
286.0000, 8.0000, -2.520e-9
288.0000, 8.0000, -2.520e-9
290.0000, 8.0000, -2.520e-9
292.0000, 8.0000, -2.519e-9
294.0000, 8.0000, -2.518e-9
296.0000, 8.0000, -2.518e-9
298.0000, 8.0000, -2.517e-9
0.0000, 10.0000, -3.199e-9
2.0000, 10.0000, -3.064e-9
4.0000, 10.0000, -2.955e-9
6.0000, 10.0000, -2.871e-9
8.0000, 10.0000, -2.808e-9
10.0000, 10.0000, -2.760e-9
12.0000, 10.0000, -2.724e-9
14.0000, 10.0000, -2.696e-9
16.0000, 10.0000, -2.674e-9
18.0000, 10.0000, -2.657e-9
20.0000, 10.0000, -2.643e-9
22.0000, 10.0000, -2.633e-9
24.0000, 10.0000, -2.627e-9
26.0000, 10.0000, -2.624e-9
28.0000, 10.0000, -2.623e-9
30.0000, 10.0000, -2.623e-9
32.0000, 10.0000, -2.624e-9
34.0000, 10.0000, -2.623e-9
36.0000, 10.0000, -2.624e-9
38.0000, 10.0000, -2.625e-9
40.0000, 10.0000, -2.625e-9
42.0000, 10.0000, -2.625e-9
44.0000, 10.0000, -2.626e-9
46.0000, 10.0000, -2.628e-9
48.0000, 10.0000, -2.632e-9
50.0000, 10.0000, -2.637e-9
52.0000, 10.0000, -2.641e-9
54.0000, 10.0000, -2.644e-9
56.0000, 10.0000, -2.643e-9
58.0000, 10.0000, -2.640e-9
60.0000, 10.0000, -2.638e-9
62.0000, 10.0000, -2.635e-9
64.0000, 10.0000, -2.636e-9
66.0000, 10.0000, -2.638e-9
68.0000, 10.0000, -2.640e-9
70.0000, 10.0000, -2.643e-9
72.0000, 10.0000, -2.645e-9
74.0000, 10.0000, -2.647e-9
76.0000, 10.0000, -2.649e-9
78.0000, 10.0000, -2.649e-9
80.0000, 10.0000, -2.649e-9
82.0000, 10.0000, -2.651e-9
84.0000, 10.0000, -2.652e-9
86.0000, 10.0000, -2.653e-9
88.0000, 10.0000, -2.652e-9
90.0000, 10.0000, -2.650e-9
92.0000, 10.0000, -2.647e-9
94.0000, 10.0000, -2.647e-9
96.0000, 10.0000, -2.646e-9
98.0000, 10.0000, -2.646e-9
100.0000, 10.0000, -2.646e-9
102.0000, 10.0000, -2.645e-9
104.0000, 10.0000, -2.642e-9
106.0000, 10.0000, -2.640e-9
108.0000, 10.0000, -2.637e-9
110.0000, 10.0000, -2.635e-9
112.0000, 10.0000, -2.634e-9
114.0000, 10.0000, -2.633e-9
116.0000, 10.0000, -2.631e-9
118.0000, 10.0000, -2.629e-9
120.0000, 10.0000, -2.628e-9
122.0000, 10.0000, -2.625e-9
124.0000, 10.0000, -2.623e-9
126.0000, 10.0000, -2.622e-9
128.0000, 10.0000, -2.622e-9
130.0000, 10.0000, -2.620e-9
132.0000, 10.0000, -2.619e-9
134.0000, 10.0000, -2.619e-9
136.0000, 10.0000, -2.618e-9
138.0000, 10.0000, -2.617e-9
140.0000, 10.0000, -2.617e-9
142.0000, 10.0000, -2.617e-9
144.0000, 10.0000, -2.618e-9
146.0000, 10.0000, -2.617e-9
148.0000, 10.0000, -2.617e-9
150.0000, 10.0000, -2.616e-9
152.0000, 10.0000, -2.616e-9
154.0000, 10.0000, -2.615e-9
156.0000, 10.0000, -2.614e-9
158.0000, 10.0000, -2.612e-9
160.0000, 10.0000, -2.610e-9
162.0000, 10.0000, -2.608e-9
164.0000, 10.0000, -2.608e-9
166.0000, 10.0000, -2.605e-9
168.0000, 10.0000, -2.604e-9
170.0000, 10.0000, -2.605e-9
172.0000, 10.0000, -2.607e-9
174.0000, 10.0000, -2.607e-9
176.0000, 10.0000, -2.605e-9
178.0000, 10.0000, -2.604e-9
180.0000, 10.0000, -2.601e-9
182.0000, 10.0000, -2.598e-9
184.0000, 10.0000, -2.596e-9
186.0000, 10.0000, -2.594e-9
188.0000, 10.0000, -2.593e-9
190.0000, 10.0000, -2.594e-9
192.0000, 10.0000, -2.594e-9
194.0000, 10.0000, -2.591e-9
196.0000, 10.0000, -2.587e-9
198.0000, 10.0000, -2.581e-9
200.0000, 10.0000, -2.575e-9
202.0000, 10.0000, -2.570e-9
204.0000, 10.0000, -2.565e-9
206.0000, 10.0000, -2.561e-9
208.0000, 10.0000, -2.557e-9
210.0000, 10.0000, -2.552e-9
212.0000, 10.0000, -2.548e-9
214.0000, 10.0000, -2.546e-9
216.0000, 10.0000, -2.543e-9
218.0000, 10.0000, -2.541e-9
220.0000, 10.0000, -2.539e-9
222.0000, 10.0000, -2.537e-9
224.0000, 10.0000, -2.534e-9
226.0000, 10.0000, -2.532e-9
228.0000, 10.0000, -2.530e-9
230.0000, 10.0000, -2.527e-9
232.0000, 10.0000, -2.526e-9
234.0000, 10.0000, -2.525e-9
236.0000, 10.0000, -2.524e-9
238.0000, 10.0000, -2.522e-9
240.0000, 10.0000, -2.521e-9
242.0000, 10.0000, -2.519e-9
244.0000, 10.0000, -2.518e-9
246.0000, 10.0000, -2.517e-9
248.0000, 10.0000, -2.516e-9
250.0000, 10.0000, -2.516e-9
252.0000, 10.0000, -2.515e-9
254.0000, 10.0000, -2.514e-9
256.0000, 10.0000, -2.513e-9
258.0000, 10.0000, -2.512e-9
260.0000, 10.0000, -2.512e-9
262.0000, 10.0000, -2.511e-9
264.0000, 10.0000, -2.510e-9
266.0000, 10.0000, -2.509e-9
268.0000, 10.0000, -2.508e-9
270.0000, 10.0000, -2.507e-9
272.0000, 10.0000, -2.506e-9
274.0000, 10.0000, -2.506e-9
276.0000, 10.0000, -2.505e-9
278.0000, 10.0000, -2.505e-9
280.0000, 10.0000, -2.504e-9
282.0000, 10.0000, -2.504e-9
284.0000, 10.0000, -2.503e-9
286.0000, 10.0000, -2.502e-9
288.0000, 10.0000, -2.502e-9
290.0000, 10.0000, -2.501e-9
292.0000, 10.0000, -2.501e-9
294.0000, 10.0000, -2.501e-9
296.0000, 10.0000, -2.500e-9
298.0000, 10.0000, -2.499e-9
0.0000, 12.0000, -3.196e-9
2.0000, 12.0000, -3.059e-9
4.0000, 12.0000, -2.947e-9
6.0000, 12.0000, -2.863e-9
8.0000, 12.0000, -2.799e-9
10.0000, 12.0000, -2.751e-9
12.0000, 12.0000, -2.715e-9
14.0000, 12.0000, -2.687e-9
16.0000, 12.0000, -2.667e-9
18.0000, 12.0000, -2.653e-9
20.0000, 12.0000, -2.641e-9
22.0000, 12.0000, -2.633e-9
24.0000, 12.0000, -2.626e-9
26.0000, 12.0000, -2.619e-9
28.0000, 12.0000, -2.612e-9
30.0000, 12.0000, -2.608e-9
32.0000, 12.0000, -2.610e-9
34.0000, 12.0000, -2.613e-9
36.0000, 12.0000, -2.616e-9
38.0000, 12.0000, -2.618e-9
40.0000, 12.0000, -2.619e-9
42.0000, 12.0000, -2.618e-9
44.0000, 12.0000, -2.619e-9
46.0000, 12.0000, -2.623e-9
48.0000, 12.0000, -2.627e-9
50.0000, 12.0000, -2.630e-9
52.0000, 12.0000, -2.632e-9
54.0000, 12.0000, -2.634e-9
56.0000, 12.0000, -2.636e-9
58.0000, 12.0000, -2.635e-9
60.0000, 12.0000, -2.633e-9
62.0000, 12.0000, -2.631e-9
64.0000, 12.0000, -2.631e-9
66.0000, 12.0000, -2.630e-9
68.0000, 12.0000, -2.632e-9
70.0000, 12.0000, -2.635e-9
72.0000, 12.0000, -2.637e-9
74.0000, 12.0000, -2.640e-9
76.0000, 12.0000, -2.642e-9
78.0000, 12.0000, -2.644e-9
80.0000, 12.0000, -2.643e-9
82.0000, 12.0000, -2.643e-9
84.0000, 12.0000, -2.643e-9
86.0000, 12.0000, -2.643e-9
88.0000, 12.0000, -2.643e-9
90.0000, 12.0000, -2.645e-9
92.0000, 12.0000, -2.645e-9
94.0000, 12.0000, -2.643e-9
96.0000, 12.0000, -2.639e-9
98.0000, 12.0000, -2.637e-9
100.0000, 12.0000, -2.638e-9
102.0000, 12.0000, -2.637e-9
104.0000, 12.0000, -2.635e-9
106.0000, 12.0000, -2.633e-9
108.0000, 12.0000, -2.629e-9
110.0000, 12.0000, -2.625e-9
112.0000, 12.0000, -2.622e-9
114.0000, 12.0000, -2.621e-9
116.0000, 12.0000, -2.620e-9
118.0000, 12.0000, -2.618e-9
120.0000, 12.0000, -2.616e-9
122.0000, 12.0000, -2.615e-9
124.0000, 12.0000, -2.614e-9
126.0000, 12.0000, -2.612e-9
128.0000, 12.0000, -2.611e-9
130.0000, 12.0000, -2.611e-9
132.0000, 12.0000, -2.611e-9
134.0000, 12.0000, -2.610e-9
136.0000, 12.0000, -2.610e-9
138.0000, 12.0000, -2.609e-9
140.0000, 12.0000, -2.607e-9
142.0000, 12.0000, -2.605e-9
144.0000, 12.0000, -2.605e-9
146.0000, 12.0000, -2.606e-9
148.0000, 12.0000, -2.606e-9
150.0000, 12.0000, -2.605e-9
152.0000, 12.0000, -2.603e-9
154.0000, 12.0000, -2.602e-9
156.0000, 12.0000, -2.601e-9
158.0000, 12.0000, -2.600e-9
160.0000, 12.0000, -2.596e-9
162.0000, 12.0000, -2.593e-9
164.0000, 12.0000, -2.592e-9
166.0000, 12.0000, -2.591e-9
168.0000, 12.0000, -2.591e-9
170.0000, 12.0000, -2.591e-9
172.0000, 12.0000, -2.589e-9
174.0000, 12.0000, -2.587e-9
176.0000, 12.0000, -2.582e-9
178.0000, 12.0000, -2.580e-9
180.0000, 12.0000, -2.578e-9
182.0000, 12.0000, -2.576e-9
184.0000, 12.0000, -2.575e-9
186.0000, 12.0000, -2.576e-9
188.0000, 12.0000, -2.577e-9
190.0000, 12.0000, -2.574e-9
192.0000, 12.0000, -2.571e-9
194.0000, 12.0000, -2.567e-9
196.0000, 12.0000, -2.562e-9
198.0000, 12.0000, -2.557e-9
200.0000, 12.0000, -2.553e-9
202.0000, 12.0000, -2.549e-9
204.0000, 12.0000, -2.545e-9
206.0000, 12.0000, -2.542e-9
208.0000, 12.0000, -2.540e-9
210.0000, 12.0000, -2.537e-9
212.0000, 12.0000, -2.534e-9
214.0000, 12.0000, -2.531e-9
216.0000, 12.0000, -2.528e-9
218.0000, 12.0000, -2.525e-9
220.0000, 12.0000, -2.523e-9
222.0000, 12.0000, -2.521e-9
224.0000, 12.0000, -2.519e-9
226.0000, 12.0000, -2.518e-9
228.0000, 12.0000, -2.516e-9
230.0000, 12.0000, -2.514e-9
232.0000, 12.0000, -2.513e-9
234.0000, 12.0000, -2.511e-9
236.0000, 12.0000, -2.510e-9
238.0000, 12.0000, -2.508e-9
240.0000, 12.0000, -2.508e-9
242.0000, 12.0000, -2.507e-9
244.0000, 12.0000, -2.506e-9
246.0000, 12.0000, -2.505e-9
248.0000, 12.0000, -2.504e-9
250.0000, 12.0000, -2.503e-9
252.0000, 12.0000, -2.503e-9
254.0000, 12.0000, -2.502e-9
256.0000, 12.0000, -2.502e-9
258.0000, 12.0000, -2.501e-9
260.0000, 12.0000, -2.500e-9
262.0000, 12.0000, -2.499e-9
264.0000, 12.0000, -2.498e-9
266.0000, 12.0000, -2.498e-9
268.0000, 12.0000, -2.498e-9
270.0000, 12.0000, -2.497e-9
272.0000, 12.0000, -2.497e-9
274.0000, 12.0000, -2.496e-9
276.0000, 12.0000, -2.495e-9
278.0000, 12.0000, -2.494e-9
280.0000, 12.0000, -2.494e-9
282.0000, 12.0000, -2.493e-9
284.0000, 12.0000, -2.493e-9
286.0000, 12.0000, -2.493e-9
288.0000, 12.0000, -2.492e-9
290.0000, 12.0000, -2.493e-9
292.0000, 12.0000, -2.492e-9
294.0000, 12.0000, -2.491e-9
296.0000, 12.0000, -2.491e-9
298.0000, 12.0000, -2.491e-9
0.0000, 14.0000, -3.189e-9
2.0000, 14.0000, -3.053e-9
4.0000, 14.0000, -2.941e-9
6.0000, 14.0000, -2.855e-9
8.0000, 14.0000, -2.791e-9
10.0000, 14.0000, -2.743e-9
12.0000, 14.0000, -2.707e-9
14.0000, 14.0000, -2.680e-9
16.0000, 14.0000, -2.658e-9
18.0000, 14.0000, -2.640e-9
20.0000, 14.0000, -2.629e-9
22.0000, 14.0000, -2.619e-9
24.0000, 14.0000, -2.611e-9
26.0000, 14.0000, -2.606e-9
28.0000, 14.0000, -2.603e-9
30.0000, 14.0000, -2.605e-9
32.0000, 14.0000, -2.611e-9
34.0000, 14.0000, -2.618e-9
36.0000, 14.0000, -2.624e-9
38.0000, 14.0000, -2.625e-9
40.0000, 14.0000, -2.625e-9
42.0000, 14.0000, -2.622e-9
44.0000, 14.0000, -2.621e-9
46.0000, 14.0000, -2.621e-9
48.0000, 14.0000, -2.620e-9
50.0000, 14.0000, -2.619e-9
52.0000, 14.0000, -2.619e-9
54.0000, 14.0000, -2.621e-9
56.0000, 14.0000, -2.623e-9
58.0000, 14.0000, -2.625e-9
60.0000, 14.0000, -2.626e-9
62.0000, 14.0000, -2.628e-9
64.0000, 14.0000, -2.630e-9
66.0000, 14.0000, -2.633e-9
68.0000, 14.0000, -2.636e-9
70.0000, 14.0000, -2.636e-9
72.0000, 14.0000, -2.637e-9
74.0000, 14.0000, -2.637e-9
76.0000, 14.0000, -2.637e-9
78.0000, 14.0000, -2.635e-9
80.0000, 14.0000, -2.633e-9
82.0000, 14.0000, -2.634e-9
84.0000, 14.0000, -2.635e-9
86.0000, 14.0000, -2.635e-9
88.0000, 14.0000, -2.634e-9
90.0000, 14.0000, -2.634e-9
92.0000, 14.0000, -2.633e-9
94.0000, 14.0000, -2.634e-9
96.0000, 14.0000, -2.633e-9
98.0000, 14.0000, -2.631e-9
100.0000, 14.0000, -2.629e-9
102.0000, 14.0000, -2.625e-9
104.0000, 14.0000, -2.623e-9
106.0000, 14.0000, -2.620e-9
108.0000, 14.0000, -2.618e-9
110.0000, 14.0000, -2.615e-9
112.0000, 14.0000, -2.611e-9
114.0000, 14.0000, -2.608e-9
116.0000, 14.0000, -2.606e-9
118.0000, 14.0000, -2.605e-9
120.0000, 14.0000, -2.603e-9
122.0000, 14.0000, -2.602e-9
124.0000, 14.0000, -2.601e-9
126.0000, 14.0000, -2.600e-9
128.0000, 14.0000, -2.600e-9
130.0000, 14.0000, -2.600e-9
132.0000, 14.0000, -2.599e-9
134.0000, 14.0000, -2.599e-9
136.0000, 14.0000, -2.598e-9
138.0000, 14.0000, -2.597e-9
140.0000, 14.0000, -2.595e-9
142.0000, 14.0000, -2.592e-9
144.0000, 14.0000, -2.592e-9
146.0000, 14.0000, -2.592e-9
148.0000, 14.0000, -2.591e-9
150.0000, 14.0000, -2.590e-9
152.0000, 14.0000, -2.589e-9
154.0000, 14.0000, -2.589e-9
156.0000, 14.0000, -2.585e-9
158.0000, 14.0000, -2.584e-9
160.0000, 14.0000, -2.584e-9
162.0000, 14.0000, -2.584e-9
164.0000, 14.0000, -2.584e-9
166.0000, 14.0000, -2.581e-9
168.0000, 14.0000, -2.578e-9
170.0000, 14.0000, -2.576e-9
172.0000, 14.0000, -2.572e-9
174.0000, 14.0000, -2.569e-9
176.0000, 14.0000, -2.566e-9
178.0000, 14.0000, -2.565e-9
180.0000, 14.0000, -2.566e-9
182.0000, 14.0000, -2.566e-9
184.0000, 14.0000, -2.564e-9
186.0000, 14.0000, -2.560e-9
188.0000, 14.0000, -2.555e-9
190.0000, 14.0000, -2.551e-9
192.0000, 14.0000, -2.547e-9
194.0000, 14.0000, -2.543e-9
196.0000, 14.0000, -2.539e-9
198.0000, 14.0000, -2.535e-9
200.0000, 14.0000, -2.532e-9
202.0000, 14.0000, -2.530e-9
204.0000, 14.0000, -2.527e-9
206.0000, 14.0000, -2.524e-9
208.0000, 14.0000, -2.521e-9
210.0000, 14.0000, -2.519e-9
212.0000, 14.0000, -2.517e-9
214.0000, 14.0000, -2.514e-9
216.0000, 14.0000, -2.513e-9
218.0000, 14.0000, -2.511e-9
220.0000, 14.0000, -2.509e-9
222.0000, 14.0000, -2.507e-9
224.0000, 14.0000, -2.506e-9
226.0000, 14.0000, -2.505e-9
228.0000, 14.0000, -2.504e-9
230.0000, 14.0000, -2.503e-9
232.0000, 14.0000, -2.502e-9
234.0000, 14.0000, -2.501e-9
236.0000, 14.0000, -2.500e-9
238.0000, 14.0000, -2.498e-9
240.0000, 14.0000, -2.498e-9
242.0000, 14.0000, -2.497e-9
244.0000, 14.0000, -2.496e-9
246.0000, 14.0000, -2.496e-9
248.0000, 14.0000, -2.495e-9
250.0000, 14.0000, -2.494e-9
252.0000, 14.0000, -2.493e-9
254.0000, 14.0000, -2.493e-9
256.0000, 14.0000, -2.492e-9
258.0000, 14.0000, -2.492e-9
260.0000, 14.0000, -2.491e-9
262.0000, 14.0000, -2.490e-9
264.0000, 14.0000, -2.490e-9
266.0000, 14.0000, -2.490e-9
268.0000, 14.0000, -2.489e-9
270.0000, 14.0000, -2.488e-9
272.0000, 14.0000, -2.488e-9
274.0000, 14.0000, -2.488e-9
276.0000, 14.0000, -2.487e-9
278.0000, 14.0000, -2.487e-9
280.0000, 14.0000, -2.487e-9
282.0000, 14.0000, -2.486e-9
284.0000, 14.0000, -2.486e-9
286.0000, 14.0000, -2.486e-9
288.0000, 14.0000, -2.486e-9
290.0000, 14.0000, -2.485e-9
292.0000, 14.0000, -2.484e-9
294.0000, 14.0000, -2.484e-9
296.0000, 14.0000, -2.483e-9
298.0000, 14.0000, -2.483e-9
0.0000, 16.0000, -3.161e-9
2.0000, 16.0000, -3.029e-9
4.0000, 16.0000, -2.921e-9
6.0000, 16.0000, -2.838e-9
8.0000, 16.0000, -2.776e-9
10.0000, 16.0000, -2.729e-9
12.0000, 16.0000, -2.693e-9
14.0000, 16.0000, -2.667e-9
16.0000, 16.0000, -2.646e-9
18.0000, 16.0000, -2.630e-9
20.0000, 16.0000, -2.619e-9
22.0000, 16.0000, -2.612e-9
24.0000, 16.0000, -2.608e-9
26.0000, 16.0000, -2.604e-9
28.0000, 16.0000, -2.603e-9
30.0000, 16.0000, -2.603e-9
32.0000, 16.0000, -2.604e-9
34.0000, 16.0000, -2.606e-9
36.0000, 16.0000, -2.610e-9
38.0000, 16.0000, -2.614e-9
40.0000, 16.0000, -2.615e-9
42.0000, 16.0000, -2.614e-9
44.0000, 16.0000, -2.613e-9
46.0000, 16.0000, -2.613e-9
48.0000, 16.0000, -2.616e-9
50.0000, 16.0000, -2.620e-9
52.0000, 16.0000, -2.622e-9
54.0000, 16.0000, -2.621e-9
56.0000, 16.0000, -2.622e-9
58.0000, 16.0000, -2.622e-9
60.0000, 16.0000, -2.621e-9
62.0000, 16.0000, -2.620e-9
64.0000, 16.0000, -2.620e-9
66.0000, 16.0000, -2.619e-9
68.0000, 16.0000, -2.619e-9
70.0000, 16.0000, -2.621e-9
72.0000, 16.0000, -2.625e-9
74.0000, 16.0000, -2.627e-9
76.0000, 16.0000, -2.629e-9
78.0000, 16.0000, -2.630e-9
80.0000, 16.0000, -2.629e-9
82.0000, 16.0000, -2.629e-9
84.0000, 16.0000, -2.630e-9
86.0000, 16.0000, -2.630e-9
88.0000, 16.0000, -2.627e-9
90.0000, 16.0000, -2.628e-9
92.0000, 16.0000, -2.626e-9
94.0000, 16.0000, -2.624e-9
96.0000, 16.0000, -2.621e-9
98.0000, 16.0000, -2.617e-9
100.0000, 16.0000, -2.615e-9
102.0000, 16.0000, -2.612e-9
104.0000, 16.0000, -2.609e-9
106.0000, 16.0000, -2.608e-9
108.0000, 16.0000, -2.605e-9
110.0000, 16.0000, -2.601e-9
112.0000, 16.0000, -2.598e-9
114.0000, 16.0000, -2.597e-9
116.0000, 16.0000, -2.596e-9
118.0000, 16.0000, -2.593e-9
120.0000, 16.0000, -2.591e-9
122.0000, 16.0000, -2.590e-9
124.0000, 16.0000, -2.588e-9
126.0000, 16.0000, -2.589e-9
128.0000, 16.0000, -2.589e-9
130.0000, 16.0000, -2.588e-9
132.0000, 16.0000, -2.587e-9
134.0000, 16.0000, -2.588e-9
136.0000, 16.0000, -2.587e-9
138.0000, 16.0000, -2.584e-9
140.0000, 16.0000, -2.583e-9
142.0000, 16.0000, -2.582e-9
144.0000, 16.0000, -2.580e-9
146.0000, 16.0000, -2.578e-9
148.0000, 16.0000, -2.578e-9
150.0000, 16.0000, -2.577e-9
152.0000, 16.0000, -2.575e-9
154.0000, 16.0000, -2.573e-9
156.0000, 16.0000, -2.573e-9
158.0000, 16.0000, -2.571e-9
160.0000, 16.0000, -2.569e-9
162.0000, 16.0000, -2.568e-9
164.0000, 16.0000, -2.567e-9
166.0000, 16.0000, -2.564e-9
168.0000, 16.0000, -2.560e-9
170.0000, 16.0000, -2.557e-9
172.0000, 16.0000, -2.554e-9
174.0000, 16.0000, -2.554e-9
176.0000, 16.0000, -2.553e-9
178.0000, 16.0000, -2.552e-9
180.0000, 16.0000, -2.550e-9
182.0000, 16.0000, -2.546e-9
184.0000, 16.0000, -2.541e-9
186.0000, 16.0000, -2.536e-9
188.0000, 16.0000, -2.532e-9
190.0000, 16.0000, -2.529e-9
192.0000, 16.0000, -2.525e-9
194.0000, 16.0000, -2.522e-9
196.0000, 16.0000, -2.519e-9
198.0000, 16.0000, -2.516e-9
200.0000, 16.0000, -2.514e-9
202.0000, 16.0000, -2.511e-9
204.0000, 16.0000, -2.509e-9
206.0000, 16.0000, -2.507e-9
208.0000, 16.0000, -2.505e-9
210.0000, 16.0000, -2.502e-9
212.0000, 16.0000, -2.501e-9
214.0000, 16.0000, -2.500e-9
216.0000, 16.0000, -2.498e-9
218.0000, 16.0000, -2.496e-9
220.0000, 16.0000, -2.495e-9
222.0000, 16.0000, -2.494e-9
224.0000, 16.0000, -2.494e-9
226.0000, 16.0000, -2.492e-9
228.0000, 16.0000, -2.491e-9
230.0000, 16.0000, -2.491e-9
232.0000, 16.0000, -2.490e-9
234.0000, 16.0000, -2.489e-9
236.0000, 16.0000, -2.488e-9
238.0000, 16.0000, -2.487e-9
240.0000, 16.0000, -2.486e-9
242.0000, 16.0000, -2.486e-9
244.0000, 16.0000, -2.486e-9
246.0000, 16.0000, -2.485e-9
248.0000, 16.0000, -2.484e-9
250.0000, 16.0000, -2.483e-9
252.0000, 16.0000, -2.482e-9
254.0000, 16.0000, -2.482e-9
256.0000, 16.0000, -2.481e-9
258.0000, 16.0000, -2.480e-9
260.0000, 16.0000, -2.480e-9
262.0000, 16.0000, -2.480e-9
264.0000, 16.0000, -2.479e-9
266.0000, 16.0000, -2.479e-9
268.0000, 16.0000, -2.478e-9
270.0000, 16.0000, -2.477e-9
272.0000, 16.0000, -2.477e-9
274.0000, 16.0000, -2.477e-9
276.0000, 16.0000, -2.477e-9
278.0000, 16.0000, -2.476e-9
280.0000, 16.0000, -2.476e-9
282.0000, 16.0000, -2.476e-9
284.0000, 16.0000, -2.476e-9
286.0000, 16.0000, -2.476e-9
288.0000, 16.0000, -2.475e-9
290.0000, 16.0000, -2.475e-9
292.0000, 16.0000, -2.475e-9
294.0000, 16.0000, -2.474e-9
296.0000, 16.0000, -2.474e-9
298.0000, 16.0000, -2.473e-9
0.0000, 18.0000, -3.151e-9
2.0000, 18.0000, -3.020e-9
4.0000, 18.0000, -2.911e-9
6.0000, 18.0000, -2.829e-9
8.0000, 18.0000, -2.768e-9
10.0000, 18.0000, -2.722e-9
12.0000, 18.0000, -2.688e-9
14.0000, 18.0000, -2.662e-9
16.0000, 18.0000, -2.641e-9
18.0000, 18.0000, -2.625e-9
20.0000, 18.0000, -2.615e-9
22.0000, 18.0000, -2.607e-9
24.0000, 18.0000, -2.603e-9
26.0000, 18.0000, -2.599e-9
28.0000, 18.0000, -2.598e-9
30.0000, 18.0000, -2.600e-9
32.0000, 18.0000, -2.602e-9
34.0000, 18.0000, -2.605e-9
36.0000, 18.0000, -2.610e-9
38.0000, 18.0000, -2.615e-9
40.0000, 18.0000, -2.619e-9
42.0000, 18.0000, -2.619e-9
44.0000, 18.0000, -2.619e-9
46.0000, 18.0000, -2.618e-9
48.0000, 18.0000, -2.618e-9
50.0000, 18.0000, -2.618e-9
52.0000, 18.0000, -2.619e-9
54.0000, 18.0000, -2.619e-9
56.0000, 18.0000, -2.620e-9
58.0000, 18.0000, -2.622e-9
60.0000, 18.0000, -2.622e-9
62.0000, 18.0000, -2.622e-9
64.0000, 18.0000, -2.622e-9
66.0000, 18.0000, -2.623e-9
68.0000, 18.0000, -2.624e-9
70.0000, 18.0000, -2.625e-9
72.0000, 18.0000, -2.626e-9
74.0000, 18.0000, -2.628e-9
76.0000, 18.0000, -2.628e-9
78.0000, 18.0000, -2.627e-9
80.0000, 18.0000, -2.625e-9
82.0000, 18.0000, -2.624e-9
84.0000, 18.0000, -2.625e-9
86.0000, 18.0000, -2.625e-9
88.0000, 18.0000, -2.624e-9
90.0000, 18.0000, -2.623e-9
92.0000, 18.0000, -2.621e-9
94.0000, 18.0000, -2.618e-9
96.0000, 18.0000, -2.614e-9
98.0000, 18.0000, -2.612e-9
100.0000, 18.0000, -2.610e-9
102.0000, 18.0000, -2.608e-9
104.0000, 18.0000, -2.606e-9
106.0000, 18.0000, -2.604e-9
108.0000, 18.0000, -2.600e-9
110.0000, 18.0000, -2.597e-9
112.0000, 18.0000, -2.593e-9
114.0000, 18.0000, -2.591e-9
116.0000, 18.0000, -2.590e-9
118.0000, 18.0000, -2.587e-9
120.0000, 18.0000, -2.586e-9
122.0000, 18.0000, -2.584e-9
124.0000, 18.0000, -2.582e-9
126.0000, 18.0000, -2.583e-9
128.0000, 18.0000, -2.582e-9
130.0000, 18.0000, -2.583e-9
132.0000, 18.0000, -2.582e-9
134.0000, 18.0000, -2.581e-9
136.0000, 18.0000, -2.580e-9
138.0000, 18.0000, -2.578e-9
140.0000, 18.0000, -2.576e-9
142.0000, 18.0000, -2.575e-9
144.0000, 18.0000, -2.573e-9
146.0000, 18.0000, -2.572e-9
148.0000, 18.0000, -2.571e-9
150.0000, 18.0000, -2.569e-9
152.0000, 18.0000, -2.567e-9
154.0000, 18.0000, -2.568e-9
156.0000, 18.0000, -2.567e-9
158.0000, 18.0000, -2.567e-9
160.0000, 18.0000, -2.566e-9
162.0000, 18.0000, -2.562e-9
164.0000, 18.0000, -2.557e-9
166.0000, 18.0000, -2.553e-9
168.0000, 18.0000, -2.550e-9
170.0000, 18.0000, -2.548e-9
172.0000, 18.0000, -2.548e-9
174.0000, 18.0000, -2.547e-9
176.0000, 18.0000, -2.545e-9
178.0000, 18.0000, -2.543e-9
180.0000, 18.0000, -2.538e-9
182.0000, 18.0000, -2.533e-9
184.0000, 18.0000, -2.529e-9
186.0000, 18.0000, -2.525e-9
188.0000, 18.0000, -2.521e-9
190.0000, 18.0000, -2.518e-9
192.0000, 18.0000, -2.515e-9
194.0000, 18.0000, -2.512e-9
196.0000, 18.0000, -2.509e-9
198.0000, 18.0000, -2.507e-9
200.0000, 18.0000, -2.505e-9
202.0000, 18.0000, -2.503e-9
204.0000, 18.0000, -2.501e-9
206.0000, 18.0000, -2.499e-9
208.0000, 18.0000, -2.497e-9
210.0000, 18.0000, -2.496e-9
212.0000, 18.0000, -2.494e-9
214.0000, 18.0000, -2.493e-9
216.0000, 18.0000, -2.492e-9
218.0000, 18.0000, -2.490e-9
220.0000, 18.0000, -2.489e-9
222.0000, 18.0000, -2.489e-9
224.0000, 18.0000, -2.488e-9
226.0000, 18.0000, -2.486e-9
228.0000, 18.0000, -2.486e-9
230.0000, 18.0000, -2.485e-9
232.0000, 18.0000, -2.484e-9
234.0000, 18.0000, -2.483e-9
236.0000, 18.0000, -2.483e-9
238.0000, 18.0000, -2.482e-9
240.0000, 18.0000, -2.481e-9
242.0000, 18.0000, -2.481e-9
244.0000, 18.0000, -2.480e-9
246.0000, 18.0000, -2.479e-9
248.0000, 18.0000, -2.479e-9
250.0000, 18.0000, -2.478e-9
252.0000, 18.0000, -2.478e-9
254.0000, 18.0000, -2.478e-9
256.0000, 18.0000, -2.477e-9
258.0000, 18.0000, -2.477e-9
260.0000, 18.0000, -2.476e-9
262.0000, 18.0000, -2.476e-9
264.0000, 18.0000, -2.475e-9
266.0000, 18.0000, -2.475e-9
268.0000, 18.0000, -2.474e-9
270.0000, 18.0000, -2.475e-9
272.0000, 18.0000, -2.474e-9
274.0000, 18.0000, -2.473e-9
276.0000, 18.0000, -2.473e-9
278.0000, 18.0000, -2.472e-9
280.0000, 18.0000, -2.473e-9
282.0000, 18.0000, -2.473e-9
284.0000, 18.0000, -2.472e-9
286.0000, 18.0000, -2.471e-9
288.0000, 18.0000, -2.472e-9
290.0000, 18.0000, -2.471e-9
292.0000, 18.0000, -2.471e-9
294.0000, 18.0000, -2.470e-9
296.0000, 18.0000, -2.470e-9
298.0000, 18.0000, -2.470e-9
0.0000, 20.0000, -3.168e-9
2.0000, 20.0000, -3.032e-9
4.0000, 20.0000, -2.919e-9
6.0000, 20.0000, -2.835e-9
8.0000, 20.0000, -2.773e-9
10.0000, 20.0000, -2.726e-9
12.0000, 20.0000, -2.691e-9
14.0000, 20.0000, -2.664e-9
16.0000, 20.0000, -2.644e-9
18.0000, 20.0000, -2.628e-9
20.0000, 20.0000, -2.616e-9
22.0000, 20.0000, -2.609e-9
24.0000, 20.0000, -2.605e-9
26.0000, 20.0000, -2.604e-9
28.0000, 20.0000, -2.601e-9
30.0000, 20.0000, -2.601e-9
32.0000, 20.0000, -2.603e-9
34.0000, 20.0000, -2.607e-9
36.0000, 20.0000, -2.609e-9
38.0000, 20.0000, -2.612e-9
40.0000, 20.0000, -2.615e-9
42.0000, 20.0000, -2.618e-9
44.0000, 20.0000, -2.619e-9
46.0000, 20.0000, -2.619e-9
48.0000, 20.0000, -2.621e-9
50.0000, 20.0000, -2.622e-9
52.0000, 20.0000, -2.624e-9
54.0000, 20.0000, -2.623e-9
56.0000, 20.0000, -2.622e-9
58.0000, 20.0000, -2.622e-9
60.0000, 20.0000, -2.623e-9
62.0000, 20.0000, -2.622e-9
64.0000, 20.0000, -2.623e-9
66.0000, 20.0000, -2.623e-9
68.0000, 20.0000, -2.622e-9
70.0000, 20.0000, -2.621e-9
72.0000, 20.0000, -2.622e-9
74.0000, 20.0000, -2.625e-9
76.0000, 20.0000, -2.627e-9
78.0000, 20.0000, -2.627e-9
80.0000, 20.0000, -2.626e-9
82.0000, 20.0000, -2.623e-9
84.0000, 20.0000, -2.622e-9
86.0000, 20.0000, -2.623e-9
88.0000, 20.0000, -2.623e-9
90.0000, 20.0000, -2.621e-9
92.0000, 20.0000, -2.619e-9
94.0000, 20.0000, -2.617e-9
96.0000, 20.0000, -2.613e-9
98.0000, 20.0000, -2.609e-9
100.0000, 20.0000, -2.606e-9
102.0000, 20.0000, -2.604e-9
104.0000, 20.0000, -2.602e-9
106.0000, 20.0000, -2.599e-9
108.0000, 20.0000, -2.596e-9
110.0000, 20.0000, -2.593e-9
112.0000, 20.0000, -2.591e-9
114.0000, 20.0000, -2.589e-9
116.0000, 20.0000, -2.587e-9
118.0000, 20.0000, -2.585e-9
120.0000, 20.0000, -2.583e-9
122.0000, 20.0000, -2.581e-9
124.0000, 20.0000, -2.580e-9
126.0000, 20.0000, -2.580e-9
128.0000, 20.0000, -2.580e-9
130.0000, 20.0000, -2.580e-9
132.0000, 20.0000, -2.580e-9
134.0000, 20.0000, -2.579e-9
136.0000, 20.0000, -2.577e-9
138.0000, 20.0000, -2.575e-9
140.0000, 20.0000, -2.573e-9
142.0000, 20.0000, -2.571e-9
144.0000, 20.0000, -2.570e-9
146.0000, 20.0000, -2.568e-9
148.0000, 20.0000, -2.566e-9
150.0000, 20.0000, -2.564e-9
152.0000, 20.0000, -2.565e-9
154.0000, 20.0000, -2.564e-9
156.0000, 20.0000, -2.563e-9
158.0000, 20.0000, -2.562e-9
160.0000, 20.0000, -2.559e-9
162.0000, 20.0000, -2.555e-9
164.0000, 20.0000, -2.551e-9
166.0000, 20.0000, -2.547e-9
168.0000, 20.0000, -2.545e-9
170.0000, 20.0000, -2.543e-9
172.0000, 20.0000, -2.543e-9
174.0000, 20.0000, -2.542e-9
176.0000, 20.0000, -2.538e-9
178.0000, 20.0000, -2.534e-9
180.0000, 20.0000, -2.529e-9
182.0000, 20.0000, -2.525e-9
184.0000, 20.0000, -2.521e-9
186.0000, 20.0000, -2.517e-9
188.0000, 20.0000, -2.514e-9
190.0000, 20.0000, -2.511e-9
192.0000, 20.0000, -2.508e-9
194.0000, 20.0000, -2.506e-9
196.0000, 20.0000, -2.504e-9
198.0000, 20.0000, -2.501e-9
200.0000, 20.0000, -2.499e-9
202.0000, 20.0000, -2.498e-9
204.0000, 20.0000, -2.497e-9
206.0000, 20.0000, -2.495e-9
208.0000, 20.0000, -2.494e-9
210.0000, 20.0000, -2.492e-9
212.0000, 20.0000, -2.490e-9
214.0000, 20.0000, -2.490e-9
216.0000, 20.0000, -2.488e-9
218.0000, 20.0000, -2.487e-9
220.0000, 20.0000, -2.487e-9
222.0000, 20.0000, -2.486e-9
224.0000, 20.0000, -2.485e-9
226.0000, 20.0000, -2.484e-9
228.0000, 20.0000, -2.483e-9
230.0000, 20.0000, -2.482e-9
232.0000, 20.0000, -2.482e-9
234.0000, 20.0000, -2.480e-9
236.0000, 20.0000, -2.480e-9
238.0000, 20.0000, -2.479e-9
240.0000, 20.0000, -2.479e-9
242.0000, 20.0000, -2.478e-9
244.0000, 20.0000, -2.478e-9
246.0000, 20.0000, -2.477e-9
248.0000, 20.0000, -2.476e-9
250.0000, 20.0000, -2.476e-9
252.0000, 20.0000, -2.476e-9
254.0000, 20.0000, -2.475e-9
256.0000, 20.0000, -2.475e-9
258.0000, 20.0000, -2.474e-9
260.0000, 20.0000, -2.474e-9
262.0000, 20.0000, -2.474e-9
264.0000, 20.0000, -2.473e-9
266.0000, 20.0000, -2.473e-9
268.0000, 20.0000, -2.473e-9
270.0000, 20.0000, -2.472e-9
272.0000, 20.0000, -2.471e-9
274.0000, 20.0000, -2.470e-9
276.0000, 20.0000, -2.471e-9
278.0000, 20.0000, -2.471e-9
280.0000, 20.0000, -2.470e-9
282.0000, 20.0000, -2.470e-9
284.0000, 20.0000, -2.469e-9
286.0000, 20.0000, -2.469e-9
288.0000, 20.0000, -2.469e-9
290.0000, 20.0000, -2.469e-9
292.0000, 20.0000, -2.468e-9
294.0000, 20.0000, -2.468e-9
296.0000, 20.0000, -2.468e-9
298.0000, 20.0000, -2.468e-9
0.0000, 22.0000, -3.162e-9
2.0000, 22.0000, -3.028e-9
4.0000, 22.0000, -2.918e-9
6.0000, 22.0000, -2.835e-9
8.0000, 22.0000, -2.772e-9
10.0000, 22.0000, -2.727e-9
12.0000, 22.0000, -2.691e-9
14.0000, 22.0000, -2.666e-9
16.0000, 22.0000, -2.646e-9
18.0000, 22.0000, -2.631e-9
20.0000, 22.0000, -2.621e-9
22.0000, 22.0000, -2.614e-9
24.0000, 22.0000, -2.609e-9
26.0000, 22.0000, -2.605e-9
28.0000, 22.0000, -2.603e-9
30.0000, 22.0000, -2.603e-9
32.0000, 22.0000, -2.604e-9
34.0000, 22.0000, -2.609e-9
36.0000, 22.0000, -2.614e-9
38.0000, 22.0000, -2.619e-9
40.0000, 22.0000, -2.625e-9
42.0000, 22.0000, -2.630e-9
44.0000, 22.0000, -2.632e-9
46.0000, 22.0000, -2.633e-9
48.0000, 22.0000, -2.631e-9
50.0000, 22.0000, -2.628e-9
52.0000, 22.0000, -2.627e-9
54.0000, 22.0000, -2.627e-9
56.0000, 22.0000, -2.627e-9
58.0000, 22.0000, -2.626e-9
60.0000, 22.0000, -2.627e-9
62.0000, 22.0000, -2.628e-9
64.0000, 22.0000, -2.630e-9
66.0000, 22.0000, -2.631e-9
68.0000, 22.0000, -2.631e-9
70.0000, 22.0000, -2.632e-9
72.0000, 22.0000, -2.631e-9
74.0000, 22.0000, -2.631e-9
76.0000, 22.0000, -2.629e-9
78.0000, 22.0000, -2.630e-9
80.0000, 22.0000, -2.630e-9
82.0000, 22.0000, -2.631e-9
84.0000, 22.0000, -2.630e-9
86.0000, 22.0000, -2.628e-9
88.0000, 22.0000, -2.625e-9
90.0000, 22.0000, -2.622e-9
92.0000, 22.0000, -2.619e-9
94.0000, 22.0000, -2.615e-9
96.0000, 22.0000, -2.613e-9
98.0000, 22.0000, -2.610e-9
100.0000, 22.0000, -2.608e-9
102.0000, 22.0000, -2.606e-9
104.0000, 22.0000, -2.603e-9
106.0000, 22.0000, -2.600e-9
108.0000, 22.0000, -2.597e-9
110.0000, 22.0000, -2.594e-9
112.0000, 22.0000, -2.591e-9
114.0000, 22.0000, -2.588e-9
116.0000, 22.0000, -2.586e-9
118.0000, 22.0000, -2.582e-9
120.0000, 22.0000, -2.580e-9
122.0000, 22.0000, -2.579e-9
124.0000, 22.0000, -2.580e-9
126.0000, 22.0000, -2.581e-9
128.0000, 22.0000, -2.582e-9
130.0000, 22.0000, -2.580e-9
132.0000, 22.0000, -2.579e-9
134.0000, 22.0000, -2.578e-9
136.0000, 22.0000, -2.576e-9
138.0000, 22.0000, -2.575e-9
140.0000, 22.0000, -2.573e-9
142.0000, 22.0000, -2.571e-9
144.0000, 22.0000, -2.569e-9
146.0000, 22.0000, -2.567e-9
148.0000, 22.0000, -2.565e-9
150.0000, 22.0000, -2.564e-9
152.0000, 22.0000, -2.564e-9
154.0000, 22.0000, -2.563e-9
156.0000, 22.0000, -2.562e-9
158.0000, 22.0000, -2.559e-9
160.0000, 22.0000, -2.556e-9
162.0000, 22.0000, -2.552e-9
164.0000, 22.0000, -2.549e-9
166.0000, 22.0000, -2.546e-9
168.0000, 22.0000, -2.545e-9
170.0000, 22.0000, -2.543e-9
172.0000, 22.0000, -2.541e-9
174.0000, 22.0000, -2.538e-9
176.0000, 22.0000, -2.534e-9
178.0000, 22.0000, -2.530e-9
180.0000, 22.0000, -2.525e-9
182.0000, 22.0000, -2.521e-9
184.0000, 22.0000, -2.517e-9
186.0000, 22.0000, -2.514e-9
188.0000, 22.0000, -2.511e-9
190.0000, 22.0000, -2.509e-9
192.0000, 22.0000, -2.507e-9
194.0000, 22.0000, -2.504e-9
196.0000, 22.0000, -2.502e-9
198.0000, 22.0000, -2.500e-9
200.0000, 22.0000, -2.499e-9
202.0000, 22.0000, -2.498e-9
204.0000, 22.0000, -2.496e-9
206.0000, 22.0000, -2.494e-9
208.0000, 22.0000, -2.493e-9
210.0000, 22.0000, -2.491e-9
212.0000, 22.0000, -2.490e-9
214.0000, 22.0000, -2.489e-9
216.0000, 22.0000, -2.488e-9
218.0000, 22.0000, -2.488e-9
220.0000, 22.0000, -2.487e-9
222.0000, 22.0000, -2.485e-9
224.0000, 22.0000, -2.484e-9
226.0000, 22.0000, -2.484e-9
228.0000, 22.0000, -2.482e-9
230.0000, 22.0000, -2.482e-9
232.0000, 22.0000, -2.481e-9
234.0000, 22.0000, -2.480e-9
236.0000, 22.0000, -2.480e-9
238.0000, 22.0000, -2.479e-9
240.0000, 22.0000, -2.479e-9
242.0000, 22.0000, -2.478e-9
244.0000, 22.0000, -2.477e-9
246.0000, 22.0000, -2.477e-9
248.0000, 22.0000, -2.477e-9
250.0000, 22.0000, -2.477e-9
252.0000, 22.0000, -2.476e-9
254.0000, 22.0000, -2.476e-9
256.0000, 22.0000, -2.475e-9
258.0000, 22.0000, -2.474e-9
260.0000, 22.0000, -2.474e-9
262.0000, 22.0000, -2.475e-9
264.0000, 22.0000, -2.474e-9
266.0000, 22.0000, -2.473e-9
268.0000, 22.0000, -2.473e-9
270.0000, 22.0000, -2.473e-9
272.0000, 22.0000, -2.472e-9
274.0000, 22.0000, -2.471e-9
276.0000, 22.0000, -2.472e-9
278.0000, 22.0000, -2.472e-9
280.0000, 22.0000, -2.471e-9
282.0000, 22.0000, -2.471e-9
284.0000, 22.0000, -2.470e-9
286.0000, 22.0000, -2.470e-9
288.0000, 22.0000, -2.470e-9
290.0000, 22.0000, -2.470e-9
292.0000, 22.0000, -2.470e-9
294.0000, 22.0000, -2.469e-9
296.0000, 22.0000, -2.469e-9
298.0000, 22.0000, -2.469e-9
0.0000, 24.0000, -3.166e-9
2.0000, 24.0000, -3.031e-9
4.0000, 24.0000, -2.921e-9
6.0000, 24.0000, -2.838e-9
8.0000, 24.0000, -2.776e-9
10.0000, 24.0000, -2.729e-9
12.0000, 24.0000, -2.694e-9
14.0000, 24.0000, -2.669e-9
16.0000, 24.0000, -2.650e-9
18.0000, 24.0000, -2.635e-9
20.0000, 24.0000, -2.625e-9
22.0000, 24.0000, -2.616e-9
24.0000, 24.0000, -2.610e-9
26.0000, 24.0000, -2.607e-9
28.0000, 24.0000, -2.607e-9
30.0000, 24.0000, -2.608e-9
32.0000, 24.0000, -2.611e-9
34.0000, 24.0000, -2.615e-9
36.0000, 24.0000, -2.621e-9
38.0000, 24.0000, -2.625e-9
40.0000, 24.0000, -2.627e-9
42.0000, 24.0000, -2.629e-9
44.0000, 24.0000, -2.632e-9
46.0000, 24.0000, -2.635e-9
48.0000, 24.0000, -2.635e-9
50.0000, 24.0000, -2.634e-9
52.0000, 24.0000, -2.634e-9
54.0000, 24.0000, -2.632e-9
56.0000, 24.0000, -2.630e-9
58.0000, 24.0000, -2.630e-9
60.0000, 24.0000, -2.631e-9
62.0000, 24.0000, -2.631e-9
64.0000, 24.0000, -2.631e-9
66.0000, 24.0000, -2.631e-9
68.0000, 24.0000, -2.631e-9
70.0000, 24.0000, -2.631e-9
72.0000, 24.0000, -2.631e-9
74.0000, 24.0000, -2.632e-9
76.0000, 24.0000, -2.631e-9
78.0000, 24.0000, -2.629e-9
80.0000, 24.0000, -2.628e-9
82.0000, 24.0000, -2.628e-9
84.0000, 24.0000, -2.626e-9
86.0000, 24.0000, -2.626e-9
88.0000, 24.0000, -2.623e-9
90.0000, 24.0000, -2.623e-9
92.0000, 24.0000, -2.618e-9
94.0000, 24.0000, -2.614e-9
96.0000, 24.0000, -2.612e-9
98.0000, 24.0000, -2.611e-9
100.0000, 24.0000, -2.609e-9
102.0000, 24.0000, -2.606e-9
104.0000, 24.0000, -2.604e-9
106.0000, 24.0000, -2.600e-9
108.0000, 24.0000, -2.595e-9
110.0000, 24.0000, -2.592e-9
112.0000, 24.0000, -2.590e-9
114.0000, 24.0000, -2.588e-9
116.0000, 24.0000, -2.585e-9
118.0000, 24.0000, -2.582e-9
120.0000, 24.0000, -2.581e-9
122.0000, 24.0000, -2.580e-9
124.0000, 24.0000, -2.579e-9
126.0000, 24.0000, -2.577e-9
128.0000, 24.0000, -2.577e-9
130.0000, 24.0000, -2.579e-9
132.0000, 24.0000, -2.578e-9
134.0000, 24.0000, -2.578e-9
136.0000, 24.0000, -2.577e-9
138.0000, 24.0000, -2.574e-9
140.0000, 24.0000, -2.573e-9
142.0000, 24.0000, -2.571e-9
144.0000, 24.0000, -2.569e-9
146.0000, 24.0000, -2.566e-9
148.0000, 24.0000, -2.562e-9
150.0000, 24.0000, -2.562e-9
152.0000, 24.0000, -2.561e-9
154.0000, 24.0000, -2.560e-9
156.0000, 24.0000, -2.558e-9
158.0000, 24.0000, -2.556e-9
160.0000, 24.0000, -2.553e-9
162.0000, 24.0000, -2.550e-9
164.0000, 24.0000, -2.547e-9
166.0000, 24.0000, -2.544e-9
168.0000, 24.0000, -2.542e-9
170.0000, 24.0000, -2.539e-9
172.0000, 24.0000, -2.539e-9
174.0000, 24.0000, -2.535e-9
176.0000, 24.0000, -2.530e-9
178.0000, 24.0000, -2.526e-9
180.0000, 24.0000, -2.523e-9
182.0000, 24.0000, -2.518e-9
184.0000, 24.0000, -2.515e-9
186.0000, 24.0000, -2.512e-9
188.0000, 24.0000, -2.508e-9
190.0000, 24.0000, -2.506e-9
192.0000, 24.0000, -2.504e-9
194.0000, 24.0000, -2.502e-9
196.0000, 24.0000, -2.500e-9
198.0000, 24.0000, -2.498e-9
200.0000, 24.0000, -2.497e-9
202.0000, 24.0000, -2.495e-9
204.0000, 24.0000, -2.494e-9
206.0000, 24.0000, -2.492e-9
208.0000, 24.0000, -2.491e-9
210.0000, 24.0000, -2.490e-9
212.0000, 24.0000, -2.489e-9
214.0000, 24.0000, -2.488e-9
216.0000, 24.0000, -2.487e-9
218.0000, 24.0000, -2.486e-9
220.0000, 24.0000, -2.485e-9
222.0000, 24.0000, -2.485e-9
224.0000, 24.0000, -2.484e-9
226.0000, 24.0000, -2.484e-9
228.0000, 24.0000, -2.483e-9
230.0000, 24.0000, -2.481e-9
232.0000, 24.0000, -2.480e-9
234.0000, 24.0000, -2.480e-9
236.0000, 24.0000, -2.480e-9
238.0000, 24.0000, -2.480e-9
240.0000, 24.0000, -2.479e-9
242.0000, 24.0000, -2.478e-9
244.0000, 24.0000, -2.478e-9
246.0000, 24.0000, -2.478e-9
248.0000, 24.0000, -2.477e-9
250.0000, 24.0000, -2.476e-9
252.0000, 24.0000, -2.476e-9
254.0000, 24.0000, -2.475e-9
256.0000, 24.0000, -2.475e-9
258.0000, 24.0000, -2.474e-9
260.0000, 24.0000, -2.474e-9
262.0000, 24.0000, -2.474e-9
264.0000, 24.0000, -2.474e-9
266.0000, 24.0000, -2.473e-9
268.0000, 24.0000, -2.473e-9
270.0000, 24.0000, -2.472e-9
272.0000, 24.0000, -2.472e-9
274.0000, 24.0000, -2.472e-9
276.0000, 24.0000, -2.472e-9
278.0000, 24.0000, -2.471e-9
280.0000, 24.0000, -2.471e-9
282.0000, 24.0000, -2.470e-9
284.0000, 24.0000, -2.470e-9
286.0000, 24.0000, -2.469e-9
288.0000, 24.0000, -2.469e-9
290.0000, 24.0000, -2.470e-9
292.0000, 24.0000, -2.470e-9
294.0000, 24.0000, -2.470e-9
296.0000, 24.0000, -2.469e-9
298.0000, 24.0000, -2.469e-9
0.0000, 26.0000, -3.132e-9
2.0000, 26.0000, -3.004e-9
4.0000, 26.0000, -2.899e-9
6.0000, 26.0000, -2.819e-9
8.0000, 26.0000, -2.760e-9
10.0000, 26.0000, -2.715e-9
12.0000, 26.0000, -2.682e-9
14.0000, 26.0000, -2.658e-9
16.0000, 26.0000, -2.640e-9
18.0000, 26.0000, -2.626e-9
20.0000, 26.0000, -2.615e-9
22.0000, 26.0000, -2.608e-9
24.0000, 26.0000, -2.604e-9
26.0000, 26.0000, -2.603e-9
28.0000, 26.0000, -2.603e-9
30.0000, 26.0000, -2.606e-9
32.0000, 26.0000, -2.609e-9
34.0000, 26.0000, -2.613e-9
36.0000, 26.0000, -2.616e-9
38.0000, 26.0000, -2.620e-9
40.0000, 26.0000, -2.622e-9
42.0000, 26.0000, -2.622e-9
44.0000, 26.0000, -2.622e-9
46.0000, 26.0000, -2.625e-9
48.0000, 26.0000, -2.628e-9
50.0000, 26.0000, -2.628e-9
52.0000, 26.0000, -2.629e-9
54.0000, 26.0000, -2.629e-9
56.0000, 26.0000, -2.629e-9
58.0000, 26.0000, -2.628e-9
60.0000, 26.0000, -2.630e-9
62.0000, 26.0000, -2.632e-9
64.0000, 26.0000, -2.633e-9
66.0000, 26.0000, -2.633e-9
68.0000, 26.0000, -2.632e-9
70.0000, 26.0000, -2.631e-9
72.0000, 26.0000, -2.631e-9
74.0000, 26.0000, -2.630e-9
76.0000, 26.0000, -2.629e-9
78.0000, 26.0000, -2.626e-9
80.0000, 26.0000, -2.624e-9
82.0000, 26.0000, -2.622e-9
84.0000, 26.0000, -2.620e-9
86.0000, 26.0000, -2.619e-9
88.0000, 26.0000, -2.618e-9
90.0000, 26.0000, -2.617e-9
92.0000, 26.0000, -2.614e-9
94.0000, 26.0000, -2.611e-9
96.0000, 26.0000, -2.609e-9
98.0000, 26.0000, -2.606e-9
100.0000, 26.0000, -2.604e-9
102.0000, 26.0000, -2.601e-9
104.0000, 26.0000, -2.598e-9
106.0000, 26.0000, -2.595e-9
108.0000, 26.0000, -2.592e-9
110.0000, 26.0000, -2.588e-9
112.0000, 26.0000, -2.586e-9
114.0000, 26.0000, -2.583e-9
116.0000, 26.0000, -2.580e-9
118.0000, 26.0000, -2.578e-9
120.0000, 26.0000, -2.577e-9
122.0000, 26.0000, -2.575e-9
124.0000, 26.0000, -2.575e-9
126.0000, 26.0000, -2.574e-9
128.0000, 26.0000, -2.574e-9
130.0000, 26.0000, -2.574e-9
132.0000, 26.0000, -2.573e-9
134.0000, 26.0000, -2.572e-9
136.0000, 26.0000, -2.570e-9
138.0000, 26.0000, -2.568e-9
140.0000, 26.0000, -2.567e-9
142.0000, 26.0000, -2.564e-9
144.0000, 26.0000, -2.562e-9
146.0000, 26.0000, -2.559e-9
148.0000, 26.0000, -2.557e-9
150.0000, 26.0000, -2.556e-9
152.0000, 26.0000, -2.554e-9
154.0000, 26.0000, -2.554e-9
156.0000, 26.0000, -2.552e-9
158.0000, 26.0000, -2.548e-9
160.0000, 26.0000, -2.545e-9
162.0000, 26.0000, -2.542e-9
164.0000, 26.0000, -2.539e-9
166.0000, 26.0000, -2.537e-9
168.0000, 26.0000, -2.533e-9
170.0000, 26.0000, -2.532e-9
172.0000, 26.0000, -2.529e-9
174.0000, 26.0000, -2.524e-9
176.0000, 26.0000, -2.520e-9
178.0000, 26.0000, -2.516e-9
180.0000, 26.0000, -2.512e-9
182.0000, 26.0000, -2.509e-9
184.0000, 26.0000, -2.505e-9
186.0000, 26.0000, -2.503e-9
188.0000, 26.0000, -2.500e-9
190.0000, 26.0000, -2.498e-9
192.0000, 26.0000, -2.496e-9
194.0000, 26.0000, -2.495e-9
196.0000, 26.0000, -2.492e-9
198.0000, 26.0000, -2.491e-9
200.0000, 26.0000, -2.489e-9
202.0000, 26.0000, -2.488e-9
204.0000, 26.0000, -2.487e-9
206.0000, 26.0000, -2.485e-9
208.0000, 26.0000, -2.484e-9
210.0000, 26.0000, -2.483e-9
212.0000, 26.0000, -2.482e-9
214.0000, 26.0000, -2.481e-9
216.0000, 26.0000, -2.480e-9
218.0000, 26.0000, -2.479e-9
220.0000, 26.0000, -2.478e-9
222.0000, 26.0000, -2.478e-9
224.0000, 26.0000, -2.477e-9
226.0000, 26.0000, -2.476e-9
228.0000, 26.0000, -2.476e-9
230.0000, 26.0000, -2.474e-9
232.0000, 26.0000, -2.474e-9
234.0000, 26.0000, -2.473e-9
236.0000, 26.0000, -2.473e-9
238.0000, 26.0000, -2.473e-9
240.0000, 26.0000, -2.472e-9
242.0000, 26.0000, -2.471e-9
244.0000, 26.0000, -2.471e-9
246.0000, 26.0000, -2.471e-9
248.0000, 26.0000, -2.470e-9
250.0000, 26.0000, -2.470e-9
252.0000, 26.0000, -2.469e-9
254.0000, 26.0000, -2.469e-9
256.0000, 26.0000, -2.468e-9
258.0000, 26.0000, -2.468e-9
260.0000, 26.0000, -2.467e-9
262.0000, 26.0000, -2.467e-9
264.0000, 26.0000, -2.467e-9
266.0000, 26.0000, -2.466e-9
268.0000, 26.0000, -2.466e-9
270.0000, 26.0000, -2.466e-9
272.0000, 26.0000, -2.466e-9
274.0000, 26.0000, -2.465e-9
276.0000, 26.0000, -2.465e-9
278.0000, 26.0000, -2.464e-9
280.0000, 26.0000, -2.464e-9
282.0000, 26.0000, -2.464e-9
284.0000, 26.0000, -2.464e-9
286.0000, 26.0000, -2.464e-9
288.0000, 26.0000, -2.463e-9
290.0000, 26.0000, -2.463e-9
292.0000, 26.0000, -2.463e-9
294.0000, 26.0000, -2.462e-9
296.0000, 26.0000, -2.463e-9
298.0000, 26.0000, -2.463e-9
0.0000, 28.0000, -3.136e-9
2.0000, 28.0000, -3.006e-9
4.0000, 28.0000, -2.900e-9
6.0000, 28.0000, -2.821e-9
8.0000, 28.0000, -2.761e-9
10.0000, 28.0000, -2.716e-9
12.0000, 28.0000, -2.683e-9
14.0000, 28.0000, -2.659e-9
16.0000, 28.0000, -2.641e-9
18.0000, 28.0000, -2.626e-9
20.0000, 28.0000, -2.616e-9
22.0000, 28.0000, -2.609e-9
24.0000, 28.0000, -2.604e-9
26.0000, 28.0000, -2.605e-9
28.0000, 28.0000, -2.607e-9
30.0000, 28.0000, -2.608e-9
32.0000, 28.0000, -2.610e-9
34.0000, 28.0000, -2.612e-9
36.0000, 28.0000, -2.614e-9
38.0000, 28.0000, -2.616e-9
40.0000, 28.0000, -2.619e-9
42.0000, 28.0000, -2.623e-9
44.0000, 28.0000, -2.628e-9
46.0000, 28.0000, -2.633e-9
48.0000, 28.0000, -2.634e-9
50.0000, 28.0000, -2.632e-9
52.0000, 28.0000, -2.630e-9
54.0000, 28.0000, -2.631e-9
56.0000, 28.0000, -2.632e-9
58.0000, 28.0000, -2.634e-9
60.0000, 28.0000, -2.636e-9
62.0000, 28.0000, -2.639e-9
64.0000, 28.0000, -2.637e-9
66.0000, 28.0000, -2.634e-9
68.0000, 28.0000, -2.630e-9
70.0000, 28.0000, -2.628e-9
72.0000, 28.0000, -2.627e-9
74.0000, 28.0000, -2.627e-9
76.0000, 28.0000, -2.627e-9
78.0000, 28.0000, -2.627e-9
80.0000, 28.0000, -2.626e-9
82.0000, 28.0000, -2.622e-9
84.0000, 28.0000, -2.620e-9
86.0000, 28.0000, -2.619e-9
88.0000, 28.0000, -2.618e-9
90.0000, 28.0000, -2.616e-9
92.0000, 28.0000, -2.614e-9
94.0000, 28.0000, -2.611e-9
96.0000, 28.0000, -2.607e-9
98.0000, 28.0000, -2.604e-9
100.0000, 28.0000, -2.602e-9
102.0000, 28.0000, -2.599e-9
104.0000, 28.0000, -2.597e-9
106.0000, 28.0000, -2.595e-9
108.0000, 28.0000, -2.592e-9
110.0000, 28.0000, -2.590e-9
112.0000, 28.0000, -2.587e-9
114.0000, 28.0000, -2.584e-9
116.0000, 28.0000, -2.581e-9
118.0000, 28.0000, -2.579e-9
120.0000, 28.0000, -2.577e-9
122.0000, 28.0000, -2.575e-9
124.0000, 28.0000, -2.573e-9
126.0000, 28.0000, -2.573e-9
128.0000, 28.0000, -2.573e-9
130.0000, 28.0000, -2.573e-9
132.0000, 28.0000, -2.573e-9
134.0000, 28.0000, -2.571e-9
136.0000, 28.0000, -2.570e-9
138.0000, 28.0000, -2.569e-9
140.0000, 28.0000, -2.566e-9
142.0000, 28.0000, -2.562e-9
144.0000, 28.0000, -2.560e-9
146.0000, 28.0000, -2.558e-9
148.0000, 28.0000, -2.555e-9
150.0000, 28.0000, -2.553e-9
152.0000, 28.0000, -2.551e-9
154.0000, 28.0000, -2.551e-9
156.0000, 28.0000, -2.550e-9
158.0000, 28.0000, -2.547e-9
160.0000, 28.0000, -2.543e-9
162.0000, 28.0000, -2.540e-9
164.0000, 28.0000, -2.538e-9
166.0000, 28.0000, -2.535e-9
168.0000, 28.0000, -2.533e-9
170.0000, 28.0000, -2.530e-9
172.0000, 28.0000, -2.527e-9
174.0000, 28.0000, -2.522e-9
176.0000, 28.0000, -2.518e-9
178.0000, 28.0000, -2.514e-9
180.0000, 28.0000, -2.511e-9
182.0000, 28.0000, -2.508e-9
184.0000, 28.0000, -2.504e-9
186.0000, 28.0000, -2.501e-9
188.0000, 28.0000, -2.499e-9
190.0000, 28.0000, -2.497e-9
192.0000, 28.0000, -2.495e-9
194.0000, 28.0000, -2.493e-9
196.0000, 28.0000, -2.491e-9
198.0000, 28.0000, -2.490e-9
200.0000, 28.0000, -2.489e-9
202.0000, 28.0000, -2.487e-9
204.0000, 28.0000, -2.486e-9
206.0000, 28.0000, -2.486e-9
208.0000, 28.0000, -2.484e-9
210.0000, 28.0000, -2.483e-9
212.0000, 28.0000, -2.482e-9
214.0000, 28.0000, -2.480e-9
216.0000, 28.0000, -2.479e-9
218.0000, 28.0000, -2.479e-9
220.0000, 28.0000, -2.478e-9
222.0000, 28.0000, -2.478e-9
224.0000, 28.0000, -2.477e-9
226.0000, 28.0000, -2.475e-9
228.0000, 28.0000, -2.475e-9
230.0000, 28.0000, -2.474e-9
232.0000, 28.0000, -2.474e-9
234.0000, 28.0000, -2.473e-9
236.0000, 28.0000, -2.473e-9
238.0000, 28.0000, -2.472e-9
240.0000, 28.0000, -2.471e-9
242.0000, 28.0000, -2.471e-9
244.0000, 28.0000, -2.470e-9
246.0000, 28.0000, -2.470e-9
248.0000, 28.0000, -2.470e-9
250.0000, 28.0000, -2.469e-9
252.0000, 28.0000, -2.469e-9
254.0000, 28.0000, -2.468e-9
256.0000, 28.0000, -2.468e-9
258.0000, 28.0000, -2.468e-9
260.0000, 28.0000, -2.468e-9
262.0000, 28.0000, -2.467e-9
264.0000, 28.0000, -2.466e-9
266.0000, 28.0000, -2.466e-9
268.0000, 28.0000, -2.466e-9
270.0000, 28.0000, -2.466e-9
272.0000, 28.0000, -2.466e-9
274.0000, 28.0000, -2.466e-9
276.0000, 28.0000, -2.464e-9
278.0000, 28.0000, -2.464e-9
280.0000, 28.0000, -2.464e-9
282.0000, 28.0000, -2.464e-9
284.0000, 28.0000, -2.464e-9
286.0000, 28.0000, -2.463e-9
288.0000, 28.0000, -2.463e-9
290.0000, 28.0000, -2.463e-9
292.0000, 28.0000, -2.462e-9
294.0000, 28.0000, -2.462e-9
296.0000, 28.0000, -2.463e-9
298.0000, 28.0000, -2.462e-9
0.0000, 30.0000, -3.134e-9
2.0000, 30.0000, -3.005e-9
4.0000, 30.0000, -2.900e-9
6.0000, 30.0000, -2.820e-9
8.0000, 30.0000, -2.761e-9
10.0000, 30.0000, -2.717e-9
12.0000, 30.0000, -2.684e-9
14.0000, 30.0000, -2.660e-9
16.0000, 30.0000, -2.642e-9
18.0000, 30.0000, -2.629e-9
20.0000, 30.0000, -2.619e-9
22.0000, 30.0000, -2.612e-9
24.0000, 30.0000, -2.608e-9
26.0000, 30.0000, -2.605e-9
28.0000, 30.0000, -2.604e-9
30.0000, 30.0000, -2.606e-9
32.0000, 30.0000, -2.609e-9
34.0000, 30.0000, -2.612e-9
36.0000, 30.0000, -2.615e-9
38.0000, 30.0000, -2.616e-9
40.0000, 30.0000, -2.621e-9
42.0000, 30.0000, -2.627e-9
44.0000, 30.0000, -2.634e-9
46.0000, 30.0000, -2.637e-9
48.0000, 30.0000, -2.638e-9
50.0000, 30.0000, -2.638e-9
52.0000, 30.0000, -2.635e-9
54.0000, 30.0000, -2.632e-9
56.0000, 30.0000, -2.632e-9
58.0000, 30.0000, -2.631e-9
60.0000, 30.0000, -2.630e-9
62.0000, 30.0000, -2.631e-9
64.0000, 30.0000, -2.632e-9
66.0000, 30.0000, -2.632e-9
68.0000, 30.0000, -2.632e-9
70.0000, 30.0000, -2.631e-9
72.0000, 30.0000, -2.631e-9
74.0000, 30.0000, -2.632e-9
76.0000, 30.0000, -2.633e-9
78.0000, 30.0000, -2.630e-9
80.0000, 30.0000, -2.626e-9
82.0000, 30.0000, -2.623e-9
84.0000, 30.0000, -2.621e-9
86.0000, 30.0000, -2.621e-9
88.0000, 30.0000, -2.619e-9
90.0000, 30.0000, -2.617e-9
92.0000, 30.0000, -2.614e-9
94.0000, 30.0000, -2.611e-9
96.0000, 30.0000, -2.607e-9
98.0000, 30.0000, -2.604e-9
100.0000, 30.0000, -2.602e-9
102.0000, 30.0000, -2.601e-9
104.0000, 30.0000, -2.599e-9
106.0000, 30.0000, -2.596e-9
108.0000, 30.0000, -2.593e-9
110.0000, 30.0000, -2.591e-9
112.0000, 30.0000, -2.588e-9
114.0000, 30.0000, -2.586e-9
116.0000, 30.0000, -2.584e-9
118.0000, 30.0000, -2.580e-9
120.0000, 30.0000, -2.577e-9
122.0000, 30.0000, -2.575e-9
124.0000, 30.0000, -2.575e-9
126.0000, 30.0000, -2.574e-9
128.0000, 30.0000, -2.575e-9
130.0000, 30.0000, -2.576e-9
132.0000, 30.0000, -2.576e-9
134.0000, 30.0000, -2.574e-9
136.0000, 30.0000, -2.573e-9
138.0000, 30.0000, -2.570e-9
140.0000, 30.0000, -2.567e-9
142.0000, 30.0000, -2.565e-9
144.0000, 30.0000, -2.562e-9
146.0000, 30.0000, -2.558e-9
148.0000, 30.0000, -2.556e-9
150.0000, 30.0000, -2.555e-9
152.0000, 30.0000, -2.555e-9
154.0000, 30.0000, -2.553e-9
156.0000, 30.0000, -2.550e-9
158.0000, 30.0000, -2.546e-9
160.0000, 30.0000, -2.542e-9
162.0000, 30.0000, -2.539e-9
164.0000, 30.0000, -2.537e-9
166.0000, 30.0000, -2.533e-9
168.0000, 30.0000, -2.531e-9
170.0000, 30.0000, -2.528e-9
172.0000, 30.0000, -2.525e-9
174.0000, 30.0000, -2.521e-9
176.0000, 30.0000, -2.516e-9
178.0000, 30.0000, -2.512e-9
180.0000, 30.0000, -2.509e-9
182.0000, 30.0000, -2.505e-9
184.0000, 30.0000, -2.503e-9
186.0000, 30.0000, -2.501e-9
188.0000, 30.0000, -2.498e-9
190.0000, 30.0000, -2.496e-9
192.0000, 30.0000, -2.494e-9
194.0000, 30.0000, -2.492e-9
196.0000, 30.0000, -2.491e-9
198.0000, 30.0000, -2.489e-9
200.0000, 30.0000, -2.488e-9
202.0000, 30.0000, -2.486e-9
204.0000, 30.0000, -2.485e-9
206.0000, 30.0000, -2.484e-9
208.0000, 30.0000, -2.483e-9
210.0000, 30.0000, -2.482e-9
212.0000, 30.0000, -2.481e-9
214.0000, 30.0000, -2.480e-9
216.0000, 30.0000, -2.479e-9
218.0000, 30.0000, -2.478e-9
220.0000, 30.0000, -2.477e-9
222.0000, 30.0000, -2.477e-9
224.0000, 30.0000, -2.476e-9
226.0000, 30.0000, -2.475e-9
228.0000, 30.0000, -2.475e-9
230.0000, 30.0000, -2.474e-9
232.0000, 30.0000, -2.474e-9
234.0000, 30.0000, -2.473e-9
236.0000, 30.0000, -2.472e-9
238.0000, 30.0000, -2.471e-9
240.0000, 30.0000, -2.471e-9
242.0000, 30.0000, -2.471e-9
244.0000, 30.0000, -2.471e-9
246.0000, 30.0000, -2.470e-9
248.0000, 30.0000, -2.470e-9
250.0000, 30.0000, -2.469e-9
252.0000, 30.0000, -2.468e-9
254.0000, 30.0000, -2.468e-9
256.0000, 30.0000, -2.468e-9
258.0000, 30.0000, -2.467e-9
260.0000, 30.0000, -2.467e-9
262.0000, 30.0000, -2.467e-9
264.0000, 30.0000, -2.466e-9
266.0000, 30.0000, -2.465e-9
268.0000, 30.0000, -2.465e-9
270.0000, 30.0000, -2.465e-9
272.0000, 30.0000, -2.465e-9
274.0000, 30.0000, -2.465e-9
276.0000, 30.0000, -2.464e-9
278.0000, 30.0000, -2.465e-9
280.0000, 30.0000, -2.465e-9
282.0000, 30.0000, -2.464e-9
284.0000, 30.0000, -2.464e-9
286.0000, 30.0000, -2.464e-9
288.0000, 30.0000, -2.463e-9
290.0000, 30.0000, -2.463e-9
292.0000, 30.0000, -2.463e-9
294.0000, 30.0000, -2.462e-9
296.0000, 30.0000, -2.462e-9
298.0000, 30.0000, -2.461e-9
0.0000, 32.0000, -3.131e-9
2.0000, 32.0000, -3.005e-9
4.0000, 32.0000, -2.899e-9
6.0000, 32.0000, -2.818e-9
8.0000, 32.0000, -2.759e-9
10.0000, 32.0000, -2.716e-9
12.0000, 32.0000, -2.684e-9
14.0000, 32.0000, -2.661e-9
16.0000, 32.0000, -2.643e-9
18.0000, 32.0000, -2.629e-9
20.0000, 32.0000, -2.618e-9
22.0000, 32.0000, -2.613e-9
24.0000, 32.0000, -2.609e-9
26.0000, 32.0000, -2.608e-9
28.0000, 32.0000, -2.610e-9
30.0000, 32.0000, -2.613e-9
32.0000, 32.0000, -2.617e-9
34.0000, 32.0000, -2.620e-9
36.0000, 32.0000, -2.623e-9
38.0000, 32.0000, -2.627e-9
40.0000, 32.0000, -2.629e-9
42.0000, 32.0000, -2.633e-9
44.0000, 32.0000, -2.637e-9
46.0000, 32.0000, -2.638e-9
48.0000, 32.0000, -2.639e-9
50.0000, 32.0000, -2.641e-9
52.0000, 32.0000, -2.640e-9
54.0000, 32.0000, -2.638e-9
56.0000, 32.0000, -2.637e-9
58.0000, 32.0000, -2.637e-9
60.0000, 32.0000, -2.636e-9
62.0000, 32.0000, -2.635e-9
64.0000, 32.0000, -2.636e-9
66.0000, 32.0000, -2.635e-9
68.0000, 32.0000, -2.637e-9
70.0000, 32.0000, -2.636e-9
72.0000, 32.0000, -2.634e-9
74.0000, 32.0000, -2.632e-9
76.0000, 32.0000, -2.632e-9
78.0000, 32.0000, -2.629e-9
80.0000, 32.0000, -2.627e-9
82.0000, 32.0000, -2.624e-9
84.0000, 32.0000, -2.622e-9
86.0000, 32.0000, -2.619e-9
88.0000, 32.0000, -2.616e-9
90.0000, 32.0000, -2.613e-9
92.0000, 32.0000, -2.612e-9
94.0000, 32.0000, -2.610e-9
96.0000, 32.0000, -2.607e-9
98.0000, 32.0000, -2.605e-9
100.0000, 32.0000, -2.604e-9
102.0000, 32.0000, -2.601e-9
104.0000, 32.0000, -2.599e-9
106.0000, 32.0000, -2.596e-9
108.0000, 32.0000, -2.595e-9
110.0000, 32.0000, -2.591e-9
112.0000, 32.0000, -2.588e-9
114.0000, 32.0000, -2.586e-9
116.0000, 32.0000, -2.584e-9
118.0000, 32.0000, -2.581e-9
120.0000, 32.0000, -2.579e-9
122.0000, 32.0000, -2.575e-9
124.0000, 32.0000, -2.575e-9
126.0000, 32.0000, -2.575e-9
128.0000, 32.0000, -2.576e-9
130.0000, 32.0000, -2.576e-9
132.0000, 32.0000, -2.575e-9
134.0000, 32.0000, -2.573e-9
136.0000, 32.0000, -2.571e-9
138.0000, 32.0000, -2.569e-9
140.0000, 32.0000, -2.567e-9
142.0000, 32.0000, -2.564e-9
144.0000, 32.0000, -2.560e-9
146.0000, 32.0000, -2.557e-9
148.0000, 32.0000, -2.555e-9
150.0000, 32.0000, -2.554e-9
152.0000, 32.0000, -2.552e-9
154.0000, 32.0000, -2.550e-9
156.0000, 32.0000, -2.547e-9
158.0000, 32.0000, -2.545e-9
160.0000, 32.0000, -2.541e-9
162.0000, 32.0000, -2.539e-9
164.0000, 32.0000, -2.537e-9
166.0000, 32.0000, -2.534e-9
168.0000, 32.0000, -2.532e-9
170.0000, 32.0000, -2.530e-9
172.0000, 32.0000, -2.526e-9
174.0000, 32.0000, -2.522e-9
176.0000, 32.0000, -2.518e-9
178.0000, 32.0000, -2.514e-9
180.0000, 32.0000, -2.510e-9
182.0000, 32.0000, -2.507e-9
184.0000, 32.0000, -2.504e-9
186.0000, 32.0000, -2.501e-9
188.0000, 32.0000, -2.499e-9
190.0000, 32.0000, -2.497e-9
192.0000, 32.0000, -2.495e-9
194.0000, 32.0000, -2.493e-9
196.0000, 32.0000, -2.491e-9
198.0000, 32.0000, -2.489e-9
200.0000, 32.0000, -2.488e-9
202.0000, 32.0000, -2.487e-9
204.0000, 32.0000, -2.486e-9
206.0000, 32.0000, -2.485e-9
208.0000, 32.0000, -2.483e-9
210.0000, 32.0000, -2.482e-9
212.0000, 32.0000, -2.481e-9
214.0000, 32.0000, -2.480e-9
216.0000, 32.0000, -2.479e-9
218.0000, 32.0000, -2.479e-9
220.0000, 32.0000, -2.478e-9
222.0000, 32.0000, -2.477e-9
224.0000, 32.0000, -2.476e-9
226.0000, 32.0000, -2.475e-9
228.0000, 32.0000, -2.474e-9
230.0000, 32.0000, -2.474e-9
232.0000, 32.0000, -2.473e-9
234.0000, 32.0000, -2.473e-9
236.0000, 32.0000, -2.472e-9
238.0000, 32.0000, -2.471e-9
240.0000, 32.0000, -2.471e-9
242.0000, 32.0000, -2.471e-9
244.0000, 32.0000, -2.471e-9
246.0000, 32.0000, -2.470e-9
248.0000, 32.0000, -2.470e-9
250.0000, 32.0000, -2.469e-9
252.0000, 32.0000, -2.468e-9
254.0000, 32.0000, -2.468e-9
256.0000, 32.0000, -2.468e-9
258.0000, 32.0000, -2.467e-9
260.0000, 32.0000, -2.467e-9
262.0000, 32.0000, -2.467e-9
264.0000, 32.0000, -2.467e-9
266.0000, 32.0000, -2.466e-9
268.0000, 32.0000, -2.466e-9
270.0000, 32.0000, -2.465e-9
272.0000, 32.0000, -2.465e-9
274.0000, 32.0000, -2.465e-9
276.0000, 32.0000, -2.464e-9
278.0000, 32.0000, -2.463e-9
280.0000, 32.0000, -2.463e-9
282.0000, 32.0000, -2.463e-9
284.0000, 32.0000, -2.463e-9
286.0000, 32.0000, -2.463e-9
288.0000, 32.0000, -2.463e-9
290.0000, 32.0000, -2.464e-9
292.0000, 32.0000, -2.463e-9
294.0000, 32.0000, -2.462e-9
296.0000, 32.0000, -2.462e-9
298.0000, 32.0000, -2.462e-9
0.0000, 34.0000, -3.131e-9
2.0000, 34.0000, -3.004e-9
4.0000, 34.0000, -2.901e-9
6.0000, 34.0000, -2.822e-9
8.0000, 34.0000, -2.764e-9
10.0000, 34.0000, -2.720e-9
12.0000, 34.0000, -2.689e-9
14.0000, 34.0000, -2.666e-9
16.0000, 34.0000, -2.648e-9
18.0000, 34.0000, -2.635e-9
20.0000, 34.0000, -2.626e-9
22.0000, 34.0000, -2.619e-9
24.0000, 34.0000, -2.615e-9
26.0000, 34.0000, -2.613e-9
28.0000, 34.0000, -2.614e-9
30.0000, 34.0000, -2.615e-9
32.0000, 34.0000, -2.617e-9
34.0000, 34.0000, -2.623e-9
36.0000, 34.0000, -2.630e-9
38.0000, 34.0000, -2.634e-9
40.0000, 34.0000, -2.637e-9
42.0000, 34.0000, -2.641e-9
44.0000, 34.0000, -2.646e-9
46.0000, 34.0000, -2.648e-9
48.0000, 34.0000, -2.648e-9
50.0000, 34.0000, -2.648e-9
52.0000, 34.0000, -2.647e-9
54.0000, 34.0000, -2.646e-9
56.0000, 34.0000, -2.646e-9
58.0000, 34.0000, -2.645e-9
60.0000, 34.0000, -2.645e-9
62.0000, 34.0000, -2.645e-9
64.0000, 34.0000, -2.644e-9
66.0000, 34.0000, -2.644e-9
68.0000, 34.0000, -2.643e-9
70.0000, 34.0000, -2.642e-9
72.0000, 34.0000, -2.641e-9
74.0000, 34.0000, -2.640e-9
76.0000, 34.0000, -2.639e-9
78.0000, 34.0000, -2.636e-9
80.0000, 34.0000, -2.633e-9
82.0000, 34.0000, -2.630e-9
84.0000, 34.0000, -2.626e-9
86.0000, 34.0000, -2.622e-9
88.0000, 34.0000, -2.620e-9
90.0000, 34.0000, -2.619e-9
92.0000, 34.0000, -2.616e-9
94.0000, 34.0000, -2.611e-9
96.0000, 34.0000, -2.608e-9
98.0000, 34.0000, -2.608e-9
100.0000, 34.0000, -2.607e-9
102.0000, 34.0000, -2.605e-9
104.0000, 34.0000, -2.601e-9
106.0000, 34.0000, -2.599e-9
108.0000, 34.0000, -2.596e-9
110.0000, 34.0000, -2.593e-9
112.0000, 34.0000, -2.591e-9
114.0000, 34.0000, -2.588e-9
116.0000, 34.0000, -2.585e-9
118.0000, 34.0000, -2.581e-9
120.0000, 34.0000, -2.578e-9
122.0000, 34.0000, -2.578e-9
124.0000, 34.0000, -2.577e-9
126.0000, 34.0000, -2.578e-9
128.0000, 34.0000, -2.579e-9
130.0000, 34.0000, -2.578e-9
132.0000, 34.0000, -2.577e-9
134.0000, 34.0000, -2.574e-9
136.0000, 34.0000, -2.570e-9
138.0000, 34.0000, -2.570e-9
140.0000, 34.0000, -2.567e-9
142.0000, 34.0000, -2.564e-9
144.0000, 34.0000, -2.561e-9
146.0000, 34.0000, -2.558e-9
148.0000, 34.0000, -2.556e-9
150.0000, 34.0000, -2.554e-9
152.0000, 34.0000, -2.553e-9
154.0000, 34.0000, -2.552e-9
156.0000, 34.0000, -2.551e-9
158.0000, 34.0000, -2.549e-9
160.0000, 34.0000, -2.546e-9
162.0000, 34.0000, -2.543e-9
164.0000, 34.0000, -2.540e-9
166.0000, 34.0000, -2.539e-9
168.0000, 34.0000, -2.536e-9
170.0000, 34.0000, -2.532e-9
172.0000, 34.0000, -2.528e-9
174.0000, 34.0000, -2.524e-9
176.0000, 34.0000, -2.520e-9
178.0000, 34.0000, -2.516e-9
180.0000, 34.0000, -2.512e-9
182.0000, 34.0000, -2.509e-9
184.0000, 34.0000, -2.506e-9
186.0000, 34.0000, -2.503e-9
188.0000, 34.0000, -2.500e-9
190.0000, 34.0000, -2.498e-9
192.0000, 34.0000, -2.497e-9
194.0000, 34.0000, -2.495e-9
196.0000, 34.0000, -2.493e-9
198.0000, 34.0000, -2.491e-9
200.0000, 34.0000, -2.489e-9
202.0000, 34.0000, -2.488e-9
204.0000, 34.0000, -2.487e-9
206.0000, 34.0000, -2.485e-9
208.0000, 34.0000, -2.484e-9
210.0000, 34.0000, -2.483e-9
212.0000, 34.0000, -2.482e-9
214.0000, 34.0000, -2.481e-9
216.0000, 34.0000, -2.481e-9
218.0000, 34.0000, -2.480e-9
220.0000, 34.0000, -2.479e-9
222.0000, 34.0000, -2.477e-9
224.0000, 34.0000, -2.477e-9
226.0000, 34.0000, -2.477e-9
228.0000, 34.0000, -2.476e-9
230.0000, 34.0000, -2.475e-9
232.0000, 34.0000, -2.474e-9
234.0000, 34.0000, -2.474e-9
236.0000, 34.0000, -2.473e-9
238.0000, 34.0000, -2.473e-9
240.0000, 34.0000, -2.472e-9
242.0000, 34.0000, -2.472e-9
244.0000, 34.0000, -2.472e-9
246.0000, 34.0000, -2.471e-9
248.0000, 34.0000, -2.470e-9
250.0000, 34.0000, -2.470e-9
252.0000, 34.0000, -2.470e-9
254.0000, 34.0000, -2.469e-9
256.0000, 34.0000, -2.469e-9
258.0000, 34.0000, -2.468e-9
260.0000, 34.0000, -2.468e-9
262.0000, 34.0000, -2.468e-9
264.0000, 34.0000, -2.467e-9
266.0000, 34.0000, -2.466e-9
268.0000, 34.0000, -2.466e-9
270.0000, 34.0000, -2.466e-9
272.0000, 34.0000, -2.465e-9
274.0000, 34.0000, -2.465e-9
276.0000, 34.0000, -2.465e-9
278.0000, 34.0000, -2.465e-9
280.0000, 34.0000, -2.465e-9
282.0000, 34.0000, -2.464e-9
284.0000, 34.0000, -2.464e-9
286.0000, 34.0000, -2.464e-9
288.0000, 34.0000, -2.464e-9
290.0000, 34.0000, -2.464e-9
292.0000, 34.0000, -2.463e-9
294.0000, 34.0000, -2.463e-9
296.0000, 34.0000, -2.462e-9
298.0000, 34.0000, -2.462e-9
0.0000, 36.0000, -3.150e-9
2.0000, 36.0000, -3.019e-9
4.0000, 36.0000, -2.911e-9
6.0000, 36.0000, -2.829e-9
8.0000, 36.0000, -2.768e-9
10.0000, 36.0000, -2.723e-9
12.0000, 36.0000, -2.690e-9
14.0000, 36.0000, -2.664e-9
16.0000, 36.0000, -2.646e-9
18.0000, 36.0000, -2.631e-9
20.0000, 36.0000, -2.621e-9
22.0000, 36.0000, -2.615e-9
24.0000, 36.0000, -2.613e-9
26.0000, 36.0000, -2.611e-9
28.0000, 36.0000, -2.610e-9
30.0000, 36.0000, -2.612e-9
32.0000, 36.0000, -2.615e-9
34.0000, 36.0000, -2.618e-9
36.0000, 36.0000, -2.621e-9
38.0000, 36.0000, -2.625e-9
40.0000, 36.0000, -2.631e-9
42.0000, 36.0000, -2.637e-9
44.0000, 36.0000, -2.642e-9
46.0000, 36.0000, -2.645e-9
48.0000, 36.0000, -2.649e-9
50.0000, 36.0000, -2.652e-9
52.0000, 36.0000, -2.654e-9
54.0000, 36.0000, -2.653e-9
56.0000, 36.0000, -2.651e-9
58.0000, 36.0000, -2.649e-9
60.0000, 36.0000, -2.648e-9
62.0000, 36.0000, -2.645e-9
64.0000, 36.0000, -2.644e-9
66.0000, 36.0000, -2.642e-9
68.0000, 36.0000, -2.641e-9
70.0000, 36.0000, -2.638e-9
72.0000, 36.0000, -2.635e-9
74.0000, 36.0000, -2.632e-9
76.0000, 36.0000, -2.631e-9
78.0000, 36.0000, -2.629e-9
80.0000, 36.0000, -2.627e-9
82.0000, 36.0000, -2.624e-9
84.0000, 36.0000, -2.622e-9
86.0000, 36.0000, -2.621e-9
88.0000, 36.0000, -2.618e-9
90.0000, 36.0000, -2.614e-9
92.0000, 36.0000, -2.611e-9
94.0000, 36.0000, -2.608e-9
96.0000, 36.0000, -2.607e-9
98.0000, 36.0000, -2.605e-9
100.0000, 36.0000, -2.602e-9
102.0000, 36.0000, -2.599e-9
104.0000, 36.0000, -2.596e-9
106.0000, 36.0000, -2.594e-9
108.0000, 36.0000, -2.591e-9
110.0000, 36.0000, -2.588e-9
112.0000, 36.0000, -2.586e-9
114.0000, 36.0000, -2.583e-9
116.0000, 36.0000, -2.579e-9
118.0000, 36.0000, -2.577e-9
120.0000, 36.0000, -2.575e-9
122.0000, 36.0000, -2.574e-9
124.0000, 36.0000, -2.573e-9
126.0000, 36.0000, -2.574e-9
128.0000, 36.0000, -2.574e-9
130.0000, 36.0000, -2.574e-9
132.0000, 36.0000, -2.573e-9
134.0000, 36.0000, -2.572e-9
136.0000, 36.0000, -2.569e-9
138.0000, 36.0000, -2.567e-9
140.0000, 36.0000, -2.564e-9
142.0000, 36.0000, -2.562e-9
144.0000, 36.0000, -2.557e-9
146.0000, 36.0000, -2.555e-9
148.0000, 36.0000, -2.553e-9
150.0000, 36.0000, -2.554e-9
152.0000, 36.0000, -2.554e-9
154.0000, 36.0000, -2.554e-9
156.0000, 36.0000, -2.551e-9
158.0000, 36.0000, -2.547e-9
160.0000, 36.0000, -2.543e-9
162.0000, 36.0000, -2.540e-9
164.0000, 36.0000, -2.537e-9
166.0000, 36.0000, -2.535e-9
168.0000, 36.0000, -2.532e-9
170.0000, 36.0000, -2.529e-9
172.0000, 36.0000, -2.525e-9
174.0000, 36.0000, -2.520e-9
176.0000, 36.0000, -2.516e-9
178.0000, 36.0000, -2.512e-9
180.0000, 36.0000, -2.508e-9
182.0000, 36.0000, -2.505e-9
184.0000, 36.0000, -2.502e-9
186.0000, 36.0000, -2.500e-9
188.0000, 36.0000, -2.497e-9
190.0000, 36.0000, -2.495e-9
192.0000, 36.0000, -2.494e-9
194.0000, 36.0000, -2.491e-9
196.0000, 36.0000, -2.490e-9
198.0000, 36.0000, -2.488e-9
200.0000, 36.0000, -2.486e-9
202.0000, 36.0000, -2.485e-9
204.0000, 36.0000, -2.484e-9
206.0000, 36.0000, -2.482e-9
208.0000, 36.0000, -2.482e-9
210.0000, 36.0000, -2.481e-9
212.0000, 36.0000, -2.480e-9
214.0000, 36.0000, -2.479e-9
216.0000, 36.0000, -2.477e-9
218.0000, 36.0000, -2.476e-9
220.0000, 36.0000, -2.475e-9
222.0000, 36.0000, -2.475e-9
224.0000, 36.0000, -2.474e-9
226.0000, 36.0000, -2.473e-9
228.0000, 36.0000, -2.472e-9
230.0000, 36.0000, -2.472e-9
232.0000, 36.0000, -2.471e-9
234.0000, 36.0000, -2.470e-9
236.0000, 36.0000, -2.469e-9
238.0000, 36.0000, -2.469e-9
240.0000, 36.0000, -2.469e-9
242.0000, 36.0000, -2.469e-9
244.0000, 36.0000, -2.467e-9
246.0000, 36.0000, -2.467e-9
248.0000, 36.0000, -2.467e-9
250.0000, 36.0000, -2.467e-9
252.0000, 36.0000, -2.466e-9
254.0000, 36.0000, -2.466e-9
256.0000, 36.0000, -2.465e-9
258.0000, 36.0000, -2.465e-9
260.0000, 36.0000, -2.464e-9
262.0000, 36.0000, -2.464e-9
264.0000, 36.0000, -2.464e-9
266.0000, 36.0000, -2.464e-9
268.0000, 36.0000, -2.463e-9
270.0000, 36.0000, -2.462e-9
272.0000, 36.0000, -2.463e-9
274.0000, 36.0000, -2.462e-9
276.0000, 36.0000, -2.462e-9
278.0000, 36.0000, -2.461e-9
280.0000, 36.0000, -2.461e-9
282.0000, 36.0000, -2.461e-9
284.0000, 36.0000, -2.460e-9
286.0000, 36.0000, -2.460e-9
288.0000, 36.0000, -2.460e-9
290.0000, 36.0000, -2.460e-9
292.0000, 36.0000, -2.459e-9
294.0000, 36.0000, -2.460e-9
296.0000, 36.0000, -2.460e-9
298.0000, 36.0000, -2.459e-9
0.0000, 38.0000, -3.142e-9
2.0000, 38.0000, -3.013e-9
4.0000, 38.0000, -2.909e-9
6.0000, 38.0000, -2.829e-9
8.0000, 38.0000, -2.769e-9
10.0000, 38.0000, -2.724e-9
12.0000, 38.0000, -2.691e-9
14.0000, 38.0000, -2.667e-9
16.0000, 38.0000, -2.649e-9
18.0000, 38.0000, -2.636e-9
20.0000, 38.0000, -2.626e-9
22.0000, 38.0000, -2.619e-9
24.0000, 38.0000, -2.615e-9
26.0000, 38.0000, -2.615e-9
28.0000, 38.0000, -2.616e-9
30.0000, 38.0000, -2.618e-9
32.0000, 38.0000, -2.621e-9
34.0000, 38.0000, -2.626e-9
36.0000, 38.0000, -2.630e-9
38.0000, 38.0000, -2.634e-9
40.0000, 38.0000, -2.638e-9
42.0000, 38.0000, -2.645e-9
44.0000, 38.0000, -2.651e-9
46.0000, 38.0000, -2.654e-9
48.0000, 38.0000, -2.656e-9
50.0000, 38.0000, -2.658e-9
52.0000, 38.0000, -2.659e-9
54.0000, 38.0000, -2.658e-9
56.0000, 38.0000, -2.656e-9
58.0000, 38.0000, -2.655e-9
60.0000, 38.0000, -2.653e-9
62.0000, 38.0000, -2.651e-9
64.0000, 38.0000, -2.649e-9
66.0000, 38.0000, -2.647e-9
68.0000, 38.0000, -2.644e-9
70.0000, 38.0000, -2.640e-9
72.0000, 38.0000, -2.638e-9
74.0000, 38.0000, -2.637e-9
76.0000, 38.0000, -2.637e-9
78.0000, 38.0000, -2.634e-9
80.0000, 38.0000, -2.632e-9
82.0000, 38.0000, -2.629e-9
84.0000, 38.0000, -2.625e-9
86.0000, 38.0000, -2.623e-9
88.0000, 38.0000, -2.621e-9
90.0000, 38.0000, -2.618e-9
92.0000, 38.0000, -2.614e-9
94.0000, 38.0000, -2.612e-9
96.0000, 38.0000, -2.611e-9
98.0000, 38.0000, -2.608e-9
100.0000, 38.0000, -2.605e-9
102.0000, 38.0000, -2.604e-9
104.0000, 38.0000, -2.602e-9
106.0000, 38.0000, -2.599e-9
108.0000, 38.0000, -2.596e-9
110.0000, 38.0000, -2.593e-9
112.0000, 38.0000, -2.590e-9
114.0000, 38.0000, -2.588e-9
116.0000, 38.0000, -2.584e-9
118.0000, 38.0000, -2.582e-9
120.0000, 38.0000, -2.580e-9
122.0000, 38.0000, -2.578e-9
124.0000, 38.0000, -2.578e-9
126.0000, 38.0000, -2.579e-9
128.0000, 38.0000, -2.580e-9
130.0000, 38.0000, -2.580e-9
132.0000, 38.0000, -2.578e-9
134.0000, 38.0000, -2.577e-9
136.0000, 38.0000, -2.576e-9
138.0000, 38.0000, -2.573e-9
140.0000, 38.0000, -2.570e-9
142.0000, 38.0000, -2.568e-9
144.0000, 38.0000, -2.565e-9
146.0000, 38.0000, -2.562e-9
148.0000, 38.0000, -2.559e-9
150.0000, 38.0000, -2.559e-9
152.0000, 38.0000, -2.559e-9
154.0000, 38.0000, -2.558e-9
156.0000, 38.0000, -2.555e-9
158.0000, 38.0000, -2.551e-9
160.0000, 38.0000, -2.547e-9
162.0000, 38.0000, -2.545e-9
164.0000, 38.0000, -2.543e-9
166.0000, 38.0000, -2.540e-9
168.0000, 38.0000, -2.537e-9
170.0000, 38.0000, -2.534e-9
172.0000, 38.0000, -2.530e-9
174.0000, 38.0000, -2.524e-9
176.0000, 38.0000, -2.521e-9
178.0000, 38.0000, -2.517e-9
180.0000, 38.0000, -2.513e-9
182.0000, 38.0000, -2.509e-9
184.0000, 38.0000, -2.506e-9
186.0000, 38.0000, -2.503e-9
188.0000, 38.0000, -2.501e-9
190.0000, 38.0000, -2.499e-9
192.0000, 38.0000, -2.497e-9
194.0000, 38.0000, -2.495e-9
196.0000, 38.0000, -2.493e-9
198.0000, 38.0000, -2.491e-9
200.0000, 38.0000, -2.489e-9
202.0000, 38.0000, -2.487e-9
204.0000, 38.0000, -2.487e-9
206.0000, 38.0000, -2.485e-9
208.0000, 38.0000, -2.484e-9
210.0000, 38.0000, -2.483e-9
212.0000, 38.0000, -2.483e-9
214.0000, 38.0000, -2.481e-9
216.0000, 38.0000, -2.480e-9
218.0000, 38.0000, -2.480e-9
220.0000, 38.0000, -2.479e-9
222.0000, 38.0000, -2.478e-9
224.0000, 38.0000, -2.477e-9
226.0000, 38.0000, -2.477e-9
228.0000, 38.0000, -2.476e-9
230.0000, 38.0000, -2.475e-9
232.0000, 38.0000, -2.474e-9
234.0000, 38.0000, -2.474e-9
236.0000, 38.0000, -2.473e-9
238.0000, 38.0000, -2.473e-9
240.0000, 38.0000, -2.472e-9
242.0000, 38.0000, -2.471e-9
244.0000, 38.0000, -2.471e-9
246.0000, 38.0000, -2.470e-9
248.0000, 38.0000, -2.470e-9
250.0000, 38.0000, -2.470e-9
252.0000, 38.0000, -2.469e-9
254.0000, 38.0000, -2.469e-9
256.0000, 38.0000, -2.468e-9
258.0000, 38.0000, -2.468e-9
260.0000, 38.0000, -2.468e-9
262.0000, 38.0000, -2.468e-9
264.0000, 38.0000, -2.467e-9
266.0000, 38.0000, -2.467e-9
268.0000, 38.0000, -2.466e-9
270.0000, 38.0000, -2.466e-9
272.0000, 38.0000, -2.465e-9
274.0000, 38.0000, -2.465e-9
276.0000, 38.0000, -2.465e-9
278.0000, 38.0000, -2.464e-9
280.0000, 38.0000, -2.465e-9
282.0000, 38.0000, -2.464e-9
284.0000, 38.0000, -2.464e-9
286.0000, 38.0000, -2.464e-9
288.0000, 38.0000, -2.463e-9
290.0000, 38.0000, -2.463e-9
292.0000, 38.0000, -2.463e-9
294.0000, 38.0000, -2.463e-9
296.0000, 38.0000, -2.462e-9
298.0000, 38.0000, -2.462e-9
0.0000, 40.0000, -3.144e-9
2.0000, 40.0000, -3.016e-9
4.0000, 40.0000, -2.911e-9
6.0000, 40.0000, -2.830e-9
8.0000, 40.0000, -2.771e-9
10.0000, 40.0000, -2.726e-9
12.0000, 40.0000, -2.694e-9
14.0000, 40.0000, -2.671e-9
16.0000, 40.0000, -2.653e-9
18.0000, 40.0000, -2.640e-9
20.0000, 40.0000, -2.629e-9
22.0000, 40.0000, -2.623e-9
24.0000, 40.0000, -2.620e-9
26.0000, 40.0000, -2.619e-9
28.0000, 40.0000, -2.620e-9
30.0000, 40.0000, -2.622e-9
32.0000, 40.0000, -2.625e-9
34.0000, 40.0000, -2.629e-9
36.0000, 40.0000, -2.633e-9
38.0000, 40.0000, -2.637e-9
40.0000, 40.0000, -2.642e-9
42.0000, 40.0000, -2.648e-9
44.0000, 40.0000, -2.653e-9
46.0000, 40.0000, -2.656e-9
48.0000, 40.0000, -2.659e-9
50.0000, 40.0000, -2.662e-9
52.0000, 40.0000, -2.662e-9
54.0000, 40.0000, -2.661e-9
56.0000, 40.0000, -2.660e-9
58.0000, 40.0000, -2.657e-9
60.0000, 40.0000, -2.655e-9
62.0000, 40.0000, -2.653e-9
64.0000, 40.0000, -2.650e-9
66.0000, 40.0000, -2.647e-9
68.0000, 40.0000, -2.646e-9
70.0000, 40.0000, -2.643e-9
72.0000, 40.0000, -2.641e-9
74.0000, 40.0000, -2.638e-9
76.0000, 40.0000, -2.638e-9
78.0000, 40.0000, -2.637e-9
80.0000, 40.0000, -2.636e-9
82.0000, 40.0000, -2.634e-9
84.0000, 40.0000, -2.631e-9
86.0000, 40.0000, -2.628e-9
88.0000, 40.0000, -2.624e-9
90.0000, 40.0000, -2.622e-9
92.0000, 40.0000, -2.620e-9
94.0000, 40.0000, -2.615e-9
96.0000, 40.0000, -2.613e-9
98.0000, 40.0000, -2.612e-9
100.0000, 40.0000, -2.611e-9
102.0000, 40.0000, -2.608e-9
104.0000, 40.0000, -2.605e-9
106.0000, 40.0000, -2.603e-9
108.0000, 40.0000, -2.600e-9
110.0000, 40.0000, -2.598e-9
112.0000, 40.0000, -2.595e-9
114.0000, 40.0000, -2.593e-9
116.0000, 40.0000, -2.590e-9
118.0000, 40.0000, -2.586e-9
120.0000, 40.0000, -2.584e-9
122.0000, 40.0000, -2.583e-9
124.0000, 40.0000, -2.582e-9
126.0000, 40.0000, -2.581e-9
128.0000, 40.0000, -2.581e-9
130.0000, 40.0000, -2.582e-9
132.0000, 40.0000, -2.580e-9
134.0000, 40.0000, -2.580e-9
136.0000, 40.0000, -2.579e-9
138.0000, 40.0000, -2.577e-9
140.0000, 40.0000, -2.574e-9
142.0000, 40.0000, -2.571e-9
144.0000, 40.0000, -2.568e-9
146.0000, 40.0000, -2.564e-9
148.0000, 40.0000, -2.562e-9
150.0000, 40.0000, -2.560e-9
152.0000, 40.0000, -2.560e-9
154.0000, 40.0000, -2.560e-9
156.0000, 40.0000, -2.558e-9
158.0000, 40.0000, -2.555e-9
160.0000, 40.0000, -2.551e-9
162.0000, 40.0000, -2.547e-9
164.0000, 40.0000, -2.546e-9
166.0000, 40.0000, -2.542e-9
168.0000, 40.0000, -2.539e-9
170.0000, 40.0000, -2.535e-9
172.0000, 40.0000, -2.532e-9
174.0000, 40.0000, -2.528e-9
176.0000, 40.0000, -2.525e-9
178.0000, 40.0000, -2.520e-9
180.0000, 40.0000, -2.516e-9
182.0000, 40.0000, -2.513e-9
184.0000, 40.0000, -2.509e-9
186.0000, 40.0000, -2.507e-9
188.0000, 40.0000, -2.504e-9
190.0000, 40.0000, -2.502e-9
192.0000, 40.0000, -2.499e-9
194.0000, 40.0000, -2.497e-9
196.0000, 40.0000, -2.496e-9
198.0000, 40.0000, -2.494e-9
200.0000, 40.0000, -2.493e-9
202.0000, 40.0000, -2.491e-9
204.0000, 40.0000, -2.490e-9
206.0000, 40.0000, -2.489e-9
208.0000, 40.0000, -2.488e-9
210.0000, 40.0000, -2.487e-9
212.0000, 40.0000, -2.486e-9
214.0000, 40.0000, -2.484e-9
216.0000, 40.0000, -2.483e-9
218.0000, 40.0000, -2.482e-9
220.0000, 40.0000, -2.481e-9
222.0000, 40.0000, -2.480e-9
224.0000, 40.0000, -2.479e-9
226.0000, 40.0000, -2.479e-9
228.0000, 40.0000, -2.478e-9
230.0000, 40.0000, -2.477e-9
232.0000, 40.0000, -2.476e-9
234.0000, 40.0000, -2.476e-9
236.0000, 40.0000, -2.475e-9
238.0000, 40.0000, -2.475e-9
240.0000, 40.0000, -2.475e-9
242.0000, 40.0000, -2.474e-9
244.0000, 40.0000, -2.473e-9
246.0000, 40.0000, -2.472e-9
248.0000, 40.0000, -2.473e-9
250.0000, 40.0000, -2.472e-9
252.0000, 40.0000, -2.471e-9
254.0000, 40.0000, -2.471e-9
256.0000, 40.0000, -2.471e-9
258.0000, 40.0000, -2.470e-9
260.0000, 40.0000, -2.470e-9
262.0000, 40.0000, -2.469e-9
264.0000, 40.0000, -2.468e-9
266.0000, 40.0000, -2.468e-9
268.0000, 40.0000, -2.468e-9
270.0000, 40.0000, -2.468e-9
272.0000, 40.0000, -2.468e-9
274.0000, 40.0000, -2.467e-9
276.0000, 40.0000, -2.467e-9
278.0000, 40.0000, -2.467e-9
280.0000, 40.0000, -2.466e-9
282.0000, 40.0000, -2.466e-9
284.0000, 40.0000, -2.466e-9
286.0000, 40.0000, -2.466e-9
288.0000, 40.0000, -2.465e-9
290.0000, 40.0000, -2.465e-9
292.0000, 40.0000, -2.465e-9
294.0000, 40.0000, -2.465e-9
296.0000, 40.0000, -2.464e-9
298.0000, 40.0000, -2.464e-9
0.0000, 42.0000, -3.126e-9
2.0000, 42.0000, -3.002e-9
4.0000, 42.0000, -2.901e-9
6.0000, 42.0000, -2.824e-9
8.0000, 42.0000, -2.767e-9
10.0000, 42.0000, -2.724e-9
12.0000, 42.0000, -2.693e-9
14.0000, 42.0000, -2.669e-9
16.0000, 42.0000, -2.652e-9
18.0000, 42.0000, -2.641e-9
20.0000, 42.0000, -2.632e-9
22.0000, 42.0000, -2.627e-9
24.0000, 42.0000, -2.624e-9
26.0000, 42.0000, -2.623e-9
28.0000, 42.0000, -2.622e-9
30.0000, 42.0000, -2.623e-9
32.0000, 42.0000, -2.625e-9
34.0000, 42.0000, -2.628e-9
36.0000, 42.0000, -2.631e-9
38.0000, 42.0000, -2.634e-9
40.0000, 42.0000, -2.637e-9
42.0000, 42.0000, -2.641e-9
44.0000, 42.0000, -2.645e-9
46.0000, 42.0000, -2.649e-9
48.0000, 42.0000, -2.652e-9
50.0000, 42.0000, -2.653e-9
52.0000, 42.0000, -2.657e-9
54.0000, 42.0000, -2.657e-9
56.0000, 42.0000, -2.658e-9
58.0000, 42.0000, -2.657e-9
60.0000, 42.0000, -2.657e-9
62.0000, 42.0000, -2.657e-9
64.0000, 42.0000, -2.657e-9
66.0000, 42.0000, -2.655e-9
68.0000, 42.0000, -2.653e-9
70.0000, 42.0000, -2.650e-9
72.0000, 42.0000, -2.645e-9
74.0000, 42.0000, -2.642e-9
76.0000, 42.0000, -2.641e-9
78.0000, 42.0000, -2.641e-9
80.0000, 42.0000, -2.640e-9
82.0000, 42.0000, -2.639e-9
84.0000, 42.0000, -2.636e-9
86.0000, 42.0000, -2.633e-9
88.0000, 42.0000, -2.630e-9
90.0000, 42.0000, -2.627e-9
92.0000, 42.0000, -2.624e-9
94.0000, 42.0000, -2.621e-9
96.0000, 42.0000, -2.618e-9
98.0000, 42.0000, -2.616e-9
100.0000, 42.0000, -2.613e-9
102.0000, 42.0000, -2.611e-9
104.0000, 42.0000, -2.609e-9
106.0000, 42.0000, -2.606e-9
108.0000, 42.0000, -2.603e-9
110.0000, 42.0000, -2.601e-9
112.0000, 42.0000, -2.599e-9
114.0000, 42.0000, -2.597e-9
116.0000, 42.0000, -2.594e-9
118.0000, 42.0000, -2.590e-9
120.0000, 42.0000, -2.588e-9
122.0000, 42.0000, -2.586e-9
124.0000, 42.0000, -2.586e-9
126.0000, 42.0000, -2.586e-9
128.0000, 42.0000, -2.585e-9
130.0000, 42.0000, -2.585e-9
132.0000, 42.0000, -2.585e-9
134.0000, 42.0000, -2.584e-9
136.0000, 42.0000, -2.582e-9
138.0000, 42.0000, -2.581e-9
140.0000, 42.0000, -2.579e-9
142.0000, 42.0000, -2.576e-9
144.0000, 42.0000, -2.571e-9
146.0000, 42.0000, -2.566e-9
148.0000, 42.0000, -2.562e-9
150.0000, 42.0000, -2.560e-9
152.0000, 42.0000, -2.559e-9
154.0000, 42.0000, -2.558e-9
156.0000, 42.0000, -2.556e-9
158.0000, 42.0000, -2.554e-9
160.0000, 42.0000, -2.551e-9
162.0000, 42.0000, -2.548e-9
164.0000, 42.0000, -2.545e-9
166.0000, 42.0000, -2.543e-9
168.0000, 42.0000, -2.541e-9
170.0000, 42.0000, -2.539e-9
172.0000, 42.0000, -2.537e-9
174.0000, 42.0000, -2.534e-9
176.0000, 42.0000, -2.530e-9
178.0000, 42.0000, -2.525e-9
180.0000, 42.0000, -2.522e-9
182.0000, 42.0000, -2.518e-9
184.0000, 42.0000, -2.514e-9
186.0000, 42.0000, -2.511e-9
188.0000, 42.0000, -2.508e-9
190.0000, 42.0000, -2.506e-9
192.0000, 42.0000, -2.503e-9
194.0000, 42.0000, -2.501e-9
196.0000, 42.0000, -2.499e-9
198.0000, 42.0000, -2.498e-9
200.0000, 42.0000, -2.496e-9
202.0000, 42.0000, -2.495e-9
204.0000, 42.0000, -2.493e-9
206.0000, 42.0000, -2.492e-9
208.0000, 42.0000, -2.490e-9
210.0000, 42.0000, -2.489e-9
212.0000, 42.0000, -2.488e-9
214.0000, 42.0000, -2.487e-9
216.0000, 42.0000, -2.486e-9
218.0000, 42.0000, -2.485e-9
220.0000, 42.0000, -2.483e-9
222.0000, 42.0000, -2.482e-9
224.0000, 42.0000, -2.482e-9
226.0000, 42.0000, -2.481e-9
228.0000, 42.0000, -2.480e-9
230.0000, 42.0000, -2.480e-9
232.0000, 42.0000, -2.480e-9
234.0000, 42.0000, -2.478e-9
236.0000, 42.0000, -2.477e-9
238.0000, 42.0000, -2.477e-9
240.0000, 42.0000, -2.476e-9
242.0000, 42.0000, -2.476e-9
244.0000, 42.0000, -2.476e-9
246.0000, 42.0000, -2.475e-9
248.0000, 42.0000, -2.474e-9
250.0000, 42.0000, -2.474e-9
252.0000, 42.0000, -2.474e-9
254.0000, 42.0000, -2.473e-9
256.0000, 42.0000, -2.473e-9
258.0000, 42.0000, -2.472e-9
260.0000, 42.0000, -2.472e-9
262.0000, 42.0000, -2.471e-9
264.0000, 42.0000, -2.471e-9
266.0000, 42.0000, -2.471e-9
268.0000, 42.0000, -2.470e-9
270.0000, 42.0000, -2.470e-9
272.0000, 42.0000, -2.469e-9
274.0000, 42.0000, -2.469e-9
276.0000, 42.0000, -2.469e-9
278.0000, 42.0000, -2.469e-9
280.0000, 42.0000, -2.468e-9
282.0000, 42.0000, -2.468e-9
284.0000, 42.0000, -2.468e-9
286.0000, 42.0000, -2.467e-9
288.0000, 42.0000, -2.467e-9
290.0000, 42.0000, -2.467e-9
292.0000, 42.0000, -2.467e-9
294.0000, 42.0000, -2.467e-9
296.0000, 42.0000, -2.466e-9
298.0000, 42.0000, -2.466e-9
0.0000, 44.0000, -3.114e-9
2.0000, 44.0000, -2.992e-9
4.0000, 44.0000, -2.894e-9
6.0000, 44.0000, -2.820e-9
8.0000, 44.0000, -2.764e-9
10.0000, 44.0000, -2.722e-9
12.0000, 44.0000, -2.691e-9
14.0000, 44.0000, -2.668e-9
16.0000, 44.0000, -2.652e-9
18.0000, 44.0000, -2.639e-9
20.0000, 44.0000, -2.632e-9
22.0000, 44.0000, -2.627e-9
24.0000, 44.0000, -2.626e-9
26.0000, 44.0000, -2.626e-9
28.0000, 44.0000, -2.627e-9
30.0000, 44.0000, -2.628e-9
32.0000, 44.0000, -2.629e-9
34.0000, 44.0000, -2.631e-9
36.0000, 44.0000, -2.633e-9
38.0000, 44.0000, -2.636e-9
40.0000, 44.0000, -2.642e-9
42.0000, 44.0000, -2.647e-9
44.0000, 44.0000, -2.652e-9
46.0000, 44.0000, -2.654e-9
48.0000, 44.0000, -2.655e-9
50.0000, 44.0000, -2.656e-9
52.0000, 44.0000, -2.659e-9
54.0000, 44.0000, -2.661e-9
56.0000, 44.0000, -2.662e-9
58.0000, 44.0000, -2.663e-9
60.0000, 44.0000, -2.663e-9
62.0000, 44.0000, -2.660e-9
64.0000, 44.0000, -2.657e-9
66.0000, 44.0000, -2.653e-9
68.0000, 44.0000, -2.649e-9
70.0000, 44.0000, -2.646e-9
72.0000, 44.0000, -2.646e-9
74.0000, 44.0000, -2.646e-9
76.0000, 44.0000, -2.644e-9
78.0000, 44.0000, -2.641e-9
80.0000, 44.0000, -2.639e-9
82.0000, 44.0000, -2.638e-9
84.0000, 44.0000, -2.637e-9
86.0000, 44.0000, -2.634e-9
88.0000, 44.0000, -2.630e-9
90.0000, 44.0000, -2.627e-9
92.0000, 44.0000, -2.625e-9
94.0000, 44.0000, -2.622e-9
96.0000, 44.0000, -2.620e-9
98.0000, 44.0000, -2.618e-9
100.0000, 44.0000, -2.616e-9
102.0000, 44.0000, -2.612e-9
104.0000, 44.0000, -2.609e-9
106.0000, 44.0000, -2.606e-9
108.0000, 44.0000, -2.603e-9
110.0000, 44.0000, -2.600e-9
112.0000, 44.0000, -2.598e-9
114.0000, 44.0000, -2.596e-9
116.0000, 44.0000, -2.593e-9
118.0000, 44.0000, -2.590e-9
120.0000, 44.0000, -2.588e-9
122.0000, 44.0000, -2.586e-9
124.0000, 44.0000, -2.585e-9
126.0000, 44.0000, -2.586e-9
128.0000, 44.0000, -2.586e-9
130.0000, 44.0000, -2.587e-9
132.0000, 44.0000, -2.586e-9
134.0000, 44.0000, -2.586e-9
136.0000, 44.0000, -2.584e-9
138.0000, 44.0000, -2.581e-9
140.0000, 44.0000, -2.577e-9
142.0000, 44.0000, -2.574e-9
144.0000, 44.0000, -2.571e-9
146.0000, 44.0000, -2.568e-9
148.0000, 44.0000, -2.565e-9
150.0000, 44.0000, -2.565e-9
152.0000, 44.0000, -2.564e-9
154.0000, 44.0000, -2.565e-9
156.0000, 44.0000, -2.563e-9
158.0000, 44.0000, -2.560e-9
160.0000, 44.0000, -2.556e-9
162.0000, 44.0000, -2.553e-9
164.0000, 44.0000, -2.550e-9
166.0000, 44.0000, -2.548e-9
168.0000, 44.0000, -2.546e-9
170.0000, 44.0000, -2.545e-9
172.0000, 44.0000, -2.543e-9
174.0000, 44.0000, -2.539e-9
176.0000, 44.0000, -2.534e-9
178.0000, 44.0000, -2.529e-9
180.0000, 44.0000, -2.525e-9
182.0000, 44.0000, -2.521e-9
184.0000, 44.0000, -2.518e-9
186.0000, 44.0000, -2.514e-9
188.0000, 44.0000, -2.511e-9
190.0000, 44.0000, -2.508e-9
192.0000, 44.0000, -2.505e-9
194.0000, 44.0000, -2.503e-9
196.0000, 44.0000, -2.501e-9
198.0000, 44.0000, -2.499e-9
200.0000, 44.0000, -2.498e-9
202.0000, 44.0000, -2.496e-9
204.0000, 44.0000, -2.494e-9
206.0000, 44.0000, -2.493e-9
208.0000, 44.0000, -2.492e-9
210.0000, 44.0000, -2.490e-9
212.0000, 44.0000, -2.489e-9
214.0000, 44.0000, -2.488e-9
216.0000, 44.0000, -2.486e-9
218.0000, 44.0000, -2.486e-9
220.0000, 44.0000, -2.485e-9
222.0000, 44.0000, -2.484e-9
224.0000, 44.0000, -2.483e-9
226.0000, 44.0000, -2.482e-9
228.0000, 44.0000, -2.481e-9
230.0000, 44.0000, -2.480e-9
232.0000, 44.0000, -2.480e-9
234.0000, 44.0000, -2.479e-9
236.0000, 44.0000, -2.478e-9
238.0000, 44.0000, -2.477e-9
240.0000, 44.0000, -2.477e-9
242.0000, 44.0000, -2.477e-9
244.0000, 44.0000, -2.476e-9
246.0000, 44.0000, -2.476e-9
248.0000, 44.0000, -2.475e-9
250.0000, 44.0000, -2.475e-9
252.0000, 44.0000, -2.474e-9
254.0000, 44.0000, -2.473e-9
256.0000, 44.0000, -2.473e-9
258.0000, 44.0000, -2.472e-9
260.0000, 44.0000, -2.472e-9
262.0000, 44.0000, -2.472e-9
264.0000, 44.0000, -2.472e-9
266.0000, 44.0000, -2.471e-9
268.0000, 44.0000, -2.471e-9
270.0000, 44.0000, -2.471e-9
272.0000, 44.0000, -2.470e-9
274.0000, 44.0000, -2.470e-9
276.0000, 44.0000, -2.470e-9
278.0000, 44.0000, -2.469e-9
280.0000, 44.0000, -2.469e-9
282.0000, 44.0000, -2.469e-9
284.0000, 44.0000, -2.468e-9
286.0000, 44.0000, -2.468e-9
288.0000, 44.0000, -2.468e-9
290.0000, 44.0000, -2.467e-9
292.0000, 44.0000, -2.468e-9
294.0000, 44.0000, -2.467e-9
296.0000, 44.0000, -2.467e-9
298.0000, 44.0000, -2.467e-9
0.0000, 46.0000, -3.133e-9
2.0000, 46.0000, -3.008e-9
4.0000, 46.0000, -2.906e-9
6.0000, 46.0000, -2.826e-9
8.0000, 46.0000, -2.767e-9
10.0000, 46.0000, -2.723e-9
12.0000, 46.0000, -2.690e-9
14.0000, 46.0000, -2.667e-9
16.0000, 46.0000, -2.650e-9
18.0000, 46.0000, -2.636e-9
20.0000, 46.0000, -2.628e-9
22.0000, 46.0000, -2.622e-9
24.0000, 46.0000, -2.620e-9
26.0000, 46.0000, -2.620e-9
28.0000, 46.0000, -2.620e-9
30.0000, 46.0000, -2.622e-9
32.0000, 46.0000, -2.623e-9
34.0000, 46.0000, -2.625e-9
36.0000, 46.0000, -2.629e-9
38.0000, 46.0000, -2.634e-9
40.0000, 46.0000, -2.638e-9
42.0000, 46.0000, -2.644e-9
44.0000, 46.0000, -2.648e-9
46.0000, 46.0000, -2.655e-9
48.0000, 46.0000, -2.660e-9
50.0000, 46.0000, -2.663e-9
52.0000, 46.0000, -2.663e-9
54.0000, 46.0000, -2.662e-9
56.0000, 46.0000, -2.658e-9
58.0000, 46.0000, -2.655e-9
60.0000, 46.0000, -2.652e-9
62.0000, 46.0000, -2.651e-9
64.0000, 46.0000, -2.650e-9
66.0000, 46.0000, -2.649e-9
68.0000, 46.0000, -2.647e-9
70.0000, 46.0000, -2.645e-9
72.0000, 46.0000, -2.645e-9
74.0000, 46.0000, -2.643e-9
76.0000, 46.0000, -2.642e-9
78.0000, 46.0000, -2.641e-9
80.0000, 46.0000, -2.639e-9
82.0000, 46.0000, -2.637e-9
84.0000, 46.0000, -2.633e-9
86.0000, 46.0000, -2.630e-9
88.0000, 46.0000, -2.628e-9
90.0000, 46.0000, -2.626e-9
92.0000, 46.0000, -2.623e-9
94.0000, 46.0000, -2.619e-9
96.0000, 46.0000, -2.615e-9
98.0000, 46.0000, -2.611e-9
100.0000, 46.0000, -2.609e-9
102.0000, 46.0000, -2.605e-9
104.0000, 46.0000, -2.602e-9
106.0000, 46.0000, -2.598e-9
108.0000, 46.0000, -2.596e-9
110.0000, 46.0000, -2.594e-9
112.0000, 46.0000, -2.593e-9
114.0000, 46.0000, -2.590e-9
116.0000, 46.0000, -2.587e-9
118.0000, 46.0000, -2.585e-9
120.0000, 46.0000, -2.580e-9
122.0000, 46.0000, -2.579e-9
124.0000, 46.0000, -2.578e-9
126.0000, 46.0000, -2.578e-9
128.0000, 46.0000, -2.580e-9
130.0000, 46.0000, -2.580e-9
132.0000, 46.0000, -2.579e-9
134.0000, 46.0000, -2.577e-9
136.0000, 46.0000, -2.576e-9
138.0000, 46.0000, -2.574e-9
140.0000, 46.0000, -2.572e-9
142.0000, 46.0000, -2.568e-9
144.0000, 46.0000, -2.565e-9
146.0000, 46.0000, -2.561e-9
148.0000, 46.0000, -2.560e-9
150.0000, 46.0000, -2.559e-9
152.0000, 46.0000, -2.559e-9
154.0000, 46.0000, -2.558e-9
156.0000, 46.0000, -2.557e-9
158.0000, 46.0000, -2.554e-9
160.0000, 46.0000, -2.552e-9
162.0000, 46.0000, -2.548e-9
164.0000, 46.0000, -2.546e-9
166.0000, 46.0000, -2.543e-9
168.0000, 46.0000, -2.541e-9
170.0000, 46.0000, -2.539e-9
172.0000, 46.0000, -2.538e-9
174.0000, 46.0000, -2.535e-9
176.0000, 46.0000, -2.531e-9
178.0000, 46.0000, -2.526e-9
180.0000, 46.0000, -2.521e-9
182.0000, 46.0000, -2.516e-9
184.0000, 46.0000, -2.512e-9
186.0000, 46.0000, -2.509e-9
188.0000, 46.0000, -2.505e-9
190.0000, 46.0000, -2.503e-9
192.0000, 46.0000, -2.500e-9
194.0000, 46.0000, -2.498e-9
196.0000, 46.0000, -2.496e-9
198.0000, 46.0000, -2.494e-9
200.0000, 46.0000, -2.491e-9
202.0000, 46.0000, -2.490e-9
204.0000, 46.0000, -2.489e-9
206.0000, 46.0000, -2.487e-9
208.0000, 46.0000, -2.486e-9
210.0000, 46.0000, -2.485e-9
212.0000, 46.0000, -2.483e-9
214.0000, 46.0000, -2.481e-9
216.0000, 46.0000, -2.480e-9
218.0000, 46.0000, -2.479e-9
220.0000, 46.0000, -2.478e-9
222.0000, 46.0000, -2.477e-9
224.0000, 46.0000, -2.477e-9
226.0000, 46.0000, -2.476e-9
228.0000, 46.0000, -2.475e-9
230.0000, 46.0000, -2.474e-9
232.0000, 46.0000, -2.473e-9
234.0000, 46.0000, -2.472e-9
236.0000, 46.0000, -2.472e-9
238.0000, 46.0000, -2.471e-9
240.0000, 46.0000, -2.471e-9
242.0000, 46.0000, -2.470e-9
244.0000, 46.0000, -2.470e-9
246.0000, 46.0000, -2.470e-9
248.0000, 46.0000, -2.469e-9
250.0000, 46.0000, -2.468e-9
252.0000, 46.0000, -2.468e-9
254.0000, 46.0000, -2.468e-9
256.0000, 46.0000, -2.467e-9
258.0000, 46.0000, -2.466e-9
260.0000, 46.0000, -2.466e-9
262.0000, 46.0000, -2.465e-9
264.0000, 46.0000, -2.465e-9
266.0000, 46.0000, -2.465e-9
268.0000, 46.0000, -2.464e-9
270.0000, 46.0000, -2.464e-9
272.0000, 46.0000, -2.463e-9
274.0000, 46.0000, -2.463e-9
276.0000, 46.0000, -2.463e-9
278.0000, 46.0000, -2.463e-9
280.0000, 46.0000, -2.462e-9
282.0000, 46.0000, -2.462e-9
284.0000, 46.0000, -2.462e-9
286.0000, 46.0000, -2.461e-9
288.0000, 46.0000, -2.461e-9
290.0000, 46.0000, -2.461e-9
292.0000, 46.0000, -2.461e-9
294.0000, 46.0000, -2.461e-9
296.0000, 46.0000, -2.460e-9
298.0000, 46.0000, -2.460e-9
0.0000, 48.0000, -3.126e-9
2.0000, 48.0000, -3.001e-9
4.0000, 48.0000, -2.898e-9
6.0000, 48.0000, -2.820e-9
8.0000, 48.0000, -2.762e-9
10.0000, 48.0000, -2.720e-9
12.0000, 48.0000, -2.689e-9
14.0000, 48.0000, -2.666e-9
16.0000, 48.0000, -2.650e-9
18.0000, 48.0000, -2.637e-9
20.0000, 48.0000, -2.627e-9
22.0000, 48.0000, -2.622e-9
24.0000, 48.0000, -2.618e-9
26.0000, 48.0000, -2.616e-9
28.0000, 48.0000, -2.616e-9
30.0000, 48.0000, -2.619e-9
32.0000, 48.0000, -2.624e-9
34.0000, 48.0000, -2.631e-9
36.0000, 48.0000, -2.635e-9
38.0000, 48.0000, -2.637e-9
40.0000, 48.0000, -2.639e-9
42.0000, 48.0000, -2.642e-9
44.0000, 48.0000, -2.645e-9
46.0000, 48.0000, -2.649e-9
48.0000, 48.0000, -2.651e-9
50.0000, 48.0000, -2.651e-9
52.0000, 48.0000, -2.652e-9
54.0000, 48.0000, -2.652e-9
56.0000, 48.0000, -2.651e-9
58.0000, 48.0000, -2.650e-9
60.0000, 48.0000, -2.648e-9
62.0000, 48.0000, -2.647e-9
64.0000, 48.0000, -2.648e-9
66.0000, 48.0000, -2.650e-9
68.0000, 48.0000, -2.649e-9
70.0000, 48.0000, -2.648e-9
72.0000, 48.0000, -2.646e-9
74.0000, 48.0000, -2.645e-9
76.0000, 48.0000, -2.644e-9
78.0000, 48.0000, -2.641e-9
80.0000, 48.0000, -2.638e-9
82.0000, 48.0000, -2.635e-9
84.0000, 48.0000, -2.633e-9
86.0000, 48.0000, -2.631e-9
88.0000, 48.0000, -2.628e-9
90.0000, 48.0000, -2.623e-9
92.0000, 48.0000, -2.621e-9
94.0000, 48.0000, -2.619e-9
96.0000, 48.0000, -2.617e-9
98.0000, 48.0000, -2.613e-9
100.0000, 48.0000, -2.611e-9
102.0000, 48.0000, -2.608e-9
104.0000, 48.0000, -2.606e-9
106.0000, 48.0000, -2.602e-9
108.0000, 48.0000, -2.601e-9
110.0000, 48.0000, -2.599e-9
112.0000, 48.0000, -2.596e-9
114.0000, 48.0000, -2.594e-9
116.0000, 48.0000, -2.591e-9
118.0000, 48.0000, -2.588e-9
120.0000, 48.0000, -2.586e-9
122.0000, 48.0000, -2.583e-9
124.0000, 48.0000, -2.581e-9
126.0000, 48.0000, -2.580e-9
128.0000, 48.0000, -2.579e-9
130.0000, 48.0000, -2.580e-9
132.0000, 48.0000, -2.580e-9
134.0000, 48.0000, -2.579e-9
136.0000, 48.0000, -2.578e-9
138.0000, 48.0000, -2.576e-9
140.0000, 48.0000, -2.575e-9
142.0000, 48.0000, -2.573e-9
144.0000, 48.0000, -2.570e-9
146.0000, 48.0000, -2.565e-9
148.0000, 48.0000, -2.562e-9
150.0000, 48.0000, -2.561e-9
152.0000, 48.0000, -2.560e-9
154.0000, 48.0000, -2.560e-9
156.0000, 48.0000, -2.558e-9
158.0000, 48.0000, -2.556e-9
160.0000, 48.0000, -2.553e-9
162.0000, 48.0000, -2.549e-9
164.0000, 48.0000, -2.546e-9
166.0000, 48.0000, -2.544e-9
168.0000, 48.0000, -2.541e-9
170.0000, 48.0000, -2.538e-9
172.0000, 48.0000, -2.537e-9
174.0000, 48.0000, -2.534e-9
176.0000, 48.0000, -2.532e-9
178.0000, 48.0000, -2.527e-9
180.0000, 48.0000, -2.523e-9
182.0000, 48.0000, -2.519e-9
184.0000, 48.0000, -2.515e-9
186.0000, 48.0000, -2.512e-9
188.0000, 48.0000, -2.509e-9
190.0000, 48.0000, -2.505e-9
192.0000, 48.0000, -2.502e-9
194.0000, 48.0000, -2.499e-9
196.0000, 48.0000, -2.497e-9
198.0000, 48.0000, -2.495e-9
200.0000, 48.0000, -2.492e-9
202.0000, 48.0000, -2.491e-9
204.0000, 48.0000, -2.490e-9
206.0000, 48.0000, -2.489e-9
208.0000, 48.0000, -2.487e-9
210.0000, 48.0000, -2.486e-9
212.0000, 48.0000, -2.484e-9
214.0000, 48.0000, -2.483e-9
216.0000, 48.0000, -2.482e-9
218.0000, 48.0000, -2.481e-9
220.0000, 48.0000, -2.480e-9
222.0000, 48.0000, -2.478e-9
224.0000, 48.0000, -2.477e-9
226.0000, 48.0000, -2.477e-9
228.0000, 48.0000, -2.476e-9
230.0000, 48.0000, -2.475e-9
232.0000, 48.0000, -2.474e-9
234.0000, 48.0000, -2.473e-9
236.0000, 48.0000, -2.473e-9
238.0000, 48.0000, -2.472e-9
240.0000, 48.0000, -2.472e-9
242.0000, 48.0000, -2.471e-9
244.0000, 48.0000, -2.471e-9
246.0000, 48.0000, -2.470e-9
248.0000, 48.0000, -2.469e-9
250.0000, 48.0000, -2.469e-9
252.0000, 48.0000, -2.468e-9
254.0000, 48.0000, -2.468e-9
256.0000, 48.0000, -2.468e-9
258.0000, 48.0000, -2.467e-9
260.0000, 48.0000, -2.466e-9
262.0000, 48.0000, -2.466e-9
264.0000, 48.0000, -2.465e-9
266.0000, 48.0000, -2.465e-9
268.0000, 48.0000, -2.465e-9
270.0000, 48.0000, -2.464e-9
272.0000, 48.0000, -2.464e-9
274.0000, 48.0000, -2.463e-9
276.0000, 48.0000, -2.463e-9
278.0000, 48.0000, -2.463e-9
280.0000, 48.0000, -2.462e-9
282.0000, 48.0000, -2.462e-9
284.0000, 48.0000, -2.462e-9
286.0000, 48.0000, -2.462e-9
288.0000, 48.0000, -2.461e-9
290.0000, 48.0000, -2.461e-9
292.0000, 48.0000, -2.462e-9
294.0000, 48.0000, -2.461e-9
296.0000, 48.0000, -2.461e-9
298.0000, 48.0000, -2.460e-9
0.0000, 50.0000, -3.128e-9
2.0000, 50.0000, -3.002e-9
4.0000, 50.0000, -2.900e-9
6.0000, 50.0000, -2.821e-9
8.0000, 50.0000, -2.764e-9
10.0000, 50.0000, -2.723e-9
12.0000, 50.0000, -2.692e-9
14.0000, 50.0000, -2.669e-9
16.0000, 50.0000, -2.654e-9
18.0000, 50.0000, -2.643e-9
20.0000, 50.0000, -2.634e-9
22.0000, 50.0000, -2.627e-9
24.0000, 50.0000, -2.625e-9
26.0000, 50.0000, -2.622e-9
28.0000, 50.0000, -2.621e-9
30.0000, 50.0000, -2.623e-9
32.0000, 50.0000, -2.628e-9
34.0000, 50.0000, -2.633e-9
36.0000, 50.0000, -2.639e-9
38.0000, 50.0000, -2.642e-9
40.0000, 50.0000, -2.645e-9
42.0000, 50.0000, -2.648e-9
44.0000, 50.0000, -2.652e-9
46.0000, 50.0000, -2.654e-9
48.0000, 50.0000, -2.656e-9
50.0000, 50.0000, -2.656e-9
52.0000, 50.0000, -2.657e-9
54.0000, 50.0000, -2.655e-9
56.0000, 50.0000, -2.653e-9
58.0000, 50.0000, -2.653e-9
60.0000, 50.0000, -2.653e-9
62.0000, 50.0000, -2.652e-9
64.0000, 50.0000, -2.652e-9
66.0000, 50.0000, -2.651e-9
68.0000, 50.0000, -2.650e-9
70.0000, 50.0000, -2.648e-9
72.0000, 50.0000, -2.647e-9
74.0000, 50.0000, -2.645e-9
76.0000, 50.0000, -2.643e-9
78.0000, 50.0000, -2.641e-9
80.0000, 50.0000, -2.638e-9
82.0000, 50.0000, -2.635e-9
84.0000, 50.0000, -2.633e-9
86.0000, 50.0000, -2.631e-9
88.0000, 50.0000, -2.628e-9
90.0000, 50.0000, -2.624e-9
92.0000, 50.0000, -2.620e-9
94.0000, 50.0000, -2.618e-9
96.0000, 50.0000, -2.617e-9
98.0000, 50.0000, -2.614e-9
100.0000, 50.0000, -2.615e-9
102.0000, 50.0000, -2.613e-9
104.0000, 50.0000, -2.609e-9
106.0000, 50.0000, -2.607e-9
108.0000, 50.0000, -2.605e-9
110.0000, 50.0000, -2.602e-9
112.0000, 50.0000, -2.599e-9
114.0000, 50.0000, -2.597e-9
116.0000, 50.0000, -2.595e-9
118.0000, 50.0000, -2.592e-9
120.0000, 50.0000, -2.589e-9
122.0000, 50.0000, -2.588e-9
124.0000, 50.0000, -2.587e-9
126.0000, 50.0000, -2.585e-9
128.0000, 50.0000, -2.584e-9
130.0000, 50.0000, -2.584e-9
132.0000, 50.0000, -2.584e-9
134.0000, 50.0000, -2.585e-9
136.0000, 50.0000, -2.584e-9
138.0000, 50.0000, -2.582e-9
140.0000, 50.0000, -2.581e-9
142.0000, 50.0000, -2.578e-9
144.0000, 50.0000, -2.574e-9
146.0000, 50.0000, -2.571e-9
148.0000, 50.0000, -2.568e-9
150.0000, 50.0000, -2.565e-9
152.0000, 50.0000, -2.563e-9
154.0000, 50.0000, -2.564e-9
156.0000, 50.0000, -2.563e-9
158.0000, 50.0000, -2.561e-9
160.0000, 50.0000, -2.557e-9
162.0000, 50.0000, -2.554e-9
164.0000, 50.0000, -2.551e-9
166.0000, 50.0000, -2.548e-9
168.0000, 50.0000, -2.546e-9
170.0000, 50.0000, -2.545e-9
172.0000, 50.0000, -2.543e-9
174.0000, 50.0000, -2.541e-9
176.0000, 50.0000, -2.540e-9
178.0000, 50.0000, -2.536e-9
180.0000, 50.0000, -2.531e-9
182.0000, 50.0000, -2.526e-9
184.0000, 50.0000, -2.523e-9
186.0000, 50.0000, -2.518e-9
188.0000, 50.0000, -2.514e-9
190.0000, 50.0000, -2.511e-9
192.0000, 50.0000, -2.508e-9
194.0000, 50.0000, -2.505e-9
196.0000, 50.0000, -2.502e-9
198.0000, 50.0000, -2.500e-9
200.0000, 50.0000, -2.498e-9
202.0000, 50.0000, -2.497e-9
204.0000, 50.0000, -2.495e-9
206.0000, 50.0000, -2.493e-9
208.0000, 50.0000, -2.492e-9
210.0000, 50.0000, -2.490e-9
212.0000, 50.0000, -2.488e-9
214.0000, 50.0000, -2.487e-9
216.0000, 50.0000, -2.485e-9
218.0000, 50.0000, -2.484e-9
220.0000, 50.0000, -2.483e-9
222.0000, 50.0000, -2.482e-9
224.0000, 50.0000, -2.481e-9
226.0000, 50.0000, -2.480e-9
228.0000, 50.0000, -2.479e-9
230.0000, 50.0000, -2.478e-9
232.0000, 50.0000, -2.477e-9
234.0000, 50.0000, -2.476e-9
236.0000, 50.0000, -2.476e-9
238.0000, 50.0000, -2.475e-9
240.0000, 50.0000, -2.475e-9
242.0000, 50.0000, -2.474e-9
244.0000, 50.0000, -2.474e-9
246.0000, 50.0000, -2.473e-9
248.0000, 50.0000, -2.472e-9
250.0000, 50.0000, -2.472e-9
252.0000, 50.0000, -2.471e-9
254.0000, 50.0000, -2.470e-9
256.0000, 50.0000, -2.470e-9
258.0000, 50.0000, -2.470e-9
260.0000, 50.0000, -2.469e-9
262.0000, 50.0000, -2.468e-9
264.0000, 50.0000, -2.468e-9
266.0000, 50.0000, -2.468e-9
268.0000, 50.0000, -2.468e-9
270.0000, 50.0000, -2.467e-9
272.0000, 50.0000, -2.467e-9
274.0000, 50.0000, -2.466e-9
276.0000, 50.0000, -2.466e-9
278.0000, 50.0000, -2.465e-9
280.0000, 50.0000, -2.465e-9
282.0000, 50.0000, -2.465e-9
284.0000, 50.0000, -2.465e-9
286.0000, 50.0000, -2.464e-9
288.0000, 50.0000, -2.464e-9
290.0000, 50.0000, -2.464e-9
292.0000, 50.0000, -2.464e-9
294.0000, 50.0000, -2.464e-9
296.0000, 50.0000, -2.463e-9
298.0000, 50.0000, -2.463e-9
0.0000, 52.0000, -3.165e-9
2.0000, 52.0000, -3.034e-9
4.0000, 52.0000, -2.925e-9
6.0000, 52.0000, -2.842e-9
8.0000, 52.0000, -2.780e-9
10.0000, 52.0000, -2.736e-9
12.0000, 52.0000, -2.702e-9
14.0000, 52.0000, -2.677e-9
16.0000, 52.0000, -2.658e-9
18.0000, 52.0000, -2.645e-9
20.0000, 52.0000, -2.635e-9
22.0000, 52.0000, -2.629e-9
24.0000, 52.0000, -2.627e-9
26.0000, 52.0000, -2.626e-9
28.0000, 52.0000, -2.626e-9
30.0000, 52.0000, -2.627e-9
32.0000, 52.0000, -2.631e-9
34.0000, 52.0000, -2.635e-9
36.0000, 52.0000, -2.640e-9
38.0000, 52.0000, -2.642e-9
40.0000, 52.0000, -2.647e-9
42.0000, 52.0000, -2.649e-9
44.0000, 52.0000, -2.653e-9
46.0000, 52.0000, -2.656e-9
48.0000, 52.0000, -2.661e-9
50.0000, 52.0000, -2.663e-9
52.0000, 52.0000, -2.664e-9
54.0000, 52.0000, -2.661e-9
56.0000, 52.0000, -2.660e-9
58.0000, 52.0000, -2.659e-9
60.0000, 52.0000, -2.656e-9
62.0000, 52.0000, -2.655e-9
64.0000, 52.0000, -2.653e-9
66.0000, 52.0000, -2.652e-9
68.0000, 52.0000, -2.652e-9
70.0000, 52.0000, -2.651e-9
72.0000, 52.0000, -2.651e-9
74.0000, 52.0000, -2.648e-9
76.0000, 52.0000, -2.645e-9
78.0000, 52.0000, -2.643e-9
80.0000, 52.0000, -2.641e-9
82.0000, 52.0000, -2.638e-9
84.0000, 52.0000, -2.636e-9
86.0000, 52.0000, -2.634e-9
88.0000, 52.0000, -2.631e-9
90.0000, 52.0000, -2.629e-9
92.0000, 52.0000, -2.628e-9
94.0000, 52.0000, -2.624e-9
96.0000, 52.0000, -2.622e-9
98.0000, 52.0000, -2.620e-9
100.0000, 52.0000, -2.618e-9
102.0000, 52.0000, -2.615e-9
104.0000, 52.0000, -2.612e-9
106.0000, 52.0000, -2.609e-9
108.0000, 52.0000, -2.607e-9
110.0000, 52.0000, -2.605e-9
112.0000, 52.0000, -2.602e-9
114.0000, 52.0000, -2.599e-9
116.0000, 52.0000, -2.597e-9
118.0000, 52.0000, -2.593e-9
120.0000, 52.0000, -2.590e-9
122.0000, 52.0000, -2.588e-9
124.0000, 52.0000, -2.587e-9
126.0000, 52.0000, -2.586e-9
128.0000, 52.0000, -2.585e-9
130.0000, 52.0000, -2.587e-9
132.0000, 52.0000, -2.587e-9
134.0000, 52.0000, -2.585e-9
136.0000, 52.0000, -2.583e-9
138.0000, 52.0000, -2.580e-9
140.0000, 52.0000, -2.578e-9
142.0000, 52.0000, -2.575e-9
144.0000, 52.0000, -2.574e-9
146.0000, 52.0000, -2.572e-9
148.0000, 52.0000, -2.570e-9
150.0000, 52.0000, -2.567e-9
152.0000, 52.0000, -2.564e-9
154.0000, 52.0000, -2.564e-9
156.0000, 52.0000, -2.564e-9
158.0000, 52.0000, -2.563e-9
160.0000, 52.0000, -2.561e-9
162.0000, 52.0000, -2.559e-9
164.0000, 52.0000, -2.556e-9
166.0000, 52.0000, -2.553e-9
168.0000, 52.0000, -2.551e-9
170.0000, 52.0000, -2.550e-9
172.0000, 52.0000, -2.549e-9
174.0000, 52.0000, -2.548e-9
176.0000, 52.0000, -2.547e-9
178.0000, 52.0000, -2.543e-9
180.0000, 52.0000, -2.539e-9
182.0000, 52.0000, -2.535e-9
184.0000, 52.0000, -2.531e-9
186.0000, 52.0000, -2.526e-9
188.0000, 52.0000, -2.521e-9
190.0000, 52.0000, -2.517e-9
192.0000, 52.0000, -2.513e-9
194.0000, 52.0000, -2.511e-9
196.0000, 52.0000, -2.509e-9
198.0000, 52.0000, -2.506e-9
200.0000, 52.0000, -2.504e-9
202.0000, 52.0000, -2.502e-9
204.0000, 52.0000, -2.500e-9
206.0000, 52.0000, -2.497e-9
208.0000, 52.0000, -2.496e-9
210.0000, 52.0000, -2.494e-9
212.0000, 52.0000, -2.493e-9
214.0000, 52.0000, -2.492e-9
216.0000, 52.0000, -2.490e-9
218.0000, 52.0000, -2.488e-9
220.0000, 52.0000, -2.487e-9
222.0000, 52.0000, -2.486e-9
224.0000, 52.0000, -2.484e-9
226.0000, 52.0000, -2.484e-9
228.0000, 52.0000, -2.483e-9
230.0000, 52.0000, -2.482e-9
232.0000, 52.0000, -2.481e-9
234.0000, 52.0000, -2.480e-9
236.0000, 52.0000, -2.479e-9
238.0000, 52.0000, -2.479e-9
240.0000, 52.0000, -2.478e-9
242.0000, 52.0000, -2.478e-9
244.0000, 52.0000, -2.477e-9
246.0000, 52.0000, -2.477e-9
248.0000, 52.0000, -2.476e-9
250.0000, 52.0000, -2.475e-9
252.0000, 52.0000, -2.474e-9
254.0000, 52.0000, -2.474e-9
256.0000, 52.0000, -2.473e-9
258.0000, 52.0000, -2.473e-9
260.0000, 52.0000, -2.473e-9
262.0000, 52.0000, -2.472e-9
264.0000, 52.0000, -2.471e-9
266.0000, 52.0000, -2.471e-9
268.0000, 52.0000, -2.470e-9
270.0000, 52.0000, -2.471e-9
272.0000, 52.0000, -2.470e-9
274.0000, 52.0000, -2.469e-9
276.0000, 52.0000, -2.469e-9
278.0000, 52.0000, -2.468e-9
280.0000, 52.0000, -2.468e-9
282.0000, 52.0000, -2.468e-9
284.0000, 52.0000, -2.467e-9
286.0000, 52.0000, -2.467e-9
288.0000, 52.0000, -2.467e-9
290.0000, 52.0000, -2.467e-9
292.0000, 52.0000, -2.467e-9
294.0000, 52.0000, -2.466e-9
296.0000, 52.0000, -2.466e-9
298.0000, 52.0000, -2.466e-9
0.0000, 54.0000, -3.138e-9
2.0000, 54.0000, -3.013e-9
4.0000, 54.0000, -2.910e-9
6.0000, 54.0000, -2.832e-9
8.0000, 54.0000, -2.774e-9
10.0000, 54.0000, -2.731e-9
12.0000, 54.0000, -2.700e-9
14.0000, 54.0000, -2.677e-9
16.0000, 54.0000, -2.660e-9
18.0000, 54.0000, -2.646e-9
20.0000, 54.0000, -2.638e-9
22.0000, 54.0000, -2.633e-9
24.0000, 54.0000, -2.631e-9
26.0000, 54.0000, -2.629e-9
28.0000, 54.0000, -2.628e-9
30.0000, 54.0000, -2.629e-9
32.0000, 54.0000, -2.632e-9
34.0000, 54.0000, -2.635e-9
36.0000, 54.0000, -2.638e-9
38.0000, 54.0000, -2.641e-9
40.0000, 54.0000, -2.644e-9
42.0000, 54.0000, -2.648e-9
44.0000, 54.0000, -2.653e-9
46.0000, 54.0000, -2.657e-9
48.0000, 54.0000, -2.658e-9
50.0000, 54.0000, -2.658e-9
52.0000, 54.0000, -2.658e-9
54.0000, 54.0000, -2.658e-9
56.0000, 54.0000, -2.658e-9
58.0000, 54.0000, -2.659e-9
60.0000, 54.0000, -2.660e-9
62.0000, 54.0000, -2.658e-9
64.0000, 54.0000, -2.658e-9
66.0000, 54.0000, -2.657e-9
68.0000, 54.0000, -2.656e-9
70.0000, 54.0000, -2.655e-9
72.0000, 54.0000, -2.652e-9
74.0000, 54.0000, -2.650e-9
76.0000, 54.0000, -2.648e-9
78.0000, 54.0000, -2.646e-9
80.0000, 54.0000, -2.643e-9
82.0000, 54.0000, -2.640e-9
84.0000, 54.0000, -2.639e-9
86.0000, 54.0000, -2.636e-9
88.0000, 54.0000, -2.633e-9
90.0000, 54.0000, -2.631e-9
92.0000, 54.0000, -2.628e-9
94.0000, 54.0000, -2.626e-9
96.0000, 54.0000, -2.625e-9
98.0000, 54.0000, -2.622e-9
100.0000, 54.0000, -2.619e-9
102.0000, 54.0000, -2.616e-9
104.0000, 54.0000, -2.613e-9
106.0000, 54.0000, -2.610e-9
108.0000, 54.0000, -2.606e-9
110.0000, 54.0000, -2.603e-9
112.0000, 54.0000, -2.601e-9
114.0000, 54.0000, -2.600e-9
116.0000, 54.0000, -2.597e-9
118.0000, 54.0000, -2.594e-9
120.0000, 54.0000, -2.593e-9
122.0000, 54.0000, -2.591e-9
124.0000, 54.0000, -2.589e-9
126.0000, 54.0000, -2.587e-9
128.0000, 54.0000, -2.585e-9
130.0000, 54.0000, -2.584e-9
132.0000, 54.0000, -2.583e-9
134.0000, 54.0000, -2.586e-9
136.0000, 54.0000, -2.586e-9
138.0000, 54.0000, -2.583e-9
140.0000, 54.0000, -2.579e-9
142.0000, 54.0000, -2.575e-9
144.0000, 54.0000, -2.572e-9
146.0000, 54.0000, -2.569e-9
148.0000, 54.0000, -2.568e-9
150.0000, 54.0000, -2.566e-9
152.0000, 54.0000, -2.567e-9
154.0000, 54.0000, -2.567e-9
156.0000, 54.0000, -2.566e-9
158.0000, 54.0000, -2.565e-9
160.0000, 54.0000, -2.563e-9
162.0000, 54.0000, -2.561e-9
164.0000, 54.0000, -2.559e-9
166.0000, 54.0000, -2.556e-9
168.0000, 54.0000, -2.554e-9
170.0000, 54.0000, -2.553e-9
172.0000, 54.0000, -2.552e-9
174.0000, 54.0000, -2.551e-9
176.0000, 54.0000, -2.550e-9
178.0000, 54.0000, -2.548e-9
180.0000, 54.0000, -2.545e-9
182.0000, 54.0000, -2.541e-9
184.0000, 54.0000, -2.536e-9
186.0000, 54.0000, -2.531e-9
188.0000, 54.0000, -2.527e-9
190.0000, 54.0000, -2.522e-9
192.0000, 54.0000, -2.518e-9
194.0000, 54.0000, -2.515e-9
196.0000, 54.0000, -2.512e-9
198.0000, 54.0000, -2.509e-9
200.0000, 54.0000, -2.506e-9
202.0000, 54.0000, -2.505e-9
204.0000, 54.0000, -2.503e-9
206.0000, 54.0000, -2.500e-9
208.0000, 54.0000, -2.499e-9
210.0000, 54.0000, -2.497e-9
212.0000, 54.0000, -2.495e-9
214.0000, 54.0000, -2.494e-9
216.0000, 54.0000, -2.493e-9
218.0000, 54.0000, -2.491e-9
220.0000, 54.0000, -2.490e-9
222.0000, 54.0000, -2.488e-9
224.0000, 54.0000, -2.488e-9
226.0000, 54.0000, -2.487e-9
228.0000, 54.0000, -2.485e-9
230.0000, 54.0000, -2.484e-9
232.0000, 54.0000, -2.483e-9
234.0000, 54.0000, -2.482e-9
236.0000, 54.0000, -2.481e-9
238.0000, 54.0000, -2.481e-9
240.0000, 54.0000, -2.480e-9
242.0000, 54.0000, -2.480e-9
244.0000, 54.0000, -2.479e-9
246.0000, 54.0000, -2.479e-9
248.0000, 54.0000, -2.478e-9
250.0000, 54.0000, -2.477e-9
252.0000, 54.0000, -2.476e-9
254.0000, 54.0000, -2.476e-9
256.0000, 54.0000, -2.475e-9
258.0000, 54.0000, -2.475e-9
260.0000, 54.0000, -2.474e-9
262.0000, 54.0000, -2.474e-9
264.0000, 54.0000, -2.473e-9
266.0000, 54.0000, -2.473e-9
268.0000, 54.0000, -2.472e-9
270.0000, 54.0000, -2.471e-9
272.0000, 54.0000, -2.471e-9
274.0000, 54.0000, -2.471e-9
276.0000, 54.0000, -2.470e-9
278.0000, 54.0000, -2.470e-9
280.0000, 54.0000, -2.469e-9
282.0000, 54.0000, -2.470e-9
284.0000, 54.0000, -2.469e-9
286.0000, 54.0000, -2.469e-9
288.0000, 54.0000, -2.469e-9
290.0000, 54.0000, -2.469e-9
292.0000, 54.0000, -2.468e-9
294.0000, 54.0000, -2.468e-9
296.0000, 54.0000, -2.467e-9
298.0000, 54.0000, -2.467e-9
0.0000, 56.0000, -3.148e-9
2.0000, 56.0000, -3.021e-9
4.0000, 56.0000, -2.915e-9
6.0000, 56.0000, -2.835e-9
8.0000, 56.0000, -2.776e-9
10.0000, 56.0000, -2.731e-9
12.0000, 56.0000, -2.699e-9
14.0000, 56.0000, -2.675e-9
16.0000, 56.0000, -2.657e-9
18.0000, 56.0000, -2.644e-9
20.0000, 56.0000, -2.636e-9
22.0000, 56.0000, -2.630e-9
24.0000, 56.0000, -2.626e-9
26.0000, 56.0000, -2.624e-9
28.0000, 56.0000, -2.623e-9
30.0000, 56.0000, -2.623e-9
32.0000, 56.0000, -2.625e-9
34.0000, 56.0000, -2.629e-9
36.0000, 56.0000, -2.632e-9
38.0000, 56.0000, -2.636e-9
40.0000, 56.0000, -2.640e-9
42.0000, 56.0000, -2.642e-9
44.0000, 56.0000, -2.645e-9
46.0000, 56.0000, -2.647e-9
48.0000, 56.0000, -2.650e-9
50.0000, 56.0000, -2.653e-9
52.0000, 56.0000, -2.656e-9
54.0000, 56.0000, -2.658e-9
56.0000, 56.0000, -2.657e-9
58.0000, 56.0000, -2.656e-9
60.0000, 56.0000, -2.654e-9
62.0000, 56.0000, -2.653e-9
64.0000, 56.0000, -2.652e-9
66.0000, 56.0000, -2.650e-9
68.0000, 56.0000, -2.650e-9
70.0000, 56.0000, -2.651e-9
72.0000, 56.0000, -2.649e-9
74.0000, 56.0000, -2.647e-9
76.0000, 56.0000, -2.645e-9
78.0000, 56.0000, -2.643e-9
80.0000, 56.0000, -2.640e-9
82.0000, 56.0000, -2.637e-9
84.0000, 56.0000, -2.635e-9
86.0000, 56.0000, -2.633e-9
88.0000, 56.0000, -2.631e-9
90.0000, 56.0000, -2.629e-9
92.0000, 56.0000, -2.627e-9
94.0000, 56.0000, -2.625e-9
96.0000, 56.0000, -2.623e-9
98.0000, 56.0000, -2.620e-9
100.0000, 56.0000, -2.617e-9
102.0000, 56.0000, -2.614e-9
104.0000, 56.0000, -2.611e-9
106.0000, 56.0000, -2.608e-9
108.0000, 56.0000, -2.604e-9
110.0000, 56.0000, -2.601e-9
112.0000, 56.0000, -2.599e-9
114.0000, 56.0000, -2.597e-9
116.0000, 56.0000, -2.593e-9
118.0000, 56.0000, -2.590e-9
120.0000, 56.0000, -2.588e-9
122.0000, 56.0000, -2.586e-9
124.0000, 56.0000, -2.585e-9
126.0000, 56.0000, -2.584e-9
128.0000, 56.0000, -2.583e-9
130.0000, 56.0000, -2.583e-9
132.0000, 56.0000, -2.580e-9
134.0000, 56.0000, -2.580e-9
136.0000, 56.0000, -2.579e-9
138.0000, 56.0000, -2.579e-9
140.0000, 56.0000, -2.577e-9
142.0000, 56.0000, -2.576e-9
144.0000, 56.0000, -2.571e-9
146.0000, 56.0000, -2.568e-9
148.0000, 56.0000, -2.565e-9
150.0000, 56.0000, -2.565e-9
152.0000, 56.0000, -2.564e-9
154.0000, 56.0000, -2.565e-9
156.0000, 56.0000, -2.563e-9
158.0000, 56.0000, -2.562e-9
160.0000, 56.0000, -2.560e-9
162.0000, 56.0000, -2.557e-9
164.0000, 56.0000, -2.555e-9
166.0000, 56.0000, -2.552e-9
168.0000, 56.0000, -2.550e-9
170.0000, 56.0000, -2.548e-9
172.0000, 56.0000, -2.548e-9
174.0000, 56.0000, -2.546e-9
176.0000, 56.0000, -2.545e-9
178.0000, 56.0000, -2.544e-9
180.0000, 56.0000, -2.542e-9
182.0000, 56.0000, -2.539e-9
184.0000, 56.0000, -2.534e-9
186.0000, 56.0000, -2.530e-9
188.0000, 56.0000, -2.524e-9
190.0000, 56.0000, -2.520e-9
192.0000, 56.0000, -2.516e-9
194.0000, 56.0000, -2.512e-9
196.0000, 56.0000, -2.509e-9
198.0000, 56.0000, -2.507e-9
200.0000, 56.0000, -2.504e-9
202.0000, 56.0000, -2.501e-9
204.0000, 56.0000, -2.499e-9
206.0000, 56.0000, -2.498e-9
208.0000, 56.0000, -2.496e-9
210.0000, 56.0000, -2.494e-9
212.0000, 56.0000, -2.492e-9
214.0000, 56.0000, -2.490e-9
216.0000, 56.0000, -2.489e-9
218.0000, 56.0000, -2.487e-9
220.0000, 56.0000, -2.486e-9
222.0000, 56.0000, -2.485e-9
224.0000, 56.0000, -2.483e-9
226.0000, 56.0000, -2.482e-9
228.0000, 56.0000, -2.482e-9
230.0000, 56.0000, -2.480e-9
232.0000, 56.0000, -2.479e-9
234.0000, 56.0000, -2.478e-9
236.0000, 56.0000, -2.477e-9
238.0000, 56.0000, -2.476e-9
240.0000, 56.0000, -2.476e-9
242.0000, 56.0000, -2.476e-9
244.0000, 56.0000, -2.475e-9
246.0000, 56.0000, -2.474e-9
248.0000, 56.0000, -2.473e-9
250.0000, 56.0000, -2.473e-9
252.0000, 56.0000, -2.472e-9
254.0000, 56.0000, -2.472e-9
256.0000, 56.0000, -2.471e-9
258.0000, 56.0000, -2.471e-9
260.0000, 56.0000, -2.470e-9
262.0000, 56.0000, -2.470e-9
264.0000, 56.0000, -2.470e-9
266.0000, 56.0000, -2.469e-9
268.0000, 56.0000, -2.468e-9
270.0000, 56.0000, -2.467e-9
272.0000, 56.0000, -2.467e-9
274.0000, 56.0000, -2.467e-9
276.0000, 56.0000, -2.467e-9
278.0000, 56.0000, -2.466e-9
280.0000, 56.0000, -2.465e-9
282.0000, 56.0000, -2.465e-9
284.0000, 56.0000, -2.464e-9
286.0000, 56.0000, -2.464e-9
288.0000, 56.0000, -2.464e-9
290.0000, 56.0000, -2.464e-9
292.0000, 56.0000, -2.464e-9
294.0000, 56.0000, -2.464e-9
296.0000, 56.0000, -2.463e-9
298.0000, 56.0000, -2.463e-9
0.0000, 58.0000, -3.155e-9
2.0000, 58.0000, -3.028e-9
4.0000, 58.0000, -2.921e-9
6.0000, 58.0000, -2.840e-9
8.0000, 58.0000, -2.780e-9
10.0000, 58.0000, -2.736e-9
12.0000, 58.0000, -2.704e-9
14.0000, 58.0000, -2.680e-9
16.0000, 58.0000, -2.662e-9
18.0000, 58.0000, -2.648e-9
20.0000, 58.0000, -2.639e-9
22.0000, 58.0000, -2.635e-9
24.0000, 58.0000, -2.632e-9
26.0000, 58.0000, -2.630e-9
28.0000, 58.0000, -2.628e-9
30.0000, 58.0000, -2.628e-9
32.0000, 58.0000, -2.630e-9
34.0000, 58.0000, -2.632e-9
36.0000, 58.0000, -2.635e-9
38.0000, 58.0000, -2.638e-9
40.0000, 58.0000, -2.641e-9
42.0000, 58.0000, -2.645e-9
44.0000, 58.0000, -2.648e-9
46.0000, 58.0000, -2.651e-9
48.0000, 58.0000, -2.654e-9
50.0000, 58.0000, -2.655e-9
52.0000, 58.0000, -2.657e-9
54.0000, 58.0000, -2.658e-9
56.0000, 58.0000, -2.657e-9
58.0000, 58.0000, -2.656e-9
60.0000, 58.0000, -2.654e-9
62.0000, 58.0000, -2.653e-9
64.0000, 58.0000, -2.652e-9
66.0000, 58.0000, -2.650e-9
68.0000, 58.0000, -2.649e-9
70.0000, 58.0000, -2.649e-9
72.0000, 58.0000, -2.649e-9
74.0000, 58.0000, -2.647e-9
76.0000, 58.0000, -2.645e-9
78.0000, 58.0000, -2.643e-9
80.0000, 58.0000, -2.642e-9
82.0000, 58.0000, -2.639e-9
84.0000, 58.0000, -2.636e-9
86.0000, 58.0000, -2.634e-9
88.0000, 58.0000, -2.632e-9
90.0000, 58.0000, -2.631e-9
92.0000, 58.0000, -2.629e-9
94.0000, 58.0000, -2.627e-9
96.0000, 58.0000, -2.624e-9
98.0000, 58.0000, -2.621e-9
100.0000, 58.0000, -2.619e-9
102.0000, 58.0000, -2.617e-9
104.0000, 58.0000, -2.613e-9
106.0000, 58.0000, -2.610e-9
108.0000, 58.0000, -2.608e-9
110.0000, 58.0000, -2.605e-9
112.0000, 58.0000, -2.602e-9
114.0000, 58.0000, -2.599e-9
116.0000, 58.0000, -2.595e-9
118.0000, 58.0000, -2.592e-9
120.0000, 58.0000, -2.590e-9
122.0000, 58.0000, -2.589e-9
124.0000, 58.0000, -2.589e-9
126.0000, 58.0000, -2.589e-9
128.0000, 58.0000, -2.588e-9
130.0000, 58.0000, -2.587e-9
132.0000, 58.0000, -2.588e-9
134.0000, 58.0000, -2.586e-9
136.0000, 58.0000, -2.584e-9
138.0000, 58.0000, -2.582e-9
140.0000, 58.0000, -2.578e-9
142.0000, 58.0000, -2.576e-9
144.0000, 58.0000, -2.574e-9
146.0000, 58.0000, -2.574e-9
148.0000, 58.0000, -2.572e-9
150.0000, 58.0000, -2.570e-9
152.0000, 58.0000, -2.569e-9
154.0000, 58.0000, -2.569e-9
156.0000, 58.0000, -2.568e-9
158.0000, 58.0000, -2.568e-9
160.0000, 58.0000, -2.565e-9
162.0000, 58.0000, -2.562e-9
164.0000, 58.0000, -2.560e-9
166.0000, 58.0000, -2.558e-9
168.0000, 58.0000, -2.554e-9
170.0000, 58.0000, -2.551e-9
172.0000, 58.0000, -2.551e-9
174.0000, 58.0000, -2.549e-9
176.0000, 58.0000, -2.547e-9
178.0000, 58.0000, -2.546e-9
180.0000, 58.0000, -2.545e-9
182.0000, 58.0000, -2.542e-9
184.0000, 58.0000, -2.537e-9
186.0000, 58.0000, -2.533e-9
188.0000, 58.0000, -2.529e-9
190.0000, 58.0000, -2.525e-9
192.0000, 58.0000, -2.520e-9
194.0000, 58.0000, -2.516e-9
196.0000, 58.0000, -2.512e-9
198.0000, 58.0000, -2.509e-9
200.0000, 58.0000, -2.507e-9
202.0000, 58.0000, -2.504e-9
204.0000, 58.0000, -2.503e-9
206.0000, 58.0000, -2.501e-9
208.0000, 58.0000, -2.499e-9
210.0000, 58.0000, -2.498e-9
212.0000, 58.0000, -2.496e-9
214.0000, 58.0000, -2.493e-9
216.0000, 58.0000, -2.491e-9
218.0000, 58.0000, -2.490e-9
220.0000, 58.0000, -2.489e-9
222.0000, 58.0000, -2.488e-9
224.0000, 58.0000, -2.486e-9
226.0000, 58.0000, -2.485e-9
228.0000, 58.0000, -2.484e-9
230.0000, 58.0000, -2.483e-9
232.0000, 58.0000, -2.482e-9
234.0000, 58.0000, -2.481e-9
236.0000, 58.0000, -2.480e-9
238.0000, 58.0000, -2.479e-9
240.0000, 58.0000, -2.478e-9
242.0000, 58.0000, -2.478e-9
244.0000, 58.0000, -2.477e-9
246.0000, 58.0000, -2.477e-9
248.0000, 58.0000, -2.476e-9
250.0000, 58.0000, -2.475e-9
252.0000, 58.0000, -2.474e-9
254.0000, 58.0000, -2.474e-9
256.0000, 58.0000, -2.473e-9
258.0000, 58.0000, -2.474e-9
260.0000, 58.0000, -2.473e-9
262.0000, 58.0000, -2.472e-9
264.0000, 58.0000, -2.471e-9
266.0000, 58.0000, -2.471e-9
268.0000, 58.0000, -2.471e-9
270.0000, 58.0000, -2.470e-9
272.0000, 58.0000, -2.469e-9
274.0000, 58.0000, -2.469e-9
276.0000, 58.0000, -2.468e-9
278.0000, 58.0000, -2.468e-9
280.0000, 58.0000, -2.468e-9
282.0000, 58.0000, -2.468e-9
284.0000, 58.0000, -2.468e-9
286.0000, 58.0000, -2.467e-9
288.0000, 58.0000, -2.467e-9
290.0000, 58.0000, -2.466e-9
292.0000, 58.0000, -2.465e-9
294.0000, 58.0000, -2.466e-9
296.0000, 58.0000, -2.465e-9
298.0000, 58.0000, -2.465e-9
0.0000, 60.0000, -3.141e-9
2.0000, 60.0000, -3.017e-9
4.0000, 60.0000, -2.914e-9
6.0000, 60.0000, -2.837e-9
8.0000, 60.0000, -2.779e-9
10.0000, 60.0000, -2.736e-9
12.0000, 60.0000, -2.704e-9
14.0000, 60.0000, -2.681e-9
16.0000, 60.0000, -2.664e-9
18.0000, 60.0000, -2.651e-9
20.0000, 60.0000, -2.642e-9
22.0000, 60.0000, -2.636e-9
24.0000, 60.0000, -2.633e-9
26.0000, 60.0000, -2.629e-9
28.0000, 60.0000, -2.628e-9
30.0000, 60.0000, -2.630e-9
32.0000, 60.0000, -2.634e-9
34.0000, 60.0000, -2.637e-9
36.0000, 60.0000, -2.639e-9
38.0000, 60.0000, -2.641e-9
40.0000, 60.0000, -2.644e-9
42.0000, 60.0000, -2.647e-9
44.0000, 60.0000, -2.651e-9
46.0000, 60.0000, -2.655e-9
48.0000, 60.0000, -2.658e-9
50.0000, 60.0000, -2.659e-9
52.0000, 60.0000, -2.660e-9
54.0000, 60.0000, -2.659e-9
56.0000, 60.0000, -2.658e-9
58.0000, 60.0000, -2.657e-9
60.0000, 60.0000, -2.655e-9
62.0000, 60.0000, -2.652e-9
64.0000, 60.0000, -2.650e-9
66.0000, 60.0000, -2.650e-9
68.0000, 60.0000, -2.650e-9
70.0000, 60.0000, -2.649e-9
72.0000, 60.0000, -2.648e-9
74.0000, 60.0000, -2.648e-9
76.0000, 60.0000, -2.646e-9
78.0000, 60.0000, -2.643e-9
80.0000, 60.0000, -2.642e-9
82.0000, 60.0000, -2.641e-9
84.0000, 60.0000, -2.639e-9
86.0000, 60.0000, -2.637e-9
88.0000, 60.0000, -2.635e-9
90.0000, 60.0000, -2.632e-9
92.0000, 60.0000, -2.628e-9
94.0000, 60.0000, -2.626e-9
96.0000, 60.0000, -2.624e-9
98.0000, 60.0000, -2.622e-9
100.0000, 60.0000, -2.620e-9
102.0000, 60.0000, -2.619e-9
104.0000, 60.0000, -2.616e-9
106.0000, 60.0000, -2.614e-9
108.0000, 60.0000, -2.611e-9
110.0000, 60.0000, -2.608e-9
112.0000, 60.0000, -2.606e-9
114.0000, 60.0000, -2.603e-9
116.0000, 60.0000, -2.601e-9
118.0000, 60.0000, -2.598e-9
120.0000, 60.0000, -2.597e-9
122.0000, 60.0000, -2.595e-9
124.0000, 60.0000, -2.594e-9
126.0000, 60.0000, -2.593e-9
128.0000, 60.0000, -2.592e-9
130.0000, 60.0000, -2.592e-9
132.0000, 60.0000, -2.590e-9
134.0000, 60.0000, -2.590e-9
136.0000, 60.0000, -2.588e-9
138.0000, 60.0000, -2.587e-9
140.0000, 60.0000, -2.587e-9
142.0000, 60.0000, -2.585e-9
144.0000, 60.0000, -2.583e-9
146.0000, 60.0000, -2.579e-9
148.0000, 60.0000, -2.575e-9
150.0000, 60.0000, -2.573e-9
152.0000, 60.0000, -2.571e-9
154.0000, 60.0000, -2.571e-9
156.0000, 60.0000, -2.570e-9
158.0000, 60.0000, -2.570e-9
160.0000, 60.0000, -2.569e-9
162.0000, 60.0000, -2.568e-9
164.0000, 60.0000, -2.565e-9
166.0000, 60.0000, -2.561e-9
168.0000, 60.0000, -2.558e-9
170.0000, 60.0000, -2.555e-9
172.0000, 60.0000, -2.554e-9
174.0000, 60.0000, -2.552e-9
176.0000, 60.0000, -2.550e-9
178.0000, 60.0000, -2.550e-9
180.0000, 60.0000, -2.549e-9
182.0000, 60.0000, -2.547e-9
184.0000, 60.0000, -2.543e-9
186.0000, 60.0000, -2.539e-9
188.0000, 60.0000, -2.533e-9
190.0000, 60.0000, -2.529e-9
192.0000, 60.0000, -2.525e-9
194.0000, 60.0000, -2.521e-9
196.0000, 60.0000, -2.517e-9
198.0000, 60.0000, -2.515e-9
200.0000, 60.0000, -2.511e-9
202.0000, 60.0000, -2.509e-9
204.0000, 60.0000, -2.507e-9
206.0000, 60.0000, -2.505e-9
208.0000, 60.0000, -2.503e-9
210.0000, 60.0000, -2.501e-9
212.0000, 60.0000, -2.498e-9
214.0000, 60.0000, -2.497e-9
216.0000, 60.0000, -2.496e-9
218.0000, 60.0000, -2.493e-9
220.0000, 60.0000, -2.492e-9
222.0000, 60.0000, -2.491e-9
224.0000, 60.0000, -2.489e-9
226.0000, 60.0000, -2.488e-9
228.0000, 60.0000, -2.487e-9
230.0000, 60.0000, -2.486e-9
232.0000, 60.0000, -2.485e-9
234.0000, 60.0000, -2.484e-9
236.0000, 60.0000, -2.483e-9
238.0000, 60.0000, -2.482e-9
240.0000, 60.0000, -2.481e-9
242.0000, 60.0000, -2.480e-9
244.0000, 60.0000, -2.480e-9
246.0000, 60.0000, -2.480e-9
248.0000, 60.0000, -2.479e-9
250.0000, 60.0000, -2.478e-9
252.0000, 60.0000, -2.477e-9
254.0000, 60.0000, -2.476e-9
256.0000, 60.0000, -2.476e-9
258.0000, 60.0000, -2.475e-9
260.0000, 60.0000, -2.475e-9
262.0000, 60.0000, -2.474e-9
264.0000, 60.0000, -2.474e-9
266.0000, 60.0000, -2.473e-9
268.0000, 60.0000, -2.473e-9
270.0000, 60.0000, -2.473e-9
272.0000, 60.0000, -2.473e-9
274.0000, 60.0000, -2.472e-9
276.0000, 60.0000, -2.471e-9
278.0000, 60.0000, -2.471e-9
280.0000, 60.0000, -2.471e-9
282.0000, 60.0000, -2.470e-9
284.0000, 60.0000, -2.470e-9
286.0000, 60.0000, -2.470e-9
288.0000, 60.0000, -2.469e-9
290.0000, 60.0000, -2.469e-9
292.0000, 60.0000, -2.469e-9
294.0000, 60.0000, -2.468e-9
296.0000, 60.0000, -2.468e-9
298.0000, 60.0000, -2.468e-9
0.0000, 62.0000, -3.167e-9
2.0000, 62.0000, -3.036e-9
4.0000, 62.0000, -2.930e-9
6.0000, 62.0000, -2.849e-9
8.0000, 62.0000, -2.790e-9
10.0000, 62.0000, -2.745e-9
12.0000, 62.0000, -2.713e-9
14.0000, 62.0000, -2.689e-9
16.0000, 62.0000, -2.671e-9
18.0000, 62.0000, -2.658e-9
20.0000, 62.0000, -2.648e-9
22.0000, 62.0000, -2.640e-9
24.0000, 62.0000, -2.635e-9
26.0000, 62.0000, -2.633e-9
28.0000, 62.0000, -2.632e-9
30.0000, 62.0000, -2.634e-9
32.0000, 62.0000, -2.637e-9
34.0000, 62.0000, -2.640e-9
36.0000, 62.0000, -2.641e-9
38.0000, 62.0000, -2.643e-9
40.0000, 62.0000, -2.646e-9
42.0000, 62.0000, -2.652e-9
44.0000, 62.0000, -2.656e-9
46.0000, 62.0000, -2.660e-9
48.0000, 62.0000, -2.662e-9
50.0000, 62.0000, -2.663e-9
52.0000, 62.0000, -2.664e-9
54.0000, 62.0000, -2.663e-9
56.0000, 62.0000, -2.660e-9
58.0000, 62.0000, -2.656e-9
60.0000, 62.0000, -2.655e-9
62.0000, 62.0000, -2.655e-9
64.0000, 62.0000, -2.656e-9
66.0000, 62.0000, -2.656e-9
68.0000, 62.0000, -2.656e-9
70.0000, 62.0000, -2.655e-9
72.0000, 62.0000, -2.653e-9
74.0000, 62.0000, -2.651e-9
76.0000, 62.0000, -2.650e-9
78.0000, 62.0000, -2.649e-9
80.0000, 62.0000, -2.648e-9
82.0000, 62.0000, -2.648e-9
84.0000, 62.0000, -2.645e-9
86.0000, 62.0000, -2.643e-9
88.0000, 62.0000, -2.639e-9
90.0000, 62.0000, -2.634e-9
92.0000, 62.0000, -2.631e-9
94.0000, 62.0000, -2.630e-9
96.0000, 62.0000, -2.627e-9
98.0000, 62.0000, -2.624e-9
100.0000, 62.0000, -2.622e-9
102.0000, 62.0000, -2.620e-9
104.0000, 62.0000, -2.619e-9
106.0000, 62.0000, -2.616e-9
108.0000, 62.0000, -2.614e-9
110.0000, 62.0000, -2.611e-9
112.0000, 62.0000, -2.608e-9
114.0000, 62.0000, -2.606e-9
116.0000, 62.0000, -2.604e-9
118.0000, 62.0000, -2.600e-9
120.0000, 62.0000, -2.598e-9
122.0000, 62.0000, -2.598e-9
124.0000, 62.0000, -2.598e-9
126.0000, 62.0000, -2.597e-9
128.0000, 62.0000, -2.596e-9
130.0000, 62.0000, -2.595e-9
132.0000, 62.0000, -2.593e-9
134.0000, 62.0000, -2.592e-9
136.0000, 62.0000, -2.591e-9
138.0000, 62.0000, -2.589e-9
140.0000, 62.0000, -2.587e-9
142.0000, 62.0000, -2.586e-9
144.0000, 62.0000, -2.584e-9
146.0000, 62.0000, -2.581e-9
148.0000, 62.0000, -2.578e-9
150.0000, 62.0000, -2.576e-9
152.0000, 62.0000, -2.575e-9
154.0000, 62.0000, -2.574e-9
156.0000, 62.0000, -2.573e-9
158.0000, 62.0000, -2.573e-9
160.0000, 62.0000, -2.571e-9
162.0000, 62.0000, -2.572e-9
164.0000, 62.0000, -2.572e-9
166.0000, 62.0000, -2.569e-9
168.0000, 62.0000, -2.566e-9
170.0000, 62.0000, -2.562e-9
172.0000, 62.0000, -2.559e-9
174.0000, 62.0000, -2.558e-9
176.0000, 62.0000, -2.558e-9
178.0000, 62.0000, -2.557e-9
180.0000, 62.0000, -2.556e-9
182.0000, 62.0000, -2.554e-9
184.0000, 62.0000, -2.550e-9
186.0000, 62.0000, -2.545e-9
188.0000, 62.0000, -2.540e-9
190.0000, 62.0000, -2.535e-9
192.0000, 62.0000, -2.530e-9
194.0000, 62.0000, -2.526e-9
196.0000, 62.0000, -2.523e-9
198.0000, 62.0000, -2.520e-9
200.0000, 62.0000, -2.517e-9
202.0000, 62.0000, -2.514e-9
204.0000, 62.0000, -2.512e-9
206.0000, 62.0000, -2.509e-9
208.0000, 62.0000, -2.508e-9
210.0000, 62.0000, -2.505e-9
212.0000, 62.0000, -2.503e-9
214.0000, 62.0000, -2.501e-9
216.0000, 62.0000, -2.499e-9
218.0000, 62.0000, -2.498e-9
220.0000, 62.0000, -2.496e-9
222.0000, 62.0000, -2.495e-9
224.0000, 62.0000, -2.493e-9
226.0000, 62.0000, -2.492e-9
228.0000, 62.0000, -2.491e-9
230.0000, 62.0000, -2.490e-9
232.0000, 62.0000, -2.489e-9
234.0000, 62.0000, -2.488e-9
236.0000, 62.0000, -2.487e-9
238.0000, 62.0000, -2.486e-9
240.0000, 62.0000, -2.486e-9
242.0000, 62.0000, -2.485e-9
244.0000, 62.0000, -2.484e-9
246.0000, 62.0000, -2.483e-9
248.0000, 62.0000, -2.483e-9
250.0000, 62.0000, -2.482e-9
252.0000, 62.0000, -2.482e-9
254.0000, 62.0000, -2.481e-9
256.0000, 62.0000, -2.480e-9
258.0000, 62.0000, -2.479e-9
260.0000, 62.0000, -2.478e-9
262.0000, 62.0000, -2.478e-9
264.0000, 62.0000, -2.477e-9
266.0000, 62.0000, -2.477e-9
268.0000, 62.0000, -2.477e-9
270.0000, 62.0000, -2.476e-9
272.0000, 62.0000, -2.475e-9
274.0000, 62.0000, -2.475e-9
276.0000, 62.0000, -2.475e-9
278.0000, 62.0000, -2.474e-9
280.0000, 62.0000, -2.474e-9
282.0000, 62.0000, -2.474e-9
284.0000, 62.0000, -2.473e-9
286.0000, 62.0000, -2.473e-9
288.0000, 62.0000, -2.472e-9
290.0000, 62.0000, -2.472e-9
292.0000, 62.0000, -2.472e-9
294.0000, 62.0000, -2.471e-9
296.0000, 62.0000, -2.471e-9
298.0000, 62.0000, -2.470e-9
0.0000, 64.0000, -3.168e-9
2.0000, 64.0000, -3.037e-9
4.0000, 64.0000, -2.931e-9
6.0000, 64.0000, -2.852e-9
8.0000, 64.0000, -2.793e-9
10.0000, 64.0000, -2.749e-9
12.0000, 64.0000, -2.716e-9
14.0000, 64.0000, -2.693e-9
16.0000, 64.0000, -2.674e-9
18.0000, 64.0000, -2.661e-9
20.0000, 64.0000, -2.651e-9
22.0000, 64.0000, -2.643e-9
24.0000, 64.0000, -2.638e-9
26.0000, 64.0000, -2.636e-9
28.0000, 64.0000, -2.635e-9
30.0000, 64.0000, -2.636e-9
32.0000, 64.0000, -2.638e-9
34.0000, 64.0000, -2.640e-9
36.0000, 64.0000, -2.643e-9
38.0000, 64.0000, -2.645e-9
40.0000, 64.0000, -2.647e-9
42.0000, 64.0000, -2.652e-9
44.0000, 64.0000, -2.657e-9
46.0000, 64.0000, -2.662e-9
48.0000, 64.0000, -2.666e-9
50.0000, 64.0000, -2.667e-9
52.0000, 64.0000, -2.665e-9
54.0000, 64.0000, -2.664e-9
56.0000, 64.0000, -2.663e-9
58.0000, 64.0000, -2.660e-9
60.0000, 64.0000, -2.657e-9
62.0000, 64.0000, -2.655e-9
64.0000, 64.0000, -2.653e-9
66.0000, 64.0000, -2.653e-9
68.0000, 64.0000, -2.652e-9
70.0000, 64.0000, -2.652e-9
72.0000, 64.0000, -2.651e-9
74.0000, 64.0000, -2.650e-9
76.0000, 64.0000, -2.648e-9
78.0000, 64.0000, -2.647e-9
80.0000, 64.0000, -2.646e-9
82.0000, 64.0000, -2.644e-9
84.0000, 64.0000, -2.643e-9
86.0000, 64.0000, -2.642e-9
88.0000, 64.0000, -2.640e-9
90.0000, 64.0000, -2.638e-9
92.0000, 64.0000, -2.636e-9
94.0000, 64.0000, -2.634e-9
96.0000, 64.0000, -2.632e-9
98.0000, 64.0000, -2.628e-9
100.0000, 64.0000, -2.626e-9
102.0000, 64.0000, -2.623e-9
104.0000, 64.0000, -2.620e-9
106.0000, 64.0000, -2.618e-9
108.0000, 64.0000, -2.615e-9
110.0000, 64.0000, -2.612e-9
112.0000, 64.0000, -2.610e-9
114.0000, 64.0000, -2.608e-9
116.0000, 64.0000, -2.604e-9
118.0000, 64.0000, -2.601e-9
120.0000, 64.0000, -2.599e-9
122.0000, 64.0000, -2.597e-9
124.0000, 64.0000, -2.597e-9
126.0000, 64.0000, -2.595e-9
128.0000, 64.0000, -2.595e-9
130.0000, 64.0000, -2.595e-9
132.0000, 64.0000, -2.595e-9
134.0000, 64.0000, -2.595e-9
136.0000, 64.0000, -2.593e-9
138.0000, 64.0000, -2.590e-9
140.0000, 64.0000, -2.588e-9
142.0000, 64.0000, -2.586e-9
144.0000, 64.0000, -2.584e-9
146.0000, 64.0000, -2.582e-9
148.0000, 64.0000, -2.580e-9
150.0000, 64.0000, -2.578e-9
152.0000, 64.0000, -2.577e-9
154.0000, 64.0000, -2.576e-9
156.0000, 64.0000, -2.574e-9
158.0000, 64.0000, -2.575e-9
160.0000, 64.0000, -2.573e-9
162.0000, 64.0000, -2.572e-9
164.0000, 64.0000, -2.571e-9
166.0000, 64.0000, -2.570e-9
168.0000, 64.0000, -2.566e-9
170.0000, 64.0000, -2.563e-9
172.0000, 64.0000, -2.561e-9
174.0000, 64.0000, -2.560e-9
176.0000, 64.0000, -2.559e-9
178.0000, 64.0000, -2.558e-9
180.0000, 64.0000, -2.558e-9
182.0000, 64.0000, -2.556e-9
184.0000, 64.0000, -2.553e-9
186.0000, 64.0000, -2.548e-9
188.0000, 64.0000, -2.544e-9
190.0000, 64.0000, -2.538e-9
192.0000, 64.0000, -2.534e-9
194.0000, 64.0000, -2.529e-9
196.0000, 64.0000, -2.525e-9
198.0000, 64.0000, -2.521e-9
200.0000, 64.0000, -2.519e-9
202.0000, 64.0000, -2.516e-9
204.0000, 64.0000, -2.514e-9
206.0000, 64.0000, -2.511e-9
208.0000, 64.0000, -2.509e-9
210.0000, 64.0000, -2.508e-9
212.0000, 64.0000, -2.506e-9
214.0000, 64.0000, -2.504e-9
216.0000, 64.0000, -2.502e-9
218.0000, 64.0000, -2.500e-9
220.0000, 64.0000, -2.499e-9
222.0000, 64.0000, -2.498e-9
224.0000, 64.0000, -2.496e-9
226.0000, 64.0000, -2.495e-9
228.0000, 64.0000, -2.493e-9
230.0000, 64.0000, -2.492e-9
232.0000, 64.0000, -2.490e-9
234.0000, 64.0000, -2.490e-9
236.0000, 64.0000, -2.488e-9
238.0000, 64.0000, -2.488e-9
240.0000, 64.0000, -2.487e-9
242.0000, 64.0000, -2.487e-9
244.0000, 64.0000, -2.487e-9
246.0000, 64.0000, -2.485e-9
248.0000, 64.0000, -2.484e-9
250.0000, 64.0000, -2.484e-9
252.0000, 64.0000, -2.483e-9
254.0000, 64.0000, -2.482e-9
256.0000, 64.0000, -2.481e-9
258.0000, 64.0000, -2.481e-9
260.0000, 64.0000, -2.481e-9
262.0000, 64.0000, -2.480e-9
264.0000, 64.0000, -2.479e-9
266.0000, 64.0000, -2.479e-9
268.0000, 64.0000, -2.478e-9
270.0000, 64.0000, -2.478e-9
272.0000, 64.0000, -2.477e-9
274.0000, 64.0000, -2.477e-9
276.0000, 64.0000, -2.477e-9
278.0000, 64.0000, -2.476e-9
280.0000, 64.0000, -2.475e-9
282.0000, 64.0000, -2.475e-9
284.0000, 64.0000, -2.475e-9
286.0000, 64.0000, -2.474e-9
288.0000, 64.0000, -2.474e-9
290.0000, 64.0000, -2.473e-9
292.0000, 64.0000, -2.473e-9
294.0000, 64.0000, -2.473e-9
296.0000, 64.0000, -2.473e-9
298.0000, 64.0000, -2.472e-9
0.0000, 66.0000, -3.166e-9
2.0000, 66.0000, -3.038e-9
4.0000, 66.0000, -2.933e-9
6.0000, 66.0000, -2.853e-9
8.0000, 66.0000, -2.794e-9
10.0000, 66.0000, -2.750e-9
12.0000, 66.0000, -2.717e-9
14.0000, 66.0000, -2.693e-9
16.0000, 66.0000, -2.675e-9
18.0000, 66.0000, -2.661e-9
20.0000, 66.0000, -2.651e-9
22.0000, 66.0000, -2.644e-9
24.0000, 66.0000, -2.638e-9
26.0000, 66.0000, -2.636e-9
28.0000, 66.0000, -2.634e-9
30.0000, 66.0000, -2.634e-9
32.0000, 66.0000, -2.638e-9
34.0000, 66.0000, -2.642e-9
36.0000, 66.0000, -2.643e-9
38.0000, 66.0000, -2.643e-9
40.0000, 66.0000, -2.646e-9
42.0000, 66.0000, -2.650e-9
44.0000, 66.0000, -2.652e-9
46.0000, 66.0000, -2.654e-9
48.0000, 66.0000, -2.657e-9
50.0000, 66.0000, -2.660e-9
52.0000, 66.0000, -2.662e-9
54.0000, 66.0000, -2.660e-9
56.0000, 66.0000, -2.657e-9
58.0000, 66.0000, -2.657e-9
60.0000, 66.0000, -2.656e-9
62.0000, 66.0000, -2.656e-9
64.0000, 66.0000, -2.656e-9
66.0000, 66.0000, -2.653e-9
68.0000, 66.0000, -2.652e-9
70.0000, 66.0000, -2.653e-9
72.0000, 66.0000, -2.653e-9
74.0000, 66.0000, -2.652e-9
76.0000, 66.0000, -2.650e-9
78.0000, 66.0000, -2.647e-9
80.0000, 66.0000, -2.644e-9
82.0000, 66.0000, -2.643e-9
84.0000, 66.0000, -2.641e-9
86.0000, 66.0000, -2.641e-9
88.0000, 66.0000, -2.638e-9
90.0000, 66.0000, -2.636e-9
92.0000, 66.0000, -2.633e-9
94.0000, 66.0000, -2.632e-9
96.0000, 66.0000, -2.630e-9
98.0000, 66.0000, -2.629e-9
100.0000, 66.0000, -2.626e-9
102.0000, 66.0000, -2.624e-9
104.0000, 66.0000, -2.621e-9
106.0000, 66.0000, -2.618e-9
108.0000, 66.0000, -2.615e-9
110.0000, 66.0000, -2.612e-9
112.0000, 66.0000, -2.609e-9
114.0000, 66.0000, -2.605e-9
116.0000, 66.0000, -2.602e-9
118.0000, 66.0000, -2.599e-9
120.0000, 66.0000, -2.597e-9
122.0000, 66.0000, -2.595e-9
124.0000, 66.0000, -2.594e-9
126.0000, 66.0000, -2.593e-9
128.0000, 66.0000, -2.592e-9
130.0000, 66.0000, -2.592e-9
132.0000, 66.0000, -2.593e-9
134.0000, 66.0000, -2.592e-9
136.0000, 66.0000, -2.590e-9
138.0000, 66.0000, -2.588e-9
140.0000, 66.0000, -2.587e-9
142.0000, 66.0000, -2.586e-9
144.0000, 66.0000, -2.584e-9
146.0000, 66.0000, -2.581e-9
148.0000, 66.0000, -2.578e-9
150.0000, 66.0000, -2.576e-9
152.0000, 66.0000, -2.575e-9
154.0000, 66.0000, -2.575e-9
156.0000, 66.0000, -2.574e-9
158.0000, 66.0000, -2.574e-9
160.0000, 66.0000, -2.573e-9
162.0000, 66.0000, -2.570e-9
164.0000, 66.0000, -2.569e-9
166.0000, 66.0000, -2.567e-9
168.0000, 66.0000, -2.565e-9
170.0000, 66.0000, -2.563e-9
172.0000, 66.0000, -2.560e-9
174.0000, 66.0000, -2.559e-9
176.0000, 66.0000, -2.558e-9
178.0000, 66.0000, -2.556e-9
180.0000, 66.0000, -2.556e-9
182.0000, 66.0000, -2.555e-9
184.0000, 66.0000, -2.552e-9
186.0000, 66.0000, -2.548e-9
188.0000, 66.0000, -2.542e-9
190.0000, 66.0000, -2.538e-9
192.0000, 66.0000, -2.533e-9
194.0000, 66.0000, -2.529e-9
196.0000, 66.0000, -2.524e-9
198.0000, 66.0000, -2.521e-9
200.0000, 66.0000, -2.518e-9
202.0000, 66.0000, -2.515e-9
204.0000, 66.0000, -2.512e-9
206.0000, 66.0000, -2.510e-9
208.0000, 66.0000, -2.508e-9
210.0000, 66.0000, -2.506e-9
212.0000, 66.0000, -2.504e-9
214.0000, 66.0000, -2.502e-9
216.0000, 66.0000, -2.501e-9
218.0000, 66.0000, -2.499e-9
220.0000, 66.0000, -2.497e-9
222.0000, 66.0000, -2.495e-9
224.0000, 66.0000, -2.494e-9
226.0000, 66.0000, -2.493e-9
228.0000, 66.0000, -2.492e-9
230.0000, 66.0000, -2.490e-9
232.0000, 66.0000, -2.489e-9
234.0000, 66.0000, -2.488e-9
236.0000, 66.0000, -2.487e-9
238.0000, 66.0000, -2.486e-9
240.0000, 66.0000, -2.485e-9
242.0000, 66.0000, -2.485e-9
244.0000, 66.0000, -2.484e-9
246.0000, 66.0000, -2.483e-9
248.0000, 66.0000, -2.482e-9
250.0000, 66.0000, -2.481e-9
252.0000, 66.0000, -2.480e-9
254.0000, 66.0000, -2.480e-9
256.0000, 66.0000, -2.479e-9
258.0000, 66.0000, -2.479e-9
260.0000, 66.0000, -2.478e-9
262.0000, 66.0000, -2.478e-9
264.0000, 66.0000, -2.478e-9
266.0000, 66.0000, -2.477e-9
268.0000, 66.0000, -2.476e-9
270.0000, 66.0000, -2.476e-9
272.0000, 66.0000, -2.475e-9
274.0000, 66.0000, -2.475e-9
276.0000, 66.0000, -2.474e-9
278.0000, 66.0000, -2.474e-9
280.0000, 66.0000, -2.474e-9
282.0000, 66.0000, -2.473e-9
284.0000, 66.0000, -2.472e-9
286.0000, 66.0000, -2.473e-9
288.0000, 66.0000, -2.472e-9
290.0000, 66.0000, -2.472e-9
292.0000, 66.0000, -2.471e-9
294.0000, 66.0000, -2.471e-9
296.0000, 66.0000, -2.471e-9
298.0000, 66.0000, -2.469e-9
0.0000, 68.0000, -3.172e-9
2.0000, 68.0000, -3.042e-9
4.0000, 68.0000, -2.936e-9
6.0000, 68.0000, -2.855e-9
8.0000, 68.0000, -2.797e-9
10.0000, 68.0000, -2.753e-9
12.0000, 68.0000, -2.720e-9
14.0000, 68.0000, -2.696e-9
16.0000, 68.0000, -2.677e-9
18.0000, 68.0000, -2.662e-9
20.0000, 68.0000, -2.652e-9
22.0000, 68.0000, -2.646e-9
24.0000, 68.0000, -2.642e-9
26.0000, 68.0000, -2.639e-9
28.0000, 68.0000, -2.637e-9
30.0000, 68.0000, -2.637e-9
32.0000, 68.0000, -2.638e-9
34.0000, 68.0000, -2.639e-9
36.0000, 68.0000, -2.642e-9
38.0000, 68.0000, -2.645e-9
40.0000, 68.0000, -2.649e-9
42.0000, 68.0000, -2.651e-9
44.0000, 68.0000, -2.653e-9
46.0000, 68.0000, -2.655e-9
48.0000, 68.0000, -2.658e-9
50.0000, 68.0000, -2.659e-9
52.0000, 68.0000, -2.660e-9
54.0000, 68.0000, -2.659e-9
56.0000, 68.0000, -2.658e-9
58.0000, 68.0000, -2.657e-9
60.0000, 68.0000, -2.655e-9
62.0000, 68.0000, -2.654e-9
64.0000, 68.0000, -2.653e-9
66.0000, 68.0000, -2.654e-9
68.0000, 68.0000, -2.653e-9
70.0000, 68.0000, -2.652e-9
72.0000, 68.0000, -2.651e-9
74.0000, 68.0000, -2.650e-9
76.0000, 68.0000, -2.648e-9
78.0000, 68.0000, -2.647e-9
80.0000, 68.0000, -2.646e-9
82.0000, 68.0000, -2.645e-9
84.0000, 68.0000, -2.644e-9
86.0000, 68.0000, -2.644e-9
88.0000, 68.0000, -2.642e-9
90.0000, 68.0000, -2.640e-9
92.0000, 68.0000, -2.638e-9
94.0000, 68.0000, -2.636e-9
96.0000, 68.0000, -2.635e-9
98.0000, 68.0000, -2.632e-9
100.0000, 68.0000, -2.628e-9
102.0000, 68.0000, -2.625e-9
104.0000, 68.0000, -2.623e-9
106.0000, 68.0000, -2.620e-9
108.0000, 68.0000, -2.619e-9
110.0000, 68.0000, -2.616e-9
112.0000, 68.0000, -2.612e-9
114.0000, 68.0000, -2.609e-9
116.0000, 68.0000, -2.607e-9
118.0000, 68.0000, -2.604e-9
120.0000, 68.0000, -2.601e-9
122.0000, 68.0000, -2.600e-9
124.0000, 68.0000, -2.599e-9
126.0000, 68.0000, -2.597e-9
128.0000, 68.0000, -2.597e-9
130.0000, 68.0000, -2.596e-9
132.0000, 68.0000, -2.595e-9
134.0000, 68.0000, -2.595e-9
136.0000, 68.0000, -2.593e-9
138.0000, 68.0000, -2.593e-9
140.0000, 68.0000, -2.591e-9
142.0000, 68.0000, -2.590e-9
144.0000, 68.0000, -2.589e-9
146.0000, 68.0000, -2.586e-9
148.0000, 68.0000, -2.583e-9
150.0000, 68.0000, -2.582e-9
152.0000, 68.0000, -2.580e-9
154.0000, 68.0000, -2.580e-9
156.0000, 68.0000, -2.579e-9
158.0000, 68.0000, -2.577e-9
160.0000, 68.0000, -2.577e-9
162.0000, 68.0000, -2.576e-9
164.0000, 68.0000, -2.574e-9
166.0000, 68.0000, -2.571e-9
168.0000, 68.0000, -2.568e-9
170.0000, 68.0000, -2.565e-9
172.0000, 68.0000, -2.562e-9
174.0000, 68.0000, -2.562e-9
176.0000, 68.0000, -2.561e-9
178.0000, 68.0000, -2.560e-9
180.0000, 68.0000, -2.559e-9
182.0000, 68.0000, -2.559e-9
184.0000, 68.0000, -2.557e-9
186.0000, 68.0000, -2.553e-9
188.0000, 68.0000, -2.548e-9
190.0000, 68.0000, -2.543e-9
192.0000, 68.0000, -2.538e-9
194.0000, 68.0000, -2.534e-9
196.0000, 68.0000, -2.530e-9
198.0000, 68.0000, -2.525e-9
200.0000, 68.0000, -2.522e-9
202.0000, 68.0000, -2.520e-9
204.0000, 68.0000, -2.517e-9
206.0000, 68.0000, -2.514e-9
208.0000, 68.0000, -2.512e-9
210.0000, 68.0000, -2.510e-9
212.0000, 68.0000, -2.508e-9
214.0000, 68.0000, -2.506e-9
216.0000, 68.0000, -2.505e-9
218.0000, 68.0000, -2.504e-9
220.0000, 68.0000, -2.501e-9
222.0000, 68.0000, -2.499e-9
224.0000, 68.0000, -2.498e-9
226.0000, 68.0000, -2.496e-9
228.0000, 68.0000, -2.495e-9
230.0000, 68.0000, -2.494e-9
232.0000, 68.0000, -2.493e-9
234.0000, 68.0000, -2.491e-9
236.0000, 68.0000, -2.490e-9
238.0000, 68.0000, -2.489e-9
240.0000, 68.0000, -2.489e-9
242.0000, 68.0000, -2.488e-9
244.0000, 68.0000, -2.487e-9
246.0000, 68.0000, -2.486e-9
248.0000, 68.0000, -2.486e-9
250.0000, 68.0000, -2.485e-9
252.0000, 68.0000, -2.485e-9
254.0000, 68.0000, -2.484e-9
256.0000, 68.0000, -2.483e-9
258.0000, 68.0000, -2.482e-9
260.0000, 68.0000, -2.481e-9
262.0000, 68.0000, -2.481e-9
264.0000, 68.0000, -2.480e-9
266.0000, 68.0000, -2.479e-9
268.0000, 68.0000, -2.479e-9
270.0000, 68.0000, -2.478e-9
272.0000, 68.0000, -2.478e-9
274.0000, 68.0000, -2.478e-9
276.0000, 68.0000, -2.478e-9
278.0000, 68.0000, -2.477e-9
280.0000, 68.0000, -2.476e-9
282.0000, 68.0000, -2.476e-9
284.0000, 68.0000, -2.476e-9
286.0000, 68.0000, -2.475e-9
288.0000, 68.0000, -2.475e-9
290.0000, 68.0000, -2.474e-9
292.0000, 68.0000, -2.474e-9
294.0000, 68.0000, -2.474e-9
296.0000, 68.0000, -2.474e-9
298.0000, 68.0000, -2.473e-9
0.0000, 70.0000, -3.175e-9
2.0000, 70.0000, -3.047e-9
4.0000, 70.0000, -2.941e-9
6.0000, 70.0000, -2.861e-9
8.0000, 70.0000, -2.801e-9
10.0000, 70.0000, -2.757e-9
12.0000, 70.0000, -2.724e-9
14.0000, 70.0000, -2.700e-9
16.0000, 70.0000, -2.681e-9
18.0000, 70.0000, -2.666e-9
20.0000, 70.0000, -2.656e-9
22.0000, 70.0000, -2.649e-9
24.0000, 70.0000, -2.645e-9
26.0000, 70.0000, -2.643e-9
28.0000, 70.0000, -2.642e-9
30.0000, 70.0000, -2.641e-9
32.0000, 70.0000, -2.641e-9
34.0000, 70.0000, -2.641e-9
36.0000, 70.0000, -2.643e-9
38.0000, 70.0000, -2.645e-9
40.0000, 70.0000, -2.648e-9
42.0000, 70.0000, -2.651e-9
44.0000, 70.0000, -2.654e-9
46.0000, 70.0000, -2.655e-9
48.0000, 70.0000, -2.653e-9
50.0000, 70.0000, -2.652e-9
52.0000, 70.0000, -2.650e-9
54.0000, 70.0000, -2.650e-9
56.0000, 70.0000, -2.653e-9
58.0000, 70.0000, -2.656e-9
60.0000, 70.0000, -2.656e-9
62.0000, 70.0000, -2.654e-9
64.0000, 70.0000, -2.654e-9
66.0000, 70.0000, -2.653e-9
68.0000, 70.0000, -2.653e-9
70.0000, 70.0000, -2.652e-9
72.0000, 70.0000, -2.650e-9
74.0000, 70.0000, -2.651e-9
76.0000, 70.0000, -2.651e-9
78.0000, 70.0000, -2.649e-9
80.0000, 70.0000, -2.647e-9
82.0000, 70.0000, -2.645e-9
84.0000, 70.0000, -2.646e-9
86.0000, 70.0000, -2.644e-9
88.0000, 70.0000, -2.640e-9
90.0000, 70.0000, -2.637e-9
92.0000, 70.0000, -2.636e-9
94.0000, 70.0000, -2.636e-9
96.0000, 70.0000, -2.635e-9
98.0000, 70.0000, -2.633e-9
100.0000, 70.0000, -2.631e-9
102.0000, 70.0000, -2.629e-9
104.0000, 70.0000, -2.625e-9
106.0000, 70.0000, -2.622e-9
108.0000, 70.0000, -2.619e-9
110.0000, 70.0000, -2.616e-9
112.0000, 70.0000, -2.613e-9
114.0000, 70.0000, -2.611e-9
116.0000, 70.0000, -2.608e-9
118.0000, 70.0000, -2.606e-9
120.0000, 70.0000, -2.602e-9
122.0000, 70.0000, -2.600e-9
124.0000, 70.0000, -2.598e-9
126.0000, 70.0000, -2.598e-9
128.0000, 70.0000, -2.597e-9
130.0000, 70.0000, -2.597e-9
132.0000, 70.0000, -2.598e-9
134.0000, 70.0000, -2.598e-9
136.0000, 70.0000, -2.597e-9
138.0000, 70.0000, -2.594e-9
140.0000, 70.0000, -2.593e-9
142.0000, 70.0000, -2.592e-9
144.0000, 70.0000, -2.591e-9
146.0000, 70.0000, -2.588e-9
148.0000, 70.0000, -2.586e-9
150.0000, 70.0000, -2.583e-9
152.0000, 70.0000, -2.579e-9
154.0000, 70.0000, -2.579e-9
156.0000, 70.0000, -2.578e-9
158.0000, 70.0000, -2.577e-9
160.0000, 70.0000, -2.577e-9
162.0000, 70.0000, -2.576e-9
164.0000, 70.0000, -2.574e-9
166.0000, 70.0000, -2.571e-9
168.0000, 70.0000, -2.568e-9
170.0000, 70.0000, -2.565e-9
172.0000, 70.0000, -2.564e-9
174.0000, 70.0000, -2.563e-9
176.0000, 70.0000, -2.562e-9
178.0000, 70.0000, -2.561e-9
180.0000, 70.0000, -2.561e-9
182.0000, 70.0000, -2.561e-9
184.0000, 70.0000, -2.560e-9
186.0000, 70.0000, -2.556e-9
188.0000, 70.0000, -2.551e-9
190.0000, 70.0000, -2.547e-9
192.0000, 70.0000, -2.541e-9
194.0000, 70.0000, -2.537e-9
196.0000, 70.0000, -2.532e-9
198.0000, 70.0000, -2.528e-9
200.0000, 70.0000, -2.525e-9
202.0000, 70.0000, -2.522e-9
204.0000, 70.0000, -2.519e-9
206.0000, 70.0000, -2.517e-9
208.0000, 70.0000, -2.515e-9
210.0000, 70.0000, -2.513e-9
212.0000, 70.0000, -2.511e-9
214.0000, 70.0000, -2.509e-9
216.0000, 70.0000, -2.506e-9
218.0000, 70.0000, -2.504e-9
220.0000, 70.0000, -2.503e-9
222.0000, 70.0000, -2.501e-9
224.0000, 70.0000, -2.499e-9
226.0000, 70.0000, -2.498e-9
228.0000, 70.0000, -2.496e-9
230.0000, 70.0000, -2.495e-9
232.0000, 70.0000, -2.494e-9
234.0000, 70.0000, -2.493e-9
236.0000, 70.0000, -2.491e-9
238.0000, 70.0000, -2.491e-9
240.0000, 70.0000, -2.490e-9
242.0000, 70.0000, -2.489e-9
244.0000, 70.0000, -2.489e-9
246.0000, 70.0000, -2.487e-9
248.0000, 70.0000, -2.486e-9
250.0000, 70.0000, -2.486e-9
252.0000, 70.0000, -2.485e-9
254.0000, 70.0000, -2.485e-9
256.0000, 70.0000, -2.483e-9
258.0000, 70.0000, -2.483e-9
260.0000, 70.0000, -2.482e-9
262.0000, 70.0000, -2.482e-9
264.0000, 70.0000, -2.482e-9
266.0000, 70.0000, -2.481e-9
268.0000, 70.0000, -2.480e-9
270.0000, 70.0000, -2.480e-9
272.0000, 70.0000, -2.479e-9
274.0000, 70.0000, -2.479e-9
276.0000, 70.0000, -2.478e-9
278.0000, 70.0000, -2.478e-9
280.0000, 70.0000, -2.477e-9
282.0000, 70.0000, -2.477e-9
284.0000, 70.0000, -2.477e-9
286.0000, 70.0000, -2.477e-9
288.0000, 70.0000, -2.476e-9
290.0000, 70.0000, -2.476e-9
292.0000, 70.0000, -2.475e-9
294.0000, 70.0000, -2.475e-9
296.0000, 70.0000, -2.474e-9
298.0000, 70.0000, -2.474e-9
0.0000, 72.0000, -3.151e-9
2.0000, 72.0000, -3.027e-9
4.0000, 72.0000, -2.926e-9
6.0000, 72.0000, -2.850e-9
8.0000, 72.0000, -2.794e-9
10.0000, 72.0000, -2.752e-9
12.0000, 72.0000, -2.721e-9
14.0000, 72.0000, -2.697e-9
16.0000, 72.0000, -2.679e-9
18.0000, 72.0000, -2.665e-9
20.0000, 72.0000, -2.656e-9
22.0000, 72.0000, -2.652e-9
24.0000, 72.0000, -2.648e-9
26.0000, 72.0000, -2.642e-9
28.0000, 72.0000, -2.637e-9
30.0000, 72.0000, -2.635e-9
32.0000, 72.0000, -2.635e-9
34.0000, 72.0000, -2.637e-9
36.0000, 72.0000, -2.639e-9
38.0000, 72.0000, -2.640e-9
40.0000, 72.0000, -2.643e-9
42.0000, 72.0000, -2.644e-9
44.0000, 72.0000, -2.645e-9
46.0000, 72.0000, -2.647e-9
48.0000, 72.0000, -2.647e-9
50.0000, 72.0000, -2.649e-9
52.0000, 72.0000, -2.653e-9
54.0000, 72.0000, -2.655e-9
56.0000, 72.0000, -2.654e-9
58.0000, 72.0000, -2.653e-9
60.0000, 72.0000, -2.651e-9
62.0000, 72.0000, -2.651e-9
64.0000, 72.0000, -2.650e-9
66.0000, 72.0000, -2.649e-9
68.0000, 72.0000, -2.649e-9
70.0000, 72.0000, -2.649e-9
72.0000, 72.0000, -2.649e-9
74.0000, 72.0000, -2.649e-9
76.0000, 72.0000, -2.649e-9
78.0000, 72.0000, -2.649e-9
80.0000, 72.0000, -2.648e-9
82.0000, 72.0000, -2.646e-9
84.0000, 72.0000, -2.644e-9
86.0000, 72.0000, -2.643e-9
88.0000, 72.0000, -2.641e-9
90.0000, 72.0000, -2.640e-9
92.0000, 72.0000, -2.637e-9
94.0000, 72.0000, -2.634e-9
96.0000, 72.0000, -2.632e-9
98.0000, 72.0000, -2.630e-9
100.0000, 72.0000, -2.628e-9
102.0000, 72.0000, -2.625e-9
104.0000, 72.0000, -2.624e-9
106.0000, 72.0000, -2.621e-9
108.0000, 72.0000, -2.619e-9
110.0000, 72.0000, -2.618e-9
112.0000, 72.0000, -2.615e-9
114.0000, 72.0000, -2.611e-9
116.0000, 72.0000, -2.609e-9
118.0000, 72.0000, -2.606e-9
120.0000, 72.0000, -2.604e-9
122.0000, 72.0000, -2.602e-9
124.0000, 72.0000, -2.601e-9
126.0000, 72.0000, -2.600e-9
128.0000, 72.0000, -2.600e-9
130.0000, 72.0000, -2.599e-9
132.0000, 72.0000, -2.599e-9
134.0000, 72.0000, -2.599e-9
136.0000, 72.0000, -2.598e-9
138.0000, 72.0000, -2.596e-9
140.0000, 72.0000, -2.594e-9
142.0000, 72.0000, -2.591e-9
144.0000, 72.0000, -2.589e-9
146.0000, 72.0000, -2.587e-9
148.0000, 72.0000, -2.585e-9
150.0000, 72.0000, -2.583e-9
152.0000, 72.0000, -2.581e-9
154.0000, 72.0000, -2.580e-9
156.0000, 72.0000, -2.579e-9
158.0000, 72.0000, -2.578e-9
160.0000, 72.0000, -2.578e-9
162.0000, 72.0000, -2.576e-9
164.0000, 72.0000, -2.574e-9
166.0000, 72.0000, -2.572e-9
168.0000, 72.0000, -2.570e-9
170.0000, 72.0000, -2.567e-9
172.0000, 72.0000, -2.565e-9
174.0000, 72.0000, -2.563e-9
176.0000, 72.0000, -2.563e-9
178.0000, 72.0000, -2.563e-9
180.0000, 72.0000, -2.561e-9
182.0000, 72.0000, -2.561e-9
184.0000, 72.0000, -2.560e-9
186.0000, 72.0000, -2.557e-9
188.0000, 72.0000, -2.553e-9
190.0000, 72.0000, -2.548e-9
192.0000, 72.0000, -2.543e-9
194.0000, 72.0000, -2.539e-9
196.0000, 72.0000, -2.534e-9
198.0000, 72.0000, -2.531e-9
200.0000, 72.0000, -2.526e-9
202.0000, 72.0000, -2.523e-9
204.0000, 72.0000, -2.520e-9
206.0000, 72.0000, -2.517e-9
208.0000, 72.0000, -2.515e-9
210.0000, 72.0000, -2.513e-9
212.0000, 72.0000, -2.511e-9
214.0000, 72.0000, -2.510e-9
216.0000, 72.0000, -2.507e-9
218.0000, 72.0000, -2.506e-9
220.0000, 72.0000, -2.504e-9
222.0000, 72.0000, -2.501e-9
224.0000, 72.0000, -2.499e-9
226.0000, 72.0000, -2.498e-9
228.0000, 72.0000, -2.497e-9
230.0000, 72.0000, -2.496e-9
232.0000, 72.0000, -2.494e-9
234.0000, 72.0000, -2.493e-9
236.0000, 72.0000, -2.492e-9
238.0000, 72.0000, -2.491e-9
240.0000, 72.0000, -2.490e-9
242.0000, 72.0000, -2.489e-9
244.0000, 72.0000, -2.488e-9
246.0000, 72.0000, -2.488e-9
248.0000, 72.0000, -2.487e-9
250.0000, 72.0000, -2.486e-9
252.0000, 72.0000, -2.485e-9
254.0000, 72.0000, -2.485e-9
256.0000, 72.0000, -2.484e-9
258.0000, 72.0000, -2.483e-9
260.0000, 72.0000, -2.483e-9
262.0000, 72.0000, -2.482e-9
264.0000, 72.0000, -2.481e-9
266.0000, 72.0000, -2.481e-9
268.0000, 72.0000, -2.480e-9
270.0000, 72.0000, -2.480e-9
272.0000, 72.0000, -2.479e-9
274.0000, 72.0000, -2.478e-9
276.0000, 72.0000, -2.478e-9
278.0000, 72.0000, -2.478e-9
280.0000, 72.0000, -2.477e-9
282.0000, 72.0000, -2.477e-9
284.0000, 72.0000, -2.476e-9
286.0000, 72.0000, -2.476e-9
288.0000, 72.0000, -2.476e-9
290.0000, 72.0000, -2.475e-9
292.0000, 72.0000, -2.475e-9
294.0000, 72.0000, -2.475e-9
296.0000, 72.0000, -2.474e-9
298.0000, 72.0000, -2.474e-9
0.0000, 74.0000, -3.153e-9
2.0000, 74.0000, -3.031e-9
4.0000, 74.0000, -2.931e-9
6.0000, 74.0000, -2.855e-9
8.0000, 74.0000, -2.799e-9
10.0000, 74.0000, -2.756e-9
12.0000, 74.0000, -2.724e-9
14.0000, 74.0000, -2.699e-9
16.0000, 74.0000, -2.682e-9
18.0000, 74.0000, -2.669e-9
20.0000, 74.0000, -2.659e-9
22.0000, 74.0000, -2.652e-9
24.0000, 74.0000, -2.647e-9
26.0000, 74.0000, -2.646e-9
28.0000, 74.0000, -2.645e-9
30.0000, 74.0000, -2.642e-9
32.0000, 74.0000, -2.639e-9
34.0000, 74.0000, -2.638e-9
36.0000, 74.0000, -2.638e-9
38.0000, 74.0000, -2.639e-9
40.0000, 74.0000, -2.643e-9
42.0000, 74.0000, -2.644e-9
44.0000, 74.0000, -2.646e-9
46.0000, 74.0000, -2.647e-9
48.0000, 74.0000, -2.649e-9
50.0000, 74.0000, -2.651e-9
52.0000, 74.0000, -2.653e-9
54.0000, 74.0000, -2.651e-9
56.0000, 74.0000, -2.651e-9
58.0000, 74.0000, -2.650e-9
60.0000, 74.0000, -2.649e-9
62.0000, 74.0000, -2.648e-9
64.0000, 74.0000, -2.648e-9
66.0000, 74.0000, -2.648e-9
68.0000, 74.0000, -2.647e-9
70.0000, 74.0000, -2.647e-9
72.0000, 74.0000, -2.648e-9
74.0000, 74.0000, -2.649e-9
76.0000, 74.0000, -2.649e-9
78.0000, 74.0000, -2.648e-9
80.0000, 74.0000, -2.646e-9
82.0000, 74.0000, -2.642e-9
84.0000, 74.0000, -2.640e-9
86.0000, 74.0000, -2.639e-9
88.0000, 74.0000, -2.639e-9
90.0000, 74.0000, -2.638e-9
92.0000, 74.0000, -2.636e-9
94.0000, 74.0000, -2.635e-9
96.0000, 74.0000, -2.632e-9
98.0000, 74.0000, -2.629e-9
100.0000, 74.0000, -2.629e-9
102.0000, 74.0000, -2.628e-9
104.0000, 74.0000, -2.626e-9
106.0000, 74.0000, -2.624e-9
108.0000, 74.0000, -2.622e-9
110.0000, 74.0000, -2.620e-9
112.0000, 74.0000, -2.617e-9
114.0000, 74.0000, -2.615e-9
116.0000, 74.0000, -2.611e-9
118.0000, 74.0000, -2.608e-9
120.0000, 74.0000, -2.605e-9
122.0000, 74.0000, -2.604e-9
124.0000, 74.0000, -2.603e-9
126.0000, 74.0000, -2.601e-9
128.0000, 74.0000, -2.600e-9
130.0000, 74.0000, -2.600e-9
132.0000, 74.0000, -2.600e-9
134.0000, 74.0000, -2.599e-9
136.0000, 74.0000, -2.597e-9
138.0000, 74.0000, -2.595e-9
140.0000, 74.0000, -2.593e-9
142.0000, 74.0000, -2.591e-9
144.0000, 74.0000, -2.590e-9
146.0000, 74.0000, -2.588e-9
148.0000, 74.0000, -2.585e-9
150.0000, 74.0000, -2.582e-9
152.0000, 74.0000, -2.580e-9
154.0000, 74.0000, -2.581e-9
156.0000, 74.0000, -2.581e-9
158.0000, 74.0000, -2.580e-9
160.0000, 74.0000, -2.579e-9
162.0000, 74.0000, -2.579e-9
164.0000, 74.0000, -2.577e-9
166.0000, 74.0000, -2.575e-9
168.0000, 74.0000, -2.572e-9
170.0000, 74.0000, -2.569e-9
172.0000, 74.0000, -2.567e-9
174.0000, 74.0000, -2.566e-9
176.0000, 74.0000, -2.563e-9
178.0000, 74.0000, -2.561e-9
180.0000, 74.0000, -2.560e-9
182.0000, 74.0000, -2.560e-9
184.0000, 74.0000, -2.560e-9
186.0000, 74.0000, -2.557e-9
188.0000, 74.0000, -2.553e-9
190.0000, 74.0000, -2.547e-9
192.0000, 74.0000, -2.543e-9
194.0000, 74.0000, -2.539e-9
196.0000, 74.0000, -2.534e-9
198.0000, 74.0000, -2.530e-9
200.0000, 74.0000, -2.526e-9
202.0000, 74.0000, -2.522e-9
204.0000, 74.0000, -2.519e-9
206.0000, 74.0000, -2.517e-9
208.0000, 74.0000, -2.514e-9
210.0000, 74.0000, -2.512e-9
212.0000, 74.0000, -2.510e-9
214.0000, 74.0000, -2.508e-9
216.0000, 74.0000, -2.506e-9
218.0000, 74.0000, -2.504e-9
220.0000, 74.0000, -2.503e-9
222.0000, 74.0000, -2.500e-9
224.0000, 74.0000, -2.499e-9
226.0000, 74.0000, -2.498e-9
228.0000, 74.0000, -2.496e-9
230.0000, 74.0000, -2.495e-9
232.0000, 74.0000, -2.494e-9
234.0000, 74.0000, -2.492e-9
236.0000, 74.0000, -2.491e-9
238.0000, 74.0000, -2.490e-9
240.0000, 74.0000, -2.489e-9
242.0000, 74.0000, -2.488e-9
244.0000, 74.0000, -2.487e-9
246.0000, 74.0000, -2.486e-9
248.0000, 74.0000, -2.485e-9
250.0000, 74.0000, -2.485e-9
252.0000, 74.0000, -2.484e-9
254.0000, 74.0000, -2.483e-9
256.0000, 74.0000, -2.482e-9
258.0000, 74.0000, -2.482e-9
260.0000, 74.0000, -2.481e-9
262.0000, 74.0000, -2.480e-9
264.0000, 74.0000, -2.480e-9
266.0000, 74.0000, -2.480e-9
268.0000, 74.0000, -2.480e-9
270.0000, 74.0000, -2.479e-9
272.0000, 74.0000, -2.478e-9
274.0000, 74.0000, -2.478e-9
276.0000, 74.0000, -2.477e-9
278.0000, 74.0000, -2.477e-9
280.0000, 74.0000, -2.476e-9
282.0000, 74.0000, -2.476e-9
284.0000, 74.0000, -2.475e-9
286.0000, 74.0000, -2.475e-9
288.0000, 74.0000, -2.474e-9
290.0000, 74.0000, -2.474e-9
292.0000, 74.0000, -2.474e-9
294.0000, 74.0000, -2.473e-9
296.0000, 74.0000, -2.473e-9
298.0000, 74.0000, -2.473e-9
0.0000, 76.0000, -3.155e-9
2.0000, 76.0000, -3.033e-9
4.0000, 76.0000, -2.934e-9
6.0000, 76.0000, -2.857e-9
8.0000, 76.0000, -2.800e-9
10.0000, 76.0000, -2.757e-9
12.0000, 76.0000, -2.725e-9
14.0000, 76.0000, -2.700e-9
16.0000, 76.0000, -2.680e-9
18.0000, 76.0000, -2.667e-9
20.0000, 76.0000, -2.657e-9
22.0000, 76.0000, -2.651e-9
24.0000, 76.0000, -2.647e-9
26.0000, 76.0000, -2.644e-9
28.0000, 76.0000, -2.641e-9
30.0000, 76.0000, -2.640e-9
32.0000, 76.0000, -2.641e-9
34.0000, 76.0000, -2.641e-9
36.0000, 76.0000, -2.641e-9
38.0000, 76.0000, -2.640e-9
40.0000, 76.0000, -2.640e-9
42.0000, 76.0000, -2.641e-9
44.0000, 76.0000, -2.644e-9
46.0000, 76.0000, -2.648e-9
48.0000, 76.0000, -2.649e-9
50.0000, 76.0000, -2.649e-9
52.0000, 76.0000, -2.649e-9
54.0000, 76.0000, -2.648e-9
56.0000, 76.0000, -2.647e-9
58.0000, 76.0000, -2.646e-9
60.0000, 76.0000, -2.646e-9
62.0000, 76.0000, -2.643e-9
64.0000, 76.0000, -2.643e-9
66.0000, 76.0000, -2.644e-9
68.0000, 76.0000, -2.645e-9
70.0000, 76.0000, -2.647e-9
72.0000, 76.0000, -2.647e-9
74.0000, 76.0000, -2.647e-9
76.0000, 76.0000, -2.646e-9
78.0000, 76.0000, -2.644e-9
80.0000, 76.0000, -2.641e-9
82.0000, 76.0000, -2.638e-9
84.0000, 76.0000, -2.638e-9
86.0000, 76.0000, -2.637e-9
88.0000, 76.0000, -2.637e-9
90.0000, 76.0000, -2.637e-9
92.0000, 76.0000, -2.636e-9
94.0000, 76.0000, -2.635e-9
96.0000, 76.0000, -2.631e-9
98.0000, 76.0000, -2.629e-9
100.0000, 76.0000, -2.626e-9
102.0000, 76.0000, -2.624e-9
104.0000, 76.0000, -2.622e-9
106.0000, 76.0000, -2.620e-9
108.0000, 76.0000, -2.619e-9
110.0000, 76.0000, -2.617e-9
112.0000, 76.0000, -2.615e-9
114.0000, 76.0000, -2.611e-9
116.0000, 76.0000, -2.607e-9
118.0000, 76.0000, -2.605e-9
120.0000, 76.0000, -2.604e-9
122.0000, 76.0000, -2.601e-9
124.0000, 76.0000, -2.599e-9
126.0000, 76.0000, -2.597e-9
128.0000, 76.0000, -2.596e-9
130.0000, 76.0000, -2.598e-9
132.0000, 76.0000, -2.597e-9
134.0000, 76.0000, -2.596e-9
136.0000, 76.0000, -2.593e-9
138.0000, 76.0000, -2.591e-9
140.0000, 76.0000, -2.589e-9
142.0000, 76.0000, -2.587e-9
144.0000, 76.0000, -2.586e-9
146.0000, 76.0000, -2.584e-9
148.0000, 76.0000, -2.581e-9
150.0000, 76.0000, -2.579e-9
152.0000, 76.0000, -2.578e-9
154.0000, 76.0000, -2.578e-9
156.0000, 76.0000, -2.578e-9
158.0000, 76.0000, -2.577e-9
160.0000, 76.0000, -2.576e-9
162.0000, 76.0000, -2.577e-9
164.0000, 76.0000, -2.576e-9
166.0000, 76.0000, -2.574e-9
168.0000, 76.0000, -2.571e-9
170.0000, 76.0000, -2.567e-9
172.0000, 76.0000, -2.564e-9
174.0000, 76.0000, -2.562e-9
176.0000, 76.0000, -2.560e-9
178.0000, 76.0000, -2.559e-9
180.0000, 76.0000, -2.558e-9
182.0000, 76.0000, -2.558e-9
184.0000, 76.0000, -2.558e-9
186.0000, 76.0000, -2.556e-9
188.0000, 76.0000, -2.551e-9
190.0000, 76.0000, -2.547e-9
192.0000, 76.0000, -2.542e-9
194.0000, 76.0000, -2.537e-9
196.0000, 76.0000, -2.532e-9
198.0000, 76.0000, -2.528e-9
200.0000, 76.0000, -2.525e-9
202.0000, 76.0000, -2.521e-9
204.0000, 76.0000, -2.518e-9
206.0000, 76.0000, -2.514e-9
208.0000, 76.0000, -2.512e-9
210.0000, 76.0000, -2.510e-9
212.0000, 76.0000, -2.508e-9
214.0000, 76.0000, -2.505e-9
216.0000, 76.0000, -2.503e-9
218.0000, 76.0000, -2.501e-9
220.0000, 76.0000, -2.499e-9
222.0000, 76.0000, -2.497e-9
224.0000, 76.0000, -2.496e-9
226.0000, 76.0000, -2.494e-9
228.0000, 76.0000, -2.492e-9
230.0000, 76.0000, -2.491e-9
232.0000, 76.0000, -2.490e-9
234.0000, 76.0000, -2.489e-9
236.0000, 76.0000, -2.488e-9
238.0000, 76.0000, -2.487e-9
240.0000, 76.0000, -2.486e-9
242.0000, 76.0000, -2.485e-9
244.0000, 76.0000, -2.484e-9
246.0000, 76.0000, -2.484e-9
248.0000, 76.0000, -2.483e-9
250.0000, 76.0000, -2.483e-9
252.0000, 76.0000, -2.482e-9
254.0000, 76.0000, -2.481e-9
256.0000, 76.0000, -2.481e-9
258.0000, 76.0000, -2.480e-9
260.0000, 76.0000, -2.478e-9
262.0000, 76.0000, -2.478e-9
264.0000, 76.0000, -2.477e-9
266.0000, 76.0000, -2.476e-9
268.0000, 76.0000, -2.476e-9
270.0000, 76.0000, -2.476e-9
272.0000, 76.0000, -2.475e-9
274.0000, 76.0000, -2.474e-9
276.0000, 76.0000, -2.474e-9
278.0000, 76.0000, -2.473e-9
280.0000, 76.0000, -2.473e-9
282.0000, 76.0000, -2.473e-9
284.0000, 76.0000, -2.473e-9
286.0000, 76.0000, -2.472e-9
288.0000, 76.0000, -2.472e-9
290.0000, 76.0000, -2.471e-9
292.0000, 76.0000, -2.471e-9
294.0000, 76.0000, -2.471e-9
296.0000, 76.0000, -2.471e-9
298.0000, 76.0000, -2.470e-9
0.0000, 78.0000, -3.178e-9
2.0000, 78.0000, -3.052e-9
4.0000, 78.0000, -2.948e-9
6.0000, 78.0000, -2.870e-9
8.0000, 78.0000, -2.812e-9
10.0000, 78.0000, -2.768e-9
12.0000, 78.0000, -2.735e-9
14.0000, 78.0000, -2.710e-9
16.0000, 78.0000, -2.691e-9
18.0000, 78.0000, -2.677e-9
20.0000, 78.0000, -2.666e-9
22.0000, 78.0000, -2.658e-9
24.0000, 78.0000, -2.653e-9
26.0000, 78.0000, -2.650e-9
28.0000, 78.0000, -2.649e-9
30.0000, 78.0000, -2.647e-9
32.0000, 78.0000, -2.644e-9
34.0000, 78.0000, -2.642e-9
36.0000, 78.0000, -2.641e-9
38.0000, 78.0000, -2.641e-9
40.0000, 78.0000, -2.644e-9
42.0000, 78.0000, -2.649e-9
44.0000, 78.0000, -2.653e-9
46.0000, 78.0000, -2.655e-9
48.0000, 78.0000, -2.656e-9
50.0000, 78.0000, -2.657e-9
52.0000, 78.0000, -2.657e-9
54.0000, 78.0000, -2.656e-9
56.0000, 78.0000, -2.654e-9
58.0000, 78.0000, -2.652e-9
60.0000, 78.0000, -2.650e-9
62.0000, 78.0000, -2.648e-9
64.0000, 78.0000, -2.649e-9
66.0000, 78.0000, -2.651e-9
68.0000, 78.0000, -2.651e-9
70.0000, 78.0000, -2.650e-9
72.0000, 78.0000, -2.648e-9
74.0000, 78.0000, -2.648e-9
76.0000, 78.0000, -2.648e-9
78.0000, 78.0000, -2.648e-9
80.0000, 78.0000, -2.648e-9
82.0000, 78.0000, -2.646e-9
84.0000, 78.0000, -2.646e-9
86.0000, 78.0000, -2.648e-9
88.0000, 78.0000, -2.648e-9
90.0000, 78.0000, -2.645e-9
92.0000, 78.0000, -2.642e-9
94.0000, 78.0000, -2.638e-9
96.0000, 78.0000, -2.635e-9
98.0000, 78.0000, -2.633e-9
100.0000, 78.0000, -2.631e-9
102.0000, 78.0000, -2.629e-9
104.0000, 78.0000, -2.627e-9
106.0000, 78.0000, -2.625e-9
108.0000, 78.0000, -2.623e-9
110.0000, 78.0000, -2.621e-9
112.0000, 78.0000, -2.619e-9
114.0000, 78.0000, -2.616e-9
116.0000, 78.0000, -2.614e-9
118.0000, 78.0000, -2.613e-9
120.0000, 78.0000, -2.610e-9
122.0000, 78.0000, -2.609e-9
124.0000, 78.0000, -2.609e-9
126.0000, 78.0000, -2.608e-9
128.0000, 78.0000, -2.607e-9
130.0000, 78.0000, -2.606e-9
132.0000, 78.0000, -2.604e-9
134.0000, 78.0000, -2.602e-9
136.0000, 78.0000, -2.601e-9
138.0000, 78.0000, -2.599e-9
140.0000, 78.0000, -2.598e-9
142.0000, 78.0000, -2.595e-9
144.0000, 78.0000, -2.593e-9
146.0000, 78.0000, -2.592e-9
148.0000, 78.0000, -2.589e-9
150.0000, 78.0000, -2.587e-9
152.0000, 78.0000, -2.587e-9
154.0000, 78.0000, -2.587e-9
156.0000, 78.0000, -2.586e-9
158.0000, 78.0000, -2.585e-9
160.0000, 78.0000, -2.583e-9
162.0000, 78.0000, -2.581e-9
164.0000, 78.0000, -2.579e-9
166.0000, 78.0000, -2.577e-9
168.0000, 78.0000, -2.575e-9
170.0000, 78.0000, -2.573e-9
172.0000, 78.0000, -2.569e-9
174.0000, 78.0000, -2.566e-9
176.0000, 78.0000, -2.565e-9
178.0000, 78.0000, -2.565e-9
180.0000, 78.0000, -2.564e-9
182.0000, 78.0000, -2.564e-9
184.0000, 78.0000, -2.563e-9
186.0000, 78.0000, -2.560e-9
188.0000, 78.0000, -2.555e-9
190.0000, 78.0000, -2.551e-9
192.0000, 78.0000, -2.546e-9
194.0000, 78.0000, -2.541e-9
196.0000, 78.0000, -2.536e-9
198.0000, 78.0000, -2.532e-9
200.0000, 78.0000, -2.529e-9
202.0000, 78.0000, -2.525e-9
204.0000, 78.0000, -2.522e-9
206.0000, 78.0000, -2.518e-9
208.0000, 78.0000, -2.517e-9
210.0000, 78.0000, -2.514e-9
212.0000, 78.0000, -2.511e-9
214.0000, 78.0000, -2.509e-9
216.0000, 78.0000, -2.507e-9
218.0000, 78.0000, -2.505e-9
220.0000, 78.0000, -2.503e-9
222.0000, 78.0000, -2.501e-9
224.0000, 78.0000, -2.499e-9
226.0000, 78.0000, -2.498e-9
228.0000, 78.0000, -2.497e-9
230.0000, 78.0000, -2.495e-9
232.0000, 78.0000, -2.494e-9
234.0000, 78.0000, -2.493e-9
236.0000, 78.0000, -2.492e-9
238.0000, 78.0000, -2.491e-9
240.0000, 78.0000, -2.490e-9
242.0000, 78.0000, -2.489e-9
244.0000, 78.0000, -2.488e-9
246.0000, 78.0000, -2.487e-9
248.0000, 78.0000, -2.487e-9
250.0000, 78.0000, -2.486e-9
252.0000, 78.0000, -2.486e-9
254.0000, 78.0000, -2.485e-9
256.0000, 78.0000, -2.484e-9
258.0000, 78.0000, -2.483e-9
260.0000, 78.0000, -2.482e-9
262.0000, 78.0000, -2.482e-9
264.0000, 78.0000, -2.481e-9
266.0000, 78.0000, -2.481e-9
268.0000, 78.0000, -2.480e-9
270.0000, 78.0000, -2.480e-9
272.0000, 78.0000, -2.480e-9
274.0000, 78.0000, -2.479e-9
276.0000, 78.0000, -2.479e-9
278.0000, 78.0000, -2.478e-9
280.0000, 78.0000, -2.477e-9
282.0000, 78.0000, -2.477e-9
284.0000, 78.0000, -2.476e-9
286.0000, 78.0000, -2.476e-9
288.0000, 78.0000, -2.476e-9
290.0000, 78.0000, -2.475e-9
292.0000, 78.0000, -2.475e-9
294.0000, 78.0000, -2.475e-9
296.0000, 78.0000, -2.474e-9
298.0000, 78.0000, -2.473e-9
0.0000, 80.0000, -3.177e-9
2.0000, 80.0000, -3.054e-9
4.0000, 80.0000, -2.950e-9
6.0000, 80.0000, -2.873e-9
8.0000, 80.0000, -2.815e-9
10.0000, 80.0000, -2.772e-9
12.0000, 80.0000, -2.739e-9
14.0000, 80.0000, -2.714e-9
16.0000, 80.0000, -2.695e-9
18.0000, 80.0000, -2.679e-9
20.0000, 80.0000, -2.668e-9
22.0000, 80.0000, -2.659e-9
24.0000, 80.0000, -2.653e-9
26.0000, 80.0000, -2.649e-9
28.0000, 80.0000, -2.646e-9
30.0000, 80.0000, -2.647e-9
32.0000, 80.0000, -2.649e-9
34.0000, 80.0000, -2.652e-9
36.0000, 80.0000, -2.654e-9
38.0000, 80.0000, -2.656e-9
40.0000, 80.0000, -2.659e-9
42.0000, 80.0000, -2.661e-9
44.0000, 80.0000, -2.662e-9
46.0000, 80.0000, -2.661e-9
48.0000, 80.0000, -2.658e-9
50.0000, 80.0000, -2.656e-9
52.0000, 80.0000, -2.656e-9
54.0000, 80.0000, -2.658e-9
56.0000, 80.0000, -2.656e-9
58.0000, 80.0000, -2.654e-9
60.0000, 80.0000, -2.651e-9
62.0000, 80.0000, -2.650e-9
64.0000, 80.0000, -2.649e-9
66.0000, 80.0000, -2.652e-9
68.0000, 80.0000, -2.654e-9
70.0000, 80.0000, -2.655e-9
72.0000, 80.0000, -2.654e-9
74.0000, 80.0000, -2.654e-9
76.0000, 80.0000, -2.653e-9
78.0000, 80.0000, -2.650e-9
80.0000, 80.0000, -2.651e-9
82.0000, 80.0000, -2.651e-9
84.0000, 80.0000, -2.650e-9
86.0000, 80.0000, -2.650e-9
88.0000, 80.0000, -2.648e-9
90.0000, 80.0000, -2.645e-9
92.0000, 80.0000, -2.642e-9
94.0000, 80.0000, -2.641e-9
96.0000, 80.0000, -2.640e-9
98.0000, 80.0000, -2.637e-9
100.0000, 80.0000, -2.636e-9
102.0000, 80.0000, -2.634e-9
104.0000, 80.0000, -2.632e-9
106.0000, 80.0000, -2.630e-9
108.0000, 80.0000, -2.628e-9
110.0000, 80.0000, -2.625e-9
112.0000, 80.0000, -2.622e-9
114.0000, 80.0000, -2.620e-9
116.0000, 80.0000, -2.619e-9
118.0000, 80.0000, -2.617e-9
120.0000, 80.0000, -2.615e-9
122.0000, 80.0000, -2.614e-9
124.0000, 80.0000, -2.613e-9
126.0000, 80.0000, -2.612e-9
128.0000, 80.0000, -2.611e-9
130.0000, 80.0000, -2.610e-9
132.0000, 80.0000, -2.609e-9
134.0000, 80.0000, -2.608e-9
136.0000, 80.0000, -2.606e-9
138.0000, 80.0000, -2.605e-9
140.0000, 80.0000, -2.603e-9
142.0000, 80.0000, -2.601e-9
144.0000, 80.0000, -2.599e-9
146.0000, 80.0000, -2.597e-9
148.0000, 80.0000, -2.594e-9
150.0000, 80.0000, -2.591e-9
152.0000, 80.0000, -2.590e-9
154.0000, 80.0000, -2.591e-9
156.0000, 80.0000, -2.591e-9
158.0000, 80.0000, -2.591e-9
160.0000, 80.0000, -2.590e-9
162.0000, 80.0000, -2.588e-9
164.0000, 80.0000, -2.586e-9
166.0000, 80.0000, -2.582e-9
168.0000, 80.0000, -2.578e-9
170.0000, 80.0000, -2.574e-9
172.0000, 80.0000, -2.571e-9
174.0000, 80.0000, -2.569e-9
176.0000, 80.0000, -2.568e-9
178.0000, 80.0000, -2.566e-9
180.0000, 80.0000, -2.565e-9
182.0000, 80.0000, -2.564e-9
184.0000, 80.0000, -2.563e-9
186.0000, 80.0000, -2.560e-9
188.0000, 80.0000, -2.556e-9
190.0000, 80.0000, -2.552e-9
192.0000, 80.0000, -2.548e-9
194.0000, 80.0000, -2.543e-9
196.0000, 80.0000, -2.538e-9
198.0000, 80.0000, -2.534e-9
200.0000, 80.0000, -2.531e-9
202.0000, 80.0000, -2.527e-9
204.0000, 80.0000, -2.525e-9
206.0000, 80.0000, -2.521e-9
208.0000, 80.0000, -2.519e-9
210.0000, 80.0000, -2.517e-9
212.0000, 80.0000, -2.515e-9
214.0000, 80.0000, -2.513e-9
216.0000, 80.0000, -2.511e-9
218.0000, 80.0000, -2.510e-9
220.0000, 80.0000, -2.507e-9
222.0000, 80.0000, -2.506e-9
224.0000, 80.0000, -2.504e-9
226.0000, 80.0000, -2.502e-9
228.0000, 80.0000, -2.500e-9
230.0000, 80.0000, -2.499e-9
232.0000, 80.0000, -2.497e-9
234.0000, 80.0000, -2.497e-9
236.0000, 80.0000, -2.495e-9
238.0000, 80.0000, -2.494e-9
240.0000, 80.0000, -2.494e-9
242.0000, 80.0000, -2.492e-9
244.0000, 80.0000, -2.491e-9
246.0000, 80.0000, -2.491e-9
248.0000, 80.0000, -2.490e-9
250.0000, 80.0000, -2.490e-9
252.0000, 80.0000, -2.489e-9
254.0000, 80.0000, -2.488e-9
256.0000, 80.0000, -2.488e-9
258.0000, 80.0000, -2.487e-9
260.0000, 80.0000, -2.486e-9
262.0000, 80.0000, -2.485e-9
264.0000, 80.0000, -2.484e-9
266.0000, 80.0000, -2.484e-9
268.0000, 80.0000, -2.484e-9
270.0000, 80.0000, -2.483e-9
272.0000, 80.0000, -2.482e-9
274.0000, 80.0000, -2.482e-9
276.0000, 80.0000, -2.482e-9
278.0000, 80.0000, -2.481e-9
280.0000, 80.0000, -2.481e-9
282.0000, 80.0000, -2.480e-9
284.0000, 80.0000, -2.480e-9
286.0000, 80.0000, -2.479e-9
288.0000, 80.0000, -2.479e-9
290.0000, 80.0000, -2.479e-9
292.0000, 80.0000, -2.479e-9
294.0000, 80.0000, -2.479e-9
296.0000, 80.0000, -2.478e-9
298.0000, 80.0000, -2.478e-9
0.0000, 82.0000, -3.165e-9
2.0000, 82.0000, -3.046e-9
4.0000, 82.0000, -2.948e-9
6.0000, 82.0000, -2.873e-9
8.0000, 82.0000, -2.816e-9
10.0000, 82.0000, -2.774e-9
12.0000, 82.0000, -2.742e-9
14.0000, 82.0000, -2.718e-9
16.0000, 82.0000, -2.699e-9
18.0000, 82.0000, -2.685e-9
20.0000, 82.0000, -2.673e-9
22.0000, 82.0000, -2.664e-9
24.0000, 82.0000, -2.657e-9
26.0000, 82.0000, -2.652e-9
28.0000, 82.0000, -2.650e-9
30.0000, 82.0000, -2.652e-9
32.0000, 82.0000, -2.655e-9
34.0000, 82.0000, -2.656e-9
36.0000, 82.0000, -2.657e-9
38.0000, 82.0000, -2.656e-9
40.0000, 82.0000, -2.654e-9
42.0000, 82.0000, -2.655e-9
44.0000, 82.0000, -2.657e-9
46.0000, 82.0000, -2.660e-9
48.0000, 82.0000, -2.661e-9
50.0000, 82.0000, -2.660e-9
52.0000, 82.0000, -2.660e-9
54.0000, 82.0000, -2.658e-9
56.0000, 82.0000, -2.654e-9
58.0000, 82.0000, -2.651e-9
60.0000, 82.0000, -2.651e-9
62.0000, 82.0000, -2.652e-9
64.0000, 82.0000, -2.653e-9
66.0000, 82.0000, -2.654e-9
68.0000, 82.0000, -2.655e-9
70.0000, 82.0000, -2.655e-9
72.0000, 82.0000, -2.656e-9
74.0000, 82.0000, -2.657e-9
76.0000, 82.0000, -2.656e-9
78.0000, 82.0000, -2.654e-9
80.0000, 82.0000, -2.652e-9
82.0000, 82.0000, -2.651e-9
84.0000, 82.0000, -2.650e-9
86.0000, 82.0000, -2.648e-9
88.0000, 82.0000, -2.648e-9
90.0000, 82.0000, -2.649e-9
92.0000, 82.0000, -2.648e-9
94.0000, 82.0000, -2.646e-9
96.0000, 82.0000, -2.644e-9
98.0000, 82.0000, -2.642e-9
100.0000, 82.0000, -2.640e-9
102.0000, 82.0000, -2.639e-9
104.0000, 82.0000, -2.636e-9
106.0000, 82.0000, -2.633e-9
108.0000, 82.0000, -2.630e-9
110.0000, 82.0000, -2.629e-9
112.0000, 82.0000, -2.627e-9
114.0000, 82.0000, -2.624e-9
116.0000, 82.0000, -2.622e-9
118.0000, 82.0000, -2.620e-9
120.0000, 82.0000, -2.619e-9
122.0000, 82.0000, -2.616e-9
124.0000, 82.0000, -2.615e-9
126.0000, 82.0000, -2.615e-9
128.0000, 82.0000, -2.615e-9
130.0000, 82.0000, -2.615e-9
132.0000, 82.0000, -2.614e-9
134.0000, 82.0000, -2.612e-9
136.0000, 82.0000, -2.611e-9
138.0000, 82.0000, -2.609e-9
140.0000, 82.0000, -2.607e-9
142.0000, 82.0000, -2.605e-9
144.0000, 82.0000, -2.602e-9
146.0000, 82.0000, -2.601e-9
148.0000, 82.0000, -2.599e-9
150.0000, 82.0000, -2.598e-9
152.0000, 82.0000, -2.596e-9
154.0000, 82.0000, -2.595e-9
156.0000, 82.0000, -2.595e-9
158.0000, 82.0000, -2.593e-9
160.0000, 82.0000, -2.592e-9
162.0000, 82.0000, -2.590e-9
164.0000, 82.0000, -2.588e-9
166.0000, 82.0000, -2.585e-9
168.0000, 82.0000, -2.582e-9
170.0000, 82.0000, -2.578e-9
172.0000, 82.0000, -2.574e-9
174.0000, 82.0000, -2.571e-9
176.0000, 82.0000, -2.570e-9
178.0000, 82.0000, -2.568e-9
180.0000, 82.0000, -2.567e-9
182.0000, 82.0000, -2.567e-9
184.0000, 82.0000, -2.566e-9
186.0000, 82.0000, -2.564e-9
188.0000, 82.0000, -2.560e-9
190.0000, 82.0000, -2.555e-9
192.0000, 82.0000, -2.551e-9
194.0000, 82.0000, -2.547e-9
196.0000, 82.0000, -2.543e-9
198.0000, 82.0000, -2.538e-9
200.0000, 82.0000, -2.534e-9
202.0000, 82.0000, -2.531e-9
204.0000, 82.0000, -2.527e-9
206.0000, 82.0000, -2.524e-9
208.0000, 82.0000, -2.522e-9
210.0000, 82.0000, -2.520e-9
212.0000, 82.0000, -2.518e-9
214.0000, 82.0000, -2.516e-9
216.0000, 82.0000, -2.514e-9
218.0000, 82.0000, -2.512e-9
220.0000, 82.0000, -2.510e-9
222.0000, 82.0000, -2.509e-9
224.0000, 82.0000, -2.507e-9
226.0000, 82.0000, -2.505e-9
228.0000, 82.0000, -2.502e-9
230.0000, 82.0000, -2.501e-9
232.0000, 82.0000, -2.500e-9
234.0000, 82.0000, -2.500e-9
236.0000, 82.0000, -2.499e-9
238.0000, 82.0000, -2.497e-9
240.0000, 82.0000, -2.496e-9
242.0000, 82.0000, -2.496e-9
244.0000, 82.0000, -2.495e-9
246.0000, 82.0000, -2.494e-9
248.0000, 82.0000, -2.493e-9
250.0000, 82.0000, -2.492e-9
252.0000, 82.0000, -2.492e-9
254.0000, 82.0000, -2.491e-9
256.0000, 82.0000, -2.490e-9
258.0000, 82.0000, -2.490e-9
260.0000, 82.0000, -2.489e-9
262.0000, 82.0000, -2.488e-9
264.0000, 82.0000, -2.488e-9
266.0000, 82.0000, -2.488e-9
268.0000, 82.0000, -2.487e-9
270.0000, 82.0000, -2.486e-9
272.0000, 82.0000, -2.486e-9
274.0000, 82.0000, -2.485e-9
276.0000, 82.0000, -2.484e-9
278.0000, 82.0000, -2.484e-9
280.0000, 82.0000, -2.484e-9
282.0000, 82.0000, -2.484e-9
284.0000, 82.0000, -2.483e-9
286.0000, 82.0000, -2.483e-9
288.0000, 82.0000, -2.483e-9
290.0000, 82.0000, -2.482e-9
292.0000, 82.0000, -2.482e-9
294.0000, 82.0000, -2.481e-9
296.0000, 82.0000, -2.481e-9
298.0000, 82.0000, -2.481e-9
0.0000, 84.0000, -3.199e-9
2.0000, 84.0000, -3.073e-9
4.0000, 84.0000, -2.969e-9
6.0000, 84.0000, -2.890e-9
8.0000, 84.0000, -2.830e-9
10.0000, 84.0000, -2.784e-9
12.0000, 84.0000, -2.750e-9
14.0000, 84.0000, -2.725e-9
16.0000, 84.0000, -2.704e-9
18.0000, 84.0000, -2.689e-9
20.0000, 84.0000, -2.678e-9
22.0000, 84.0000, -2.668e-9
24.0000, 84.0000, -2.662e-9
26.0000, 84.0000, -2.657e-9
28.0000, 84.0000, -2.655e-9
30.0000, 84.0000, -2.652e-9
32.0000, 84.0000, -2.652e-9
34.0000, 84.0000, -2.653e-9
36.0000, 84.0000, -2.655e-9
38.0000, 84.0000, -2.657e-9
40.0000, 84.0000, -2.658e-9
42.0000, 84.0000, -2.658e-9
44.0000, 84.0000, -2.660e-9
46.0000, 84.0000, -2.661e-9
48.0000, 84.0000, -2.662e-9
50.0000, 84.0000, -2.663e-9
52.0000, 84.0000, -2.660e-9
54.0000, 84.0000, -2.658e-9
56.0000, 84.0000, -2.656e-9
58.0000, 84.0000, -2.653e-9
60.0000, 84.0000, -2.650e-9
62.0000, 84.0000, -2.649e-9
64.0000, 84.0000, -2.648e-9
66.0000, 84.0000, -2.649e-9
68.0000, 84.0000, -2.651e-9
70.0000, 84.0000, -2.652e-9
72.0000, 84.0000, -2.652e-9
74.0000, 84.0000, -2.650e-9
76.0000, 84.0000, -2.650e-9
78.0000, 84.0000, -2.650e-9
80.0000, 84.0000, -2.650e-9
82.0000, 84.0000, -2.649e-9
84.0000, 84.0000, -2.649e-9
86.0000, 84.0000, -2.650e-9
88.0000, 84.0000, -2.649e-9
90.0000, 84.0000, -2.648e-9
92.0000, 84.0000, -2.645e-9
94.0000, 84.0000, -2.644e-9
96.0000, 84.0000, -2.643e-9
98.0000, 84.0000, -2.642e-9
100.0000, 84.0000, -2.641e-9
102.0000, 84.0000, -2.639e-9
104.0000, 84.0000, -2.637e-9
106.0000, 84.0000, -2.635e-9
108.0000, 84.0000, -2.632e-9
110.0000, 84.0000, -2.630e-9
112.0000, 84.0000, -2.628e-9
114.0000, 84.0000, -2.627e-9
116.0000, 84.0000, -2.626e-9
118.0000, 84.0000, -2.624e-9
120.0000, 84.0000, -2.622e-9
122.0000, 84.0000, -2.620e-9
124.0000, 84.0000, -2.618e-9
126.0000, 84.0000, -2.616e-9
128.0000, 84.0000, -2.614e-9
130.0000, 84.0000, -2.614e-9
132.0000, 84.0000, -2.614e-9
134.0000, 84.0000, -2.613e-9
136.0000, 84.0000, -2.612e-9
138.0000, 84.0000, -2.610e-9
140.0000, 84.0000, -2.608e-9
142.0000, 84.0000, -2.606e-9
144.0000, 84.0000, -2.604e-9
146.0000, 84.0000, -2.602e-9
148.0000, 84.0000, -2.600e-9
150.0000, 84.0000, -2.597e-9
152.0000, 84.0000, -2.595e-9
154.0000, 84.0000, -2.595e-9
156.0000, 84.0000, -2.595e-9
158.0000, 84.0000, -2.594e-9
160.0000, 84.0000, -2.592e-9
162.0000, 84.0000, -2.591e-9
164.0000, 84.0000, -2.589e-9
166.0000, 84.0000, -2.586e-9
168.0000, 84.0000, -2.582e-9
170.0000, 84.0000, -2.578e-9
172.0000, 84.0000, -2.575e-9
174.0000, 84.0000, -2.572e-9
176.0000, 84.0000, -2.570e-9
178.0000, 84.0000, -2.570e-9
180.0000, 84.0000, -2.570e-9
182.0000, 84.0000, -2.569e-9
184.0000, 84.0000, -2.570e-9
186.0000, 84.0000, -2.567e-9
188.0000, 84.0000, -2.563e-9
190.0000, 84.0000, -2.558e-9
192.0000, 84.0000, -2.554e-9
194.0000, 84.0000, -2.549e-9
196.0000, 84.0000, -2.544e-9
198.0000, 84.0000, -2.540e-9
200.0000, 84.0000, -2.536e-9
202.0000, 84.0000, -2.532e-9
204.0000, 84.0000, -2.529e-9
206.0000, 84.0000, -2.526e-9
208.0000, 84.0000, -2.523e-9
210.0000, 84.0000, -2.521e-9
212.0000, 84.0000, -2.519e-9
214.0000, 84.0000, -2.518e-9
216.0000, 84.0000, -2.516e-9
218.0000, 84.0000, -2.514e-9
220.0000, 84.0000, -2.512e-9
222.0000, 84.0000, -2.510e-9
224.0000, 84.0000, -2.508e-9
226.0000, 84.0000, -2.506e-9
228.0000, 84.0000, -2.505e-9
230.0000, 84.0000, -2.503e-9
232.0000, 84.0000, -2.502e-9
234.0000, 84.0000, -2.501e-9
236.0000, 84.0000, -2.500e-9
238.0000, 84.0000, -2.499e-9
240.0000, 84.0000, -2.498e-9
242.0000, 84.0000, -2.497e-9
244.0000, 84.0000, -2.496e-9
246.0000, 84.0000, -2.495e-9
248.0000, 84.0000, -2.494e-9
250.0000, 84.0000, -2.494e-9
252.0000, 84.0000, -2.494e-9
254.0000, 84.0000, -2.493e-9
256.0000, 84.0000, -2.492e-9
258.0000, 84.0000, -2.491e-9
260.0000, 84.0000, -2.490e-9
262.0000, 84.0000, -2.490e-9
264.0000, 84.0000, -2.490e-9
266.0000, 84.0000, -2.488e-9
268.0000, 84.0000, -2.488e-9
270.0000, 84.0000, -2.488e-9
272.0000, 84.0000, -2.487e-9
274.0000, 84.0000, -2.487e-9
276.0000, 84.0000, -2.486e-9
278.0000, 84.0000, -2.485e-9
280.0000, 84.0000, -2.485e-9
282.0000, 84.0000, -2.485e-9
284.0000, 84.0000, -2.485e-9
286.0000, 84.0000, -2.484e-9
288.0000, 84.0000, -2.484e-9
290.0000, 84.0000, -2.483e-9
292.0000, 84.0000, -2.483e-9
294.0000, 84.0000, -2.482e-9
296.0000, 84.0000, -2.482e-9
298.0000, 84.0000, -2.482e-9
0.0000, 86.0000, -3.199e-9
2.0000, 86.0000, -3.072e-9
4.0000, 86.0000, -2.967e-9
6.0000, 86.0000, -2.888e-9
8.0000, 86.0000, -2.828e-9
10.0000, 86.0000, -2.782e-9
12.0000, 86.0000, -2.747e-9
14.0000, 86.0000, -2.721e-9
16.0000, 86.0000, -2.701e-9
18.0000, 86.0000, -2.686e-9
20.0000, 86.0000, -2.674e-9
22.0000, 86.0000, -2.666e-9
24.0000, 86.0000, -2.659e-9
26.0000, 86.0000, -2.653e-9
28.0000, 86.0000, -2.648e-9
30.0000, 86.0000, -2.647e-9
32.0000, 86.0000, -2.647e-9
34.0000, 86.0000, -2.648e-9
36.0000, 86.0000, -2.650e-9
38.0000, 86.0000, -2.651e-9
40.0000, 86.0000, -2.655e-9
42.0000, 86.0000, -2.657e-9
44.0000, 86.0000, -2.657e-9
46.0000, 86.0000, -2.657e-9
48.0000, 86.0000, -2.657e-9
50.0000, 86.0000, -2.655e-9
52.0000, 86.0000, -2.652e-9
54.0000, 86.0000, -2.649e-9
56.0000, 86.0000, -2.648e-9
58.0000, 86.0000, -2.646e-9
60.0000, 86.0000, -2.645e-9
62.0000, 86.0000, -2.643e-9
64.0000, 86.0000, -2.643e-9
66.0000, 86.0000, -2.642e-9
68.0000, 86.0000, -2.644e-9
70.0000, 86.0000, -2.645e-9
72.0000, 86.0000, -2.646e-9
74.0000, 86.0000, -2.645e-9
76.0000, 86.0000, -2.643e-9
78.0000, 86.0000, -2.641e-9
80.0000, 86.0000, -2.643e-9
82.0000, 86.0000, -2.645e-9
84.0000, 86.0000, -2.645e-9
86.0000, 86.0000, -2.644e-9
88.0000, 86.0000, -2.643e-9
90.0000, 86.0000, -2.643e-9
92.0000, 86.0000, -2.640e-9
94.0000, 86.0000, -2.638e-9
96.0000, 86.0000, -2.635e-9
98.0000, 86.0000, -2.635e-9
100.0000, 86.0000, -2.635e-9
102.0000, 86.0000, -2.634e-9
104.0000, 86.0000, -2.632e-9
106.0000, 86.0000, -2.630e-9
108.0000, 86.0000, -2.627e-9
110.0000, 86.0000, -2.625e-9
112.0000, 86.0000, -2.623e-9
114.0000, 86.0000, -2.621e-9
116.0000, 86.0000, -2.619e-9
118.0000, 86.0000, -2.617e-9
120.0000, 86.0000, -2.615e-9
122.0000, 86.0000, -2.613e-9
124.0000, 86.0000, -2.612e-9
126.0000, 86.0000, -2.612e-9
128.0000, 86.0000, -2.610e-9
130.0000, 86.0000, -2.609e-9
132.0000, 86.0000, -2.608e-9
134.0000, 86.0000, -2.607e-9
136.0000, 86.0000, -2.606e-9
138.0000, 86.0000, -2.604e-9
140.0000, 86.0000, -2.603e-9
142.0000, 86.0000, -2.600e-9
144.0000, 86.0000, -2.598e-9
146.0000, 86.0000, -2.595e-9
148.0000, 86.0000, -2.592e-9
150.0000, 86.0000, -2.591e-9
152.0000, 86.0000, -2.589e-9
154.0000, 86.0000, -2.590e-9
156.0000, 86.0000, -2.589e-9
158.0000, 86.0000, -2.588e-9
160.0000, 86.0000, -2.587e-9
162.0000, 86.0000, -2.586e-9
164.0000, 86.0000, -2.583e-9
166.0000, 86.0000, -2.580e-9
168.0000, 86.0000, -2.577e-9
170.0000, 86.0000, -2.575e-9
172.0000, 86.0000, -2.571e-9
174.0000, 86.0000, -2.568e-9
176.0000, 86.0000, -2.568e-9
178.0000, 86.0000, -2.567e-9
180.0000, 86.0000, -2.565e-9
182.0000, 86.0000, -2.565e-9
184.0000, 86.0000, -2.565e-9
186.0000, 86.0000, -2.563e-9
188.0000, 86.0000, -2.559e-9
190.0000, 86.0000, -2.554e-9
192.0000, 86.0000, -2.549e-9
194.0000, 86.0000, -2.544e-9
196.0000, 86.0000, -2.539e-9
198.0000, 86.0000, -2.535e-9
200.0000, 86.0000, -2.531e-9
202.0000, 86.0000, -2.527e-9
204.0000, 86.0000, -2.524e-9
206.0000, 86.0000, -2.520e-9
208.0000, 86.0000, -2.518e-9
210.0000, 86.0000, -2.516e-9
212.0000, 86.0000, -2.514e-9
214.0000, 86.0000, -2.512e-9
216.0000, 86.0000, -2.509e-9
218.0000, 86.0000, -2.508e-9
220.0000, 86.0000, -2.506e-9
222.0000, 86.0000, -2.504e-9
224.0000, 86.0000, -2.503e-9
226.0000, 86.0000, -2.501e-9
228.0000, 86.0000, -2.499e-9
230.0000, 86.0000, -2.498e-9
232.0000, 86.0000, -2.497e-9
234.0000, 86.0000, -2.495e-9
236.0000, 86.0000, -2.493e-9
238.0000, 86.0000, -2.492e-9
240.0000, 86.0000, -2.492e-9
242.0000, 86.0000, -2.491e-9
244.0000, 86.0000, -2.491e-9
246.0000, 86.0000, -2.490e-9
248.0000, 86.0000, -2.490e-9
250.0000, 86.0000, -2.488e-9
252.0000, 86.0000, -2.488e-9
254.0000, 86.0000, -2.487e-9
256.0000, 86.0000, -2.486e-9
258.0000, 86.0000, -2.486e-9
260.0000, 86.0000, -2.484e-9
262.0000, 86.0000, -2.483e-9
264.0000, 86.0000, -2.483e-9
266.0000, 86.0000, -2.483e-9
268.0000, 86.0000, -2.482e-9
270.0000, 86.0000, -2.482e-9
272.0000, 86.0000, -2.481e-9
274.0000, 86.0000, -2.481e-9
276.0000, 86.0000, -2.480e-9
278.0000, 86.0000, -2.479e-9
280.0000, 86.0000, -2.479e-9
282.0000, 86.0000, -2.479e-9
284.0000, 86.0000, -2.479e-9
286.0000, 86.0000, -2.478e-9
288.0000, 86.0000, -2.478e-9
290.0000, 86.0000, -2.478e-9
292.0000, 86.0000, -2.477e-9
294.0000, 86.0000, -2.477e-9
296.0000, 86.0000, -2.477e-9
298.0000, 86.0000, -2.476e-9
0.0000, 88.0000, -3.182e-9
2.0000, 88.0000, -3.060e-9
4.0000, 88.0000, -2.961e-9
6.0000, 88.0000, -2.885e-9
8.0000, 88.0000, -2.827e-9
10.0000, 88.0000, -2.783e-9
12.0000, 88.0000, -2.749e-9
14.0000, 88.0000, -2.724e-9
16.0000, 88.0000, -2.704e-9
18.0000, 88.0000, -2.689e-9
20.0000, 88.0000, -2.677e-9
22.0000, 88.0000, -2.668e-9
24.0000, 88.0000, -2.662e-9
26.0000, 88.0000, -2.658e-9
28.0000, 88.0000, -2.652e-9
30.0000, 88.0000, -2.650e-9
32.0000, 88.0000, -2.650e-9
34.0000, 88.0000, -2.651e-9
36.0000, 88.0000, -2.652e-9
38.0000, 88.0000, -2.653e-9
40.0000, 88.0000, -2.655e-9
42.0000, 88.0000, -2.658e-9
44.0000, 88.0000, -2.661e-9
46.0000, 88.0000, -2.665e-9
48.0000, 88.0000, -2.668e-9
50.0000, 88.0000, -2.668e-9
52.0000, 88.0000, -2.666e-9
54.0000, 88.0000, -2.665e-9
56.0000, 88.0000, -2.663e-9
58.0000, 88.0000, -2.659e-9
60.0000, 88.0000, -2.656e-9
62.0000, 88.0000, -2.654e-9
64.0000, 88.0000, -2.652e-9
66.0000, 88.0000, -2.650e-9
68.0000, 88.0000, -2.649e-9
70.0000, 88.0000, -2.648e-9
72.0000, 88.0000, -2.647e-9
74.0000, 88.0000, -2.647e-9
76.0000, 88.0000, -2.649e-9
78.0000, 88.0000, -2.649e-9
80.0000, 88.0000, -2.650e-9
82.0000, 88.0000, -2.650e-9
84.0000, 88.0000, -2.650e-9
86.0000, 88.0000, -2.647e-9
88.0000, 88.0000, -2.646e-9
90.0000, 88.0000, -2.646e-9
92.0000, 88.0000, -2.645e-9
94.0000, 88.0000, -2.644e-9
96.0000, 88.0000, -2.644e-9
98.0000, 88.0000, -2.642e-9
100.0000, 88.0000, -2.639e-9
102.0000, 88.0000, -2.637e-9
104.0000, 88.0000, -2.636e-9
106.0000, 88.0000, -2.634e-9
108.0000, 88.0000, -2.631e-9
110.0000, 88.0000, -2.627e-9
112.0000, 88.0000, -2.624e-9
114.0000, 88.0000, -2.623e-9
116.0000, 88.0000, -2.622e-9
118.0000, 88.0000, -2.619e-9
120.0000, 88.0000, -2.618e-9
122.0000, 88.0000, -2.618e-9
124.0000, 88.0000, -2.617e-9
126.0000, 88.0000, -2.617e-9
128.0000, 88.0000, -2.616e-9
130.0000, 88.0000, -2.616e-9
132.0000, 88.0000, -2.616e-9
134.0000, 88.0000, -2.615e-9
136.0000, 88.0000, -2.613e-9
138.0000, 88.0000, -2.611e-9
140.0000, 88.0000, -2.610e-9
142.0000, 88.0000, -2.608e-9
144.0000, 88.0000, -2.605e-9
146.0000, 88.0000, -2.603e-9
148.0000, 88.0000, -2.601e-9
150.0000, 88.0000, -2.598e-9
152.0000, 88.0000, -2.596e-9
154.0000, 88.0000, -2.596e-9
156.0000, 88.0000, -2.598e-9
158.0000, 88.0000, -2.597e-9
160.0000, 88.0000, -2.594e-9
162.0000, 88.0000, -2.592e-9
164.0000, 88.0000, -2.590e-9
166.0000, 88.0000, -2.586e-9
168.0000, 88.0000, -2.583e-9
170.0000, 88.0000, -2.580e-9
172.0000, 88.0000, -2.576e-9
174.0000, 88.0000, -2.574e-9
176.0000, 88.0000, -2.572e-9
178.0000, 88.0000, -2.570e-9
180.0000, 88.0000, -2.569e-9
182.0000, 88.0000, -2.568e-9
184.0000, 88.0000, -2.569e-9
186.0000, 88.0000, -2.567e-9
188.0000, 88.0000, -2.563e-9
190.0000, 88.0000, -2.559e-9
192.0000, 88.0000, -2.554e-9
194.0000, 88.0000, -2.549e-9
196.0000, 88.0000, -2.544e-9
198.0000, 88.0000, -2.539e-9
200.0000, 88.0000, -2.535e-9
202.0000, 88.0000, -2.531e-9
204.0000, 88.0000, -2.527e-9
206.0000, 88.0000, -2.525e-9
208.0000, 88.0000, -2.522e-9
210.0000, 88.0000, -2.520e-9
212.0000, 88.0000, -2.517e-9
214.0000, 88.0000, -2.515e-9
216.0000, 88.0000, -2.513e-9
218.0000, 88.0000, -2.511e-9
220.0000, 88.0000, -2.509e-9
222.0000, 88.0000, -2.507e-9
224.0000, 88.0000, -2.505e-9
226.0000, 88.0000, -2.504e-9
228.0000, 88.0000, -2.503e-9
230.0000, 88.0000, -2.502e-9
232.0000, 88.0000, -2.501e-9
234.0000, 88.0000, -2.499e-9
236.0000, 88.0000, -2.497e-9
238.0000, 88.0000, -2.496e-9
240.0000, 88.0000, -2.495e-9
242.0000, 88.0000, -2.495e-9
244.0000, 88.0000, -2.494e-9
246.0000, 88.0000, -2.494e-9
248.0000, 88.0000, -2.493e-9
250.0000, 88.0000, -2.492e-9
252.0000, 88.0000, -2.491e-9
254.0000, 88.0000, -2.490e-9
256.0000, 88.0000, -2.490e-9
258.0000, 88.0000, -2.489e-9
260.0000, 88.0000, -2.489e-9
262.0000, 88.0000, -2.488e-9
264.0000, 88.0000, -2.487e-9
266.0000, 88.0000, -2.486e-9
268.0000, 88.0000, -2.485e-9
270.0000, 88.0000, -2.485e-9
272.0000, 88.0000, -2.485e-9
274.0000, 88.0000, -2.485e-9
276.0000, 88.0000, -2.484e-9
278.0000, 88.0000, -2.483e-9
280.0000, 88.0000, -2.484e-9
282.0000, 88.0000, -2.483e-9
284.0000, 88.0000, -2.482e-9
286.0000, 88.0000, -2.482e-9
288.0000, 88.0000, -2.482e-9
290.0000, 88.0000, -2.481e-9
292.0000, 88.0000, -2.481e-9
294.0000, 88.0000, -2.481e-9
296.0000, 88.0000, -2.480e-9
298.0000, 88.0000, -2.479e-9
0.0000, 90.0000, -3.182e-9
2.0000, 90.0000, -3.059e-9
4.0000, 90.0000, -2.961e-9
6.0000, 90.0000, -2.886e-9
8.0000, 90.0000, -2.828e-9
10.0000, 90.0000, -2.784e-9
12.0000, 90.0000, -2.750e-9
14.0000, 90.0000, -2.725e-9
16.0000, 90.0000, -2.705e-9
18.0000, 90.0000, -2.689e-9
20.0000, 90.0000, -2.677e-9
22.0000, 90.0000, -2.669e-9
24.0000, 90.0000, -2.663e-9
26.0000, 90.0000, -2.658e-9
28.0000, 90.0000, -2.654e-9
30.0000, 90.0000, -2.652e-9
32.0000, 90.0000, -2.650e-9
34.0000, 90.0000, -2.651e-9
36.0000, 90.0000, -2.651e-9
38.0000, 90.0000, -2.651e-9
40.0000, 90.0000, -2.654e-9
42.0000, 90.0000, -2.656e-9
44.0000, 90.0000, -2.659e-9
46.0000, 90.0000, -2.663e-9
48.0000, 90.0000, -2.664e-9
50.0000, 90.0000, -2.663e-9
52.0000, 90.0000, -2.662e-9
54.0000, 90.0000, -2.660e-9
56.0000, 90.0000, -2.658e-9
58.0000, 90.0000, -2.654e-9
60.0000, 90.0000, -2.651e-9
62.0000, 90.0000, -2.649e-9
64.0000, 90.0000, -2.648e-9
66.0000, 90.0000, -2.649e-9
68.0000, 90.0000, -2.649e-9
70.0000, 90.0000, -2.648e-9
72.0000, 90.0000, -2.646e-9
74.0000, 90.0000, -2.646e-9
76.0000, 90.0000, -2.646e-9
78.0000, 90.0000, -2.646e-9
80.0000, 90.0000, -2.648e-9
82.0000, 90.0000, -2.649e-9
84.0000, 90.0000, -2.647e-9
86.0000, 90.0000, -2.645e-9
88.0000, 90.0000, -2.645e-9
90.0000, 90.0000, -2.646e-9
92.0000, 90.0000, -2.645e-9
94.0000, 90.0000, -2.645e-9
96.0000, 90.0000, -2.644e-9
98.0000, 90.0000, -2.642e-9
100.0000, 90.0000, -2.641e-9
102.0000, 90.0000, -2.639e-9
104.0000, 90.0000, -2.638e-9
106.0000, 90.0000, -2.636e-9
108.0000, 90.0000, -2.634e-9
110.0000, 90.0000, -2.633e-9
112.0000, 90.0000, -2.631e-9
114.0000, 90.0000, -2.629e-9
116.0000, 90.0000, -2.627e-9
118.0000, 90.0000, -2.625e-9
120.0000, 90.0000, -2.623e-9
122.0000, 90.0000, -2.622e-9
124.0000, 90.0000, -2.619e-9
126.0000, 90.0000, -2.618e-9
128.0000, 90.0000, -2.616e-9
130.0000, 90.0000, -2.616e-9
132.0000, 90.0000, -2.616e-9
134.0000, 90.0000, -2.614e-9
136.0000, 90.0000, -2.613e-9
138.0000, 90.0000, -2.611e-9
140.0000, 90.0000, -2.609e-9
142.0000, 90.0000, -2.607e-9
144.0000, 90.0000, -2.606e-9
146.0000, 90.0000, -2.603e-9
148.0000, 90.0000, -2.602e-9
150.0000, 90.0000, -2.599e-9
152.0000, 90.0000, -2.597e-9
154.0000, 90.0000, -2.596e-9
156.0000, 90.0000, -2.596e-9
158.0000, 90.0000, -2.596e-9
160.0000, 90.0000, -2.594e-9
162.0000, 90.0000, -2.595e-9
164.0000, 90.0000, -2.592e-9
166.0000, 90.0000, -2.589e-9
168.0000, 90.0000, -2.585e-9
170.0000, 90.0000, -2.581e-9
172.0000, 90.0000, -2.578e-9
174.0000, 90.0000, -2.574e-9
176.0000, 90.0000, -2.571e-9
178.0000, 90.0000, -2.569e-9
180.0000, 90.0000, -2.568e-9
182.0000, 90.0000, -2.567e-9
184.0000, 90.0000, -2.567e-9
186.0000, 90.0000, -2.567e-9
188.0000, 90.0000, -2.564e-9
190.0000, 90.0000, -2.560e-9
192.0000, 90.0000, -2.556e-9
194.0000, 90.0000, -2.551e-9
196.0000, 90.0000, -2.547e-9
198.0000, 90.0000, -2.542e-9
200.0000, 90.0000, -2.538e-9
202.0000, 90.0000, -2.534e-9
204.0000, 90.0000, -2.530e-9
206.0000, 90.0000, -2.527e-9
208.0000, 90.0000, -2.524e-9
210.0000, 90.0000, -2.522e-9
212.0000, 90.0000, -2.519e-9
214.0000, 90.0000, -2.517e-9
216.0000, 90.0000, -2.515e-9
218.0000, 90.0000, -2.512e-9
220.0000, 90.0000, -2.510e-9
222.0000, 90.0000, -2.508e-9
224.0000, 90.0000, -2.507e-9
226.0000, 90.0000, -2.505e-9
228.0000, 90.0000, -2.504e-9
230.0000, 90.0000, -2.503e-9
232.0000, 90.0000, -2.502e-9
234.0000, 90.0000, -2.500e-9
236.0000, 90.0000, -2.499e-9
238.0000, 90.0000, -2.497e-9
240.0000, 90.0000, -2.497e-9
242.0000, 90.0000, -2.496e-9
244.0000, 90.0000, -2.495e-9
246.0000, 90.0000, -2.494e-9
248.0000, 90.0000, -2.494e-9
250.0000, 90.0000, -2.493e-9
252.0000, 90.0000, -2.492e-9
254.0000, 90.0000, -2.492e-9
256.0000, 90.0000, -2.491e-9
258.0000, 90.0000, -2.490e-9
260.0000, 90.0000, -2.489e-9
262.0000, 90.0000, -2.489e-9
264.0000, 90.0000, -2.488e-9
266.0000, 90.0000, -2.487e-9
268.0000, 90.0000, -2.487e-9
270.0000, 90.0000, -2.486e-9
272.0000, 90.0000, -2.486e-9
274.0000, 90.0000, -2.485e-9
276.0000, 90.0000, -2.485e-9
278.0000, 90.0000, -2.484e-9
280.0000, 90.0000, -2.484e-9
282.0000, 90.0000, -2.484e-9
284.0000, 90.0000, -2.483e-9
286.0000, 90.0000, -2.483e-9
288.0000, 90.0000, -2.482e-9
290.0000, 90.0000, -2.482e-9
292.0000, 90.0000, -2.482e-9
294.0000, 90.0000, -2.481e-9
296.0000, 90.0000, -2.481e-9
298.0000, 90.0000, -2.481e-9
0.0000, 92.0000, -3.181e-9
2.0000, 92.0000, -3.060e-9
4.0000, 92.0000, -2.962e-9
6.0000, 92.0000, -2.886e-9
8.0000, 92.0000, -2.829e-9
10.0000, 92.0000, -2.786e-9
12.0000, 92.0000, -2.753e-9
14.0000, 92.0000, -2.728e-9
16.0000, 92.0000, -2.709e-9
18.0000, 92.0000, -2.693e-9
20.0000, 92.0000, -2.681e-9
22.0000, 92.0000, -2.672e-9
24.0000, 92.0000, -2.666e-9
26.0000, 92.0000, -2.662e-9
28.0000, 92.0000, -2.659e-9
30.0000, 92.0000, -2.656e-9
32.0000, 92.0000, -2.655e-9
34.0000, 92.0000, -2.656e-9
36.0000, 92.0000, -2.659e-9
38.0000, 92.0000, -2.661e-9
40.0000, 92.0000, -2.661e-9
42.0000, 92.0000, -2.661e-9
44.0000, 92.0000, -2.661e-9
46.0000, 92.0000, -2.659e-9
48.0000, 92.0000, -2.658e-9
50.0000, 92.0000, -2.658e-9
52.0000, 92.0000, -2.656e-9
54.0000, 92.0000, -2.654e-9
56.0000, 92.0000, -2.651e-9
58.0000, 92.0000, -2.649e-9
60.0000, 92.0000, -2.649e-9
62.0000, 92.0000, -2.647e-9
64.0000, 92.0000, -2.649e-9
66.0000, 92.0000, -2.650e-9
68.0000, 92.0000, -2.653e-9
70.0000, 92.0000, -2.654e-9
72.0000, 92.0000, -2.654e-9
74.0000, 92.0000, -2.652e-9
76.0000, 92.0000, -2.650e-9
78.0000, 92.0000, -2.650e-9
80.0000, 92.0000, -2.648e-9
82.0000, 92.0000, -2.648e-9
84.0000, 92.0000, -2.647e-9
86.0000, 92.0000, -2.649e-9
88.0000, 92.0000, -2.649e-9
90.0000, 92.0000, -2.649e-9
92.0000, 92.0000, -2.647e-9
94.0000, 92.0000, -2.647e-9
96.0000, 92.0000, -2.644e-9
98.0000, 92.0000, -2.644e-9
100.0000, 92.0000, -2.643e-9
102.0000, 92.0000, -2.642e-9
104.0000, 92.0000, -2.641e-9
106.0000, 92.0000, -2.639e-9
108.0000, 92.0000, -2.637e-9
110.0000, 92.0000, -2.634e-9
112.0000, 92.0000, -2.632e-9
114.0000, 92.0000, -2.630e-9
116.0000, 92.0000, -2.629e-9
118.0000, 92.0000, -2.627e-9
120.0000, 92.0000, -2.624e-9
122.0000, 92.0000, -2.623e-9
124.0000, 92.0000, -2.624e-9
126.0000, 92.0000, -2.623e-9
128.0000, 92.0000, -2.622e-9
130.0000, 92.0000, -2.622e-9
132.0000, 92.0000, -2.620e-9
134.0000, 92.0000, -2.620e-9
136.0000, 92.0000, -2.618e-9
138.0000, 92.0000, -2.615e-9
140.0000, 92.0000, -2.614e-9
142.0000, 92.0000, -2.612e-9
144.0000, 92.0000, -2.610e-9
146.0000, 92.0000, -2.608e-9
148.0000, 92.0000, -2.605e-9
150.0000, 92.0000, -2.603e-9
152.0000, 92.0000, -2.601e-9
154.0000, 92.0000, -2.601e-9
156.0000, 92.0000, -2.600e-9
158.0000, 92.0000, -2.599e-9
160.0000, 92.0000, -2.597e-9
162.0000, 92.0000, -2.596e-9
164.0000, 92.0000, -2.595e-9
166.0000, 92.0000, -2.593e-9
168.0000, 92.0000, -2.589e-9
170.0000, 92.0000, -2.585e-9
172.0000, 92.0000, -2.581e-9
174.0000, 92.0000, -2.579e-9
176.0000, 92.0000, -2.576e-9
178.0000, 92.0000, -2.575e-9
180.0000, 92.0000, -2.574e-9
182.0000, 92.0000, -2.573e-9
184.0000, 92.0000, -2.573e-9
186.0000, 92.0000, -2.572e-9
188.0000, 92.0000, -2.570e-9
190.0000, 92.0000, -2.566e-9
192.0000, 92.0000, -2.561e-9
194.0000, 92.0000, -2.557e-9
196.0000, 92.0000, -2.551e-9
198.0000, 92.0000, -2.546e-9
200.0000, 92.0000, -2.542e-9
202.0000, 92.0000, -2.538e-9
204.0000, 92.0000, -2.534e-9
206.0000, 92.0000, -2.531e-9
208.0000, 92.0000, -2.528e-9
210.0000, 92.0000, -2.525e-9
212.0000, 92.0000, -2.523e-9
214.0000, 92.0000, -2.520e-9
216.0000, 92.0000, -2.518e-9
218.0000, 92.0000, -2.515e-9
220.0000, 92.0000, -2.513e-9
222.0000, 92.0000, -2.511e-9
224.0000, 92.0000, -2.510e-9
226.0000, 92.0000, -2.508e-9
228.0000, 92.0000, -2.507e-9
230.0000, 92.0000, -2.506e-9
232.0000, 92.0000, -2.505e-9
234.0000, 92.0000, -2.503e-9
236.0000, 92.0000, -2.502e-9
238.0000, 92.0000, -2.501e-9
240.0000, 92.0000, -2.500e-9
242.0000, 92.0000, -2.499e-9
244.0000, 92.0000, -2.499e-9
246.0000, 92.0000, -2.497e-9
248.0000, 92.0000, -2.496e-9
250.0000, 92.0000, -2.496e-9
252.0000, 92.0000, -2.495e-9
254.0000, 92.0000, -2.494e-9
256.0000, 92.0000, -2.493e-9
258.0000, 92.0000, -2.492e-9
260.0000, 92.0000, -2.492e-9
262.0000, 92.0000, -2.492e-9
264.0000, 92.0000, -2.491e-9
266.0000, 92.0000, -2.490e-9
268.0000, 92.0000, -2.490e-9
270.0000, 92.0000, -2.489e-9
272.0000, 92.0000, -2.489e-9
274.0000, 92.0000, -2.488e-9
276.0000, 92.0000, -2.488e-9
278.0000, 92.0000, -2.487e-9
280.0000, 92.0000, -2.487e-9
282.0000, 92.0000, -2.486e-9
284.0000, 92.0000, -2.486e-9
286.0000, 92.0000, -2.486e-9
288.0000, 92.0000, -2.486e-9
290.0000, 92.0000, -2.485e-9
292.0000, 92.0000, -2.485e-9
294.0000, 92.0000, -2.484e-9
296.0000, 92.0000, -2.484e-9
298.0000, 92.0000, -2.483e-9
0.0000, 94.0000, -3.176e-9
2.0000, 94.0000, -3.056e-9
4.0000, 94.0000, -2.960e-9
6.0000, 94.0000, -2.887e-9
8.0000, 94.0000, -2.832e-9
10.0000, 94.0000, -2.789e-9
12.0000, 94.0000, -2.758e-9
14.0000, 94.0000, -2.733e-9
16.0000, 94.0000, -2.714e-9
18.0000, 94.0000, -2.699e-9
20.0000, 94.0000, -2.688e-9
22.0000, 94.0000, -2.680e-9
24.0000, 94.0000, -2.674e-9
26.0000, 94.0000, -2.669e-9
28.0000, 94.0000, -2.664e-9
30.0000, 94.0000, -2.661e-9
32.0000, 94.0000, -2.659e-9
34.0000, 94.0000, -2.660e-9
36.0000, 94.0000, -2.660e-9
38.0000, 94.0000, -2.662e-9
40.0000, 94.0000, -2.663e-9
42.0000, 94.0000, -2.665e-9
44.0000, 94.0000, -2.669e-9
46.0000, 94.0000, -2.671e-9
48.0000, 94.0000, -2.672e-9
50.0000, 94.0000, -2.671e-9
52.0000, 94.0000, -2.671e-9
54.0000, 94.0000, -2.671e-9
56.0000, 94.0000, -2.670e-9
58.0000, 94.0000, -2.666e-9
60.0000, 94.0000, -2.662e-9
62.0000, 94.0000, -2.658e-9
64.0000, 94.0000, -2.657e-9
66.0000, 94.0000, -2.659e-9
68.0000, 94.0000, -2.660e-9
70.0000, 94.0000, -2.660e-9
72.0000, 94.0000, -2.660e-9
74.0000, 94.0000, -2.659e-9
76.0000, 94.0000, -2.656e-9
78.0000, 94.0000, -2.655e-9
80.0000, 94.0000, -2.656e-9
82.0000, 94.0000, -2.658e-9
84.0000, 94.0000, -2.660e-9
86.0000, 94.0000, -2.659e-9
88.0000, 94.0000, -2.658e-9
90.0000, 94.0000, -2.656e-9
92.0000, 94.0000, -2.654e-9
94.0000, 94.0000, -2.653e-9
96.0000, 94.0000, -2.652e-9
98.0000, 94.0000, -2.650e-9
100.0000, 94.0000, -2.650e-9
102.0000, 94.0000, -2.649e-9
104.0000, 94.0000, -2.648e-9
106.0000, 94.0000, -2.645e-9
108.0000, 94.0000, -2.643e-9
110.0000, 94.0000, -2.640e-9
112.0000, 94.0000, -2.638e-9
114.0000, 94.0000, -2.636e-9
116.0000, 94.0000, -2.635e-9
118.0000, 94.0000, -2.632e-9
120.0000, 94.0000, -2.631e-9
122.0000, 94.0000, -2.630e-9
124.0000, 94.0000, -2.629e-9
126.0000, 94.0000, -2.629e-9
128.0000, 94.0000, -2.628e-9
130.0000, 94.0000, -2.628e-9
132.0000, 94.0000, -2.627e-9
134.0000, 94.0000, -2.625e-9
136.0000, 94.0000, -2.623e-9
138.0000, 94.0000, -2.622e-9
140.0000, 94.0000, -2.621e-9
142.0000, 94.0000, -2.619e-9
144.0000, 94.0000, -2.618e-9
146.0000, 94.0000, -2.615e-9
148.0000, 94.0000, -2.613e-9
150.0000, 94.0000, -2.610e-9
152.0000, 94.0000, -2.609e-9
154.0000, 94.0000, -2.608e-9
156.0000, 94.0000, -2.608e-9
158.0000, 94.0000, -2.606e-9
160.0000, 94.0000, -2.605e-9
162.0000, 94.0000, -2.603e-9
164.0000, 94.0000, -2.602e-9
166.0000, 94.0000, -2.598e-9
168.0000, 94.0000, -2.595e-9
170.0000, 94.0000, -2.592e-9
172.0000, 94.0000, -2.590e-9
174.0000, 94.0000, -2.586e-9
176.0000, 94.0000, -2.582e-9
178.0000, 94.0000, -2.579e-9
180.0000, 94.0000, -2.578e-9
182.0000, 94.0000, -2.577e-9
184.0000, 94.0000, -2.579e-9
186.0000, 94.0000, -2.579e-9
188.0000, 94.0000, -2.576e-9
190.0000, 94.0000, -2.572e-9
192.0000, 94.0000, -2.567e-9
194.0000, 94.0000, -2.562e-9
196.0000, 94.0000, -2.557e-9
198.0000, 94.0000, -2.552e-9
200.0000, 94.0000, -2.547e-9
202.0000, 94.0000, -2.543e-9
204.0000, 94.0000, -2.539e-9
206.0000, 94.0000, -2.536e-9
208.0000, 94.0000, -2.534e-9
210.0000, 94.0000, -2.531e-9
212.0000, 94.0000, -2.528e-9
214.0000, 94.0000, -2.525e-9
216.0000, 94.0000, -2.523e-9
218.0000, 94.0000, -2.521e-9
220.0000, 94.0000, -2.520e-9
222.0000, 94.0000, -2.518e-9
224.0000, 94.0000, -2.516e-9
226.0000, 94.0000, -2.515e-9
228.0000, 94.0000, -2.513e-9
230.0000, 94.0000, -2.511e-9
232.0000, 94.0000, -2.510e-9
234.0000, 94.0000, -2.509e-9
236.0000, 94.0000, -2.508e-9
238.0000, 94.0000, -2.506e-9
240.0000, 94.0000, -2.506e-9
242.0000, 94.0000, -2.505e-9
244.0000, 94.0000, -2.504e-9
246.0000, 94.0000, -2.503e-9
248.0000, 94.0000, -2.503e-9
250.0000, 94.0000, -2.502e-9
252.0000, 94.0000, -2.502e-9
254.0000, 94.0000, -2.500e-9
256.0000, 94.0000, -2.499e-9
258.0000, 94.0000, -2.498e-9
260.0000, 94.0000, -2.498e-9
262.0000, 94.0000, -2.497e-9
264.0000, 94.0000, -2.497e-9
266.0000, 94.0000, -2.496e-9
268.0000, 94.0000, -2.496e-9
270.0000, 94.0000, -2.496e-9
272.0000, 94.0000, -2.495e-9
274.0000, 94.0000, -2.494e-9
276.0000, 94.0000, -2.494e-9
278.0000, 94.0000, -2.493e-9
280.0000, 94.0000, -2.492e-9
282.0000, 94.0000, -2.492e-9
284.0000, 94.0000, -2.492e-9
286.0000, 94.0000, -2.492e-9
288.0000, 94.0000, -2.491e-9
290.0000, 94.0000, -2.491e-9
292.0000, 94.0000, -2.490e-9
294.0000, 94.0000, -2.490e-9
296.0000, 94.0000, -2.490e-9
298.0000, 94.0000, -2.489e-9
0.0000, 96.0000, -3.199e-9
2.0000, 96.0000, -3.076e-9
4.0000, 96.0000, -2.975e-9
6.0000, 96.0000, -2.898e-9
8.0000, 96.0000, -2.839e-9
10.0000, 96.0000, -2.796e-9
12.0000, 96.0000, -2.762e-9
14.0000, 96.0000, -2.736e-9
16.0000, 96.0000, -2.716e-9
18.0000, 96.0000, -2.701e-9
20.0000, 96.0000, -2.689e-9
22.0000, 96.0000, -2.679e-9
24.0000, 96.0000, -2.673e-9
26.0000, 96.0000, -2.668e-9
28.0000, 96.0000, -2.666e-9
30.0000, 96.0000, -2.664e-9
32.0000, 96.0000, -2.664e-9
34.0000, 96.0000, -2.665e-9
36.0000, 96.0000, -2.664e-9
38.0000, 96.0000, -2.664e-9
40.0000, 96.0000, -2.664e-9
42.0000, 96.0000, -2.664e-9
44.0000, 96.0000, -2.665e-9
46.0000, 96.0000, -2.666e-9
48.0000, 96.0000, -2.665e-9
50.0000, 96.0000, -2.665e-9
52.0000, 96.0000, -2.664e-9
54.0000, 96.0000, -2.663e-9
56.0000, 96.0000, -2.662e-9
58.0000, 96.0000, -2.660e-9
60.0000, 96.0000, -2.660e-9
62.0000, 96.0000, -2.661e-9
64.0000, 96.0000, -2.660e-9
66.0000, 96.0000, -2.657e-9
68.0000, 96.0000, -2.655e-9
70.0000, 96.0000, -2.655e-9
72.0000, 96.0000, -2.656e-9
74.0000, 96.0000, -2.657e-9
76.0000, 96.0000, -2.658e-9
78.0000, 96.0000, -2.657e-9
80.0000, 96.0000, -2.658e-9
82.0000, 96.0000, -2.656e-9
84.0000, 96.0000, -2.654e-9
86.0000, 96.0000, -2.653e-9
88.0000, 96.0000, -2.653e-9
90.0000, 96.0000, -2.655e-9
92.0000, 96.0000, -2.655e-9
94.0000, 96.0000, -2.656e-9
96.0000, 96.0000, -2.655e-9
98.0000, 96.0000, -2.654e-9
100.0000, 96.0000, -2.653e-9
102.0000, 96.0000, -2.651e-9
104.0000, 96.0000, -2.649e-9
106.0000, 96.0000, -2.647e-9
108.0000, 96.0000, -2.644e-9
110.0000, 96.0000, -2.643e-9
112.0000, 96.0000, -2.640e-9
114.0000, 96.0000, -2.637e-9
116.0000, 96.0000, -2.636e-9
118.0000, 96.0000, -2.634e-9
120.0000, 96.0000, -2.632e-9
122.0000, 96.0000, -2.630e-9
124.0000, 96.0000, -2.629e-9
126.0000, 96.0000, -2.629e-9
128.0000, 96.0000, -2.629e-9
130.0000, 96.0000, -2.629e-9
132.0000, 96.0000, -2.626e-9
134.0000, 96.0000, -2.625e-9
136.0000, 96.0000, -2.624e-9
138.0000, 96.0000, -2.623e-9
140.0000, 96.0000, -2.621e-9
142.0000, 96.0000, -2.619e-9
144.0000, 96.0000, -2.616e-9
146.0000, 96.0000, -2.614e-9
148.0000, 96.0000, -2.613e-9
150.0000, 96.0000, -2.611e-9
152.0000, 96.0000, -2.610e-9
154.0000, 96.0000, -2.607e-9
156.0000, 96.0000, -2.607e-9
158.0000, 96.0000, -2.608e-9
160.0000, 96.0000, -2.607e-9
162.0000, 96.0000, -2.605e-9
164.0000, 96.0000, -2.603e-9
166.0000, 96.0000, -2.600e-9
168.0000, 96.0000, -2.596e-9
170.0000, 96.0000, -2.590e-9
172.0000, 96.0000, -2.586e-9
174.0000, 96.0000, -2.581e-9
176.0000, 96.0000, -2.579e-9
178.0000, 96.0000, -2.577e-9
180.0000, 96.0000, -2.577e-9
182.0000, 96.0000, -2.576e-9
184.0000, 96.0000, -2.576e-9
186.0000, 96.0000, -2.576e-9
188.0000, 96.0000, -2.573e-9
190.0000, 96.0000, -2.569e-9
192.0000, 96.0000, -2.565e-9
194.0000, 96.0000, -2.561e-9
196.0000, 96.0000, -2.557e-9
198.0000, 96.0000, -2.552e-9
200.0000, 96.0000, -2.547e-9
202.0000, 96.0000, -2.543e-9
204.0000, 96.0000, -2.539e-9
206.0000, 96.0000, -2.536e-9
208.0000, 96.0000, -2.533e-9
210.0000, 96.0000, -2.530e-9
212.0000, 96.0000, -2.527e-9
214.0000, 96.0000, -2.524e-9
216.0000, 96.0000, -2.522e-9
218.0000, 96.0000, -2.520e-9
220.0000, 96.0000, -2.518e-9
222.0000, 96.0000, -2.517e-9
224.0000, 96.0000, -2.515e-9
226.0000, 96.0000, -2.514e-9
228.0000, 96.0000, -2.512e-9
230.0000, 96.0000, -2.511e-9
232.0000, 96.0000, -2.510e-9
234.0000, 96.0000, -2.509e-9
236.0000, 96.0000, -2.508e-9
238.0000, 96.0000, -2.506e-9
240.0000, 96.0000, -2.505e-9
242.0000, 96.0000, -2.504e-9
244.0000, 96.0000, -2.503e-9
246.0000, 96.0000, -2.503e-9
248.0000, 96.0000, -2.502e-9
250.0000, 96.0000, -2.501e-9
252.0000, 96.0000, -2.501e-9
254.0000, 96.0000, -2.500e-9
256.0000, 96.0000, -2.499e-9
258.0000, 96.0000, -2.499e-9
260.0000, 96.0000, -2.498e-9
262.0000, 96.0000, -2.497e-9
264.0000, 96.0000, -2.496e-9
266.0000, 96.0000, -2.496e-9
268.0000, 96.0000, -2.495e-9
270.0000, 96.0000, -2.494e-9
272.0000, 96.0000, -2.494e-9
274.0000, 96.0000, -2.494e-9
276.0000, 96.0000, -2.493e-9
278.0000, 96.0000, -2.492e-9
280.0000, 96.0000, -2.492e-9
282.0000, 96.0000, -2.492e-9
284.0000, 96.0000, -2.491e-9
286.0000, 96.0000, -2.491e-9
288.0000, 96.0000, -2.491e-9
290.0000, 96.0000, -2.490e-9
292.0000, 96.0000, -2.490e-9
294.0000, 96.0000, -2.490e-9
296.0000, 96.0000, -2.489e-9
298.0000, 96.0000, -2.489e-9
0.0000, 98.0000, -3.180e-9
2.0000, 98.0000, -3.062e-9
4.0000, 98.0000, -2.964e-9
6.0000, 98.0000, -2.890e-9
8.0000, 98.0000, -2.834e-9
10.0000, 98.0000, -2.791e-9
12.0000, 98.0000, -2.759e-9
14.0000, 98.0000, -2.734e-9
16.0000, 98.0000, -2.715e-9
18.0000, 98.0000, -2.699e-9
20.0000, 98.0000, -2.687e-9
22.0000, 98.0000, -2.678e-9
24.0000, 98.0000, -2.673e-9
26.0000, 98.0000, -2.668e-9
28.0000, 98.0000, -2.664e-9
30.0000, 98.0000, -2.662e-9
32.0000, 98.0000, -2.662e-9
34.0000, 98.0000, -2.664e-9
36.0000, 98.0000, -2.665e-9
38.0000, 98.0000, -2.668e-9
40.0000, 98.0000, -2.668e-9
42.0000, 98.0000, -2.666e-9
44.0000, 98.0000, -2.666e-9
46.0000, 98.0000, -2.665e-9
48.0000, 98.0000, -2.663e-9
50.0000, 98.0000, -2.662e-9
52.0000, 98.0000, -2.660e-9
54.0000, 98.0000, -2.661e-9
56.0000, 98.0000, -2.661e-9
58.0000, 98.0000, -2.660e-9
60.0000, 98.0000, -2.658e-9
62.0000, 98.0000, -2.656e-9
64.0000, 98.0000, -2.654e-9
66.0000, 98.0000, -2.654e-9
68.0000, 98.0000, -2.656e-9
70.0000, 98.0000, -2.656e-9
72.0000, 98.0000, -2.656e-9
74.0000, 98.0000, -2.656e-9
76.0000, 98.0000, -2.657e-9
78.0000, 98.0000, -2.659e-9
80.0000, 98.0000, -2.662e-9
82.0000, 98.0000, -2.661e-9
84.0000, 98.0000, -2.659e-9
86.0000, 98.0000, -2.660e-9
88.0000, 98.0000, -2.660e-9
90.0000, 98.0000, -2.657e-9
92.0000, 98.0000, -2.654e-9
94.0000, 98.0000, -2.653e-9
96.0000, 98.0000, -2.649e-9
98.0000, 98.0000, -2.646e-9
100.0000, 98.0000, -2.646e-9
102.0000, 98.0000, -2.647e-9
104.0000, 98.0000, -2.647e-9
106.0000, 98.0000, -2.647e-9
108.0000, 98.0000, -2.647e-9
110.0000, 98.0000, -2.645e-9
112.0000, 98.0000, -2.643e-9
114.0000, 98.0000, -2.640e-9
116.0000, 98.0000, -2.638e-9
118.0000, 98.0000, -2.636e-9
120.0000, 98.0000, -2.635e-9
122.0000, 98.0000, -2.635e-9
124.0000, 98.0000, -2.635e-9
126.0000, 98.0000, -2.633e-9
128.0000, 98.0000, -2.632e-9
130.0000, 98.0000, -2.630e-9
132.0000, 98.0000, -2.628e-9
134.0000, 98.0000, -2.627e-9
136.0000, 98.0000, -2.626e-9
138.0000, 98.0000, -2.625e-9
140.0000, 98.0000, -2.624e-9
142.0000, 98.0000, -2.622e-9
144.0000, 98.0000, -2.619e-9
146.0000, 98.0000, -2.615e-9
148.0000, 98.0000, -2.612e-9
150.0000, 98.0000, -2.610e-9
152.0000, 98.0000, -2.607e-9
154.0000, 98.0000, -2.606e-9
156.0000, 98.0000, -2.605e-9
158.0000, 98.0000, -2.603e-9
160.0000, 98.0000, -2.603e-9
162.0000, 98.0000, -2.602e-9
164.0000, 98.0000, -2.600e-9
166.0000, 98.0000, -2.598e-9
168.0000, 98.0000, -2.595e-9
170.0000, 98.0000, -2.593e-9
172.0000, 98.0000, -2.589e-9
174.0000, 98.0000, -2.584e-9
176.0000, 98.0000, -2.581e-9
178.0000, 98.0000, -2.578e-9
180.0000, 98.0000, -2.578e-9
182.0000, 98.0000, -2.576e-9
184.0000, 98.0000, -2.577e-9
186.0000, 98.0000, -2.577e-9
188.0000, 98.0000, -2.575e-9
190.0000, 98.0000, -2.571e-9
192.0000, 98.0000, -2.567e-9
194.0000, 98.0000, -2.562e-9
196.0000, 98.0000, -2.557e-9
198.0000, 98.0000, -2.552e-9
200.0000, 98.0000, -2.548e-9
202.0000, 98.0000, -2.544e-9
204.0000, 98.0000, -2.541e-9
206.0000, 98.0000, -2.538e-9
208.0000, 98.0000, -2.534e-9
210.0000, 98.0000, -2.531e-9
212.0000, 98.0000, -2.528e-9
214.0000, 98.0000, -2.526e-9
216.0000, 98.0000, -2.524e-9
218.0000, 98.0000, -2.521e-9
220.0000, 98.0000, -2.520e-9
222.0000, 98.0000, -2.518e-9
224.0000, 98.0000, -2.516e-9
226.0000, 98.0000, -2.514e-9
228.0000, 98.0000, -2.513e-9
230.0000, 98.0000, -2.511e-9
232.0000, 98.0000, -2.510e-9
234.0000, 98.0000, -2.509e-9
236.0000, 98.0000, -2.508e-9
238.0000, 98.0000, -2.507e-9
240.0000, 98.0000, -2.507e-9
242.0000, 98.0000, -2.505e-9
244.0000, 98.0000, -2.504e-9
246.0000, 98.0000, -2.503e-9
248.0000, 98.0000, -2.503e-9
250.0000, 98.0000, -2.501e-9
252.0000, 98.0000, -2.501e-9
254.0000, 98.0000, -2.500e-9
256.0000, 98.0000, -2.500e-9
258.0000, 98.0000, -2.499e-9
260.0000, 98.0000, -2.498e-9
262.0000, 98.0000, -2.498e-9
264.0000, 98.0000, -2.497e-9
266.0000, 98.0000, -2.496e-9
268.0000, 98.0000, -2.496e-9
270.0000, 98.0000, -2.495e-9
272.0000, 98.0000, -2.494e-9
274.0000, 98.0000, -2.493e-9
276.0000, 98.0000, -2.494e-9
278.0000, 98.0000, -2.493e-9
280.0000, 98.0000, -2.493e-9
282.0000, 98.0000, -2.493e-9
284.0000, 98.0000, -2.492e-9
286.0000, 98.0000, -2.492e-9
288.0000, 98.0000, -2.491e-9
290.0000, 98.0000, -2.491e-9
292.0000, 98.0000, -2.491e-9
294.0000, 98.0000, -2.490e-9
296.0000, 98.0000, -2.490e-9
298.0000, 98.0000, -2.489e-9
0.0000, 100.0000, -3.202e-9
2.0000, 100.0000, -3.080e-9
4.0000, 100.0000, -2.977e-9
6.0000, 100.0000, -2.899e-9
8.0000, 100.0000, -2.841e-9
10.0000, 100.0000, -2.796e-9
12.0000, 100.0000, -2.764e-9
14.0000, 100.0000, -2.738e-9
16.0000, 100.0000, -2.719e-9
18.0000, 100.0000, -2.703e-9
20.0000, 100.0000, -2.692e-9
22.0000, 100.0000, -2.684e-9
24.0000, 100.0000, -2.678e-9
26.0000, 100.0000, -2.675e-9
28.0000, 100.0000, -2.671e-9
30.0000, 100.0000, -2.667e-9
32.0000, 100.0000, -2.665e-9
34.0000, 100.0000, -2.664e-9
36.0000, 100.0000, -2.664e-9
38.0000, 100.0000, -2.663e-9
40.0000, 100.0000, -2.664e-9
42.0000, 100.0000, -2.665e-9
44.0000, 100.0000, -2.667e-9
46.0000, 100.0000, -2.668e-9
48.0000, 100.0000, -2.669e-9
50.0000, 100.0000, -2.669e-9
52.0000, 100.0000, -2.668e-9
54.0000, 100.0000, -2.667e-9
56.0000, 100.0000, -2.665e-9
58.0000, 100.0000, -2.661e-9
60.0000, 100.0000, -2.658e-9
62.0000, 100.0000, -2.656e-9
64.0000, 100.0000, -2.655e-9
66.0000, 100.0000, -2.654e-9
68.0000, 100.0000, -2.653e-9
70.0000, 100.0000, -2.652e-9
72.0000, 100.0000, -2.652e-9
74.0000, 100.0000, -2.655e-9
76.0000, 100.0000, -2.656e-9
78.0000, 100.0000, -2.658e-9
80.0000, 100.0000, -2.659e-9
82.0000, 100.0000, -2.657e-9
84.0000, 100.0000, -2.654e-9
86.0000, 100.0000, -2.653e-9
88.0000, 100.0000, -2.655e-9
90.0000, 100.0000, -2.657e-9
92.0000, 100.0000, -2.657e-9
94.0000, 100.0000, -2.657e-9
96.0000, 100.0000, -2.655e-9
98.0000, 100.0000, -2.653e-9
100.0000, 100.0000, -2.652e-9
102.0000, 100.0000, -2.650e-9
104.0000, 100.0000, -2.649e-9
106.0000, 100.0000, -2.648e-9
108.0000, 100.0000, -2.647e-9
110.0000, 100.0000, -2.646e-9
112.0000, 100.0000, -2.644e-9
114.0000, 100.0000, -2.641e-9
116.0000, 100.0000, -2.638e-9
118.0000, 100.0000, -2.636e-9
120.0000, 100.0000, -2.636e-9
122.0000, 100.0000, -2.636e-9
124.0000, 100.0000, -2.635e-9
126.0000, 100.0000, -2.635e-9
128.0000, 100.0000, -2.633e-9
130.0000, 100.0000, -2.632e-9
132.0000, 100.0000, -2.631e-9
134.0000, 100.0000, -2.631e-9
136.0000, 100.0000, -2.629e-9
138.0000, 100.0000, -2.626e-9
140.0000, 100.0000, -2.624e-9
142.0000, 100.0000, -2.622e-9
144.0000, 100.0000, -2.619e-9
146.0000, 100.0000, -2.617e-9
148.0000, 100.0000, -2.614e-9
150.0000, 100.0000, -2.613e-9
152.0000, 100.0000, -2.611e-9
154.0000, 100.0000, -2.610e-9
156.0000, 100.0000, -2.609e-9
158.0000, 100.0000, -2.609e-9
160.0000, 100.0000, -2.608e-9
162.0000, 100.0000, -2.606e-9
164.0000, 100.0000, -2.603e-9
166.0000, 100.0000, -2.601e-9
168.0000, 100.0000, -2.597e-9
170.0000, 100.0000, -2.594e-9
172.0000, 100.0000, -2.591e-9
174.0000, 100.0000, -2.587e-9
176.0000, 100.0000, -2.583e-9
178.0000, 100.0000, -2.580e-9
180.0000, 100.0000, -2.579e-9
182.0000, 100.0000, -2.579e-9
184.0000, 100.0000, -2.580e-9
186.0000, 100.0000, -2.580e-9
188.0000, 100.0000, -2.577e-9
190.0000, 100.0000, -2.574e-9
192.0000, 100.0000, -2.570e-9
194.0000, 100.0000, -2.565e-9
196.0000, 100.0000, -2.559e-9
198.0000, 100.0000, -2.554e-9
200.0000, 100.0000, -2.549e-9
202.0000, 100.0000, -2.546e-9
204.0000, 100.0000, -2.542e-9
206.0000, 100.0000, -2.539e-9
208.0000, 100.0000, -2.536e-9
210.0000, 100.0000, -2.532e-9
212.0000, 100.0000, -2.530e-9
214.0000, 100.0000, -2.528e-9
216.0000, 100.0000, -2.526e-9
218.0000, 100.0000, -2.524e-9
220.0000, 100.0000, -2.522e-9
222.0000, 100.0000, -2.520e-9
224.0000, 100.0000, -2.519e-9
226.0000, 100.0000, -2.517e-9
228.0000, 100.0000, -2.515e-9
230.0000, 100.0000, -2.513e-9
232.0000, 100.0000, -2.512e-9
234.0000, 100.0000, -2.511e-9
236.0000, 100.0000, -2.510e-9
238.0000, 100.0000, -2.509e-9
240.0000, 100.0000, -2.508e-9
242.0000, 100.0000, -2.507e-9
244.0000, 100.0000, -2.506e-9
246.0000, 100.0000, -2.506e-9
248.0000, 100.0000, -2.505e-9
250.0000, 100.0000, -2.504e-9
252.0000, 100.0000, -2.503e-9
254.0000, 100.0000, -2.502e-9
256.0000, 100.0000, -2.501e-9
258.0000, 100.0000, -2.501e-9
260.0000, 100.0000, -2.501e-9
262.0000, 100.0000, -2.500e-9
264.0000, 100.0000, -2.499e-9
266.0000, 100.0000, -2.499e-9
268.0000, 100.0000, -2.498e-9
270.0000, 100.0000, -2.497e-9
272.0000, 100.0000, -2.497e-9
274.0000, 100.0000, -2.497e-9
276.0000, 100.0000, -2.496e-9
278.0000, 100.0000, -2.495e-9
280.0000, 100.0000, -2.495e-9
282.0000, 100.0000, -2.495e-9
284.0000, 100.0000, -2.494e-9
286.0000, 100.0000, -2.493e-9
288.0000, 100.0000, -2.493e-9
290.0000, 100.0000, -2.493e-9
292.0000, 100.0000, -2.493e-9
294.0000, 100.0000, -2.492e-9
296.0000, 100.0000, -2.492e-9
298.0000, 100.0000, -2.492e-9
0.0000, 102.0000, -3.178e-9
2.0000, 102.0000, -3.061e-9
4.0000, 102.0000, -2.965e-9
6.0000, 102.0000, -2.891e-9
8.0000, 102.0000, -2.835e-9
10.0000, 102.0000, -2.793e-9
12.0000, 102.0000, -2.761e-9
14.0000, 102.0000, -2.736e-9
16.0000, 102.0000, -2.718e-9
18.0000, 102.0000, -2.703e-9
20.0000, 102.0000, -2.691e-9
22.0000, 102.0000, -2.683e-9
24.0000, 102.0000, -2.676e-9
26.0000, 102.0000, -2.673e-9
28.0000, 102.0000, -2.670e-9
30.0000, 102.0000, -2.668e-9
32.0000, 102.0000, -2.665e-9
34.0000, 102.0000, -2.663e-9
36.0000, 102.0000, -2.664e-9
38.0000, 102.0000, -2.666e-9
40.0000, 102.0000, -2.670e-9
42.0000, 102.0000, -2.671e-9
44.0000, 102.0000, -2.672e-9
46.0000, 102.0000, -2.673e-9
48.0000, 102.0000, -2.674e-9
50.0000, 102.0000, -2.675e-9
52.0000, 102.0000, -2.677e-9
54.0000, 102.0000, -2.675e-9
56.0000, 102.0000, -2.674e-9
58.0000, 102.0000, -2.672e-9
60.0000, 102.0000, -2.669e-9
62.0000, 102.0000, -2.666e-9
64.0000, 102.0000, -2.664e-9
66.0000, 102.0000, -2.663e-9
68.0000, 102.0000, -2.661e-9
70.0000, 102.0000, -2.660e-9
72.0000, 102.0000, -2.661e-9
74.0000, 102.0000, -2.664e-9
76.0000, 102.0000, -2.666e-9
78.0000, 102.0000, -2.665e-9
80.0000, 102.0000, -2.665e-9
82.0000, 102.0000, -2.664e-9
84.0000, 102.0000, -2.663e-9
86.0000, 102.0000, -2.661e-9
88.0000, 102.0000, -2.661e-9
90.0000, 102.0000, -2.660e-9
92.0000, 102.0000, -2.658e-9
94.0000, 102.0000, -2.659e-9
96.0000, 102.0000, -2.657e-9
98.0000, 102.0000, -2.657e-9
100.0000, 102.0000, -2.657e-9
102.0000, 102.0000, -2.655e-9
104.0000, 102.0000, -2.653e-9
106.0000, 102.0000, -2.650e-9
108.0000, 102.0000, -2.648e-9
110.0000, 102.0000, -2.648e-9
112.0000, 102.0000, -2.647e-9
114.0000, 102.0000, -2.645e-9
116.0000, 102.0000, -2.642e-9
118.0000, 102.0000, -2.641e-9
120.0000, 102.0000, -2.641e-9
122.0000, 102.0000, -2.639e-9
124.0000, 102.0000, -2.637e-9
126.0000, 102.0000, -2.637e-9
128.0000, 102.0000, -2.636e-9
130.0000, 102.0000, -2.634e-9
132.0000, 102.0000, -2.632e-9
134.0000, 102.0000, -2.630e-9
136.0000, 102.0000, -2.630e-9
138.0000, 102.0000, -2.628e-9
140.0000, 102.0000, -2.626e-9
142.0000, 102.0000, -2.624e-9
144.0000, 102.0000, -2.622e-9
146.0000, 102.0000, -2.620e-9
148.0000, 102.0000, -2.618e-9
150.0000, 102.0000, -2.616e-9
152.0000, 102.0000, -2.613e-9
154.0000, 102.0000, -2.613e-9
156.0000, 102.0000, -2.613e-9
158.0000, 102.0000, -2.612e-9
160.0000, 102.0000, -2.610e-9
162.0000, 102.0000, -2.610e-9
164.0000, 102.0000, -2.608e-9
166.0000, 102.0000, -2.606e-9
168.0000, 102.0000, -2.602e-9
170.0000, 102.0000, -2.598e-9
172.0000, 102.0000, -2.594e-9
174.0000, 102.0000, -2.591e-9
176.0000, 102.0000, -2.588e-9
178.0000, 102.0000, -2.586e-9
180.0000, 102.0000, -2.583e-9
182.0000, 102.0000, -2.583e-9
184.0000, 102.0000, -2.584e-9
186.0000, 102.0000, -2.584e-9
188.0000, 102.0000, -2.583e-9
190.0000, 102.0000, -2.579e-9
192.0000, 102.0000, -2.575e-9
194.0000, 102.0000, -2.570e-9
196.0000, 102.0000, -2.564e-9
198.0000, 102.0000, -2.559e-9
200.0000, 102.0000, -2.555e-9
202.0000, 102.0000, -2.551e-9
204.0000, 102.0000, -2.547e-9
206.0000, 102.0000, -2.544e-9
208.0000, 102.0000, -2.541e-9
210.0000, 102.0000, -2.537e-9
212.0000, 102.0000, -2.535e-9
214.0000, 102.0000, -2.533e-9
216.0000, 102.0000, -2.531e-9
218.0000, 102.0000, -2.529e-9
220.0000, 102.0000, -2.527e-9
222.0000, 102.0000, -2.525e-9
224.0000, 102.0000, -2.523e-9
226.0000, 102.0000, -2.521e-9
228.0000, 102.0000, -2.519e-9
230.0000, 102.0000, -2.518e-9
232.0000, 102.0000, -2.516e-9
234.0000, 102.0000, -2.514e-9
236.0000, 102.0000, -2.513e-9
238.0000, 102.0000, -2.513e-9
240.0000, 102.0000, -2.512e-9
242.0000, 102.0000, -2.511e-9
244.0000, 102.0000, -2.510e-9
246.0000, 102.0000, -2.509e-9
248.0000, 102.0000, -2.508e-9
250.0000, 102.0000, -2.508e-9
252.0000, 102.0000, -2.507e-9
254.0000, 102.0000, -2.507e-9
256.0000, 102.0000, -2.506e-9
258.0000, 102.0000, -2.505e-9
260.0000, 102.0000, -2.504e-9
262.0000, 102.0000, -2.503e-9
264.0000, 102.0000, -2.502e-9
266.0000, 102.0000, -2.502e-9
268.0000, 102.0000, -2.501e-9
270.0000, 102.0000, -2.501e-9
272.0000, 102.0000, -2.501e-9
274.0000, 102.0000, -2.501e-9
276.0000, 102.0000, -2.499e-9
278.0000, 102.0000, -2.500e-9
280.0000, 102.0000, -2.499e-9
282.0000, 102.0000, -2.499e-9
284.0000, 102.0000, -2.498e-9
286.0000, 102.0000, -2.497e-9
288.0000, 102.0000, -2.497e-9
290.0000, 102.0000, -2.497e-9
292.0000, 102.0000, -2.497e-9
294.0000, 102.0000, -2.496e-9
296.0000, 102.0000, -2.495e-9
298.0000, 102.0000, -2.495e-9
0.0000, 104.0000, -3.203e-9
2.0000, 104.0000, -3.080e-9
4.0000, 104.0000, -2.978e-9
6.0000, 104.0000, -2.901e-9
8.0000, 104.0000, -2.843e-9
10.0000, 104.0000, -2.799e-9
12.0000, 104.0000, -2.766e-9
14.0000, 104.0000, -2.741e-9
16.0000, 104.0000, -2.723e-9
18.0000, 104.0000, -2.707e-9
20.0000, 104.0000, -2.694e-9
22.0000, 104.0000, -2.686e-9
24.0000, 104.0000, -2.680e-9
26.0000, 104.0000, -2.676e-9
28.0000, 104.0000, -2.671e-9
30.0000, 104.0000, -2.668e-9
32.0000, 104.0000, -2.666e-9
34.0000, 104.0000, -2.665e-9
36.0000, 104.0000, -2.666e-9
38.0000, 104.0000, -2.668e-9
40.0000, 104.0000, -2.672e-9
42.0000, 104.0000, -2.674e-9
44.0000, 104.0000, -2.677e-9
46.0000, 104.0000, -2.677e-9
48.0000, 104.0000, -2.676e-9
50.0000, 104.0000, -2.675e-9
52.0000, 104.0000, -2.674e-9
54.0000, 104.0000, -2.675e-9
56.0000, 104.0000, -2.674e-9
58.0000, 104.0000, -2.673e-9
60.0000, 104.0000, -2.672e-9
62.0000, 104.0000, -2.670e-9
64.0000, 104.0000, -2.667e-9
66.0000, 104.0000, -2.664e-9
68.0000, 104.0000, -2.663e-9
70.0000, 104.0000, -2.663e-9
72.0000, 104.0000, -2.664e-9
74.0000, 104.0000, -2.664e-9
76.0000, 104.0000, -2.665e-9
78.0000, 104.0000, -2.664e-9
80.0000, 104.0000, -2.664e-9
82.0000, 104.0000, -2.663e-9
84.0000, 104.0000, -2.663e-9
86.0000, 104.0000, -2.663e-9
88.0000, 104.0000, -2.664e-9
90.0000, 104.0000, -2.665e-9
92.0000, 104.0000, -2.663e-9
94.0000, 104.0000, -2.663e-9
96.0000, 104.0000, -2.663e-9
98.0000, 104.0000, -2.662e-9
100.0000, 104.0000, -2.660e-9
102.0000, 104.0000, -2.659e-9
104.0000, 104.0000, -2.657e-9
106.0000, 104.0000, -2.656e-9
108.0000, 104.0000, -2.653e-9
110.0000, 104.0000, -2.652e-9
112.0000, 104.0000, -2.650e-9
114.0000, 104.0000, -2.648e-9
116.0000, 104.0000, -2.646e-9
118.0000, 104.0000, -2.645e-9
120.0000, 104.0000, -2.645e-9
122.0000, 104.0000, -2.644e-9
124.0000, 104.0000, -2.643e-9
126.0000, 104.0000, -2.641e-9
128.0000, 104.0000, -2.641e-9
130.0000, 104.0000, -2.639e-9
132.0000, 104.0000, -2.639e-9
134.0000, 104.0000, -2.639e-9
136.0000, 104.0000, -2.638e-9
138.0000, 104.0000, -2.636e-9
140.0000, 104.0000, -2.634e-9
142.0000, 104.0000, -2.632e-9
144.0000, 104.0000, -2.630e-9
146.0000, 104.0000, -2.626e-9
148.0000, 104.0000, -2.625e-9
150.0000, 104.0000, -2.622e-9
152.0000, 104.0000, -2.620e-9
154.0000, 104.0000, -2.619e-9
156.0000, 104.0000, -2.618e-9
158.0000, 104.0000, -2.618e-9
160.0000, 104.0000, -2.618e-9
162.0000, 104.0000, -2.617e-9
164.0000, 104.0000, -2.614e-9
166.0000, 104.0000, -2.611e-9
168.0000, 104.0000, -2.607e-9
170.0000, 104.0000, -2.603e-9
172.0000, 104.0000, -2.599e-9
174.0000, 104.0000, -2.595e-9
176.0000, 104.0000, -2.593e-9
178.0000, 104.0000, -2.592e-9
180.0000, 104.0000, -2.589e-9
182.0000, 104.0000, -2.589e-9
184.0000, 104.0000, -2.590e-9
186.0000, 104.0000, -2.590e-9
188.0000, 104.0000, -2.589e-9
190.0000, 104.0000, -2.586e-9
192.0000, 104.0000, -2.582e-9
194.0000, 104.0000, -2.576e-9
196.0000, 104.0000, -2.571e-9
198.0000, 104.0000, -2.565e-9
200.0000, 104.0000, -2.561e-9
202.0000, 104.0000, -2.557e-9
204.0000, 104.0000, -2.552e-9
206.0000, 104.0000, -2.548e-9
208.0000, 104.0000, -2.546e-9
210.0000, 104.0000, -2.543e-9
212.0000, 104.0000, -2.540e-9
214.0000, 104.0000, -2.538e-9
216.0000, 104.0000, -2.536e-9
218.0000, 104.0000, -2.535e-9
220.0000, 104.0000, -2.533e-9
222.0000, 104.0000, -2.531e-9
224.0000, 104.0000, -2.528e-9
226.0000, 104.0000, -2.527e-9
228.0000, 104.0000, -2.525e-9
230.0000, 104.0000, -2.523e-9
232.0000, 104.0000, -2.522e-9
234.0000, 104.0000, -2.520e-9
236.0000, 104.0000, -2.518e-9
238.0000, 104.0000, -2.517e-9
240.0000, 104.0000, -2.516e-9
242.0000, 104.0000, -2.516e-9
244.0000, 104.0000, -2.515e-9
246.0000, 104.0000, -2.514e-9
248.0000, 104.0000, -2.513e-9
250.0000, 104.0000, -2.512e-9
252.0000, 104.0000, -2.512e-9
254.0000, 104.0000, -2.511e-9
256.0000, 104.0000, -2.510e-9
258.0000, 104.0000, -2.509e-9
260.0000, 104.0000, -2.509e-9
262.0000, 104.0000, -2.508e-9
264.0000, 104.0000, -2.508e-9
266.0000, 104.0000, -2.507e-9
268.0000, 104.0000, -2.506e-9
270.0000, 104.0000, -2.506e-9
272.0000, 104.0000, -2.506e-9
274.0000, 104.0000, -2.505e-9
276.0000, 104.0000, -2.504e-9
278.0000, 104.0000, -2.504e-9
280.0000, 104.0000, -2.504e-9
282.0000, 104.0000, -2.503e-9
284.0000, 104.0000, -2.502e-9
286.0000, 104.0000, -2.502e-9
288.0000, 104.0000, -2.502e-9
290.0000, 104.0000, -2.501e-9
292.0000, 104.0000, -2.501e-9
294.0000, 104.0000, -2.501e-9
296.0000, 104.0000, -2.500e-9
298.0000, 104.0000, -2.499e-9
0.0000, 106.0000, -3.208e-9
2.0000, 106.0000, -3.084e-9
4.0000, 106.0000, -2.981e-9
6.0000, 106.0000, -2.903e-9
8.0000, 106.0000, -2.845e-9
10.0000, 106.0000, -2.802e-9
12.0000, 106.0000, -2.768e-9
14.0000, 106.0000, -2.743e-9
16.0000, 106.0000, -2.724e-9
18.0000, 106.0000, -2.708e-9
20.0000, 106.0000, -2.697e-9
22.0000, 106.0000, -2.688e-9
24.0000, 106.0000, -2.683e-9
26.0000, 106.0000, -2.679e-9
28.0000, 106.0000, -2.676e-9
30.0000, 106.0000, -2.673e-9
32.0000, 106.0000, -2.671e-9
34.0000, 106.0000, -2.671e-9
36.0000, 106.0000, -2.671e-9
38.0000, 106.0000, -2.671e-9
40.0000, 106.0000, -2.672e-9
42.0000, 106.0000, -2.675e-9
44.0000, 106.0000, -2.676e-9
46.0000, 106.0000, -2.678e-9
48.0000, 106.0000, -2.678e-9
50.0000, 106.0000, -2.678e-9
52.0000, 106.0000, -2.678e-9
54.0000, 106.0000, -2.679e-9
56.0000, 106.0000, -2.676e-9
58.0000, 106.0000, -2.672e-9
60.0000, 106.0000, -2.667e-9
62.0000, 106.0000, -2.664e-9
64.0000, 106.0000, -2.664e-9
66.0000, 106.0000, -2.664e-9
68.0000, 106.0000, -2.665e-9
70.0000, 106.0000, -2.666e-9
72.0000, 106.0000, -2.667e-9
74.0000, 106.0000, -2.668e-9
76.0000, 106.0000, -2.668e-9
78.0000, 106.0000, -2.667e-9
80.0000, 106.0000, -2.667e-9
82.0000, 106.0000, -2.667e-9
84.0000, 106.0000, -2.667e-9
86.0000, 106.0000, -2.666e-9
88.0000, 106.0000, -2.664e-9
90.0000, 106.0000, -2.664e-9
92.0000, 106.0000, -2.663e-9
94.0000, 106.0000, -2.664e-9
96.0000, 106.0000, -2.665e-9
98.0000, 106.0000, -2.665e-9
100.0000, 106.0000, -2.664e-9
102.0000, 106.0000, -2.662e-9
104.0000, 106.0000, -2.660e-9
106.0000, 106.0000, -2.658e-9
108.0000, 106.0000, -2.655e-9
110.0000, 106.0000, -2.653e-9
112.0000, 106.0000, -2.651e-9
114.0000, 106.0000, -2.648e-9
116.0000, 106.0000, -2.647e-9
118.0000, 106.0000, -2.646e-9
120.0000, 106.0000, -2.645e-9
122.0000, 106.0000, -2.643e-9
124.0000, 106.0000, -2.642e-9
126.0000, 106.0000, -2.641e-9
128.0000, 106.0000, -2.640e-9
130.0000, 106.0000, -2.638e-9
132.0000, 106.0000, -2.638e-9
134.0000, 106.0000, -2.638e-9
136.0000, 106.0000, -2.636e-9
138.0000, 106.0000, -2.634e-9
140.0000, 106.0000, -2.632e-9
142.0000, 106.0000, -2.630e-9
144.0000, 106.0000, -2.625e-9
146.0000, 106.0000, -2.621e-9
148.0000, 106.0000, -2.619e-9
150.0000, 106.0000, -2.617e-9
152.0000, 106.0000, -2.617e-9
154.0000, 106.0000, -2.618e-9
156.0000, 106.0000, -2.618e-9
158.0000, 106.0000, -2.617e-9
160.0000, 106.0000, -2.617e-9
162.0000, 106.0000, -2.616e-9
164.0000, 106.0000, -2.614e-9
166.0000, 106.0000, -2.611e-9
168.0000, 106.0000, -2.608e-9
170.0000, 106.0000, -2.604e-9
172.0000, 106.0000, -2.601e-9
174.0000, 106.0000, -2.598e-9
176.0000, 106.0000, -2.594e-9
178.0000, 106.0000, -2.592e-9
180.0000, 106.0000, -2.589e-9
182.0000, 106.0000, -2.588e-9
184.0000, 106.0000, -2.589e-9
186.0000, 106.0000, -2.590e-9
188.0000, 106.0000, -2.590e-9
190.0000, 106.0000, -2.588e-9
192.0000, 106.0000, -2.583e-9
194.0000, 106.0000, -2.577e-9
196.0000, 106.0000, -2.572e-9
198.0000, 106.0000, -2.567e-9
200.0000, 106.0000, -2.562e-9
202.0000, 106.0000, -2.558e-9
204.0000, 106.0000, -2.554e-9
206.0000, 106.0000, -2.550e-9
208.0000, 106.0000, -2.547e-9
210.0000, 106.0000, -2.544e-9
212.0000, 106.0000, -2.542e-9
214.0000, 106.0000, -2.539e-9
216.0000, 106.0000, -2.536e-9
218.0000, 106.0000, -2.535e-9
220.0000, 106.0000, -2.533e-9
222.0000, 106.0000, -2.531e-9
224.0000, 106.0000, -2.529e-9
226.0000, 106.0000, -2.528e-9
228.0000, 106.0000, -2.526e-9
230.0000, 106.0000, -2.524e-9
232.0000, 106.0000, -2.523e-9
234.0000, 106.0000, -2.521e-9
236.0000, 106.0000, -2.519e-9
238.0000, 106.0000, -2.518e-9
240.0000, 106.0000, -2.517e-9
242.0000, 106.0000, -2.517e-9
244.0000, 106.0000, -2.516e-9
246.0000, 106.0000, -2.515e-9
248.0000, 106.0000, -2.514e-9
250.0000, 106.0000, -2.513e-9
252.0000, 106.0000, -2.512e-9
254.0000, 106.0000, -2.512e-9
256.0000, 106.0000, -2.511e-9
258.0000, 106.0000, -2.510e-9
260.0000, 106.0000, -2.510e-9
262.0000, 106.0000, -2.509e-9
264.0000, 106.0000, -2.508e-9
266.0000, 106.0000, -2.508e-9
268.0000, 106.0000, -2.508e-9
270.0000, 106.0000, -2.507e-9
272.0000, 106.0000, -2.506e-9
274.0000, 106.0000, -2.506e-9
276.0000, 106.0000, -2.505e-9
278.0000, 106.0000, -2.504e-9
280.0000, 106.0000, -2.504e-9
282.0000, 106.0000, -2.504e-9
284.0000, 106.0000, -2.503e-9
286.0000, 106.0000, -2.503e-9
288.0000, 106.0000, -2.503e-9
290.0000, 106.0000, -2.502e-9
292.0000, 106.0000, -2.502e-9
294.0000, 106.0000, -2.501e-9
296.0000, 106.0000, -2.501e-9
298.0000, 106.0000, -2.500e-9
0.0000, 108.0000, -3.218e-9
2.0000, 108.0000, -3.092e-9
4.0000, 108.0000, -2.988e-9
6.0000, 108.0000, -2.909e-9
8.0000, 108.0000, -2.850e-9
10.0000, 108.0000, -2.805e-9
12.0000, 108.0000, -2.772e-9
14.0000, 108.0000, -2.746e-9
16.0000, 108.0000, -2.727e-9
18.0000, 108.0000, -2.711e-9
20.0000, 108.0000, -2.698e-9
22.0000, 108.0000, -2.688e-9
24.0000, 108.0000, -2.682e-9
26.0000, 108.0000, -2.677e-9
28.0000, 108.0000, -2.674e-9
30.0000, 108.0000, -2.673e-9
32.0000, 108.0000, -2.673e-9
34.0000, 108.0000, -2.676e-9
36.0000, 108.0000, -2.676e-9
38.0000, 108.0000, -2.676e-9
40.0000, 108.0000, -2.676e-9
42.0000, 108.0000, -2.678e-9
44.0000, 108.0000, -2.680e-9
46.0000, 108.0000, -2.680e-9
48.0000, 108.0000, -2.682e-9
50.0000, 108.0000, -2.682e-9
52.0000, 108.0000, -2.679e-9
54.0000, 108.0000, -2.675e-9
56.0000, 108.0000, -2.672e-9
58.0000, 108.0000, -2.671e-9
60.0000, 108.0000, -2.672e-9
62.0000, 108.0000, -2.671e-9
64.0000, 108.0000, -2.669e-9
66.0000, 108.0000, -2.670e-9
68.0000, 108.0000, -2.670e-9
70.0000, 108.0000, -2.671e-9
72.0000, 108.0000, -2.672e-9
74.0000, 108.0000, -2.672e-9
76.0000, 108.0000, -2.671e-9
78.0000, 108.0000, -2.671e-9
80.0000, 108.0000, -2.670e-9
82.0000, 108.0000, -2.669e-9
84.0000, 108.0000, -2.669e-9
86.0000, 108.0000, -2.667e-9
88.0000, 108.0000, -2.667e-9
90.0000, 108.0000, -2.666e-9
92.0000, 108.0000, -2.666e-9
94.0000, 108.0000, -2.666e-9
96.0000, 108.0000, -2.667e-9
98.0000, 108.0000, -2.667e-9
100.0000, 108.0000, -2.665e-9
102.0000, 108.0000, -2.664e-9
104.0000, 108.0000, -2.664e-9
106.0000, 108.0000, -2.663e-9
108.0000, 108.0000, -2.659e-9
110.0000, 108.0000, -2.656e-9
112.0000, 108.0000, -2.654e-9
114.0000, 108.0000, -2.653e-9
116.0000, 108.0000, -2.652e-9
118.0000, 108.0000, -2.651e-9
120.0000, 108.0000, -2.648e-9
122.0000, 108.0000, -2.646e-9
124.0000, 108.0000, -2.645e-9
126.0000, 108.0000, -2.644e-9
128.0000, 108.0000, -2.643e-9
130.0000, 108.0000, -2.642e-9
132.0000, 108.0000, -2.641e-9
134.0000, 108.0000, -2.640e-9
136.0000, 108.0000, -2.637e-9
138.0000, 108.0000, -2.635e-9
140.0000, 108.0000, -2.633e-9
142.0000, 108.0000, -2.632e-9
144.0000, 108.0000, -2.631e-9
146.0000, 108.0000, -2.629e-9
148.0000, 108.0000, -2.626e-9
150.0000, 108.0000, -2.624e-9
152.0000, 108.0000, -2.621e-9
154.0000, 108.0000, -2.620e-9
156.0000, 108.0000, -2.619e-9
158.0000, 108.0000, -2.620e-9
160.0000, 108.0000, -2.618e-9
162.0000, 108.0000, -2.617e-9
164.0000, 108.0000, -2.616e-9
166.0000, 108.0000, -2.615e-9
168.0000, 108.0000, -2.613e-9
170.0000, 108.0000, -2.609e-9
172.0000, 108.0000, -2.604e-9
174.0000, 108.0000, -2.601e-9
176.0000, 108.0000, -2.598e-9
178.0000, 108.0000, -2.595e-9
180.0000, 108.0000, -2.593e-9
182.0000, 108.0000, -2.593e-9
184.0000, 108.0000, -2.592e-9
186.0000, 108.0000, -2.592e-9
188.0000, 108.0000, -2.593e-9
190.0000, 108.0000, -2.591e-9
192.0000, 108.0000, -2.587e-9
194.0000, 108.0000, -2.583e-9
196.0000, 108.0000, -2.577e-9
198.0000, 108.0000, -2.571e-9
200.0000, 108.0000, -2.567e-9
202.0000, 108.0000, -2.563e-9
204.0000, 108.0000, -2.560e-9
206.0000, 108.0000, -2.556e-9
208.0000, 108.0000, -2.553e-9
210.0000, 108.0000, -2.549e-9
212.0000, 108.0000, -2.546e-9
214.0000, 108.0000, -2.544e-9
216.0000, 108.0000, -2.543e-9
218.0000, 108.0000, -2.541e-9
220.0000, 108.0000, -2.539e-9
222.0000, 108.0000, -2.537e-9
224.0000, 108.0000, -2.535e-9
226.0000, 108.0000, -2.533e-9
228.0000, 108.0000, -2.530e-9
230.0000, 108.0000, -2.529e-9
232.0000, 108.0000, -2.527e-9
234.0000, 108.0000, -2.525e-9
236.0000, 108.0000, -2.524e-9
238.0000, 108.0000, -2.523e-9
240.0000, 108.0000, -2.523e-9
242.0000, 108.0000, -2.522e-9
244.0000, 108.0000, -2.521e-9
246.0000, 108.0000, -2.520e-9
248.0000, 108.0000, -2.519e-9
250.0000, 108.0000, -2.518e-9
252.0000, 108.0000, -2.517e-9
254.0000, 108.0000, -2.517e-9
256.0000, 108.0000, -2.517e-9
258.0000, 108.0000, -2.516e-9
260.0000, 108.0000, -2.514e-9
262.0000, 108.0000, -2.514e-9
264.0000, 108.0000, -2.513e-9
266.0000, 108.0000, -2.513e-9
268.0000, 108.0000, -2.512e-9
270.0000, 108.0000, -2.511e-9
272.0000, 108.0000, -2.511e-9
274.0000, 108.0000, -2.511e-9
276.0000, 108.0000, -2.510e-9
278.0000, 108.0000, -2.510e-9
280.0000, 108.0000, -2.509e-9
282.0000, 108.0000, -2.508e-9
284.0000, 108.0000, -2.508e-9
286.0000, 108.0000, -2.508e-9
288.0000, 108.0000, -2.508e-9
290.0000, 108.0000, -2.507e-9
292.0000, 108.0000, -2.507e-9
294.0000, 108.0000, -2.507e-9
296.0000, 108.0000, -2.506e-9
298.0000, 108.0000, -2.505e-9
0.0000, 110.0000, -3.190e-9
2.0000, 110.0000, -3.071e-9
4.0000, 110.0000, -2.975e-9
6.0000, 110.0000, -2.901e-9
8.0000, 110.0000, -2.845e-9
10.0000, 110.0000, -2.803e-9
12.0000, 110.0000, -2.771e-9
14.0000, 110.0000, -2.747e-9
16.0000, 110.0000, -2.728e-9
18.0000, 110.0000, -2.713e-9
20.0000, 110.0000, -2.702e-9
22.0000, 110.0000, -2.694e-9
24.0000, 110.0000, -2.687e-9
26.0000, 110.0000, -2.683e-9
28.0000, 110.0000, -2.680e-9
30.0000, 110.0000, -2.677e-9
32.0000, 110.0000, -2.677e-9
34.0000, 110.0000, -2.676e-9
36.0000, 110.0000, -2.677e-9
38.0000, 110.0000, -2.678e-9
40.0000, 110.0000, -2.681e-9
42.0000, 110.0000, -2.683e-9
44.0000, 110.0000, -2.687e-9
46.0000, 110.0000, -2.688e-9
48.0000, 110.0000, -2.688e-9
50.0000, 110.0000, -2.686e-9
52.0000, 110.0000, -2.685e-9
54.0000, 110.0000, -2.684e-9
56.0000, 110.0000, -2.681e-9
58.0000, 110.0000, -2.677e-9
60.0000, 110.0000, -2.674e-9
62.0000, 110.0000, -2.674e-9
64.0000, 110.0000, -2.673e-9
66.0000, 110.0000, -2.674e-9
68.0000, 110.0000, -2.675e-9
70.0000, 110.0000, -2.675e-9
72.0000, 110.0000, -2.674e-9
74.0000, 110.0000, -2.672e-9
76.0000, 110.0000, -2.672e-9
78.0000, 110.0000, -2.672e-9
80.0000, 110.0000, -2.674e-9
82.0000, 110.0000, -2.676e-9
84.0000, 110.0000, -2.677e-9
86.0000, 110.0000, -2.677e-9
88.0000, 110.0000, -2.678e-9
90.0000, 110.0000, -2.678e-9
92.0000, 110.0000, -2.677e-9
94.0000, 110.0000, -2.675e-9
96.0000, 110.0000, -2.674e-9
98.0000, 110.0000, -2.673e-9
100.0000, 110.0000, -2.672e-9
102.0000, 110.0000, -2.669e-9
104.0000, 110.0000, -2.669e-9
106.0000, 110.0000, -2.667e-9
108.0000, 110.0000, -2.666e-9
110.0000, 110.0000, -2.663e-9
112.0000, 110.0000, -2.661e-9
114.0000, 110.0000, -2.659e-9
116.0000, 110.0000, -2.658e-9
118.0000, 110.0000, -2.656e-9
120.0000, 110.0000, -2.654e-9
122.0000, 110.0000, -2.653e-9
124.0000, 110.0000, -2.652e-9
126.0000, 110.0000, -2.650e-9
128.0000, 110.0000, -2.649e-9
130.0000, 110.0000, -2.649e-9
132.0000, 110.0000, -2.647e-9
134.0000, 110.0000, -2.645e-9
136.0000, 110.0000, -2.644e-9
138.0000, 110.0000, -2.642e-9
140.0000, 110.0000, -2.641e-9
142.0000, 110.0000, -2.639e-9
144.0000, 110.0000, -2.638e-9
146.0000, 110.0000, -2.635e-9
148.0000, 110.0000, -2.633e-9
150.0000, 110.0000, -2.631e-9
152.0000, 110.0000, -2.629e-9
154.0000, 110.0000, -2.627e-9
156.0000, 110.0000, -2.626e-9
158.0000, 110.0000, -2.625e-9
160.0000, 110.0000, -2.625e-9
162.0000, 110.0000, -2.624e-9
164.0000, 110.0000, -2.624e-9
166.0000, 110.0000, -2.622e-9
168.0000, 110.0000, -2.619e-9
170.0000, 110.0000, -2.615e-9
172.0000, 110.0000, -2.611e-9
174.0000, 110.0000, -2.608e-9
176.0000, 110.0000, -2.605e-9
178.0000, 110.0000, -2.603e-9
180.0000, 110.0000, -2.601e-9
182.0000, 110.0000, -2.600e-9
184.0000, 110.0000, -2.599e-9
186.0000, 110.0000, -2.599e-9
188.0000, 110.0000, -2.598e-9
190.0000, 110.0000, -2.597e-9
192.0000, 110.0000, -2.594e-9
194.0000, 110.0000, -2.589e-9
196.0000, 110.0000, -2.584e-9
198.0000, 110.0000, -2.579e-9
200.0000, 110.0000, -2.574e-9
202.0000, 110.0000, -2.570e-9
204.0000, 110.0000, -2.566e-9
206.0000, 110.0000, -2.562e-9
208.0000, 110.0000, -2.559e-9
210.0000, 110.0000, -2.556e-9
212.0000, 110.0000, -2.553e-9
214.0000, 110.0000, -2.551e-9
216.0000, 110.0000, -2.549e-9
218.0000, 110.0000, -2.547e-9
220.0000, 110.0000, -2.546e-9
222.0000, 110.0000, -2.544e-9
224.0000, 110.0000, -2.541e-9
226.0000, 110.0000, -2.539e-9
228.0000, 110.0000, -2.538e-9
230.0000, 110.0000, -2.536e-9
232.0000, 110.0000, -2.534e-9
234.0000, 110.0000, -2.533e-9
236.0000, 110.0000, -2.532e-9
238.0000, 110.0000, -2.530e-9
240.0000, 110.0000, -2.529e-9
242.0000, 110.0000, -2.529e-9
244.0000, 110.0000, -2.528e-9
246.0000, 110.0000, -2.527e-9
248.0000, 110.0000, -2.526e-9
250.0000, 110.0000, -2.526e-9
252.0000, 110.0000, -2.525e-9
254.0000, 110.0000, -2.524e-9
256.0000, 110.0000, -2.523e-9
258.0000, 110.0000, -2.522e-9
260.0000, 110.0000, -2.521e-9
262.0000, 110.0000, -2.522e-9
264.0000, 110.0000, -2.521e-9
266.0000, 110.0000, -2.521e-9
268.0000, 110.0000, -2.519e-9
270.0000, 110.0000, -2.518e-9
272.0000, 110.0000, -2.517e-9
274.0000, 110.0000, -2.517e-9
276.0000, 110.0000, -2.517e-9
278.0000, 110.0000, -2.516e-9
280.0000, 110.0000, -2.516e-9
282.0000, 110.0000, -2.515e-9
284.0000, 110.0000, -2.515e-9
286.0000, 110.0000, -2.514e-9
288.0000, 110.0000, -2.514e-9
290.0000, 110.0000, -2.514e-9
292.0000, 110.0000, -2.514e-9
294.0000, 110.0000, -2.514e-9
296.0000, 110.0000, -2.513e-9
298.0000, 110.0000, -2.512e-9
0.0000, 112.0000, -3.215e-9
2.0000, 112.0000, -3.093e-9
4.0000, 112.0000, -2.992e-9
6.0000, 112.0000, -2.916e-9
8.0000, 112.0000, -2.859e-9
10.0000, 112.0000, -2.815e-9
12.0000, 112.0000, -2.783e-9
14.0000, 112.0000, -2.757e-9
16.0000, 112.0000, -2.738e-9
18.0000, 112.0000, -2.722e-9
20.0000, 112.0000, -2.711e-9
22.0000, 112.0000, -2.703e-9
24.0000, 112.0000, -2.695e-9
26.0000, 112.0000, -2.690e-9
28.0000, 112.0000, -2.687e-9
30.0000, 112.0000, -2.685e-9
32.0000, 112.0000, -2.685e-9
34.0000, 112.0000, -2.685e-9
36.0000, 112.0000, -2.685e-9
38.0000, 112.0000, -2.685e-9
40.0000, 112.0000, -2.685e-9
42.0000, 112.0000, -2.687e-9
44.0000, 112.0000, -2.690e-9
46.0000, 112.0000, -2.693e-9
48.0000, 112.0000, -2.694e-9
50.0000, 112.0000, -2.692e-9
52.0000, 112.0000, -2.690e-9
54.0000, 112.0000, -2.689e-9
56.0000, 112.0000, -2.685e-9
58.0000, 112.0000, -2.681e-9
60.0000, 112.0000, -2.680e-9
62.0000, 112.0000, -2.680e-9
64.0000, 112.0000, -2.681e-9
66.0000, 112.0000, -2.682e-9
68.0000, 112.0000, -2.681e-9
70.0000, 112.0000, -2.682e-9
72.0000, 112.0000, -2.681e-9
74.0000, 112.0000, -2.680e-9
76.0000, 112.0000, -2.678e-9
78.0000, 112.0000, -2.680e-9
80.0000, 112.0000, -2.680e-9
82.0000, 112.0000, -2.681e-9
84.0000, 112.0000, -2.680e-9
86.0000, 112.0000, -2.681e-9
88.0000, 112.0000, -2.681e-9
90.0000, 112.0000, -2.682e-9
92.0000, 112.0000, -2.683e-9
94.0000, 112.0000, -2.685e-9
96.0000, 112.0000, -2.685e-9
98.0000, 112.0000, -2.682e-9
100.0000, 112.0000, -2.677e-9
102.0000, 112.0000, -2.673e-9
104.0000, 112.0000, -2.672e-9
106.0000, 112.0000, -2.672e-9
108.0000, 112.0000, -2.671e-9
110.0000, 112.0000, -2.671e-9
112.0000, 112.0000, -2.671e-9
114.0000, 112.0000, -2.669e-9
116.0000, 112.0000, -2.667e-9
118.0000, 112.0000, -2.664e-9
120.0000, 112.0000, -2.662e-9
122.0000, 112.0000, -2.660e-9
124.0000, 112.0000, -2.660e-9
126.0000, 112.0000, -2.659e-9
128.0000, 112.0000, -2.658e-9
130.0000, 112.0000, -2.657e-9
132.0000, 112.0000, -2.655e-9
134.0000, 112.0000, -2.653e-9
136.0000, 112.0000, -2.652e-9
138.0000, 112.0000, -2.649e-9
140.0000, 112.0000, -2.648e-9
142.0000, 112.0000, -2.647e-9
144.0000, 112.0000, -2.645e-9
146.0000, 112.0000, -2.643e-9
148.0000, 112.0000, -2.640e-9
150.0000, 112.0000, -2.638e-9
152.0000, 112.0000, -2.636e-9
154.0000, 112.0000, -2.634e-9
156.0000, 112.0000, -2.635e-9
158.0000, 112.0000, -2.634e-9
160.0000, 112.0000, -2.633e-9
162.0000, 112.0000, -2.631e-9
164.0000, 112.0000, -2.631e-9
166.0000, 112.0000, -2.630e-9
168.0000, 112.0000, -2.627e-9
170.0000, 112.0000, -2.621e-9
172.0000, 112.0000, -2.617e-9
174.0000, 112.0000, -2.615e-9
176.0000, 112.0000, -2.613e-9
178.0000, 112.0000, -2.610e-9
180.0000, 112.0000, -2.609e-9
182.0000, 112.0000, -2.608e-9
184.0000, 112.0000, -2.608e-9
186.0000, 112.0000, -2.608e-9
188.0000, 112.0000, -2.608e-9
190.0000, 112.0000, -2.605e-9
192.0000, 112.0000, -2.601e-9
194.0000, 112.0000, -2.598e-9
196.0000, 112.0000, -2.593e-9
198.0000, 112.0000, -2.588e-9
200.0000, 112.0000, -2.583e-9
202.0000, 112.0000, -2.580e-9
204.0000, 112.0000, -2.576e-9
206.0000, 112.0000, -2.572e-9
208.0000, 112.0000, -2.568e-9
210.0000, 112.0000, -2.565e-9
212.0000, 112.0000, -2.563e-9
214.0000, 112.0000, -2.561e-9
216.0000, 112.0000, -2.558e-9
218.0000, 112.0000, -2.556e-9
220.0000, 112.0000, -2.554e-9
222.0000, 112.0000, -2.552e-9
224.0000, 112.0000, -2.550e-9
226.0000, 112.0000, -2.548e-9
228.0000, 112.0000, -2.546e-9
230.0000, 112.0000, -2.544e-9
232.0000, 112.0000, -2.543e-9
234.0000, 112.0000, -2.542e-9
236.0000, 112.0000, -2.540e-9
238.0000, 112.0000, -2.539e-9
240.0000, 112.0000, -2.538e-9
242.0000, 112.0000, -2.537e-9
244.0000, 112.0000, -2.536e-9
246.0000, 112.0000, -2.536e-9
248.0000, 112.0000, -2.535e-9
250.0000, 112.0000, -2.534e-9
252.0000, 112.0000, -2.533e-9
254.0000, 112.0000, -2.533e-9
256.0000, 112.0000, -2.532e-9
258.0000, 112.0000, -2.531e-9
260.0000, 112.0000, -2.530e-9
262.0000, 112.0000, -2.530e-9
264.0000, 112.0000, -2.529e-9
266.0000, 112.0000, -2.529e-9
268.0000, 112.0000, -2.528e-9
270.0000, 112.0000, -2.527e-9
272.0000, 112.0000, -2.527e-9
274.0000, 112.0000, -2.526e-9
276.0000, 112.0000, -2.526e-9
278.0000, 112.0000, -2.526e-9
280.0000, 112.0000, -2.525e-9
282.0000, 112.0000, -2.525e-9
284.0000, 112.0000, -2.524e-9
286.0000, 112.0000, -2.523e-9
288.0000, 112.0000, -2.523e-9
290.0000, 112.0000, -2.523e-9
292.0000, 112.0000, -2.523e-9
294.0000, 112.0000, -2.522e-9
296.0000, 112.0000, -2.522e-9
298.0000, 112.0000, -2.522e-9
0.0000, 114.0000, -3.204e-9
2.0000, 114.0000, -3.086e-9
4.0000, 114.0000, -2.988e-9
6.0000, 114.0000, -2.913e-9
8.0000, 114.0000, -2.857e-9
10.0000, 114.0000, -2.815e-9
12.0000, 114.0000, -2.783e-9
14.0000, 114.0000, -2.759e-9
16.0000, 114.0000, -2.741e-9
18.0000, 114.0000, -2.726e-9
20.0000, 114.0000, -2.715e-9
22.0000, 114.0000, -2.707e-9
24.0000, 114.0000, -2.700e-9
26.0000, 114.0000, -2.695e-9
28.0000, 114.0000, -2.691e-9
30.0000, 114.0000, -2.689e-9
32.0000, 114.0000, -2.688e-9
34.0000, 114.0000, -2.689e-9
36.0000, 114.0000, -2.690e-9
38.0000, 114.0000, -2.690e-9
40.0000, 114.0000, -2.690e-9
42.0000, 114.0000, -2.691e-9
44.0000, 114.0000, -2.693e-9
46.0000, 114.0000, -2.696e-9
48.0000, 114.0000, -2.697e-9
50.0000, 114.0000, -2.696e-9
52.0000, 114.0000, -2.695e-9
54.0000, 114.0000, -2.692e-9
56.0000, 114.0000, -2.689e-9
58.0000, 114.0000, -2.686e-9
60.0000, 114.0000, -2.683e-9
62.0000, 114.0000, -2.682e-9
64.0000, 114.0000, -2.683e-9
66.0000, 114.0000, -2.684e-9
68.0000, 114.0000, -2.685e-9
70.0000, 114.0000, -2.687e-9
72.0000, 114.0000, -2.687e-9
74.0000, 114.0000, -2.686e-9
76.0000, 114.0000, -2.684e-9
78.0000, 114.0000, -2.684e-9
80.0000, 114.0000, -2.685e-9
82.0000, 114.0000, -2.685e-9
84.0000, 114.0000, -2.686e-9
86.0000, 114.0000, -2.686e-9
88.0000, 114.0000, -2.686e-9
90.0000, 114.0000, -2.686e-9
92.0000, 114.0000, -2.685e-9
94.0000, 114.0000, -2.685e-9
96.0000, 114.0000, -2.684e-9
98.0000, 114.0000, -2.684e-9
100.0000, 114.0000, -2.682e-9
102.0000, 114.0000, -2.681e-9
104.0000, 114.0000, -2.680e-9
106.0000, 114.0000, -2.679e-9
108.0000, 114.0000, -2.678e-9
110.0000, 114.0000, -2.675e-9
112.0000, 114.0000, -2.673e-9
114.0000, 114.0000, -2.671e-9
116.0000, 114.0000, -2.669e-9
118.0000, 114.0000, -2.668e-9
120.0000, 114.0000, -2.666e-9
122.0000, 114.0000, -2.664e-9
124.0000, 114.0000, -2.662e-9
126.0000, 114.0000, -2.661e-9
128.0000, 114.0000, -2.660e-9
130.0000, 114.0000, -2.660e-9
132.0000, 114.0000, -2.660e-9
134.0000, 114.0000, -2.659e-9
136.0000, 114.0000, -2.656e-9
138.0000, 114.0000, -2.654e-9
140.0000, 114.0000, -2.652e-9
142.0000, 114.0000, -2.650e-9
144.0000, 114.0000, -2.648e-9
146.0000, 114.0000, -2.647e-9
148.0000, 114.0000, -2.646e-9
150.0000, 114.0000, -2.644e-9
152.0000, 114.0000, -2.641e-9
154.0000, 114.0000, -2.638e-9
156.0000, 114.0000, -2.638e-9
158.0000, 114.0000, -2.639e-9
160.0000, 114.0000, -2.639e-9
162.0000, 114.0000, -2.638e-9
164.0000, 114.0000, -2.636e-9
166.0000, 114.0000, -2.634e-9
168.0000, 114.0000, -2.632e-9
170.0000, 114.0000, -2.629e-9
172.0000, 114.0000, -2.626e-9
174.0000, 114.0000, -2.621e-9
176.0000, 114.0000, -2.618e-9
178.0000, 114.0000, -2.615e-9
180.0000, 114.0000, -2.614e-9
182.0000, 114.0000, -2.613e-9
184.0000, 114.0000, -2.612e-9
186.0000, 114.0000, -2.612e-9
188.0000, 114.0000, -2.612e-9
190.0000, 114.0000, -2.610e-9
192.0000, 114.0000, -2.606e-9
194.0000, 114.0000, -2.602e-9
196.0000, 114.0000, -2.597e-9
198.0000, 114.0000, -2.592e-9
200.0000, 114.0000, -2.587e-9
202.0000, 114.0000, -2.583e-9
204.0000, 114.0000, -2.579e-9
206.0000, 114.0000, -2.576e-9
208.0000, 114.0000, -2.573e-9
210.0000, 114.0000, -2.570e-9
212.0000, 114.0000, -2.568e-9
214.0000, 114.0000, -2.565e-9
216.0000, 114.0000, -2.563e-9
218.0000, 114.0000, -2.561e-9
220.0000, 114.0000, -2.559e-9
222.0000, 114.0000, -2.557e-9
224.0000, 114.0000, -2.556e-9
226.0000, 114.0000, -2.554e-9
228.0000, 114.0000, -2.551e-9
230.0000, 114.0000, -2.550e-9
232.0000, 114.0000, -2.548e-9
234.0000, 114.0000, -2.547e-9
236.0000, 114.0000, -2.546e-9
238.0000, 114.0000, -2.545e-9
240.0000, 114.0000, -2.544e-9
242.0000, 114.0000, -2.543e-9
244.0000, 114.0000, -2.542e-9
246.0000, 114.0000, -2.541e-9
248.0000, 114.0000, -2.541e-9
250.0000, 114.0000, -2.540e-9
252.0000, 114.0000, -2.539e-9
254.0000, 114.0000, -2.538e-9
256.0000, 114.0000, -2.537e-9
258.0000, 114.0000, -2.537e-9
260.0000, 114.0000, -2.537e-9
262.0000, 114.0000, -2.535e-9
264.0000, 114.0000, -2.535e-9
266.0000, 114.0000, -2.534e-9
268.0000, 114.0000, -2.534e-9
270.0000, 114.0000, -2.533e-9
272.0000, 114.0000, -2.533e-9
274.0000, 114.0000, -2.532e-9
276.0000, 114.0000, -2.531e-9
278.0000, 114.0000, -2.531e-9
280.0000, 114.0000, -2.531e-9
282.0000, 114.0000, -2.530e-9
284.0000, 114.0000, -2.530e-9
286.0000, 114.0000, -2.529e-9
288.0000, 114.0000, -2.529e-9
290.0000, 114.0000, -2.528e-9
292.0000, 114.0000, -2.528e-9
294.0000, 114.0000, -2.528e-9
296.0000, 114.0000, -2.527e-9
298.0000, 114.0000, -2.527e-9
0.0000, 116.0000, -3.217e-9
2.0000, 116.0000, -3.096e-9
4.0000, 116.0000, -2.994e-9
6.0000, 116.0000, -2.918e-9
8.0000, 116.0000, -2.861e-9
10.0000, 116.0000, -2.818e-9
12.0000, 116.0000, -2.785e-9
14.0000, 116.0000, -2.760e-9
16.0000, 116.0000, -2.741e-9
18.0000, 116.0000, -2.726e-9
20.0000, 116.0000, -2.714e-9
22.0000, 116.0000, -2.705e-9
24.0000, 116.0000, -2.698e-9
26.0000, 116.0000, -2.694e-9
28.0000, 116.0000, -2.691e-9
30.0000, 116.0000, -2.692e-9
32.0000, 116.0000, -2.692e-9
34.0000, 116.0000, -2.691e-9
36.0000, 116.0000, -2.688e-9
38.0000, 116.0000, -2.687e-9
40.0000, 116.0000, -2.686e-9
42.0000, 116.0000, -2.688e-9
44.0000, 116.0000, -2.691e-9
46.0000, 116.0000, -2.693e-9
48.0000, 116.0000, -2.694e-9
50.0000, 116.0000, -2.694e-9
52.0000, 116.0000, -2.694e-9
54.0000, 116.0000, -2.691e-9
56.0000, 116.0000, -2.688e-9
58.0000, 116.0000, -2.686e-9
60.0000, 116.0000, -2.685e-9
62.0000, 116.0000, -2.687e-9
64.0000, 116.0000, -2.687e-9
66.0000, 116.0000, -2.688e-9
68.0000, 116.0000, -2.688e-9
70.0000, 116.0000, -2.690e-9
72.0000, 116.0000, -2.692e-9
74.0000, 116.0000, -2.693e-9
76.0000, 116.0000, -2.691e-9
78.0000, 116.0000, -2.691e-9
80.0000, 116.0000, -2.690e-9
82.0000, 116.0000, -2.688e-9
84.0000, 116.0000, -2.686e-9
86.0000, 116.0000, -2.685e-9
88.0000, 116.0000, -2.685e-9
90.0000, 116.0000, -2.686e-9
92.0000, 116.0000, -2.684e-9
94.0000, 116.0000, -2.684e-9
96.0000, 116.0000, -2.682e-9
98.0000, 116.0000, -2.680e-9
100.0000, 116.0000, -2.680e-9
102.0000, 116.0000, -2.679e-9
104.0000, 116.0000, -2.679e-9
106.0000, 116.0000, -2.678e-9
108.0000, 116.0000, -2.674e-9
110.0000, 116.0000, -2.671e-9
112.0000, 116.0000, -2.669e-9
114.0000, 116.0000, -2.668e-9
116.0000, 116.0000, -2.666e-9
118.0000, 116.0000, -2.665e-9
120.0000, 116.0000, -2.663e-9
122.0000, 116.0000, -2.661e-9
124.0000, 116.0000, -2.660e-9
126.0000, 116.0000, -2.659e-9
128.0000, 116.0000, -2.658e-9
130.0000, 116.0000, -2.658e-9
132.0000, 116.0000, -2.657e-9
134.0000, 116.0000, -2.655e-9
136.0000, 116.0000, -2.655e-9
138.0000, 116.0000, -2.652e-9
140.0000, 116.0000, -2.650e-9
142.0000, 116.0000, -2.649e-9
144.0000, 116.0000, -2.647e-9
146.0000, 116.0000, -2.645e-9
148.0000, 116.0000, -2.643e-9
150.0000, 116.0000, -2.641e-9
152.0000, 116.0000, -2.639e-9
154.0000, 116.0000, -2.636e-9
156.0000, 116.0000, -2.636e-9
158.0000, 116.0000, -2.637e-9
160.0000, 116.0000, -2.637e-9
162.0000, 116.0000, -2.637e-9
164.0000, 116.0000, -2.635e-9
166.0000, 116.0000, -2.633e-9
168.0000, 116.0000, -2.631e-9
170.0000, 116.0000, -2.630e-9
172.0000, 116.0000, -2.626e-9
174.0000, 116.0000, -2.621e-9
176.0000, 116.0000, -2.618e-9
178.0000, 116.0000, -2.615e-9
180.0000, 116.0000, -2.614e-9
182.0000, 116.0000, -2.612e-9
184.0000, 116.0000, -2.611e-9
186.0000, 116.0000, -2.612e-9
188.0000, 116.0000, -2.612e-9
190.0000, 116.0000, -2.612e-9
192.0000, 116.0000, -2.608e-9
194.0000, 116.0000, -2.603e-9
196.0000, 116.0000, -2.598e-9
198.0000, 116.0000, -2.593e-9
200.0000, 116.0000, -2.590e-9
202.0000, 116.0000, -2.585e-9
204.0000, 116.0000, -2.581e-9
206.0000, 116.0000, -2.577e-9
208.0000, 116.0000, -2.573e-9
210.0000, 116.0000, -2.570e-9
212.0000, 116.0000, -2.568e-9
214.0000, 116.0000, -2.565e-9
216.0000, 116.0000, -2.563e-9
218.0000, 116.0000, -2.561e-9
220.0000, 116.0000, -2.559e-9
222.0000, 116.0000, -2.557e-9
224.0000, 116.0000, -2.555e-9
226.0000, 116.0000, -2.553e-9
228.0000, 116.0000, -2.551e-9
230.0000, 116.0000, -2.549e-9
232.0000, 116.0000, -2.548e-9
234.0000, 116.0000, -2.547e-9
236.0000, 116.0000, -2.546e-9
238.0000, 116.0000, -2.544e-9
240.0000, 116.0000, -2.543e-9
242.0000, 116.0000, -2.543e-9
244.0000, 116.0000, -2.542e-9
246.0000, 116.0000, -2.541e-9
248.0000, 116.0000, -2.540e-9
250.0000, 116.0000, -2.540e-9
252.0000, 116.0000, -2.540e-9
254.0000, 116.0000, -2.539e-9
256.0000, 116.0000, -2.537e-9
258.0000, 116.0000, -2.537e-9
260.0000, 116.0000, -2.536e-9
262.0000, 116.0000, -2.536e-9
264.0000, 116.0000, -2.535e-9
266.0000, 116.0000, -2.534e-9
268.0000, 116.0000, -2.533e-9
270.0000, 116.0000, -2.533e-9
272.0000, 116.0000, -2.533e-9
274.0000, 116.0000, -2.532e-9
276.0000, 116.0000, -2.531e-9
278.0000, 116.0000, -2.531e-9
280.0000, 116.0000, -2.531e-9
282.0000, 116.0000, -2.530e-9
284.0000, 116.0000, -2.529e-9
286.0000, 116.0000, -2.529e-9
288.0000, 116.0000, -2.529e-9
290.0000, 116.0000, -2.529e-9
292.0000, 116.0000, -2.528e-9
294.0000, 116.0000, -2.529e-9
296.0000, 116.0000, -2.527e-9
298.0000, 116.0000, -2.527e-9
0.0000, 118.0000, -3.207e-9
2.0000, 118.0000, -3.087e-9
4.0000, 118.0000, -2.989e-9
6.0000, 118.0000, -2.914e-9
8.0000, 118.0000, -2.857e-9
10.0000, 118.0000, -2.814e-9
12.0000, 118.0000, -2.781e-9
14.0000, 118.0000, -2.756e-9
16.0000, 118.0000, -2.738e-9
18.0000, 118.0000, -2.724e-9
20.0000, 118.0000, -2.713e-9
22.0000, 118.0000, -2.704e-9
24.0000, 118.0000, -2.698e-9
26.0000, 118.0000, -2.693e-9
28.0000, 118.0000, -2.690e-9
30.0000, 118.0000, -2.688e-9
32.0000, 118.0000, -2.687e-9
34.0000, 118.0000, -2.687e-9
36.0000, 118.0000, -2.688e-9
38.0000, 118.0000, -2.688e-9
40.0000, 118.0000, -2.690e-9
42.0000, 118.0000, -2.692e-9
44.0000, 118.0000, -2.696e-9
46.0000, 118.0000, -2.698e-9
48.0000, 118.0000, -2.698e-9
50.0000, 118.0000, -2.697e-9
52.0000, 118.0000, -2.695e-9
54.0000, 118.0000, -2.693e-9
56.0000, 118.0000, -2.690e-9
58.0000, 118.0000, -2.688e-9
60.0000, 118.0000, -2.686e-9
62.0000, 118.0000, -2.684e-9
64.0000, 118.0000, -2.684e-9
66.0000, 118.0000, -2.685e-9
68.0000, 118.0000, -2.685e-9
70.0000, 118.0000, -2.682e-9
72.0000, 118.0000, -2.683e-9
74.0000, 118.0000, -2.685e-9
76.0000, 118.0000, -2.687e-9
78.0000, 118.0000, -2.687e-9
80.0000, 118.0000, -2.686e-9
82.0000, 118.0000, -2.687e-9
84.0000, 118.0000, -2.686e-9
86.0000, 118.0000, -2.685e-9
88.0000, 118.0000, -2.685e-9
90.0000, 118.0000, -2.686e-9
92.0000, 118.0000, -2.685e-9
94.0000, 118.0000, -2.685e-9
96.0000, 118.0000, -2.684e-9
98.0000, 118.0000, -2.682e-9
100.0000, 118.0000, -2.682e-9
102.0000, 118.0000, -2.681e-9
104.0000, 118.0000, -2.679e-9
106.0000, 118.0000, -2.676e-9
108.0000, 118.0000, -2.673e-9
110.0000, 118.0000, -2.672e-9
112.0000, 118.0000, -2.671e-9
114.0000, 118.0000, -2.670e-9
116.0000, 118.0000, -2.668e-9
118.0000, 118.0000, -2.667e-9
120.0000, 118.0000, -2.667e-9
122.0000, 118.0000, -2.665e-9
124.0000, 118.0000, -2.665e-9
126.0000, 118.0000, -2.663e-9
128.0000, 118.0000, -2.661e-9
130.0000, 118.0000, -2.660e-9
132.0000, 118.0000, -2.660e-9
134.0000, 118.0000, -2.658e-9
136.0000, 118.0000, -2.657e-9
138.0000, 118.0000, -2.656e-9
140.0000, 118.0000, -2.654e-9
142.0000, 118.0000, -2.652e-9
144.0000, 118.0000, -2.650e-9
146.0000, 118.0000, -2.649e-9
148.0000, 118.0000, -2.647e-9
150.0000, 118.0000, -2.644e-9
152.0000, 118.0000, -2.642e-9
154.0000, 118.0000, -2.640e-9
156.0000, 118.0000, -2.640e-9
158.0000, 118.0000, -2.639e-9
160.0000, 118.0000, -2.638e-9
162.0000, 118.0000, -2.637e-9
164.0000, 118.0000, -2.635e-9
166.0000, 118.0000, -2.633e-9
168.0000, 118.0000, -2.631e-9
170.0000, 118.0000, -2.629e-9
172.0000, 118.0000, -2.625e-9
174.0000, 118.0000, -2.621e-9
176.0000, 118.0000, -2.618e-9
178.0000, 118.0000, -2.615e-9
180.0000, 118.0000, -2.613e-9
182.0000, 118.0000, -2.612e-9
184.0000, 118.0000, -2.612e-9
186.0000, 118.0000, -2.611e-9
188.0000, 118.0000, -2.612e-9
190.0000, 118.0000, -2.611e-9
192.0000, 118.0000, -2.607e-9
194.0000, 118.0000, -2.604e-9
196.0000, 118.0000, -2.599e-9
198.0000, 118.0000, -2.594e-9
200.0000, 118.0000, -2.590e-9
202.0000, 118.0000, -2.586e-9
204.0000, 118.0000, -2.582e-9
206.0000, 118.0000, -2.578e-9
208.0000, 118.0000, -2.574e-9
210.0000, 118.0000, -2.572e-9
212.0000, 118.0000, -2.569e-9
214.0000, 118.0000, -2.566e-9
216.0000, 118.0000, -2.565e-9
218.0000, 118.0000, -2.562e-9
220.0000, 118.0000, -2.560e-9
222.0000, 118.0000, -2.558e-9
224.0000, 118.0000, -2.556e-9
226.0000, 118.0000, -2.554e-9
228.0000, 118.0000, -2.552e-9
230.0000, 118.0000, -2.551e-9
232.0000, 118.0000, -2.550e-9
234.0000, 118.0000, -2.548e-9
236.0000, 118.0000, -2.547e-9
238.0000, 118.0000, -2.546e-9
240.0000, 118.0000, -2.544e-9
242.0000, 118.0000, -2.543e-9
244.0000, 118.0000, -2.543e-9
246.0000, 118.0000, -2.542e-9
248.0000, 118.0000, -2.542e-9
250.0000, 118.0000, -2.541e-9
252.0000, 118.0000, -2.541e-9
254.0000, 118.0000, -2.540e-9
256.0000, 118.0000, -2.539e-9
258.0000, 118.0000, -2.538e-9
260.0000, 118.0000, -2.538e-9
262.0000, 118.0000, -2.537e-9
264.0000, 118.0000, -2.536e-9
266.0000, 118.0000, -2.535e-9
268.0000, 118.0000, -2.535e-9
270.0000, 118.0000, -2.534e-9
272.0000, 118.0000, -2.534e-9
274.0000, 118.0000, -2.533e-9
276.0000, 118.0000, -2.533e-9
278.0000, 118.0000, -2.532e-9
280.0000, 118.0000, -2.531e-9
282.0000, 118.0000, -2.531e-9
284.0000, 118.0000, -2.531e-9
286.0000, 118.0000, -2.530e-9
288.0000, 118.0000, -2.530e-9
290.0000, 118.0000, -2.529e-9
292.0000, 118.0000, -2.529e-9
294.0000, 118.0000, -2.529e-9
296.0000, 118.0000, -2.529e-9
298.0000, 118.0000, -2.528e-9
0.0000, 120.0000, -3.211e-9
2.0000, 120.0000, -3.091e-9
4.0000, 120.0000, -2.992e-9
6.0000, 120.0000, -2.916e-9
8.0000, 120.0000, -2.859e-9
10.0000, 120.0000, -2.816e-9
12.0000, 120.0000, -2.784e-9
14.0000, 120.0000, -2.759e-9
16.0000, 120.0000, -2.739e-9
18.0000, 120.0000, -2.724e-9
20.0000, 120.0000, -2.714e-9
22.0000, 120.0000, -2.706e-9
24.0000, 120.0000, -2.700e-9
26.0000, 120.0000, -2.697e-9
28.0000, 120.0000, -2.695e-9
30.0000, 120.0000, -2.692e-9
32.0000, 120.0000, -2.691e-9
34.0000, 120.0000, -2.691e-9
36.0000, 120.0000, -2.692e-9
38.0000, 120.0000, -2.691e-9
40.0000, 120.0000, -2.690e-9
42.0000, 120.0000, -2.690e-9
44.0000, 120.0000, -2.691e-9
46.0000, 120.0000, -2.693e-9
48.0000, 120.0000, -2.695e-9
50.0000, 120.0000, -2.698e-9
52.0000, 120.0000, -2.700e-9
54.0000, 120.0000, -2.701e-9
56.0000, 120.0000, -2.701e-9
58.0000, 120.0000, -2.699e-9
60.0000, 120.0000, -2.695e-9
62.0000, 120.0000, -2.691e-9
64.0000, 120.0000, -2.689e-9
66.0000, 120.0000, -2.688e-9
68.0000, 120.0000, -2.688e-9
70.0000, 120.0000, -2.689e-9
72.0000, 120.0000, -2.690e-9
74.0000, 120.0000, -2.691e-9
76.0000, 120.0000, -2.690e-9
78.0000, 120.0000, -2.690e-9
80.0000, 120.0000, -2.692e-9
82.0000, 120.0000, -2.693e-9
84.0000, 120.0000, -2.690e-9
86.0000, 120.0000, -2.687e-9
88.0000, 120.0000, -2.686e-9
90.0000, 120.0000, -2.687e-9
92.0000, 120.0000, -2.688e-9
94.0000, 120.0000, -2.689e-9
96.0000, 120.0000, -2.688e-9
98.0000, 120.0000, -2.686e-9
100.0000, 120.0000, -2.685e-9
102.0000, 120.0000, -2.683e-9
104.0000, 120.0000, -2.681e-9
106.0000, 120.0000, -2.678e-9
108.0000, 120.0000, -2.677e-9
110.0000, 120.0000, -2.677e-9
112.0000, 120.0000, -2.675e-9
114.0000, 120.0000, -2.674e-9
116.0000, 120.0000, -2.672e-9
118.0000, 120.0000, -2.670e-9
120.0000, 120.0000, -2.669e-9
122.0000, 120.0000, -2.668e-9
124.0000, 120.0000, -2.667e-9
126.0000, 120.0000, -2.666e-9
128.0000, 120.0000, -2.664e-9
130.0000, 120.0000, -2.663e-9
132.0000, 120.0000, -2.661e-9
134.0000, 120.0000, -2.661e-9
136.0000, 120.0000, -2.661e-9
138.0000, 120.0000, -2.660e-9
140.0000, 120.0000, -2.659e-9
142.0000, 120.0000, -2.658e-9
144.0000, 120.0000, -2.655e-9
146.0000, 120.0000, -2.653e-9
148.0000, 120.0000, -2.650e-9
150.0000, 120.0000, -2.649e-9
152.0000, 120.0000, -2.647e-9
154.0000, 120.0000, -2.645e-9
156.0000, 120.0000, -2.644e-9
158.0000, 120.0000, -2.644e-9
160.0000, 120.0000, -2.643e-9
162.0000, 120.0000, -2.642e-9
164.0000, 120.0000, -2.640e-9
166.0000, 120.0000, -2.640e-9
168.0000, 120.0000, -2.637e-9
170.0000, 120.0000, -2.634e-9
172.0000, 120.0000, -2.630e-9
174.0000, 120.0000, -2.626e-9
176.0000, 120.0000, -2.622e-9
178.0000, 120.0000, -2.620e-9
180.0000, 120.0000, -2.617e-9
182.0000, 120.0000, -2.617e-9
184.0000, 120.0000, -2.617e-9
186.0000, 120.0000, -2.618e-9
188.0000, 120.0000, -2.618e-9
190.0000, 120.0000, -2.617e-9
192.0000, 120.0000, -2.614e-9
194.0000, 120.0000, -2.609e-9
196.0000, 120.0000, -2.605e-9
198.0000, 120.0000, -2.600e-9
200.0000, 120.0000, -2.596e-9
202.0000, 120.0000, -2.591e-9
204.0000, 120.0000, -2.587e-9
206.0000, 120.0000, -2.582e-9
208.0000, 120.0000, -2.579e-9
210.0000, 120.0000, -2.576e-9
212.0000, 120.0000, -2.573e-9
214.0000, 120.0000, -2.570e-9
216.0000, 120.0000, -2.568e-9
218.0000, 120.0000, -2.565e-9
220.0000, 120.0000, -2.563e-9
222.0000, 120.0000, -2.562e-9
224.0000, 120.0000, -2.560e-9
226.0000, 120.0000, -2.559e-9
228.0000, 120.0000, -2.556e-9
230.0000, 120.0000, -2.555e-9
232.0000, 120.0000, -2.553e-9
234.0000, 120.0000, -2.552e-9
236.0000, 120.0000, -2.551e-9
238.0000, 120.0000, -2.550e-9
240.0000, 120.0000, -2.549e-9
242.0000, 120.0000, -2.548e-9
244.0000, 120.0000, -2.547e-9
246.0000, 120.0000, -2.546e-9
248.0000, 120.0000, -2.546e-9
250.0000, 120.0000, -2.546e-9
252.0000, 120.0000, -2.545e-9
254.0000, 120.0000, -2.544e-9
256.0000, 120.0000, -2.543e-9
258.0000, 120.0000, -2.542e-9
260.0000, 120.0000, -2.542e-9
262.0000, 120.0000, -2.541e-9
264.0000, 120.0000, -2.540e-9
266.0000, 120.0000, -2.540e-9
268.0000, 120.0000, -2.539e-9
270.0000, 120.0000, -2.538e-9
272.0000, 120.0000, -2.538e-9
274.0000, 120.0000, -2.538e-9
276.0000, 120.0000, -2.537e-9
278.0000, 120.0000, -2.537e-9
280.0000, 120.0000, -2.536e-9
282.0000, 120.0000, -2.535e-9
284.0000, 120.0000, -2.535e-9
286.0000, 120.0000, -2.535e-9
288.0000, 120.0000, -2.535e-9
290.0000, 120.0000, -2.534e-9
292.0000, 120.0000, -2.533e-9
294.0000, 120.0000, -2.534e-9
296.0000, 120.0000, -2.533e-9
298.0000, 120.0000, -2.533e-9
0.0000, 122.0000, -3.214e-9
2.0000, 122.0000, -3.092e-9
4.0000, 122.0000, -2.993e-9
6.0000, 122.0000, -2.919e-9
8.0000, 122.0000, -2.861e-9
10.0000, 122.0000, -2.819e-9
12.0000, 122.0000, -2.787e-9
14.0000, 122.0000, -2.763e-9
16.0000, 122.0000, -2.744e-9
18.0000, 122.0000, -2.729e-9
20.0000, 122.0000, -2.717e-9
22.0000, 122.0000, -2.709e-9
24.0000, 122.0000, -2.703e-9
26.0000, 122.0000, -2.700e-9
28.0000, 122.0000, -2.696e-9
30.0000, 122.0000, -2.693e-9
32.0000, 122.0000, -2.692e-9
34.0000, 122.0000, -2.691e-9
36.0000, 122.0000, -2.692e-9
38.0000, 122.0000, -2.692e-9
40.0000, 122.0000, -2.694e-9
42.0000, 122.0000, -2.696e-9
44.0000, 122.0000, -2.699e-9
46.0000, 122.0000, -2.699e-9
48.0000, 122.0000, -2.700e-9
50.0000, 122.0000, -2.700e-9
52.0000, 122.0000, -2.700e-9
54.0000, 122.0000, -2.699e-9
56.0000, 122.0000, -2.701e-9
58.0000, 122.0000, -2.703e-9
60.0000, 122.0000, -2.702e-9
62.0000, 122.0000, -2.700e-9
64.0000, 122.0000, -2.699e-9
66.0000, 122.0000, -2.697e-9
68.0000, 122.0000, -2.696e-9
70.0000, 122.0000, -2.695e-9
72.0000, 122.0000, -2.696e-9
74.0000, 122.0000, -2.696e-9
76.0000, 122.0000, -2.697e-9
78.0000, 122.0000, -2.697e-9
80.0000, 122.0000, -2.697e-9
82.0000, 122.0000, -2.697e-9
84.0000, 122.0000, -2.697e-9
86.0000, 122.0000, -2.695e-9
88.0000, 122.0000, -2.693e-9
90.0000, 122.0000, -2.692e-9
92.0000, 122.0000, -2.691e-9
94.0000, 122.0000, -2.692e-9
96.0000, 122.0000, -2.693e-9
98.0000, 122.0000, -2.692e-9
100.0000, 122.0000, -2.692e-9
102.0000, 122.0000, -2.690e-9
104.0000, 122.0000, -2.689e-9
106.0000, 122.0000, -2.685e-9
108.0000, 122.0000, -2.683e-9
110.0000, 122.0000, -2.681e-9
112.0000, 122.0000, -2.680e-9
114.0000, 122.0000, -2.678e-9
116.0000, 122.0000, -2.677e-9
118.0000, 122.0000, -2.676e-9
120.0000, 122.0000, -2.675e-9
122.0000, 122.0000, -2.674e-9
124.0000, 122.0000, -2.672e-9
126.0000, 122.0000, -2.671e-9
128.0000, 122.0000, -2.671e-9
130.0000, 122.0000, -2.670e-9
132.0000, 122.0000, -2.669e-9
134.0000, 122.0000, -2.668e-9
136.0000, 122.0000, -2.668e-9
138.0000, 122.0000, -2.666e-9
140.0000, 122.0000, -2.664e-9
142.0000, 122.0000, -2.663e-9
144.0000, 122.0000, -2.660e-9
146.0000, 122.0000, -2.658e-9
148.0000, 122.0000, -2.658e-9
150.0000, 122.0000, -2.656e-9
152.0000, 122.0000, -2.654e-9
154.0000, 122.0000, -2.653e-9
156.0000, 122.0000, -2.651e-9
158.0000, 122.0000, -2.651e-9
160.0000, 122.0000, -2.650e-9
162.0000, 122.0000, -2.649e-9
164.0000, 122.0000, -2.647e-9
166.0000, 122.0000, -2.644e-9
168.0000, 122.0000, -2.642e-9
170.0000, 122.0000, -2.640e-9
172.0000, 122.0000, -2.637e-9
174.0000, 122.0000, -2.634e-9
176.0000, 122.0000, -2.630e-9
178.0000, 122.0000, -2.627e-9
180.0000, 122.0000, -2.624e-9
182.0000, 122.0000, -2.624e-9
184.0000, 122.0000, -2.624e-9
186.0000, 122.0000, -2.624e-9
188.0000, 122.0000, -2.626e-9
190.0000, 122.0000, -2.625e-9
192.0000, 122.0000, -2.623e-9
194.0000, 122.0000, -2.620e-9
196.0000, 122.0000, -2.615e-9
198.0000, 122.0000, -2.610e-9
200.0000, 122.0000, -2.605e-9
202.0000, 122.0000, -2.600e-9
204.0000, 122.0000, -2.596e-9
206.0000, 122.0000, -2.592e-9
208.0000, 122.0000, -2.589e-9
210.0000, 122.0000, -2.585e-9
212.0000, 122.0000, -2.583e-9
214.0000, 122.0000, -2.580e-9
216.0000, 122.0000, -2.578e-9
218.0000, 122.0000, -2.575e-9
220.0000, 122.0000, -2.574e-9
222.0000, 122.0000, -2.571e-9
224.0000, 122.0000, -2.569e-9
226.0000, 122.0000, -2.567e-9
228.0000, 122.0000, -2.566e-9
230.0000, 122.0000, -2.564e-9
232.0000, 122.0000, -2.563e-9
234.0000, 122.0000, -2.562e-9
236.0000, 122.0000, -2.560e-9
238.0000, 122.0000, -2.559e-9
240.0000, 122.0000, -2.558e-9
242.0000, 122.0000, -2.558e-9
244.0000, 122.0000, -2.556e-9
246.0000, 122.0000, -2.556e-9
248.0000, 122.0000, -2.555e-9
250.0000, 122.0000, -2.554e-9
252.0000, 122.0000, -2.554e-9
254.0000, 122.0000, -2.553e-9
256.0000, 122.0000, -2.552e-9
258.0000, 122.0000, -2.551e-9
260.0000, 122.0000, -2.551e-9
262.0000, 122.0000, -2.550e-9
264.0000, 122.0000, -2.550e-9
266.0000, 122.0000, -2.548e-9
268.0000, 122.0000, -2.548e-9
270.0000, 122.0000, -2.547e-9
272.0000, 122.0000, -2.546e-9
274.0000, 122.0000, -2.547e-9
276.0000, 122.0000, -2.546e-9
278.0000, 122.0000, -2.546e-9
280.0000, 122.0000, -2.546e-9
282.0000, 122.0000, -2.545e-9
284.0000, 122.0000, -2.545e-9
286.0000, 122.0000, -2.544e-9
288.0000, 122.0000, -2.544e-9
290.0000, 122.0000, -2.544e-9
292.0000, 122.0000, -2.543e-9
294.0000, 122.0000, -2.543e-9
296.0000, 122.0000, -2.543e-9
298.0000, 122.0000, -2.542e-9
0.0000, 124.0000, -3.202e-9
2.0000, 124.0000, -3.085e-9
4.0000, 124.0000, -2.991e-9
6.0000, 124.0000, -2.918e-9
8.0000, 124.0000, -2.863e-9
10.0000, 124.0000, -2.821e-9
12.0000, 124.0000, -2.790e-9
14.0000, 124.0000, -2.766e-9
16.0000, 124.0000, -2.748e-9
18.0000, 124.0000, -2.733e-9
20.0000, 124.0000, -2.722e-9
22.0000, 124.0000, -2.715e-9
24.0000, 124.0000, -2.710e-9
26.0000, 124.0000, -2.706e-9
28.0000, 124.0000, -2.703e-9
30.0000, 124.0000, -2.701e-9
32.0000, 124.0000, -2.699e-9
34.0000, 124.0000, -2.697e-9
36.0000, 124.0000, -2.696e-9
38.0000, 124.0000, -2.697e-9
40.0000, 124.0000, -2.698e-9
42.0000, 124.0000, -2.701e-9
44.0000, 124.0000, -2.705e-9
46.0000, 124.0000, -2.706e-9
48.0000, 124.0000, -2.706e-9
50.0000, 124.0000, -2.707e-9
52.0000, 124.0000, -2.707e-9
54.0000, 124.0000, -2.706e-9
56.0000, 124.0000, -2.707e-9
58.0000, 124.0000, -2.705e-9
60.0000, 124.0000, -2.704e-9
62.0000, 124.0000, -2.704e-9
64.0000, 124.0000, -2.704e-9
66.0000, 124.0000, -2.703e-9
68.0000, 124.0000, -2.703e-9
70.0000, 124.0000, -2.703e-9
72.0000, 124.0000, -2.702e-9
74.0000, 124.0000, -2.702e-9
76.0000, 124.0000, -2.702e-9
78.0000, 124.0000, -2.702e-9
80.0000, 124.0000, -2.702e-9
82.0000, 124.0000, -2.702e-9
84.0000, 124.0000, -2.704e-9
86.0000, 124.0000, -2.702e-9
88.0000, 124.0000, -2.697e-9
90.0000, 124.0000, -2.695e-9
92.0000, 124.0000, -2.694e-9
94.0000, 124.0000, -2.696e-9
96.0000, 124.0000, -2.699e-9
98.0000, 124.0000, -2.700e-9
100.0000, 124.0000, -2.700e-9
102.0000, 124.0000, -2.698e-9
104.0000, 124.0000, -2.696e-9
106.0000, 124.0000, -2.692e-9
108.0000, 124.0000, -2.688e-9
110.0000, 124.0000, -2.687e-9
112.0000, 124.0000, -2.685e-9
114.0000, 124.0000, -2.683e-9
116.0000, 124.0000, -2.682e-9
118.0000, 124.0000, -2.680e-9
120.0000, 124.0000, -2.680e-9
122.0000, 124.0000, -2.679e-9
124.0000, 124.0000, -2.679e-9
126.0000, 124.0000, -2.677e-9
128.0000, 124.0000, -2.676e-9
130.0000, 124.0000, -2.675e-9
132.0000, 124.0000, -2.674e-9
134.0000, 124.0000, -2.673e-9
136.0000, 124.0000, -2.671e-9
138.0000, 124.0000, -2.670e-9
140.0000, 124.0000, -2.669e-9
142.0000, 124.0000, -2.669e-9
144.0000, 124.0000, -2.667e-9
146.0000, 124.0000, -2.665e-9
148.0000, 124.0000, -2.663e-9
150.0000, 124.0000, -2.661e-9
152.0000, 124.0000, -2.659e-9
154.0000, 124.0000, -2.658e-9
156.0000, 124.0000, -2.657e-9
158.0000, 124.0000, -2.657e-9
160.0000, 124.0000, -2.656e-9
162.0000, 124.0000, -2.655e-9
164.0000, 124.0000, -2.654e-9
166.0000, 124.0000, -2.652e-9
168.0000, 124.0000, -2.650e-9
170.0000, 124.0000, -2.647e-9
172.0000, 124.0000, -2.644e-9
174.0000, 124.0000, -2.642e-9
176.0000, 124.0000, -2.638e-9
178.0000, 124.0000, -2.636e-9
180.0000, 124.0000, -2.633e-9
182.0000, 124.0000, -2.633e-9
184.0000, 124.0000, -2.632e-9
186.0000, 124.0000, -2.631e-9
188.0000, 124.0000, -2.632e-9
190.0000, 124.0000, -2.633e-9
192.0000, 124.0000, -2.630e-9
194.0000, 124.0000, -2.627e-9
196.0000, 124.0000, -2.622e-9
198.0000, 124.0000, -2.617e-9
200.0000, 124.0000, -2.613e-9
202.0000, 124.0000, -2.609e-9
204.0000, 124.0000, -2.604e-9
206.0000, 124.0000, -2.600e-9
208.0000, 124.0000, -2.597e-9
210.0000, 124.0000, -2.594e-9
212.0000, 124.0000, -2.590e-9
214.0000, 124.0000, -2.587e-9
216.0000, 124.0000, -2.585e-9
218.0000, 124.0000, -2.583e-9
220.0000, 124.0000, -2.581e-9
222.0000, 124.0000, -2.579e-9
224.0000, 124.0000, -2.577e-9
226.0000, 124.0000, -2.576e-9
228.0000, 124.0000, -2.574e-9
230.0000, 124.0000, -2.573e-9
232.0000, 124.0000, -2.572e-9
234.0000, 124.0000, -2.570e-9
236.0000, 124.0000, -2.569e-9
238.0000, 124.0000, -2.568e-9
240.0000, 124.0000, -2.567e-9
242.0000, 124.0000, -2.566e-9
244.0000, 124.0000, -2.565e-9
246.0000, 124.0000, -2.564e-9
248.0000, 124.0000, -2.564e-9
250.0000, 124.0000, -2.563e-9
252.0000, 124.0000, -2.562e-9
254.0000, 124.0000, -2.561e-9
256.0000, 124.0000, -2.561e-9
258.0000, 124.0000, -2.560e-9
260.0000, 124.0000, -2.559e-9
262.0000, 124.0000, -2.558e-9
264.0000, 124.0000, -2.558e-9
266.0000, 124.0000, -2.557e-9
268.0000, 124.0000, -2.557e-9
270.0000, 124.0000, -2.556e-9
272.0000, 124.0000, -2.555e-9
274.0000, 124.0000, -2.554e-9
276.0000, 124.0000, -2.554e-9
278.0000, 124.0000, -2.554e-9
280.0000, 124.0000, -2.554e-9
282.0000, 124.0000, -2.553e-9
284.0000, 124.0000, -2.553e-9
286.0000, 124.0000, -2.552e-9
288.0000, 124.0000, -2.552e-9
290.0000, 124.0000, -2.552e-9
292.0000, 124.0000, -2.551e-9
294.0000, 124.0000, -2.551e-9
296.0000, 124.0000, -2.551e-9
298.0000, 124.0000, -2.550e-9
0.0000, 126.0000, -3.213e-9
2.0000, 126.0000, -3.094e-9
4.0000, 126.0000, -2.997e-9
6.0000, 126.0000, -2.923e-9
8.0000, 126.0000, -2.867e-9
10.0000, 126.0000, -2.825e-9
12.0000, 126.0000, -2.793e-9
14.0000, 126.0000, -2.770e-9
16.0000, 126.0000, -2.750e-9
18.0000, 126.0000, -2.735e-9
20.0000, 126.0000, -2.723e-9
22.0000, 126.0000, -2.714e-9
24.0000, 126.0000, -2.708e-9
26.0000, 126.0000, -2.704e-9
28.0000, 126.0000, -2.701e-9
30.0000, 126.0000, -2.700e-9
32.0000, 126.0000, -2.699e-9
34.0000, 126.0000, -2.698e-9
36.0000, 126.0000, -2.702e-9
38.0000, 126.0000, -2.703e-9
40.0000, 126.0000, -2.703e-9
42.0000, 126.0000, -2.703e-9
44.0000, 126.0000, -2.704e-9
46.0000, 126.0000, -2.707e-9
48.0000, 126.0000, -2.707e-9
50.0000, 126.0000, -2.708e-9
52.0000, 126.0000, -2.707e-9
54.0000, 126.0000, -2.707e-9
56.0000, 126.0000, -2.706e-9
58.0000, 126.0000, -2.703e-9
60.0000, 126.0000, -2.702e-9
62.0000, 126.0000, -2.698e-9
64.0000, 126.0000, -2.697e-9
66.0000, 126.0000, -2.699e-9
68.0000, 126.0000, -2.703e-9
70.0000, 126.0000, -2.704e-9
72.0000, 126.0000, -2.704e-9
74.0000, 126.0000, -2.703e-9
76.0000, 126.0000, -2.702e-9
78.0000, 126.0000, -2.705e-9
80.0000, 126.0000, -2.707e-9
82.0000, 126.0000, -2.708e-9
84.0000, 126.0000, -2.707e-9
86.0000, 126.0000, -2.704e-9
88.0000, 126.0000, -2.702e-9
90.0000, 126.0000, -2.699e-9
92.0000, 126.0000, -2.696e-9
94.0000, 126.0000, -2.696e-9
96.0000, 126.0000, -2.699e-9
98.0000, 126.0000, -2.700e-9
100.0000, 126.0000, -2.700e-9
102.0000, 126.0000, -2.696e-9
104.0000, 126.0000, -2.694e-9
106.0000, 126.0000, -2.692e-9
108.0000, 126.0000, -2.690e-9
110.0000, 126.0000, -2.689e-9
112.0000, 126.0000, -2.687e-9
114.0000, 126.0000, -2.684e-9
116.0000, 126.0000, -2.682e-9
118.0000, 126.0000, -2.682e-9
120.0000, 126.0000, -2.680e-9
122.0000, 126.0000, -2.678e-9
124.0000, 126.0000, -2.677e-9
126.0000, 126.0000, -2.677e-9
128.0000, 126.0000, -2.676e-9
130.0000, 126.0000, -2.674e-9
132.0000, 126.0000, -2.673e-9
134.0000, 126.0000, -2.673e-9
136.0000, 126.0000, -2.672e-9
138.0000, 126.0000, -2.671e-9
140.0000, 126.0000, -2.669e-9
142.0000, 126.0000, -2.669e-9
144.0000, 126.0000, -2.667e-9
146.0000, 126.0000, -2.666e-9
148.0000, 126.0000, -2.664e-9
150.0000, 126.0000, -2.663e-9
152.0000, 126.0000, -2.662e-9
154.0000, 126.0000, -2.660e-9
156.0000, 126.0000, -2.659e-9
158.0000, 126.0000, -2.659e-9
160.0000, 126.0000, -2.658e-9
162.0000, 126.0000, -2.657e-9
164.0000, 126.0000, -2.656e-9
166.0000, 126.0000, -2.655e-9
168.0000, 126.0000, -2.653e-9
170.0000, 126.0000, -2.651e-9
172.0000, 126.0000, -2.648e-9
174.0000, 126.0000, -2.645e-9
176.0000, 126.0000, -2.642e-9
178.0000, 126.0000, -2.639e-9
180.0000, 126.0000, -2.638e-9
182.0000, 126.0000, -2.636e-9
184.0000, 126.0000, -2.635e-9
186.0000, 126.0000, -2.635e-9
188.0000, 126.0000, -2.635e-9
190.0000, 126.0000, -2.636e-9
192.0000, 126.0000, -2.634e-9
194.0000, 126.0000, -2.630e-9
196.0000, 126.0000, -2.625e-9
198.0000, 126.0000, -2.620e-9
200.0000, 126.0000, -2.616e-9
202.0000, 126.0000, -2.611e-9
204.0000, 126.0000, -2.607e-9
206.0000, 126.0000, -2.602e-9
208.0000, 126.0000, -2.599e-9
210.0000, 126.0000, -2.596e-9
212.0000, 126.0000, -2.594e-9
214.0000, 126.0000, -2.591e-9
216.0000, 126.0000, -2.588e-9
218.0000, 126.0000, -2.585e-9
220.0000, 126.0000, -2.584e-9
222.0000, 126.0000, -2.582e-9
224.0000, 126.0000, -2.580e-9
226.0000, 126.0000, -2.579e-9
228.0000, 126.0000, -2.577e-9
230.0000, 126.0000, -2.575e-9
232.0000, 126.0000, -2.574e-9
234.0000, 126.0000, -2.573e-9
236.0000, 126.0000, -2.572e-9
238.0000, 126.0000, -2.571e-9
240.0000, 126.0000, -2.570e-9
242.0000, 126.0000, -2.569e-9
244.0000, 126.0000, -2.568e-9
246.0000, 126.0000, -2.568e-9
248.0000, 126.0000, -2.567e-9
250.0000, 126.0000, -2.566e-9
252.0000, 126.0000, -2.565e-9
254.0000, 126.0000, -2.565e-9
256.0000, 126.0000, -2.564e-9
258.0000, 126.0000, -2.563e-9
260.0000, 126.0000, -2.563e-9
262.0000, 126.0000, -2.562e-9
264.0000, 126.0000, -2.561e-9
266.0000, 126.0000, -2.560e-9
268.0000, 126.0000, -2.560e-9
270.0000, 126.0000, -2.560e-9
272.0000, 126.0000, -2.559e-9
274.0000, 126.0000, -2.559e-9
276.0000, 126.0000, -2.558e-9
278.0000, 126.0000, -2.558e-9
280.0000, 126.0000, -2.557e-9
282.0000, 126.0000, -2.557e-9
284.0000, 126.0000, -2.556e-9
286.0000, 126.0000, -2.556e-9
288.0000, 126.0000, -2.555e-9
290.0000, 126.0000, -2.555e-9
292.0000, 126.0000, -2.555e-9
294.0000, 126.0000, -2.554e-9
296.0000, 126.0000, -2.554e-9
298.0000, 126.0000, -2.554e-9
0.0000, 128.0000, -3.217e-9
2.0000, 128.0000, -3.096e-9
4.0000, 128.0000, -2.998e-9
6.0000, 128.0000, -2.924e-9
8.0000, 128.0000, -2.867e-9
10.0000, 128.0000, -2.825e-9
12.0000, 128.0000, -2.793e-9
14.0000, 128.0000, -2.769e-9
16.0000, 128.0000, -2.751e-9
18.0000, 128.0000, -2.736e-9
20.0000, 128.0000, -2.725e-9
22.0000, 128.0000, -2.717e-9
24.0000, 128.0000, -2.711e-9
26.0000, 128.0000, -2.705e-9
28.0000, 128.0000, -2.700e-9
30.0000, 128.0000, -2.699e-9
32.0000, 128.0000, -2.699e-9
34.0000, 128.0000, -2.701e-9
36.0000, 128.0000, -2.700e-9
38.0000, 128.0000, -2.699e-9
40.0000, 128.0000, -2.699e-9
42.0000, 128.0000, -2.700e-9
44.0000, 128.0000, -2.704e-9
46.0000, 128.0000, -2.708e-9
48.0000, 128.0000, -2.710e-9
50.0000, 128.0000, -2.712e-9
52.0000, 128.0000, -2.712e-9
54.0000, 128.0000, -2.710e-9
56.0000, 128.0000, -2.706e-9
58.0000, 128.0000, -2.703e-9
60.0000, 128.0000, -2.702e-9
62.0000, 128.0000, -2.703e-9
64.0000, 128.0000, -2.704e-9
66.0000, 128.0000, -2.705e-9
68.0000, 128.0000, -2.703e-9
70.0000, 128.0000, -2.701e-9
72.0000, 128.0000, -2.701e-9
74.0000, 128.0000, -2.702e-9
76.0000, 128.0000, -2.702e-9
78.0000, 128.0000, -2.700e-9
80.0000, 128.0000, -2.701e-9
82.0000, 128.0000, -2.700e-9
84.0000, 128.0000, -2.701e-9
86.0000, 128.0000, -2.703e-9
88.0000, 128.0000, -2.704e-9
90.0000, 128.0000, -2.703e-9
92.0000, 128.0000, -2.702e-9
94.0000, 128.0000, -2.700e-9
96.0000, 128.0000, -2.698e-9
98.0000, 128.0000, -2.696e-9
100.0000, 128.0000, -2.695e-9
102.0000, 128.0000, -2.694e-9
104.0000, 128.0000, -2.694e-9
106.0000, 128.0000, -2.693e-9
108.0000, 128.0000, -2.691e-9
110.0000, 128.0000, -2.689e-9
112.0000, 128.0000, -2.686e-9
114.0000, 128.0000, -2.684e-9
116.0000, 128.0000, -2.683e-9
118.0000, 128.0000, -2.681e-9
120.0000, 128.0000, -2.681e-9
122.0000, 128.0000, -2.678e-9
124.0000, 128.0000, -2.678e-9
126.0000, 128.0000, -2.677e-9
128.0000, 128.0000, -2.677e-9
130.0000, 128.0000, -2.675e-9
132.0000, 128.0000, -2.675e-9
134.0000, 128.0000, -2.675e-9
136.0000, 128.0000, -2.673e-9
138.0000, 128.0000, -2.671e-9
140.0000, 128.0000, -2.669e-9
142.0000, 128.0000, -2.669e-9
144.0000, 128.0000, -2.669e-9
146.0000, 128.0000, -2.668e-9
148.0000, 128.0000, -2.667e-9
150.0000, 128.0000, -2.665e-9
152.0000, 128.0000, -2.662e-9
154.0000, 128.0000, -2.660e-9
156.0000, 128.0000, -2.659e-9
158.0000, 128.0000, -2.661e-9
160.0000, 128.0000, -2.661e-9
162.0000, 128.0000, -2.660e-9
164.0000, 128.0000, -2.659e-9
166.0000, 128.0000, -2.658e-9
168.0000, 128.0000, -2.657e-9
170.0000, 128.0000, -2.655e-9
172.0000, 128.0000, -2.651e-9
174.0000, 128.0000, -2.648e-9
176.0000, 128.0000, -2.644e-9
178.0000, 128.0000, -2.641e-9
180.0000, 128.0000, -2.638e-9
182.0000, 128.0000, -2.638e-9
184.0000, 128.0000, -2.638e-9
186.0000, 128.0000, -2.637e-9
188.0000, 128.0000, -2.638e-9
190.0000, 128.0000, -2.639e-9
192.0000, 128.0000, -2.636e-9
194.0000, 128.0000, -2.632e-9
196.0000, 128.0000, -2.627e-9
198.0000, 128.0000, -2.623e-9
200.0000, 128.0000, -2.618e-9
202.0000, 128.0000, -2.613e-9
204.0000, 128.0000, -2.609e-9
206.0000, 128.0000, -2.605e-9
208.0000, 128.0000, -2.602e-9
210.0000, 128.0000, -2.599e-9
212.0000, 128.0000, -2.596e-9
214.0000, 128.0000, -2.594e-9
216.0000, 128.0000, -2.591e-9
218.0000, 128.0000, -2.589e-9
220.0000, 128.0000, -2.587e-9
222.0000, 128.0000, -2.585e-9
224.0000, 128.0000, -2.583e-9
226.0000, 128.0000, -2.582e-9
228.0000, 128.0000, -2.580e-9
230.0000, 128.0000, -2.578e-9
232.0000, 128.0000, -2.578e-9
234.0000, 128.0000, -2.576e-9
236.0000, 128.0000, -2.575e-9
238.0000, 128.0000, -2.574e-9
240.0000, 128.0000, -2.572e-9
242.0000, 128.0000, -2.572e-9
244.0000, 128.0000, -2.571e-9
246.0000, 128.0000, -2.571e-9
248.0000, 128.0000, -2.570e-9
250.0000, 128.0000, -2.570e-9
252.0000, 128.0000, -2.568e-9
254.0000, 128.0000, -2.568e-9
256.0000, 128.0000, -2.566e-9
258.0000, 128.0000, -2.566e-9
260.0000, 128.0000, -2.566e-9
262.0000, 128.0000, -2.565e-9
264.0000, 128.0000, -2.564e-9
266.0000, 128.0000, -2.563e-9
268.0000, 128.0000, -2.563e-9
270.0000, 128.0000, -2.562e-9
272.0000, 128.0000, -2.562e-9
274.0000, 128.0000, -2.561e-9
276.0000, 128.0000, -2.561e-9
278.0000, 128.0000, -2.561e-9
280.0000, 128.0000, -2.560e-9
282.0000, 128.0000, -2.559e-9
284.0000, 128.0000, -2.559e-9
286.0000, 128.0000, -2.559e-9
288.0000, 128.0000, -2.558e-9
290.0000, 128.0000, -2.558e-9
292.0000, 128.0000, -2.558e-9
294.0000, 128.0000, -2.558e-9
296.0000, 128.0000, -2.557e-9
298.0000, 128.0000, -2.557e-9
0.0000, 130.0000, -3.239e-9
2.0000, 130.0000, -3.115e-9
4.0000, 130.0000, -3.013e-9
6.0000, 130.0000, -2.935e-9
8.0000, 130.0000, -2.877e-9
10.0000, 130.0000, -2.832e-9
12.0000, 130.0000, -2.799e-9
14.0000, 130.0000, -2.775e-9
16.0000, 130.0000, -2.756e-9
18.0000, 130.0000, -2.740e-9
20.0000, 130.0000, -2.729e-9
22.0000, 130.0000, -2.720e-9
24.0000, 130.0000, -2.714e-9
26.0000, 130.0000, -2.709e-9
28.0000, 130.0000, -2.705e-9
30.0000, 130.0000, -2.703e-9
32.0000, 130.0000, -2.703e-9
34.0000, 130.0000, -2.704e-9
36.0000, 130.0000, -2.702e-9
38.0000, 130.0000, -2.702e-9
40.0000, 130.0000, -2.703e-9
42.0000, 130.0000, -2.704e-9
44.0000, 130.0000, -2.707e-9
46.0000, 130.0000, -2.710e-9
48.0000, 130.0000, -2.713e-9
50.0000, 130.0000, -2.713e-9
52.0000, 130.0000, -2.711e-9
54.0000, 130.0000, -2.711e-9
56.0000, 130.0000, -2.710e-9
58.0000, 130.0000, -2.708e-9
60.0000, 130.0000, -2.707e-9
62.0000, 130.0000, -2.707e-9
64.0000, 130.0000, -2.706e-9
66.0000, 130.0000, -2.708e-9
68.0000, 130.0000, -2.710e-9
70.0000, 130.0000, -2.711e-9
72.0000, 130.0000, -2.710e-9
74.0000, 130.0000, -2.709e-9
76.0000, 130.0000, -2.708e-9
78.0000, 130.0000, -2.706e-9
80.0000, 130.0000, -2.706e-9
82.0000, 130.0000, -2.707e-9
84.0000, 130.0000, -2.706e-9
86.0000, 130.0000, -2.704e-9
88.0000, 130.0000, -2.702e-9
90.0000, 130.0000, -2.700e-9
92.0000, 130.0000, -2.700e-9
94.0000, 130.0000, -2.702e-9
96.0000, 130.0000, -2.702e-9
98.0000, 130.0000, -2.702e-9
100.0000, 130.0000, -2.699e-9
102.0000, 130.0000, -2.698e-9
104.0000, 130.0000, -2.696e-9
106.0000, 130.0000, -2.695e-9
108.0000, 130.0000, -2.693e-9
110.0000, 130.0000, -2.691e-9
112.0000, 130.0000, -2.689e-9
114.0000, 130.0000, -2.688e-9
116.0000, 130.0000, -2.686e-9
118.0000, 130.0000, -2.685e-9
120.0000, 130.0000, -2.684e-9
122.0000, 130.0000, -2.682e-9
124.0000, 130.0000, -2.681e-9
126.0000, 130.0000, -2.679e-9
128.0000, 130.0000, -2.679e-9
130.0000, 130.0000, -2.679e-9
132.0000, 130.0000, -2.679e-9
134.0000, 130.0000, -2.678e-9
136.0000, 130.0000, -2.677e-9
138.0000, 130.0000, -2.675e-9
140.0000, 130.0000, -2.674e-9
142.0000, 130.0000, -2.673e-9
144.0000, 130.0000, -2.673e-9
146.0000, 130.0000, -2.672e-9
148.0000, 130.0000, -2.671e-9
150.0000, 130.0000, -2.669e-9
152.0000, 130.0000, -2.668e-9
154.0000, 130.0000, -2.667e-9
156.0000, 130.0000, -2.666e-9
158.0000, 130.0000, -2.666e-9
160.0000, 130.0000, -2.668e-9
162.0000, 130.0000, -2.667e-9
164.0000, 130.0000, -2.665e-9
166.0000, 130.0000, -2.665e-9
168.0000, 130.0000, -2.664e-9
170.0000, 130.0000, -2.661e-9
172.0000, 130.0000, -2.658e-9
174.0000, 130.0000, -2.654e-9
176.0000, 130.0000, -2.651e-9
178.0000, 130.0000, -2.649e-9
180.0000, 130.0000, -2.646e-9
182.0000, 130.0000, -2.644e-9
184.0000, 130.0000, -2.644e-9
186.0000, 130.0000, -2.645e-9
188.0000, 130.0000, -2.644e-9
190.0000, 130.0000, -2.646e-9
192.0000, 130.0000, -2.644e-9
194.0000, 130.0000, -2.640e-9
196.0000, 130.0000, -2.635e-9
198.0000, 130.0000, -2.630e-9
200.0000, 130.0000, -2.626e-9
202.0000, 130.0000, -2.621e-9
204.0000, 130.0000, -2.617e-9
206.0000, 130.0000, -2.613e-9
208.0000, 130.0000, -2.609e-9
210.0000, 130.0000, -2.607e-9
212.0000, 130.0000, -2.604e-9
214.0000, 130.0000, -2.602e-9
216.0000, 130.0000, -2.599e-9
218.0000, 130.0000, -2.596e-9
220.0000, 130.0000, -2.594e-9
222.0000, 130.0000, -2.592e-9
224.0000, 130.0000, -2.590e-9
226.0000, 130.0000, -2.589e-9
228.0000, 130.0000, -2.588e-9
230.0000, 130.0000, -2.586e-9
232.0000, 130.0000, -2.585e-9
234.0000, 130.0000, -2.584e-9
236.0000, 130.0000, -2.583e-9
238.0000, 130.0000, -2.582e-9
240.0000, 130.0000, -2.580e-9
242.0000, 130.0000, -2.579e-9
244.0000, 130.0000, -2.579e-9
246.0000, 130.0000, -2.578e-9
248.0000, 130.0000, -2.577e-9
250.0000, 130.0000, -2.576e-9
252.0000, 130.0000, -2.576e-9
254.0000, 130.0000, -2.575e-9
256.0000, 130.0000, -2.574e-9
258.0000, 130.0000, -2.574e-9
260.0000, 130.0000, -2.573e-9
262.0000, 130.0000, -2.572e-9
264.0000, 130.0000, -2.571e-9
266.0000, 130.0000, -2.570e-9
268.0000, 130.0000, -2.570e-9
270.0000, 130.0000, -2.570e-9
272.0000, 130.0000, -2.570e-9
274.0000, 130.0000, -2.569e-9
276.0000, 130.0000, -2.568e-9
278.0000, 130.0000, -2.568e-9
280.0000, 130.0000, -2.567e-9
282.0000, 130.0000, -2.567e-9
284.0000, 130.0000, -2.566e-9
286.0000, 130.0000, -2.566e-9
288.0000, 130.0000, -2.566e-9
290.0000, 130.0000, -2.566e-9
292.0000, 130.0000, -2.565e-9
294.0000, 130.0000, -2.565e-9
296.0000, 130.0000, -2.565e-9
298.0000, 130.0000, -2.564e-9
0.0000, 132.0000, -3.224e-9
2.0000, 132.0000, -3.106e-9
4.0000, 132.0000, -3.008e-9
6.0000, 132.0000, -2.934e-9
8.0000, 132.0000, -2.878e-9
10.0000, 132.0000, -2.835e-9
12.0000, 132.0000, -2.804e-9
14.0000, 132.0000, -2.780e-9
16.0000, 132.0000, -2.761e-9
18.0000, 132.0000, -2.746e-9
20.0000, 132.0000, -2.735e-9
22.0000, 132.0000, -2.727e-9
24.0000, 132.0000, -2.720e-9
26.0000, 132.0000, -2.715e-9
28.0000, 132.0000, -2.712e-9
30.0000, 132.0000, -2.711e-9
32.0000, 132.0000, -2.710e-9
34.0000, 132.0000, -2.711e-9
36.0000, 132.0000, -2.711e-9
38.0000, 132.0000, -2.711e-9
40.0000, 132.0000, -2.710e-9
42.0000, 132.0000, -2.713e-9
44.0000, 132.0000, -2.715e-9
46.0000, 132.0000, -2.719e-9
48.0000, 132.0000, -2.720e-9
50.0000, 132.0000, -2.720e-9
52.0000, 132.0000, -2.718e-9
54.0000, 132.0000, -2.717e-9
56.0000, 132.0000, -2.717e-9
58.0000, 132.0000, -2.717e-9
60.0000, 132.0000, -2.716e-9
62.0000, 132.0000, -2.714e-9
64.0000, 132.0000, -2.714e-9
66.0000, 132.0000, -2.714e-9
68.0000, 132.0000, -2.714e-9
70.0000, 132.0000, -2.714e-9
72.0000, 132.0000, -2.715e-9
74.0000, 132.0000, -2.716e-9
76.0000, 132.0000, -2.717e-9
78.0000, 132.0000, -2.717e-9
80.0000, 132.0000, -2.716e-9
82.0000, 132.0000, -2.715e-9
84.0000, 132.0000, -2.713e-9
86.0000, 132.0000, -2.712e-9
88.0000, 132.0000, -2.712e-9
90.0000, 132.0000, -2.710e-9
92.0000, 132.0000, -2.708e-9
94.0000, 132.0000, -2.707e-9
96.0000, 132.0000, -2.706e-9
98.0000, 132.0000, -2.705e-9
100.0000, 132.0000, -2.704e-9
102.0000, 132.0000, -2.702e-9
104.0000, 132.0000, -2.701e-9
106.0000, 132.0000, -2.701e-9
108.0000, 132.0000, -2.699e-9
110.0000, 132.0000, -2.699e-9
112.0000, 132.0000, -2.698e-9
114.0000, 132.0000, -2.695e-9
116.0000, 132.0000, -2.693e-9
118.0000, 132.0000, -2.690e-9
120.0000, 132.0000, -2.689e-9
122.0000, 132.0000, -2.688e-9
124.0000, 132.0000, -2.687e-9
126.0000, 132.0000, -2.687e-9
128.0000, 132.0000, -2.687e-9
130.0000, 132.0000, -2.687e-9
132.0000, 132.0000, -2.686e-9
134.0000, 132.0000, -2.687e-9
136.0000, 132.0000, -2.686e-9
138.0000, 132.0000, -2.686e-9
140.0000, 132.0000, -2.687e-9
142.0000, 132.0000, -2.686e-9
144.0000, 132.0000, -2.685e-9
146.0000, 132.0000, -2.684e-9
148.0000, 132.0000, -2.681e-9
150.0000, 132.0000, -2.679e-9
152.0000, 132.0000, -2.678e-9
154.0000, 132.0000, -2.677e-9
156.0000, 132.0000, -2.675e-9
158.0000, 132.0000, -2.675e-9
160.0000, 132.0000, -2.677e-9
162.0000, 132.0000, -2.677e-9
164.0000, 132.0000, -2.677e-9
166.0000, 132.0000, -2.678e-9
168.0000, 132.0000, -2.677e-9
170.0000, 132.0000, -2.676e-9
172.0000, 132.0000, -2.674e-9
174.0000, 132.0000, -2.670e-9
176.0000, 132.0000, -2.666e-9
178.0000, 132.0000, -2.663e-9
180.0000, 132.0000, -2.660e-9
182.0000, 132.0000, -2.659e-9
184.0000, 132.0000, -2.656e-9
186.0000, 132.0000, -2.656e-9
188.0000, 132.0000, -2.657e-9
190.0000, 132.0000, -2.657e-9
192.0000, 132.0000, -2.657e-9
194.0000, 132.0000, -2.654e-9
196.0000, 132.0000, -2.649e-9
198.0000, 132.0000, -2.644e-9
200.0000, 132.0000, -2.639e-9
202.0000, 132.0000, -2.634e-9
204.0000, 132.0000, -2.630e-9
206.0000, 132.0000, -2.626e-9
208.0000, 132.0000, -2.623e-9
210.0000, 132.0000, -2.620e-9
212.0000, 132.0000, -2.617e-9
214.0000, 132.0000, -2.614e-9
216.0000, 132.0000, -2.612e-9
218.0000, 132.0000, -2.609e-9
220.0000, 132.0000, -2.607e-9
222.0000, 132.0000, -2.605e-9
224.0000, 132.0000, -2.603e-9
226.0000, 132.0000, -2.601e-9
228.0000, 132.0000, -2.600e-9
230.0000, 132.0000, -2.598e-9
232.0000, 132.0000, -2.597e-9
234.0000, 132.0000, -2.596e-9
236.0000, 132.0000, -2.595e-9
238.0000, 132.0000, -2.594e-9
240.0000, 132.0000, -2.592e-9
242.0000, 132.0000, -2.592e-9
244.0000, 132.0000, -2.591e-9
246.0000, 132.0000, -2.589e-9
248.0000, 132.0000, -2.589e-9
250.0000, 132.0000, -2.588e-9
252.0000, 132.0000, -2.587e-9
254.0000, 132.0000, -2.587e-9
256.0000, 132.0000, -2.586e-9
258.0000, 132.0000, -2.585e-9
260.0000, 132.0000, -2.585e-9
262.0000, 132.0000, -2.584e-9
264.0000, 132.0000, -2.583e-9
266.0000, 132.0000, -2.582e-9
268.0000, 132.0000, -2.582e-9
270.0000, 132.0000, -2.581e-9
272.0000, 132.0000, -2.581e-9
274.0000, 132.0000, -2.580e-9
276.0000, 132.0000, -2.579e-9
278.0000, 132.0000, -2.579e-9
280.0000, 132.0000, -2.579e-9
282.0000, 132.0000, -2.579e-9
284.0000, 132.0000, -2.578e-9
286.0000, 132.0000, -2.578e-9
288.0000, 132.0000, -2.577e-9
290.0000, 132.0000, -2.577e-9
292.0000, 132.0000, -2.577e-9
294.0000, 132.0000, -2.577e-9
296.0000, 132.0000, -2.576e-9
298.0000, 132.0000, -2.576e-9
0.0000, 134.0000, -3.239e-9
2.0000, 134.0000, -3.120e-9
4.0000, 134.0000, -3.021e-9
6.0000, 134.0000, -2.945e-9
8.0000, 134.0000, -2.887e-9
10.0000, 134.0000, -2.844e-9
12.0000, 134.0000, -2.811e-9
14.0000, 134.0000, -2.787e-9
16.0000, 134.0000, -2.767e-9
18.0000, 134.0000, -2.752e-9
20.0000, 134.0000, -2.741e-9
22.0000, 134.0000, -2.732e-9
24.0000, 134.0000, -2.727e-9
26.0000, 134.0000, -2.723e-9
28.0000, 134.0000, -2.719e-9
30.0000, 134.0000, -2.717e-9
32.0000, 134.0000, -2.716e-9
34.0000, 134.0000, -2.716e-9
36.0000, 134.0000, -2.716e-9
38.0000, 134.0000, -2.716e-9
40.0000, 134.0000, -2.718e-9
42.0000, 134.0000, -2.720e-9
44.0000, 134.0000, -2.723e-9
46.0000, 134.0000, -2.725e-9
48.0000, 134.0000, -2.726e-9
50.0000, 134.0000, -2.727e-9
52.0000, 134.0000, -2.726e-9
54.0000, 134.0000, -2.725e-9
56.0000, 134.0000, -2.723e-9
58.0000, 134.0000, -2.722e-9
60.0000, 134.0000, -2.721e-9
62.0000, 134.0000, -2.720e-9
64.0000, 134.0000, -2.719e-9
66.0000, 134.0000, -2.718e-9
68.0000, 134.0000, -2.717e-9
70.0000, 134.0000, -2.718e-9
72.0000, 134.0000, -2.720e-9
74.0000, 134.0000, -2.723e-9
76.0000, 134.0000, -2.723e-9
78.0000, 134.0000, -2.722e-9
80.0000, 134.0000, -2.720e-9
82.0000, 134.0000, -2.719e-9
84.0000, 134.0000, -2.718e-9
86.0000, 134.0000, -2.718e-9
88.0000, 134.0000, -2.718e-9
90.0000, 134.0000, -2.717e-9
92.0000, 134.0000, -2.716e-9
94.0000, 134.0000, -2.716e-9
96.0000, 134.0000, -2.714e-9
98.0000, 134.0000, -2.713e-9
100.0000, 134.0000, -2.712e-9
102.0000, 134.0000, -2.712e-9
104.0000, 134.0000, -2.710e-9
106.0000, 134.0000, -2.708e-9
108.0000, 134.0000, -2.707e-9
110.0000, 134.0000, -2.707e-9
112.0000, 134.0000, -2.704e-9
114.0000, 134.0000, -2.701e-9
116.0000, 134.0000, -2.700e-9
118.0000, 134.0000, -2.698e-9
120.0000, 134.0000, -2.696e-9
122.0000, 134.0000, -2.695e-9
124.0000, 134.0000, -2.695e-9
126.0000, 134.0000, -2.695e-9
128.0000, 134.0000, -2.694e-9
130.0000, 134.0000, -2.693e-9
132.0000, 134.0000, -2.694e-9
134.0000, 134.0000, -2.694e-9
136.0000, 134.0000, -2.694e-9
138.0000, 134.0000, -2.694e-9
140.0000, 134.0000, -2.693e-9
142.0000, 134.0000, -2.692e-9
144.0000, 134.0000, -2.691e-9
146.0000, 134.0000, -2.689e-9
148.0000, 134.0000, -2.688e-9
150.0000, 134.0000, -2.688e-9
152.0000, 134.0000, -2.687e-9
154.0000, 134.0000, -2.686e-9
156.0000, 134.0000, -2.685e-9
158.0000, 134.0000, -2.684e-9
160.0000, 134.0000, -2.684e-9
162.0000, 134.0000, -2.685e-9
164.0000, 134.0000, -2.686e-9
166.0000, 134.0000, -2.687e-9
168.0000, 134.0000, -2.686e-9
170.0000, 134.0000, -2.685e-9
172.0000, 134.0000, -2.682e-9
174.0000, 134.0000, -2.679e-9
176.0000, 134.0000, -2.675e-9
178.0000, 134.0000, -2.672e-9
180.0000, 134.0000, -2.669e-9
182.0000, 134.0000, -2.667e-9
184.0000, 134.0000, -2.666e-9
186.0000, 134.0000, -2.665e-9
188.0000, 134.0000, -2.665e-9
190.0000, 134.0000, -2.668e-9
192.0000, 134.0000, -2.668e-9
194.0000, 134.0000, -2.666e-9
196.0000, 134.0000, -2.662e-9
198.0000, 134.0000, -2.656e-9
200.0000, 134.0000, -2.652e-9
202.0000, 134.0000, -2.647e-9
204.0000, 134.0000, -2.643e-9
206.0000, 134.0000, -2.638e-9
208.0000, 134.0000, -2.634e-9
210.0000, 134.0000, -2.632e-9
212.0000, 134.0000, -2.629e-9
214.0000, 134.0000, -2.626e-9
216.0000, 134.0000, -2.624e-9
218.0000, 134.0000, -2.621e-9
220.0000, 134.0000, -2.618e-9
222.0000, 134.0000, -2.616e-9
224.0000, 134.0000, -2.614e-9
226.0000, 134.0000, -2.612e-9
228.0000, 134.0000, -2.611e-9
230.0000, 134.0000, -2.609e-9
232.0000, 134.0000, -2.608e-9
234.0000, 134.0000, -2.607e-9
236.0000, 134.0000, -2.606e-9
238.0000, 134.0000, -2.605e-9
240.0000, 134.0000, -2.604e-9
242.0000, 134.0000, -2.603e-9
244.0000, 134.0000, -2.602e-9
246.0000, 134.0000, -2.601e-9
248.0000, 134.0000, -2.600e-9
250.0000, 134.0000, -2.599e-9
252.0000, 134.0000, -2.598e-9
254.0000, 134.0000, -2.598e-9
256.0000, 134.0000, -2.597e-9
258.0000, 134.0000, -2.596e-9
260.0000, 134.0000, -2.596e-9
262.0000, 134.0000, -2.595e-9
264.0000, 134.0000, -2.594e-9
266.0000, 134.0000, -2.594e-9
268.0000, 134.0000, -2.593e-9
270.0000, 134.0000, -2.593e-9
272.0000, 134.0000, -2.592e-9
274.0000, 134.0000, -2.591e-9
276.0000, 134.0000, -2.591e-9
278.0000, 134.0000, -2.591e-9
280.0000, 134.0000, -2.590e-9
282.0000, 134.0000, -2.590e-9
284.0000, 134.0000, -2.589e-9
286.0000, 134.0000, -2.589e-9
288.0000, 134.0000, -2.588e-9
290.0000, 134.0000, -2.588e-9
292.0000, 134.0000, -2.587e-9
294.0000, 134.0000, -2.587e-9
296.0000, 134.0000, -2.587e-9
298.0000, 134.0000, -2.586e-9
0.0000, 136.0000, -3.234e-9
2.0000, 136.0000, -3.118e-9
4.0000, 136.0000, -3.022e-9
6.0000, 136.0000, -2.946e-9
8.0000, 136.0000, -2.888e-9
10.0000, 136.0000, -2.845e-9
12.0000, 136.0000, -2.813e-9
14.0000, 136.0000, -2.788e-9
16.0000, 136.0000, -2.769e-9
18.0000, 136.0000, -2.754e-9
20.0000, 136.0000, -2.743e-9
22.0000, 136.0000, -2.735e-9
24.0000, 136.0000, -2.727e-9
26.0000, 136.0000, -2.722e-9
28.0000, 136.0000, -2.718e-9
30.0000, 136.0000, -2.716e-9
32.0000, 136.0000, -2.716e-9
34.0000, 136.0000, -2.718e-9
36.0000, 136.0000, -2.718e-9
38.0000, 136.0000, -2.720e-9
40.0000, 136.0000, -2.720e-9
42.0000, 136.0000, -2.722e-9
44.0000, 136.0000, -2.722e-9
46.0000, 136.0000, -2.724e-9
48.0000, 136.0000, -2.726e-9
50.0000, 136.0000, -2.730e-9
52.0000, 136.0000, -2.730e-9
54.0000, 136.0000, -2.729e-9
56.0000, 136.0000, -2.726e-9
58.0000, 136.0000, -2.724e-9
60.0000, 136.0000, -2.722e-9
62.0000, 136.0000, -2.721e-9
64.0000, 136.0000, -2.721e-9
66.0000, 136.0000, -2.721e-9
68.0000, 136.0000, -2.721e-9
70.0000, 136.0000, -2.721e-9
72.0000, 136.0000, -2.723e-9
74.0000, 136.0000, -2.724e-9
76.0000, 136.0000, -2.723e-9
78.0000, 136.0000, -2.721e-9
80.0000, 136.0000, -2.721e-9
82.0000, 136.0000, -2.720e-9
84.0000, 136.0000, -2.720e-9
86.0000, 136.0000, -2.720e-9
88.0000, 136.0000, -2.720e-9
90.0000, 136.0000, -2.720e-9
92.0000, 136.0000, -2.718e-9
94.0000, 136.0000, -2.718e-9
96.0000, 136.0000, -2.717e-9
98.0000, 136.0000, -2.716e-9
100.0000, 136.0000, -2.715e-9
102.0000, 136.0000, -2.715e-9
104.0000, 136.0000, -2.713e-9
106.0000, 136.0000, -2.713e-9
108.0000, 136.0000, -2.711e-9
110.0000, 136.0000, -2.710e-9
112.0000, 136.0000, -2.707e-9
114.0000, 136.0000, -2.706e-9
116.0000, 136.0000, -2.704e-9
118.0000, 136.0000, -2.702e-9
120.0000, 136.0000, -2.701e-9
122.0000, 136.0000, -2.698e-9
124.0000, 136.0000, -2.697e-9
126.0000, 136.0000, -2.697e-9
128.0000, 136.0000, -2.697e-9
130.0000, 136.0000, -2.698e-9
132.0000, 136.0000, -2.697e-9
134.0000, 136.0000, -2.697e-9
136.0000, 136.0000, -2.697e-9
138.0000, 136.0000, -2.696e-9
140.0000, 136.0000, -2.695e-9
142.0000, 136.0000, -2.695e-9
144.0000, 136.0000, -2.696e-9
146.0000, 136.0000, -2.694e-9
148.0000, 136.0000, -2.693e-9
150.0000, 136.0000, -2.693e-9
152.0000, 136.0000, -2.691e-9
154.0000, 136.0000, -2.690e-9
156.0000, 136.0000, -2.690e-9
158.0000, 136.0000, -2.690e-9
160.0000, 136.0000, -2.691e-9
162.0000, 136.0000, -2.691e-9
164.0000, 136.0000, -2.690e-9
166.0000, 136.0000, -2.689e-9
168.0000, 136.0000, -2.688e-9
170.0000, 136.0000, -2.687e-9
172.0000, 136.0000, -2.683e-9
174.0000, 136.0000, -2.680e-9
176.0000, 136.0000, -2.676e-9
178.0000, 136.0000, -2.673e-9
180.0000, 136.0000, -2.670e-9
182.0000, 136.0000, -2.670e-9
184.0000, 136.0000, -2.669e-9
186.0000, 136.0000, -2.669e-9
188.0000, 136.0000, -2.670e-9
190.0000, 136.0000, -2.672e-9
192.0000, 136.0000, -2.671e-9
194.0000, 136.0000, -2.669e-9
196.0000, 136.0000, -2.664e-9
198.0000, 136.0000, -2.660e-9
200.0000, 136.0000, -2.655e-9
202.0000, 136.0000, -2.651e-9
204.0000, 136.0000, -2.646e-9
206.0000, 136.0000, -2.642e-9
208.0000, 136.0000, -2.639e-9
210.0000, 136.0000, -2.636e-9
212.0000, 136.0000, -2.632e-9
214.0000, 136.0000, -2.630e-9
216.0000, 136.0000, -2.627e-9
218.0000, 136.0000, -2.624e-9
220.0000, 136.0000, -2.622e-9
222.0000, 136.0000, -2.620e-9
224.0000, 136.0000, -2.618e-9
226.0000, 136.0000, -2.616e-9
228.0000, 136.0000, -2.615e-9
230.0000, 136.0000, -2.613e-9
232.0000, 136.0000, -2.612e-9
234.0000, 136.0000, -2.610e-9
236.0000, 136.0000, -2.609e-9
238.0000, 136.0000, -2.609e-9
240.0000, 136.0000, -2.608e-9
242.0000, 136.0000, -2.607e-9
244.0000, 136.0000, -2.605e-9
246.0000, 136.0000, -2.605e-9
248.0000, 136.0000, -2.604e-9
250.0000, 136.0000, -2.604e-9
252.0000, 136.0000, -2.602e-9
254.0000, 136.0000, -2.602e-9
256.0000, 136.0000, -2.600e-9
258.0000, 136.0000, -2.600e-9
260.0000, 136.0000, -2.599e-9
262.0000, 136.0000, -2.599e-9
264.0000, 136.0000, -2.598e-9
266.0000, 136.0000, -2.598e-9
268.0000, 136.0000, -2.597e-9
270.0000, 136.0000, -2.596e-9
272.0000, 136.0000, -2.595e-9
274.0000, 136.0000, -2.595e-9
276.0000, 136.0000, -2.594e-9
278.0000, 136.0000, -2.594e-9
280.0000, 136.0000, -2.594e-9
282.0000, 136.0000, -2.593e-9
284.0000, 136.0000, -2.593e-9
286.0000, 136.0000, -2.592e-9
288.0000, 136.0000, -2.592e-9
290.0000, 136.0000, -2.591e-9
292.0000, 136.0000, -2.592e-9
294.0000, 136.0000, -2.591e-9
296.0000, 136.0000, -2.591e-9
298.0000, 136.0000, -2.590e-9
0.0000, 138.0000, -3.231e-9
2.0000, 138.0000, -3.113e-9
4.0000, 138.0000, -3.016e-9
6.0000, 138.0000, -2.943e-9
8.0000, 138.0000, -2.886e-9
10.0000, 138.0000, -2.844e-9
12.0000, 138.0000, -2.812e-9
14.0000, 138.0000, -2.789e-9
16.0000, 138.0000, -2.770e-9
18.0000, 138.0000, -2.755e-9
20.0000, 138.0000, -2.743e-9
22.0000, 138.0000, -2.736e-9
24.0000, 138.0000, -2.731e-9
26.0000, 138.0000, -2.726e-9
28.0000, 138.0000, -2.722e-9
30.0000, 138.0000, -2.720e-9
32.0000, 138.0000, -2.721e-9
34.0000, 138.0000, -2.721e-9
36.0000, 138.0000, -2.722e-9
38.0000, 138.0000, -2.722e-9
40.0000, 138.0000, -2.722e-9
42.0000, 138.0000, -2.722e-9
44.0000, 138.0000, -2.725e-9
46.0000, 138.0000, -2.728e-9
48.0000, 138.0000, -2.731e-9
50.0000, 138.0000, -2.732e-9
52.0000, 138.0000, -2.731e-9
54.0000, 138.0000, -2.729e-9
56.0000, 138.0000, -2.729e-9
58.0000, 138.0000, -2.728e-9
60.0000, 138.0000, -2.727e-9
62.0000, 138.0000, -2.725e-9
64.0000, 138.0000, -2.725e-9
66.0000, 138.0000, -2.726e-9
68.0000, 138.0000, -2.729e-9
70.0000, 138.0000, -2.729e-9
72.0000, 138.0000, -2.727e-9
74.0000, 138.0000, -2.726e-9
76.0000, 138.0000, -2.726e-9
78.0000, 138.0000, -2.723e-9
80.0000, 138.0000, -2.723e-9
82.0000, 138.0000, -2.724e-9
84.0000, 138.0000, -2.724e-9
86.0000, 138.0000, -2.724e-9
88.0000, 138.0000, -2.722e-9
90.0000, 138.0000, -2.720e-9
92.0000, 138.0000, -2.718e-9
94.0000, 138.0000, -2.719e-9
96.0000, 138.0000, -2.719e-9
98.0000, 138.0000, -2.719e-9
100.0000, 138.0000, -2.718e-9
102.0000, 138.0000, -2.717e-9
104.0000, 138.0000, -2.716e-9
106.0000, 138.0000, -2.715e-9
108.0000, 138.0000, -2.713e-9
110.0000, 138.0000, -2.712e-9
112.0000, 138.0000, -2.709e-9
114.0000, 138.0000, -2.708e-9
116.0000, 138.0000, -2.706e-9
118.0000, 138.0000, -2.705e-9
120.0000, 138.0000, -2.704e-9
122.0000, 138.0000, -2.703e-9
124.0000, 138.0000, -2.703e-9
126.0000, 138.0000, -2.702e-9
128.0000, 138.0000, -2.701e-9
130.0000, 138.0000, -2.701e-9
132.0000, 138.0000, -2.701e-9
134.0000, 138.0000, -2.702e-9
136.0000, 138.0000, -2.702e-9
138.0000, 138.0000, -2.701e-9
140.0000, 138.0000, -2.700e-9
142.0000, 138.0000, -2.698e-9
144.0000, 138.0000, -2.697e-9
146.0000, 138.0000, -2.697e-9
148.0000, 138.0000, -2.696e-9
150.0000, 138.0000, -2.696e-9
152.0000, 138.0000, -2.696e-9
154.0000, 138.0000, -2.695e-9
156.0000, 138.0000, -2.694e-9
158.0000, 138.0000, -2.692e-9
160.0000, 138.0000, -2.693e-9
162.0000, 138.0000, -2.694e-9
164.0000, 138.0000, -2.693e-9
166.0000, 138.0000, -2.692e-9
168.0000, 138.0000, -2.690e-9
170.0000, 138.0000, -2.688e-9
172.0000, 138.0000, -2.685e-9
174.0000, 138.0000, -2.683e-9
176.0000, 138.0000, -2.680e-9
178.0000, 138.0000, -2.677e-9
180.0000, 138.0000, -2.674e-9
182.0000, 138.0000, -2.673e-9
184.0000, 138.0000, -2.671e-9
186.0000, 138.0000, -2.671e-9
188.0000, 138.0000, -2.672e-9
190.0000, 138.0000, -2.674e-9
192.0000, 138.0000, -2.674e-9
194.0000, 138.0000, -2.672e-9
196.0000, 138.0000, -2.668e-9
198.0000, 138.0000, -2.663e-9
200.0000, 138.0000, -2.659e-9
202.0000, 138.0000, -2.654e-9
204.0000, 138.0000, -2.649e-9
206.0000, 138.0000, -2.645e-9
208.0000, 138.0000, -2.641e-9
210.0000, 138.0000, -2.637e-9
212.0000, 138.0000, -2.635e-9
214.0000, 138.0000, -2.632e-9
216.0000, 138.0000, -2.629e-9
218.0000, 138.0000, -2.627e-9
220.0000, 138.0000, -2.625e-9
222.0000, 138.0000, -2.623e-9
224.0000, 138.0000, -2.621e-9
226.0000, 138.0000, -2.620e-9
228.0000, 138.0000, -2.618e-9
230.0000, 138.0000, -2.616e-9
232.0000, 138.0000, -2.615e-9
234.0000, 138.0000, -2.613e-9
236.0000, 138.0000, -2.613e-9
238.0000, 138.0000, -2.612e-9
240.0000, 138.0000, -2.610e-9
242.0000, 138.0000, -2.609e-9
244.0000, 138.0000, -2.609e-9
246.0000, 138.0000, -2.608e-9
248.0000, 138.0000, -2.606e-9
250.0000, 138.0000, -2.606e-9
252.0000, 138.0000, -2.605e-9
254.0000, 138.0000, -2.604e-9
256.0000, 138.0000, -2.604e-9
258.0000, 138.0000, -2.603e-9
260.0000, 138.0000, -2.603e-9
262.0000, 138.0000, -2.602e-9
264.0000, 138.0000, -2.602e-9
266.0000, 138.0000, -2.600e-9
268.0000, 138.0000, -2.600e-9
270.0000, 138.0000, -2.600e-9
272.0000, 138.0000, -2.599e-9
274.0000, 138.0000, -2.599e-9
276.0000, 138.0000, -2.598e-9
278.0000, 138.0000, -2.598e-9
280.0000, 138.0000, -2.597e-9
282.0000, 138.0000, -2.597e-9
284.0000, 138.0000, -2.597e-9
286.0000, 138.0000, -2.596e-9
288.0000, 138.0000, -2.596e-9
290.0000, 138.0000, -2.596e-9
292.0000, 138.0000, -2.595e-9
294.0000, 138.0000, -2.595e-9
296.0000, 138.0000, -2.595e-9
298.0000, 138.0000, -2.594e-9
0.0000, 140.0000, -3.237e-9
2.0000, 140.0000, -3.119e-9
4.0000, 140.0000, -3.020e-9
6.0000, 140.0000, -2.945e-9
8.0000, 140.0000, -2.888e-9
10.0000, 140.0000, -2.846e-9
12.0000, 140.0000, -2.814e-9
14.0000, 140.0000, -2.790e-9
16.0000, 140.0000, -2.772e-9
18.0000, 140.0000, -2.758e-9
20.0000, 140.0000, -2.746e-9
22.0000, 140.0000, -2.738e-9
24.0000, 140.0000, -2.732e-9
26.0000, 140.0000, -2.726e-9
28.0000, 140.0000, -2.722e-9
30.0000, 140.0000, -2.721e-9
32.0000, 140.0000, -2.722e-9
34.0000, 140.0000, -2.723e-9
36.0000, 140.0000, -2.722e-9
38.0000, 140.0000, -2.721e-9
40.0000, 140.0000, -2.723e-9
42.0000, 140.0000, -2.726e-9
44.0000, 140.0000, -2.729e-9
46.0000, 140.0000, -2.731e-9
48.0000, 140.0000, -2.733e-9
50.0000, 140.0000, -2.733e-9
52.0000, 140.0000, -2.733e-9
54.0000, 140.0000, -2.732e-9
56.0000, 140.0000, -2.729e-9
58.0000, 140.0000, -2.727e-9
60.0000, 140.0000, -2.726e-9
62.0000, 140.0000, -2.727e-9
64.0000, 140.0000, -2.727e-9
66.0000, 140.0000, -2.728e-9
68.0000, 140.0000, -2.729e-9
70.0000, 140.0000, -2.729e-9
72.0000, 140.0000, -2.728e-9
74.0000, 140.0000, -2.727e-9
76.0000, 140.0000, -2.725e-9
78.0000, 140.0000, -2.723e-9
80.0000, 140.0000, -2.724e-9
82.0000, 140.0000, -2.725e-9
84.0000, 140.0000, -2.725e-9
86.0000, 140.0000, -2.726e-9
88.0000, 140.0000, -2.726e-9
90.0000, 140.0000, -2.726e-9
92.0000, 140.0000, -2.724e-9
94.0000, 140.0000, -2.723e-9
96.0000, 140.0000, -2.723e-9
98.0000, 140.0000, -2.722e-9
100.0000, 140.0000, -2.720e-9
102.0000, 140.0000, -2.719e-9
104.0000, 140.0000, -2.717e-9
106.0000, 140.0000, -2.716e-9
108.0000, 140.0000, -2.714e-9
110.0000, 140.0000, -2.712e-9
112.0000, 140.0000, -2.711e-9
114.0000, 140.0000, -2.710e-9
116.0000, 140.0000, -2.709e-9
118.0000, 140.0000, -2.709e-9
120.0000, 140.0000, -2.709e-9
122.0000, 140.0000, -2.708e-9
124.0000, 140.0000, -2.707e-9
126.0000, 140.0000, -2.707e-9
128.0000, 140.0000, -2.707e-9
130.0000, 140.0000, -2.706e-9
132.0000, 140.0000, -2.706e-9
134.0000, 140.0000, -2.706e-9
136.0000, 140.0000, -2.706e-9
138.0000, 140.0000, -2.704e-9
140.0000, 140.0000, -2.703e-9
142.0000, 140.0000, -2.703e-9
144.0000, 140.0000, -2.703e-9
146.0000, 140.0000, -2.703e-9
148.0000, 140.0000, -2.701e-9
150.0000, 140.0000, -2.700e-9
152.0000, 140.0000, -2.700e-9
154.0000, 140.0000, -2.699e-9
156.0000, 140.0000, -2.698e-9
158.0000, 140.0000, -2.698e-9
160.0000, 140.0000, -2.700e-9
162.0000, 140.0000, -2.700e-9
164.0000, 140.0000, -2.699e-9
166.0000, 140.0000, -2.700e-9
168.0000, 140.0000, -2.699e-9
170.0000, 140.0000, -2.696e-9
172.0000, 140.0000, -2.693e-9
174.0000, 140.0000, -2.690e-9
176.0000, 140.0000, -2.686e-9
178.0000, 140.0000, -2.682e-9
180.0000, 140.0000, -2.681e-9
182.0000, 140.0000, -2.681e-9
184.0000, 140.0000, -2.680e-9
186.0000, 140.0000, -2.680e-9
188.0000, 140.0000, -2.680e-9
190.0000, 140.0000, -2.683e-9
192.0000, 140.0000, -2.683e-9
194.0000, 140.0000, -2.681e-9
196.0000, 140.0000, -2.676e-9
198.0000, 140.0000, -2.672e-9
200.0000, 140.0000, -2.667e-9
202.0000, 140.0000, -2.662e-9
204.0000, 140.0000, -2.658e-9
206.0000, 140.0000, -2.653e-9
208.0000, 140.0000, -2.650e-9
210.0000, 140.0000, -2.647e-9
212.0000, 140.0000, -2.644e-9
214.0000, 140.0000, -2.641e-9
216.0000, 140.0000, -2.639e-9
218.0000, 140.0000, -2.636e-9
220.0000, 140.0000, -2.634e-9
222.0000, 140.0000, -2.632e-9
224.0000, 140.0000, -2.630e-9
226.0000, 140.0000, -2.628e-9
228.0000, 140.0000, -2.627e-9
230.0000, 140.0000, -2.625e-9
232.0000, 140.0000, -2.624e-9
234.0000, 140.0000, -2.623e-9
236.0000, 140.0000, -2.622e-9
238.0000, 140.0000, -2.620e-9
240.0000, 140.0000, -2.620e-9
242.0000, 140.0000, -2.618e-9
244.0000, 140.0000, -2.617e-9
246.0000, 140.0000, -2.616e-9
248.0000, 140.0000, -2.615e-9
250.0000, 140.0000, -2.615e-9
252.0000, 140.0000, -2.613e-9
254.0000, 140.0000, -2.613e-9
256.0000, 140.0000, -2.612e-9
258.0000, 140.0000, -2.612e-9
260.0000, 140.0000, -2.611e-9
262.0000, 140.0000, -2.610e-9
264.0000, 140.0000, -2.610e-9
266.0000, 140.0000, -2.610e-9
268.0000, 140.0000, -2.609e-9
270.0000, 140.0000, -2.609e-9
272.0000, 140.0000, -2.608e-9
274.0000, 140.0000, -2.607e-9
276.0000, 140.0000, -2.607e-9
278.0000, 140.0000, -2.607e-9
280.0000, 140.0000, -2.606e-9
282.0000, 140.0000, -2.605e-9
284.0000, 140.0000, -2.605e-9
286.0000, 140.0000, -2.605e-9
288.0000, 140.0000, -2.604e-9
290.0000, 140.0000, -2.604e-9
292.0000, 140.0000, -2.604e-9
294.0000, 140.0000, -2.603e-9
296.0000, 140.0000, -2.602e-9
298.0000, 140.0000, -2.602e-9
0.0000, 142.0000, -3.237e-9
2.0000, 142.0000, -3.121e-9
4.0000, 142.0000, -3.025e-9
6.0000, 142.0000, -2.951e-9
8.0000, 142.0000, -2.895e-9
10.0000, 142.0000, -2.853e-9
12.0000, 142.0000, -2.820e-9
14.0000, 142.0000, -2.796e-9
16.0000, 142.0000, -2.777e-9
18.0000, 142.0000, -2.761e-9
20.0000, 142.0000, -2.750e-9
22.0000, 142.0000, -2.741e-9
24.0000, 142.0000, -2.734e-9
26.0000, 142.0000, -2.730e-9
28.0000, 142.0000, -2.727e-9
30.0000, 142.0000, -2.727e-9
32.0000, 142.0000, -2.727e-9
34.0000, 142.0000, -2.727e-9
36.0000, 142.0000, -2.727e-9
38.0000, 142.0000, -2.727e-9
40.0000, 142.0000, -2.728e-9
42.0000, 142.0000, -2.730e-9
44.0000, 142.0000, -2.733e-9
46.0000, 142.0000, -2.737e-9
48.0000, 142.0000, -2.739e-9
50.0000, 142.0000, -2.740e-9
52.0000, 142.0000, -2.740e-9
54.0000, 142.0000, -2.738e-9
56.0000, 142.0000, -2.736e-9
58.0000, 142.0000, -2.734e-9
60.0000, 142.0000, -2.733e-9
62.0000, 142.0000, -2.732e-9
64.0000, 142.0000, -2.734e-9
66.0000, 142.0000, -2.734e-9
68.0000, 142.0000, -2.735e-9
70.0000, 142.0000, -2.734e-9
72.0000, 142.0000, -2.735e-9
74.0000, 142.0000, -2.735e-9
76.0000, 142.0000, -2.736e-9
78.0000, 142.0000, -2.736e-9
80.0000, 142.0000, -2.734e-9
82.0000, 142.0000, -2.732e-9
84.0000, 142.0000, -2.732e-9
86.0000, 142.0000, -2.731e-9
88.0000, 142.0000, -2.731e-9
90.0000, 142.0000, -2.729e-9
92.0000, 142.0000, -2.729e-9
94.0000, 142.0000, -2.729e-9
96.0000, 142.0000, -2.728e-9
98.0000, 142.0000, -2.727e-9
100.0000, 142.0000, -2.727e-9
102.0000, 142.0000, -2.726e-9
104.0000, 142.0000, -2.725e-9
106.0000, 142.0000, -2.725e-9
108.0000, 142.0000, -2.723e-9
110.0000, 142.0000, -2.722e-9
112.0000, 142.0000, -2.721e-9
114.0000, 142.0000, -2.720e-9
116.0000, 142.0000, -2.719e-9
118.0000, 142.0000, -2.717e-9
120.0000, 142.0000, -2.716e-9
122.0000, 142.0000, -2.716e-9
124.0000, 142.0000, -2.716e-9
126.0000, 142.0000, -2.715e-9
128.0000, 142.0000, -2.715e-9
130.0000, 142.0000, -2.713e-9
132.0000, 142.0000, -2.711e-9
134.0000, 142.0000, -2.711e-9
136.0000, 142.0000, -2.711e-9
138.0000, 142.0000, -2.711e-9
140.0000, 142.0000, -2.712e-9
142.0000, 142.0000, -2.712e-9
144.0000, 142.0000, -2.714e-9
146.0000, 142.0000, -2.715e-9
148.0000, 142.0000, -2.715e-9
150.0000, 142.0000, -2.713e-9
152.0000, 142.0000, -2.710e-9
154.0000, 142.0000, -2.707e-9
156.0000, 142.0000, -2.705e-9
158.0000, 142.0000, -2.703e-9
160.0000, 142.0000, -2.705e-9
162.0000, 142.0000, -2.708e-9
164.0000, 142.0000, -2.710e-9
166.0000, 142.0000, -2.709e-9
168.0000, 142.0000, -2.707e-9
170.0000, 142.0000, -2.705e-9
172.0000, 142.0000, -2.703e-9
174.0000, 142.0000, -2.701e-9
176.0000, 142.0000, -2.698e-9
178.0000, 142.0000, -2.696e-9
180.0000, 142.0000, -2.694e-9
182.0000, 142.0000, -2.692e-9
184.0000, 142.0000, -2.691e-9
186.0000, 142.0000, -2.692e-9
188.0000, 142.0000, -2.692e-9
190.0000, 142.0000, -2.695e-9
192.0000, 142.0000, -2.695e-9
194.0000, 142.0000, -2.693e-9
196.0000, 142.0000, -2.689e-9
198.0000, 142.0000, -2.685e-9
200.0000, 142.0000, -2.680e-9
202.0000, 142.0000, -2.674e-9
204.0000, 142.0000, -2.670e-9
206.0000, 142.0000, -2.666e-9
208.0000, 142.0000, -2.662e-9
210.0000, 142.0000, -2.659e-9
212.0000, 142.0000, -2.655e-9
214.0000, 142.0000, -2.652e-9
216.0000, 142.0000, -2.649e-9
218.0000, 142.0000, -2.647e-9
220.0000, 142.0000, -2.645e-9
222.0000, 142.0000, -2.643e-9
224.0000, 142.0000, -2.641e-9
226.0000, 142.0000, -2.639e-9
228.0000, 142.0000, -2.637e-9
230.0000, 142.0000, -2.635e-9
232.0000, 142.0000, -2.634e-9
234.0000, 142.0000, -2.633e-9
236.0000, 142.0000, -2.632e-9
238.0000, 142.0000, -2.631e-9
240.0000, 142.0000, -2.630e-9
242.0000, 142.0000, -2.629e-9
244.0000, 142.0000, -2.628e-9
246.0000, 142.0000, -2.627e-9
248.0000, 142.0000, -2.626e-9
250.0000, 142.0000, -2.625e-9
252.0000, 142.0000, -2.624e-9
254.0000, 142.0000, -2.624e-9
256.0000, 142.0000, -2.623e-9
258.0000, 142.0000, -2.622e-9
260.0000, 142.0000, -2.621e-9
262.0000, 142.0000, -2.621e-9
264.0000, 142.0000, -2.621e-9
266.0000, 142.0000, -2.619e-9
268.0000, 142.0000, -2.619e-9
270.0000, 142.0000, -2.618e-9
272.0000, 142.0000, -2.618e-9
274.0000, 142.0000, -2.617e-9
276.0000, 142.0000, -2.616e-9
278.0000, 142.0000, -2.616e-9
280.0000, 142.0000, -2.615e-9
282.0000, 142.0000, -2.615e-9
284.0000, 142.0000, -2.615e-9
286.0000, 142.0000, -2.614e-9
288.0000, 142.0000, -2.614e-9
290.0000, 142.0000, -2.614e-9
292.0000, 142.0000, -2.613e-9
294.0000, 142.0000, -2.613e-9
296.0000, 142.0000, -2.613e-9
298.0000, 142.0000, -2.613e-9
0.0000, 144.0000, -3.232e-9
2.0000, 144.0000, -3.118e-9
4.0000, 144.0000, -3.026e-9
6.0000, 144.0000, -2.953e-9
8.0000, 144.0000, -2.898e-9
10.0000, 144.0000, -2.856e-9
12.0000, 144.0000, -2.824e-9
14.0000, 144.0000, -2.800e-9
16.0000, 144.0000, -2.781e-9
18.0000, 144.0000, -2.766e-9
20.0000, 144.0000, -2.755e-9
22.0000, 144.0000, -2.746e-9
24.0000, 144.0000, -2.741e-9
26.0000, 144.0000, -2.737e-9
28.0000, 144.0000, -2.734e-9
30.0000, 144.0000, -2.732e-9
32.0000, 144.0000, -2.731e-9
34.0000, 144.0000, -2.730e-9
36.0000, 144.0000, -2.730e-9
38.0000, 144.0000, -2.732e-9
40.0000, 144.0000, -2.734e-9
42.0000, 144.0000, -2.737e-9
44.0000, 144.0000, -2.739e-9
46.0000, 144.0000, -2.740e-9
48.0000, 144.0000, -2.743e-9
50.0000, 144.0000, -2.744e-9
52.0000, 144.0000, -2.743e-9
54.0000, 144.0000, -2.742e-9
56.0000, 144.0000, -2.740e-9
58.0000, 144.0000, -2.739e-9
60.0000, 144.0000, -2.738e-9
62.0000, 144.0000, -2.737e-9
64.0000, 144.0000, -2.740e-9
66.0000, 144.0000, -2.740e-9
68.0000, 144.0000, -2.741e-9
70.0000, 144.0000, -2.739e-9
72.0000, 144.0000, -2.739e-9
74.0000, 144.0000, -2.739e-9
76.0000, 144.0000, -2.739e-9
78.0000, 144.0000, -2.738e-9
80.0000, 144.0000, -2.737e-9
82.0000, 144.0000, -2.736e-9
84.0000, 144.0000, -2.736e-9
86.0000, 144.0000, -2.735e-9
88.0000, 144.0000, -2.736e-9
90.0000, 144.0000, -2.735e-9
92.0000, 144.0000, -2.736e-9
94.0000, 144.0000, -2.736e-9
96.0000, 144.0000, -2.735e-9
98.0000, 144.0000, -2.734e-9
100.0000, 144.0000, -2.733e-9
102.0000, 144.0000, -2.733e-9
104.0000, 144.0000, -2.731e-9
106.0000, 144.0000, -2.729e-9
108.0000, 144.0000, -2.727e-9
110.0000, 144.0000, -2.727e-9
112.0000, 144.0000, -2.725e-9
114.0000, 144.0000, -2.724e-9
116.0000, 144.0000, -2.723e-9
118.0000, 144.0000, -2.721e-9
120.0000, 144.0000, -2.720e-9
122.0000, 144.0000, -2.720e-9
124.0000, 144.0000, -2.721e-9
126.0000, 144.0000, -2.722e-9
128.0000, 144.0000, -2.723e-9
130.0000, 144.0000, -2.722e-9
132.0000, 144.0000, -2.720e-9
134.0000, 144.0000, -2.718e-9
136.0000, 144.0000, -2.715e-9
138.0000, 144.0000, -2.715e-9
140.0000, 144.0000, -2.717e-9
142.0000, 144.0000, -2.719e-9
144.0000, 144.0000, -2.720e-9
146.0000, 144.0000, -2.719e-9
148.0000, 144.0000, -2.718e-9
150.0000, 144.0000, -2.718e-9
152.0000, 144.0000, -2.717e-9
154.0000, 144.0000, -2.717e-9
156.0000, 144.0000, -2.715e-9
158.0000, 144.0000, -2.714e-9
160.0000, 144.0000, -2.714e-9
162.0000, 144.0000, -2.716e-9
164.0000, 144.0000, -2.717e-9
166.0000, 144.0000, -2.717e-9
168.0000, 144.0000, -2.716e-9
170.0000, 144.0000, -2.714e-9
172.0000, 144.0000, -2.712e-9
174.0000, 144.0000, -2.710e-9
176.0000, 144.0000, -2.707e-9
178.0000, 144.0000, -2.705e-9
180.0000, 144.0000, -2.703e-9
182.0000, 144.0000, -2.701e-9
184.0000, 144.0000, -2.700e-9
186.0000, 144.0000, -2.699e-9
188.0000, 144.0000, -2.701e-9
190.0000, 144.0000, -2.702e-9
192.0000, 144.0000, -2.704e-9
194.0000, 144.0000, -2.702e-9
196.0000, 144.0000, -2.698e-9
198.0000, 144.0000, -2.693e-9
200.0000, 144.0000, -2.689e-9
202.0000, 144.0000, -2.684e-9
204.0000, 144.0000, -2.680e-9
206.0000, 144.0000, -2.674e-9
208.0000, 144.0000, -2.670e-9
210.0000, 144.0000, -2.668e-9
212.0000, 144.0000, -2.664e-9
214.0000, 144.0000, -2.661e-9
216.0000, 144.0000, -2.658e-9
218.0000, 144.0000, -2.655e-9
220.0000, 144.0000, -2.653e-9
222.0000, 144.0000, -2.651e-9
224.0000, 144.0000, -2.649e-9
226.0000, 144.0000, -2.647e-9
228.0000, 144.0000, -2.646e-9
230.0000, 144.0000, -2.644e-9
232.0000, 144.0000, -2.643e-9
234.0000, 144.0000, -2.641e-9
236.0000, 144.0000, -2.640e-9
238.0000, 144.0000, -2.639e-9
240.0000, 144.0000, -2.638e-9
242.0000, 144.0000, -2.637e-9
244.0000, 144.0000, -2.636e-9
246.0000, 144.0000, -2.635e-9
248.0000, 144.0000, -2.635e-9
250.0000, 144.0000, -2.634e-9
252.0000, 144.0000, -2.633e-9
254.0000, 144.0000, -2.632e-9
256.0000, 144.0000, -2.631e-9
258.0000, 144.0000, -2.631e-9
260.0000, 144.0000, -2.630e-9
262.0000, 144.0000, -2.629e-9
264.0000, 144.0000, -2.628e-9
266.0000, 144.0000, -2.628e-9
268.0000, 144.0000, -2.627e-9
270.0000, 144.0000, -2.627e-9
272.0000, 144.0000, -2.627e-9
274.0000, 144.0000, -2.626e-9
276.0000, 144.0000, -2.626e-9
278.0000, 144.0000, -2.625e-9
280.0000, 144.0000, -2.624e-9
282.0000, 144.0000, -2.624e-9
284.0000, 144.0000, -2.624e-9
286.0000, 144.0000, -2.623e-9
288.0000, 144.0000, -2.623e-9
290.0000, 144.0000, -2.622e-9
292.0000, 144.0000, -2.622e-9
294.0000, 144.0000, -2.621e-9
296.0000, 144.0000, -2.621e-9
298.0000, 144.0000, -2.621e-9
0.0000, 146.0000, -3.245e-9
2.0000, 146.0000, -3.127e-9
4.0000, 146.0000, -3.031e-9
6.0000, 146.0000, -2.957e-9
8.0000, 146.0000, -2.901e-9
10.0000, 146.0000, -2.858e-9
12.0000, 146.0000, -2.826e-9
14.0000, 146.0000, -2.802e-9
16.0000, 146.0000, -2.785e-9
18.0000, 146.0000, -2.771e-9
20.0000, 146.0000, -2.759e-9
22.0000, 146.0000, -2.751e-9
24.0000, 146.0000, -2.745e-9
26.0000, 146.0000, -2.742e-9
28.0000, 146.0000, -2.739e-9
30.0000, 146.0000, -2.736e-9
32.0000, 146.0000, -2.734e-9
34.0000, 146.0000, -2.734e-9
36.0000, 146.0000, -2.735e-9
38.0000, 146.0000, -2.734e-9
40.0000, 146.0000, -2.736e-9
42.0000, 146.0000, -2.741e-9
44.0000, 146.0000, -2.746e-9
46.0000, 146.0000, -2.750e-9
48.0000, 146.0000, -2.752e-9
50.0000, 146.0000, -2.753e-9
52.0000, 146.0000, -2.754e-9
54.0000, 146.0000, -2.752e-9
56.0000, 146.0000, -2.747e-9
58.0000, 146.0000, -2.743e-9
60.0000, 146.0000, -2.741e-9
62.0000, 146.0000, -2.740e-9
64.0000, 146.0000, -2.740e-9
66.0000, 146.0000, -2.741e-9
68.0000, 146.0000, -2.740e-9
70.0000, 146.0000, -2.741e-9
72.0000, 146.0000, -2.742e-9
74.0000, 146.0000, -2.743e-9
76.0000, 146.0000, -2.743e-9
78.0000, 146.0000, -2.742e-9
80.0000, 146.0000, -2.742e-9
82.0000, 146.0000, -2.742e-9
84.0000, 146.0000, -2.743e-9
86.0000, 146.0000, -2.744e-9
88.0000, 146.0000, -2.743e-9
90.0000, 146.0000, -2.742e-9
92.0000, 146.0000, -2.739e-9
94.0000, 146.0000, -2.736e-9
96.0000, 146.0000, -2.734e-9
98.0000, 146.0000, -2.733e-9
100.0000, 146.0000, -2.732e-9
102.0000, 146.0000, -2.732e-9
104.0000, 146.0000, -2.733e-9
106.0000, 146.0000, -2.732e-9
108.0000, 146.0000, -2.730e-9
110.0000, 146.0000, -2.728e-9
112.0000, 146.0000, -2.725e-9
114.0000, 146.0000, -2.724e-9
116.0000, 146.0000, -2.723e-9
118.0000, 146.0000, -2.722e-9
120.0000, 146.0000, -2.721e-9
122.0000, 146.0000, -2.720e-9
124.0000, 146.0000, -2.719e-9
126.0000, 146.0000, -2.718e-9
128.0000, 146.0000, -2.717e-9
130.0000, 146.0000, -2.719e-9
132.0000, 146.0000, -2.720e-9
134.0000, 146.0000, -2.720e-9
136.0000, 146.0000, -2.720e-9
138.0000, 146.0000, -2.719e-9
140.0000, 146.0000, -2.718e-9
142.0000, 146.0000, -2.717e-9
144.0000, 146.0000, -2.717e-9
146.0000, 146.0000, -2.717e-9
148.0000, 146.0000, -2.716e-9
150.0000, 146.0000, -2.716e-9
152.0000, 146.0000, -2.716e-9
154.0000, 146.0000, -2.715e-9
156.0000, 146.0000, -2.714e-9
158.0000, 146.0000, -2.716e-9
160.0000, 146.0000, -2.720e-9
162.0000, 146.0000, -2.723e-9
164.0000, 146.0000, -2.721e-9
166.0000, 146.0000, -2.720e-9
168.0000, 146.0000, -2.718e-9
170.0000, 146.0000, -2.718e-9
172.0000, 146.0000, -2.716e-9
174.0000, 146.0000, -2.713e-9
176.0000, 146.0000, -2.710e-9
178.0000, 146.0000, -2.707e-9
180.0000, 146.0000, -2.705e-9
182.0000, 146.0000, -2.704e-9
184.0000, 146.0000, -2.703e-9
186.0000, 146.0000, -2.703e-9
188.0000, 146.0000, -2.703e-9
190.0000, 146.0000, -2.705e-9
192.0000, 146.0000, -2.708e-9
194.0000, 146.0000, -2.706e-9
196.0000, 146.0000, -2.702e-9
198.0000, 146.0000, -2.699e-9
200.0000, 146.0000, -2.694e-9
202.0000, 146.0000, -2.689e-9
204.0000, 146.0000, -2.684e-9
206.0000, 146.0000, -2.679e-9
208.0000, 146.0000, -2.675e-9
210.0000, 146.0000, -2.671e-9
212.0000, 146.0000, -2.668e-9
214.0000, 146.0000, -2.665e-9
216.0000, 146.0000, -2.662e-9
218.0000, 146.0000, -2.659e-9
220.0000, 146.0000, -2.657e-9
222.0000, 146.0000, -2.654e-9
224.0000, 146.0000, -2.653e-9
226.0000, 146.0000, -2.651e-9
228.0000, 146.0000, -2.649e-9
230.0000, 146.0000, -2.647e-9
232.0000, 146.0000, -2.646e-9
234.0000, 146.0000, -2.644e-9
236.0000, 146.0000, -2.644e-9
238.0000, 146.0000, -2.642e-9
240.0000, 146.0000, -2.640e-9
242.0000, 146.0000, -2.640e-9
244.0000, 146.0000, -2.640e-9
246.0000, 146.0000, -2.639e-9
248.0000, 146.0000, -2.637e-9
250.0000, 146.0000, -2.636e-9
252.0000, 146.0000, -2.636e-9
254.0000, 146.0000, -2.636e-9
256.0000, 146.0000, -2.635e-9
258.0000, 146.0000, -2.634e-9
260.0000, 146.0000, -2.633e-9
262.0000, 146.0000, -2.633e-9
264.0000, 146.0000, -2.632e-9
266.0000, 146.0000, -2.631e-9
268.0000, 146.0000, -2.631e-9
270.0000, 146.0000, -2.630e-9
272.0000, 146.0000, -2.630e-9
274.0000, 146.0000, -2.630e-9
276.0000, 146.0000, -2.629e-9
278.0000, 146.0000, -2.629e-9
280.0000, 146.0000, -2.628e-9
282.0000, 146.0000, -2.628e-9
284.0000, 146.0000, -2.627e-9
286.0000, 146.0000, -2.627e-9
288.0000, 146.0000, -2.626e-9
290.0000, 146.0000, -2.626e-9
292.0000, 146.0000, -2.626e-9
294.0000, 146.0000, -2.625e-9
296.0000, 146.0000, -2.625e-9
298.0000, 146.0000, -2.624e-9
0.0000, 148.0000, -3.241e-9
2.0000, 148.0000, -3.126e-9
4.0000, 148.0000, -3.029e-9
6.0000, 148.0000, -2.956e-9
8.0000, 148.0000, -2.900e-9
10.0000, 148.0000, -2.859e-9
12.0000, 148.0000, -2.828e-9
14.0000, 148.0000, -2.804e-9
16.0000, 148.0000, -2.785e-9
18.0000, 148.0000, -2.770e-9
20.0000, 148.0000, -2.758e-9
22.0000, 148.0000, -2.751e-9
24.0000, 148.0000, -2.746e-9
26.0000, 148.0000, -2.742e-9
28.0000, 148.0000, -2.738e-9
30.0000, 148.0000, -2.738e-9
32.0000, 148.0000, -2.740e-9
34.0000, 148.0000, -2.742e-9
36.0000, 148.0000, -2.743e-9
38.0000, 148.0000, -2.743e-9
40.0000, 148.0000, -2.743e-9
42.0000, 148.0000, -2.743e-9
44.0000, 148.0000, -2.744e-9
46.0000, 148.0000, -2.747e-9
48.0000, 148.0000, -2.751e-9
50.0000, 148.0000, -2.754e-9
52.0000, 148.0000, -2.756e-9
54.0000, 148.0000, -2.756e-9
56.0000, 148.0000, -2.753e-9
58.0000, 148.0000, -2.750e-9
60.0000, 148.0000, -2.746e-9
62.0000, 148.0000, -2.745e-9
64.0000, 148.0000, -2.746e-9
66.0000, 148.0000, -2.749e-9
68.0000, 148.0000, -2.750e-9
70.0000, 148.0000, -2.749e-9
72.0000, 148.0000, -2.748e-9
74.0000, 148.0000, -2.748e-9
76.0000, 148.0000, -2.748e-9
78.0000, 148.0000, -2.749e-9
80.0000, 148.0000, -2.751e-9
82.0000, 148.0000, -2.749e-9
84.0000, 148.0000, -2.748e-9
86.0000, 148.0000, -2.745e-9
88.0000, 148.0000, -2.743e-9
90.0000, 148.0000, -2.741e-9
92.0000, 148.0000, -2.740e-9
94.0000, 148.0000, -2.741e-9
96.0000, 148.0000, -2.741e-9
98.0000, 148.0000, -2.740e-9
100.0000, 148.0000, -2.737e-9
102.0000, 148.0000, -2.736e-9
104.0000, 148.0000, -2.734e-9
106.0000, 148.0000, -2.733e-9
108.0000, 148.0000, -2.730e-9
110.0000, 148.0000, -2.728e-9
112.0000, 148.0000, -2.725e-9
114.0000, 148.0000, -2.726e-9
116.0000, 148.0000, -2.725e-9
118.0000, 148.0000, -2.725e-9
120.0000, 148.0000, -2.723e-9
122.0000, 148.0000, -2.722e-9
124.0000, 148.0000, -2.720e-9
126.0000, 148.0000, -2.719e-9
128.0000, 148.0000, -2.720e-9
130.0000, 148.0000, -2.721e-9
132.0000, 148.0000, -2.721e-9
134.0000, 148.0000, -2.721e-9
136.0000, 148.0000, -2.721e-9
138.0000, 148.0000, -2.720e-9
140.0000, 148.0000, -2.719e-9
142.0000, 148.0000, -2.719e-9
144.0000, 148.0000, -2.719e-9
146.0000, 148.0000, -2.720e-9
148.0000, 148.0000, -2.720e-9
150.0000, 148.0000, -2.720e-9
152.0000, 148.0000, -2.720e-9
154.0000, 148.0000, -2.719e-9
156.0000, 148.0000, -2.720e-9
158.0000, 148.0000, -2.721e-9
160.0000, 148.0000, -2.723e-9
162.0000, 148.0000, -2.726e-9
164.0000, 148.0000, -2.726e-9
166.0000, 148.0000, -2.726e-9
168.0000, 148.0000, -2.725e-9
170.0000, 148.0000, -2.723e-9
172.0000, 148.0000, -2.722e-9
174.0000, 148.0000, -2.720e-9
176.0000, 148.0000, -2.718e-9
178.0000, 148.0000, -2.715e-9
180.0000, 148.0000, -2.713e-9
182.0000, 148.0000, -2.711e-9
184.0000, 148.0000, -2.711e-9
186.0000, 148.0000, -2.711e-9
188.0000, 148.0000, -2.710e-9
190.0000, 148.0000, -2.713e-9
192.0000, 148.0000, -2.714e-9
194.0000, 148.0000, -2.714e-9
196.0000, 148.0000, -2.709e-9
198.0000, 148.0000, -2.706e-9
200.0000, 148.0000, -2.701e-9
202.0000, 148.0000, -2.696e-9
204.0000, 148.0000, -2.691e-9
206.0000, 148.0000, -2.686e-9
208.0000, 148.0000, -2.681e-9
210.0000, 148.0000, -2.678e-9
212.0000, 148.0000, -2.675e-9
214.0000, 148.0000, -2.672e-9
216.0000, 148.0000, -2.669e-9
218.0000, 148.0000, -2.666e-9
220.0000, 148.0000, -2.664e-9
222.0000, 148.0000, -2.662e-9
224.0000, 148.0000, -2.660e-9
226.0000, 148.0000, -2.657e-9
228.0000, 148.0000, -2.656e-9
230.0000, 148.0000, -2.654e-9
232.0000, 148.0000, -2.653e-9
234.0000, 148.0000, -2.651e-9
236.0000, 148.0000, -2.651e-9
238.0000, 148.0000, -2.650e-9
240.0000, 148.0000, -2.648e-9
242.0000, 148.0000, -2.648e-9
244.0000, 148.0000, -2.646e-9
246.0000, 148.0000, -2.646e-9
248.0000, 148.0000, -2.645e-9
250.0000, 148.0000, -2.645e-9
252.0000, 148.0000, -2.643e-9
254.0000, 148.0000, -2.643e-9
256.0000, 148.0000, -2.642e-9
258.0000, 148.0000, -2.641e-9
260.0000, 148.0000, -2.641e-9
262.0000, 148.0000, -2.640e-9
264.0000, 148.0000, -2.640e-9
266.0000, 148.0000, -2.639e-9
268.0000, 148.0000, -2.638e-9
270.0000, 148.0000, -2.638e-9
272.0000, 148.0000, -2.637e-9
274.0000, 148.0000, -2.637e-9
276.0000, 148.0000, -2.636e-9
278.0000, 148.0000, -2.635e-9
280.0000, 148.0000, -2.635e-9
282.0000, 148.0000, -2.635e-9
284.0000, 148.0000, -2.634e-9
286.0000, 148.0000, -2.633e-9
288.0000, 148.0000, -2.633e-9
290.0000, 148.0000, -2.633e-9
292.0000, 148.0000, -2.632e-9
294.0000, 148.0000, -2.633e-9
296.0000, 148.0000, -2.632e-9
298.0000, 148.0000, -2.631e-9
0.0000, 150.0000, -3.248e-9
2.0000, 150.0000, -3.131e-9
4.0000, 150.0000, -3.035e-9
6.0000, 150.0000, -2.961e-9
8.0000, 150.0000, -2.905e-9
10.0000, 150.0000, -2.862e-9
12.0000, 150.0000, -2.831e-9
14.0000, 150.0000, -2.807e-9
16.0000, 150.0000, -2.789e-9
18.0000, 150.0000, -2.775e-9
20.0000, 150.0000, -2.764e-9
22.0000, 150.0000, -2.754e-9
24.0000, 150.0000, -2.747e-9
26.0000, 150.0000, -2.742e-9
28.0000, 150.0000, -2.739e-9
30.0000, 150.0000, -2.738e-9
32.0000, 150.0000, -2.738e-9
34.0000, 150.0000, -2.741e-9
36.0000, 150.0000, -2.741e-9
38.0000, 150.0000, -2.744e-9
40.0000, 150.0000, -2.746e-9
42.0000, 150.0000, -2.748e-9
44.0000, 150.0000, -2.749e-9
46.0000, 150.0000, -2.754e-9
48.0000, 150.0000, -2.760e-9
50.0000, 150.0000, -2.762e-9
52.0000, 150.0000, -2.760e-9
54.0000, 150.0000, -2.756e-9
56.0000, 150.0000, -2.752e-9
58.0000, 150.0000, -2.751e-9
60.0000, 150.0000, -2.752e-9
62.0000, 150.0000, -2.753e-9
64.0000, 150.0000, -2.754e-9
66.0000, 150.0000, -2.754e-9
68.0000, 150.0000, -2.756e-9
70.0000, 150.0000, -2.755e-9
72.0000, 150.0000, -2.756e-9
74.0000, 150.0000, -2.756e-9
76.0000, 150.0000, -2.756e-9
78.0000, 150.0000, -2.756e-9
80.0000, 150.0000, -2.755e-9
82.0000, 150.0000, -2.754e-9
84.0000, 150.0000, -2.753e-9
86.0000, 150.0000, -2.749e-9
88.0000, 150.0000, -2.748e-9
90.0000, 150.0000, -2.748e-9
92.0000, 150.0000, -2.747e-9
94.0000, 150.0000, -2.747e-9
96.0000, 150.0000, -2.745e-9
98.0000, 150.0000, -2.743e-9
100.0000, 150.0000, -2.741e-9
102.0000, 150.0000, -2.739e-9
104.0000, 150.0000, -2.738e-9
106.0000, 150.0000, -2.736e-9
108.0000, 150.0000, -2.735e-9
110.0000, 150.0000, -2.733e-9
112.0000, 150.0000, -2.732e-9
114.0000, 150.0000, -2.730e-9
116.0000, 150.0000, -2.730e-9
118.0000, 150.0000, -2.728e-9
120.0000, 150.0000, -2.728e-9
122.0000, 150.0000, -2.727e-9
124.0000, 150.0000, -2.727e-9
126.0000, 150.0000, -2.726e-9
128.0000, 150.0000, -2.727e-9
130.0000, 150.0000, -2.727e-9
132.0000, 150.0000, -2.726e-9
134.0000, 150.0000, -2.727e-9
136.0000, 150.0000, -2.726e-9
138.0000, 150.0000, -2.725e-9
140.0000, 150.0000, -2.724e-9
142.0000, 150.0000, -2.724e-9
144.0000, 150.0000, -2.725e-9
146.0000, 150.0000, -2.724e-9
148.0000, 150.0000, -2.724e-9
150.0000, 150.0000, -2.724e-9
152.0000, 150.0000, -2.725e-9
154.0000, 150.0000, -2.726e-9
156.0000, 150.0000, -2.726e-9
158.0000, 150.0000, -2.726e-9
160.0000, 150.0000, -2.728e-9
162.0000, 150.0000, -2.731e-9
164.0000, 150.0000, -2.732e-9
166.0000, 150.0000, -2.731e-9
168.0000, 150.0000, -2.731e-9
170.0000, 150.0000, -2.731e-9
172.0000, 150.0000, -2.729e-9
174.0000, 150.0000, -2.727e-9
176.0000, 150.0000, -2.725e-9
178.0000, 150.0000, -2.723e-9
180.0000, 150.0000, -2.720e-9
182.0000, 150.0000, -2.719e-9
184.0000, 150.0000, -2.718e-9
186.0000, 150.0000, -2.717e-9
188.0000, 150.0000, -2.718e-9
190.0000, 150.0000, -2.720e-9
192.0000, 150.0000, -2.722e-9
194.0000, 150.0000, -2.721e-9
196.0000, 150.0000, -2.718e-9
198.0000, 150.0000, -2.714e-9
200.0000, 150.0000, -2.709e-9
202.0000, 150.0000, -2.704e-9
204.0000, 150.0000, -2.699e-9
206.0000, 150.0000, -2.694e-9
208.0000, 150.0000, -2.690e-9
210.0000, 150.0000, -2.686e-9
212.0000, 150.0000, -2.684e-9
214.0000, 150.0000, -2.680e-9
216.0000, 150.0000, -2.678e-9
218.0000, 150.0000, -2.675e-9
220.0000, 150.0000, -2.672e-9
222.0000, 150.0000, -2.669e-9
224.0000, 150.0000, -2.668e-9
226.0000, 150.0000, -2.666e-9
228.0000, 150.0000, -2.664e-9
230.0000, 150.0000, -2.663e-9
232.0000, 150.0000, -2.661e-9
234.0000, 150.0000, -2.659e-9
236.0000, 150.0000, -2.658e-9
238.0000, 150.0000, -2.658e-9
240.0000, 150.0000, -2.657e-9
242.0000, 150.0000, -2.655e-9
244.0000, 150.0000, -2.654e-9
246.0000, 150.0000, -2.653e-9
248.0000, 150.0000, -2.652e-9
250.0000, 150.0000, -2.652e-9
252.0000, 150.0000, -2.651e-9
254.0000, 150.0000, -2.649e-9
256.0000, 150.0000, -2.649e-9
258.0000, 150.0000, -2.649e-9
260.0000, 150.0000, -2.648e-9
262.0000, 150.0000, -2.647e-9
264.0000, 150.0000, -2.647e-9
266.0000, 150.0000, -2.646e-9
268.0000, 150.0000, -2.646e-9
270.0000, 150.0000, -2.645e-9
272.0000, 150.0000, -2.644e-9
274.0000, 150.0000, -2.644e-9
276.0000, 150.0000, -2.643e-9
278.0000, 150.0000, -2.643e-9
280.0000, 150.0000, -2.642e-9
282.0000, 150.0000, -2.642e-9
284.0000, 150.0000, -2.642e-9
286.0000, 150.0000, -2.642e-9
288.0000, 150.0000, -2.641e-9
290.0000, 150.0000, -2.640e-9
292.0000, 150.0000, -2.641e-9
294.0000, 150.0000, -2.640e-9
296.0000, 150.0000, -2.640e-9
298.0000, 150.0000, -2.639e-9
0.0000, 152.0000, -3.246e-9
2.0000, 152.0000, -3.130e-9
4.0000, 152.0000, -3.035e-9
6.0000, 152.0000, -2.961e-9
8.0000, 152.0000, -2.906e-9
10.0000, 152.0000, -2.863e-9
12.0000, 152.0000, -2.832e-9
14.0000, 152.0000, -2.809e-9
16.0000, 152.0000, -2.790e-9
18.0000, 152.0000, -2.776e-9
20.0000, 152.0000, -2.765e-9
22.0000, 152.0000, -2.758e-9
24.0000, 152.0000, -2.752e-9
26.0000, 152.0000, -2.749e-9
28.0000, 152.0000, -2.748e-9
30.0000, 152.0000, -2.747e-9
32.0000, 152.0000, -2.745e-9
34.0000, 152.0000, -2.745e-9
36.0000, 152.0000, -2.745e-9
38.0000, 152.0000, -2.746e-9
40.0000, 152.0000, -2.747e-9
42.0000, 152.0000, -2.748e-9
44.0000, 152.0000, -2.751e-9
46.0000, 152.0000, -2.756e-9
48.0000, 152.0000, -2.760e-9
50.0000, 152.0000, -2.763e-9
52.0000, 152.0000, -2.763e-9
54.0000, 152.0000, -2.761e-9
56.0000, 152.0000, -2.760e-9
58.0000, 152.0000, -2.760e-9
60.0000, 152.0000, -2.761e-9
62.0000, 152.0000, -2.759e-9
64.0000, 152.0000, -2.758e-9
66.0000, 152.0000, -2.759e-9
68.0000, 152.0000, -2.762e-9
70.0000, 152.0000, -2.764e-9
72.0000, 152.0000, -2.765e-9
74.0000, 152.0000, -2.764e-9
76.0000, 152.0000, -2.763e-9
78.0000, 152.0000, -2.761e-9
80.0000, 152.0000, -2.758e-9
82.0000, 152.0000, -2.756e-9
84.0000, 152.0000, -2.754e-9
86.0000, 152.0000, -2.755e-9
88.0000, 152.0000, -2.757e-9
90.0000, 152.0000, -2.759e-9
92.0000, 152.0000, -2.758e-9
94.0000, 152.0000, -2.755e-9
96.0000, 152.0000, -2.749e-9
98.0000, 152.0000, -2.745e-9
100.0000, 152.0000, -2.744e-9
102.0000, 152.0000, -2.743e-9
104.0000, 152.0000, -2.742e-9
106.0000, 152.0000, -2.741e-9
108.0000, 152.0000, -2.740e-9
110.0000, 152.0000, -2.738e-9
112.0000, 152.0000, -2.737e-9
114.0000, 152.0000, -2.736e-9
116.0000, 152.0000, -2.734e-9
118.0000, 152.0000, -2.733e-9
120.0000, 152.0000, -2.733e-9
122.0000, 152.0000, -2.731e-9
124.0000, 152.0000, -2.731e-9
126.0000, 152.0000, -2.730e-9
128.0000, 152.0000, -2.730e-9
130.0000, 152.0000, -2.730e-9
132.0000, 152.0000, -2.731e-9
134.0000, 152.0000, -2.733e-9
136.0000, 152.0000, -2.732e-9
138.0000, 152.0000, -2.732e-9
140.0000, 152.0000, -2.731e-9
142.0000, 152.0000, -2.730e-9
144.0000, 152.0000, -2.730e-9
146.0000, 152.0000, -2.729e-9
148.0000, 152.0000, -2.729e-9
150.0000, 152.0000, -2.730e-9
152.0000, 152.0000, -2.732e-9
154.0000, 152.0000, -2.733e-9
156.0000, 152.0000, -2.733e-9
158.0000, 152.0000, -2.734e-9
160.0000, 152.0000, -2.735e-9
162.0000, 152.0000, -2.737e-9
164.0000, 152.0000, -2.738e-9
166.0000, 152.0000, -2.739e-9
168.0000, 152.0000, -2.739e-9
170.0000, 152.0000, -2.739e-9
172.0000, 152.0000, -2.738e-9
174.0000, 152.0000, -2.735e-9
176.0000, 152.0000, -2.733e-9
178.0000, 152.0000, -2.731e-9
180.0000, 152.0000, -2.729e-9
182.0000, 152.0000, -2.727e-9
184.0000, 152.0000, -2.725e-9
186.0000, 152.0000, -2.724e-9
188.0000, 152.0000, -2.724e-9
190.0000, 152.0000, -2.726e-9
192.0000, 152.0000, -2.729e-9
194.0000, 152.0000, -2.729e-9
196.0000, 152.0000, -2.727e-9
198.0000, 152.0000, -2.723e-9
200.0000, 152.0000, -2.718e-9
202.0000, 152.0000, -2.713e-9
204.0000, 152.0000, -2.708e-9
206.0000, 152.0000, -2.703e-9
208.0000, 152.0000, -2.698e-9
210.0000, 152.0000, -2.694e-9
212.0000, 152.0000, -2.691e-9
214.0000, 152.0000, -2.687e-9
216.0000, 152.0000, -2.685e-9
218.0000, 152.0000, -2.683e-9
220.0000, 152.0000, -2.680e-9
222.0000, 152.0000, -2.677e-9
224.0000, 152.0000, -2.675e-9
226.0000, 152.0000, -2.674e-9
228.0000, 152.0000, -2.672e-9
230.0000, 152.0000, -2.670e-9
232.0000, 152.0000, -2.668e-9
234.0000, 152.0000, -2.667e-9
236.0000, 152.0000, -2.666e-9
238.0000, 152.0000, -2.665e-9
240.0000, 152.0000, -2.663e-9
242.0000, 152.0000, -2.662e-9
244.0000, 152.0000, -2.661e-9
246.0000, 152.0000, -2.660e-9
248.0000, 152.0000, -2.660e-9
250.0000, 152.0000, -2.659e-9
252.0000, 152.0000, -2.658e-9
254.0000, 152.0000, -2.657e-9
256.0000, 152.0000, -2.657e-9
258.0000, 152.0000, -2.656e-9
260.0000, 152.0000, -2.655e-9
262.0000, 152.0000, -2.654e-9
264.0000, 152.0000, -2.653e-9
266.0000, 152.0000, -2.652e-9
268.0000, 152.0000, -2.652e-9
270.0000, 152.0000, -2.651e-9
272.0000, 152.0000, -2.651e-9
274.0000, 152.0000, -2.651e-9
276.0000, 152.0000, -2.650e-9
278.0000, 152.0000, -2.649e-9
280.0000, 152.0000, -2.649e-9
282.0000, 152.0000, -2.649e-9
284.0000, 152.0000, -2.649e-9
286.0000, 152.0000, -2.648e-9
288.0000, 152.0000, -2.647e-9
290.0000, 152.0000, -2.648e-9
292.0000, 152.0000, -2.647e-9
294.0000, 152.0000, -2.646e-9
296.0000, 152.0000, -2.645e-9
298.0000, 152.0000, -2.645e-9
0.0000, 154.0000, -3.260e-9
2.0000, 154.0000, -3.142e-9
4.0000, 154.0000, -3.044e-9
6.0000, 154.0000, -2.969e-9
8.0000, 154.0000, -2.913e-9
10.0000, 154.0000, -2.870e-9
12.0000, 154.0000, -2.839e-9
14.0000, 154.0000, -2.815e-9
16.0000, 154.0000, -2.796e-9
18.0000, 154.0000, -2.783e-9
20.0000, 154.0000, -2.772e-9
22.0000, 154.0000, -2.764e-9
24.0000, 154.0000, -2.758e-9
26.0000, 154.0000, -2.754e-9
28.0000, 154.0000, -2.751e-9
30.0000, 154.0000, -2.750e-9
32.0000, 154.0000, -2.751e-9
34.0000, 154.0000, -2.750e-9
36.0000, 154.0000, -2.750e-9
38.0000, 154.0000, -2.751e-9
40.0000, 154.0000, -2.753e-9
42.0000, 154.0000, -2.756e-9
44.0000, 154.0000, -2.760e-9
46.0000, 154.0000, -2.763e-9
48.0000, 154.0000, -2.764e-9
50.0000, 154.0000, -2.769e-9
52.0000, 154.0000, -2.772e-9
54.0000, 154.0000, -2.772e-9
56.0000, 154.0000, -2.771e-9
58.0000, 154.0000, -2.768e-9
60.0000, 154.0000, -2.765e-9
62.0000, 154.0000, -2.764e-9
64.0000, 154.0000, -2.765e-9
66.0000, 154.0000, -2.766e-9
68.0000, 154.0000, -2.766e-9
70.0000, 154.0000, -2.767e-9
72.0000, 154.0000, -2.768e-9
74.0000, 154.0000, -2.769e-9
76.0000, 154.0000, -2.768e-9
78.0000, 154.0000, -2.764e-9
80.0000, 154.0000, -2.762e-9
82.0000, 154.0000, -2.764e-9
84.0000, 154.0000, -2.765e-9
86.0000, 154.0000, -2.765e-9
88.0000, 154.0000, -2.764e-9
90.0000, 154.0000, -2.763e-9
92.0000, 154.0000, -2.760e-9
94.0000, 154.0000, -2.757e-9
96.0000, 154.0000, -2.755e-9
98.0000, 154.0000, -2.752e-9
100.0000, 154.0000, -2.751e-9
102.0000, 154.0000, -2.749e-9
104.0000, 154.0000, -2.748e-9
106.0000, 154.0000, -2.746e-9
108.0000, 154.0000, -2.744e-9
110.0000, 154.0000, -2.742e-9
112.0000, 154.0000, -2.740e-9
114.0000, 154.0000, -2.739e-9
116.0000, 154.0000, -2.739e-9
118.0000, 154.0000, -2.738e-9
120.0000, 154.0000, -2.738e-9
122.0000, 154.0000, -2.737e-9
124.0000, 154.0000, -2.736e-9
126.0000, 154.0000, -2.736e-9
128.0000, 154.0000, -2.737e-9
130.0000, 154.0000, -2.738e-9
132.0000, 154.0000, -2.738e-9
134.0000, 154.0000, -2.739e-9
136.0000, 154.0000, -2.739e-9
138.0000, 154.0000, -2.737e-9
140.0000, 154.0000, -2.736e-9
142.0000, 154.0000, -2.736e-9
144.0000, 154.0000, -2.736e-9
146.0000, 154.0000, -2.737e-9
148.0000, 154.0000, -2.737e-9
150.0000, 154.0000, -2.737e-9
152.0000, 154.0000, -2.737e-9
154.0000, 154.0000, -2.736e-9
156.0000, 154.0000, -2.736e-9
158.0000, 154.0000, -2.737e-9
160.0000, 154.0000, -2.740e-9
162.0000, 154.0000, -2.742e-9
164.0000, 154.0000, -2.744e-9
166.0000, 154.0000, -2.744e-9
168.0000, 154.0000, -2.745e-9
170.0000, 154.0000, -2.745e-9
172.0000, 154.0000, -2.744e-9
174.0000, 154.0000, -2.742e-9
176.0000, 154.0000, -2.740e-9
178.0000, 154.0000, -2.738e-9
180.0000, 154.0000, -2.736e-9
182.0000, 154.0000, -2.734e-9
184.0000, 154.0000, -2.732e-9
186.0000, 154.0000, -2.732e-9
188.0000, 154.0000, -2.732e-9
190.0000, 154.0000, -2.734e-9
192.0000, 154.0000, -2.737e-9
194.0000, 154.0000, -2.737e-9
196.0000, 154.0000, -2.734e-9
198.0000, 154.0000, -2.730e-9
200.0000, 154.0000, -2.725e-9
202.0000, 154.0000, -2.720e-9
204.0000, 154.0000, -2.715e-9
206.0000, 154.0000, -2.710e-9
208.0000, 154.0000, -2.706e-9
210.0000, 154.0000, -2.702e-9
212.0000, 154.0000, -2.699e-9
214.0000, 154.0000, -2.695e-9
216.0000, 154.0000, -2.693e-9
218.0000, 154.0000, -2.690e-9
220.0000, 154.0000, -2.688e-9
222.0000, 154.0000, -2.686e-9
224.0000, 154.0000, -2.684e-9
226.0000, 154.0000, -2.681e-9
228.0000, 154.0000, -2.679e-9
230.0000, 154.0000, -2.678e-9
232.0000, 154.0000, -2.676e-9
234.0000, 154.0000, -2.675e-9
236.0000, 154.0000, -2.673e-9
238.0000, 154.0000, -2.672e-9
240.0000, 154.0000, -2.671e-9
242.0000, 154.0000, -2.670e-9
244.0000, 154.0000, -2.669e-9
246.0000, 154.0000, -2.668e-9
248.0000, 154.0000, -2.668e-9
250.0000, 154.0000, -2.667e-9
252.0000, 154.0000, -2.666e-9
254.0000, 154.0000, -2.665e-9
256.0000, 154.0000, -2.665e-9
258.0000, 154.0000, -2.664e-9
260.0000, 154.0000, -2.663e-9
262.0000, 154.0000, -2.663e-9
264.0000, 154.0000, -2.661e-9
266.0000, 154.0000, -2.661e-9
268.0000, 154.0000, -2.660e-9
270.0000, 154.0000, -2.660e-9
272.0000, 154.0000, -2.660e-9
274.0000, 154.0000, -2.659e-9
276.0000, 154.0000, -2.659e-9
278.0000, 154.0000, -2.658e-9
280.0000, 154.0000, -2.658e-9
282.0000, 154.0000, -2.657e-9
284.0000, 154.0000, -2.657e-9
286.0000, 154.0000, -2.656e-9
288.0000, 154.0000, -2.656e-9
290.0000, 154.0000, -2.655e-9
292.0000, 154.0000, -2.655e-9
294.0000, 154.0000, -2.654e-9
296.0000, 154.0000, -2.654e-9
298.0000, 154.0000, -2.653e-9
0.0000, 156.0000, -3.250e-9
2.0000, 156.0000, -3.135e-9
4.0000, 156.0000, -3.039e-9
6.0000, 156.0000, -2.965e-9
8.0000, 156.0000, -2.910e-9
10.0000, 156.0000, -2.869e-9
12.0000, 156.0000, -2.837e-9
14.0000, 156.0000, -2.814e-9
16.0000, 156.0000, -2.796e-9
18.0000, 156.0000, -2.782e-9
20.0000, 156.0000, -2.772e-9
22.0000, 156.0000, -2.766e-9
24.0000, 156.0000, -2.760e-9
26.0000, 156.0000, -2.755e-9
28.0000, 156.0000, -2.749e-9
30.0000, 156.0000, -2.748e-9
32.0000, 156.0000, -2.750e-9
34.0000, 156.0000, -2.752e-9
36.0000, 156.0000, -2.752e-9
38.0000, 156.0000, -2.751e-9
40.0000, 156.0000, -2.751e-9
42.0000, 156.0000, -2.755e-9
44.0000, 156.0000, -2.759e-9
46.0000, 156.0000, -2.764e-9
48.0000, 156.0000, -2.769e-9
50.0000, 156.0000, -2.772e-9
52.0000, 156.0000, -2.773e-9
54.0000, 156.0000, -2.773e-9
56.0000, 156.0000, -2.771e-9
58.0000, 156.0000, -2.768e-9
60.0000, 156.0000, -2.766e-9
62.0000, 156.0000, -2.767e-9
64.0000, 156.0000, -2.770e-9
66.0000, 156.0000, -2.772e-9
68.0000, 156.0000, -2.772e-9
70.0000, 156.0000, -2.771e-9
72.0000, 156.0000, -2.772e-9
74.0000, 156.0000, -2.771e-9
76.0000, 156.0000, -2.768e-9
78.0000, 156.0000, -2.766e-9
80.0000, 156.0000, -2.766e-9
82.0000, 156.0000, -2.767e-9
84.0000, 156.0000, -2.768e-9
86.0000, 156.0000, -2.767e-9
88.0000, 156.0000, -2.765e-9
90.0000, 156.0000, -2.762e-9
92.0000, 156.0000, -2.762e-9
94.0000, 156.0000, -2.762e-9
96.0000, 156.0000, -2.761e-9
98.0000, 156.0000, -2.759e-9
100.0000, 156.0000, -2.755e-9
102.0000, 156.0000, -2.753e-9
104.0000, 156.0000, -2.750e-9
106.0000, 156.0000, -2.748e-9
108.0000, 156.0000, -2.747e-9
110.0000, 156.0000, -2.745e-9
112.0000, 156.0000, -2.744e-9
114.0000, 156.0000, -2.743e-9
116.0000, 156.0000, -2.743e-9
118.0000, 156.0000, -2.742e-9
120.0000, 156.0000, -2.740e-9
122.0000, 156.0000, -2.740e-9
124.0000, 156.0000, -2.740e-9
126.0000, 156.0000, -2.740e-9
128.0000, 156.0000, -2.738e-9
130.0000, 156.0000, -2.740e-9
132.0000, 156.0000, -2.740e-9
134.0000, 156.0000, -2.740e-9
136.0000, 156.0000, -2.740e-9
138.0000, 156.0000, -2.739e-9
140.0000, 156.0000, -2.740e-9
142.0000, 156.0000, -2.739e-9
144.0000, 156.0000, -2.740e-9
146.0000, 156.0000, -2.739e-9
148.0000, 156.0000, -2.739e-9
150.0000, 156.0000, -2.738e-9
152.0000, 156.0000, -2.739e-9
154.0000, 156.0000, -2.740e-9
156.0000, 156.0000, -2.739e-9
158.0000, 156.0000, -2.740e-9
160.0000, 156.0000, -2.742e-9
162.0000, 156.0000, -2.743e-9
164.0000, 156.0000, -2.745e-9
166.0000, 156.0000, -2.744e-9
168.0000, 156.0000, -2.745e-9
170.0000, 156.0000, -2.743e-9
172.0000, 156.0000, -2.742e-9
174.0000, 156.0000, -2.741e-9
176.0000, 156.0000, -2.739e-9
178.0000, 156.0000, -2.737e-9
180.0000, 156.0000, -2.735e-9
182.0000, 156.0000, -2.734e-9
184.0000, 156.0000, -2.733e-9
186.0000, 156.0000, -2.733e-9
188.0000, 156.0000, -2.734e-9
190.0000, 156.0000, -2.735e-9
192.0000, 156.0000, -2.738e-9
194.0000, 156.0000, -2.739e-9
196.0000, 156.0000, -2.737e-9
198.0000, 156.0000, -2.734e-9
200.0000, 156.0000, -2.729e-9
202.0000, 156.0000, -2.724e-9
204.0000, 156.0000, -2.719e-9
206.0000, 156.0000, -2.714e-9
208.0000, 156.0000, -2.709e-9
210.0000, 156.0000, -2.705e-9
212.0000, 156.0000, -2.702e-9
214.0000, 156.0000, -2.699e-9
216.0000, 156.0000, -2.696e-9
218.0000, 156.0000, -2.692e-9
220.0000, 156.0000, -2.690e-9
222.0000, 156.0000, -2.688e-9
224.0000, 156.0000, -2.686e-9
226.0000, 156.0000, -2.684e-9
228.0000, 156.0000, -2.682e-9
230.0000, 156.0000, -2.681e-9
232.0000, 156.0000, -2.679e-9
234.0000, 156.0000, -2.677e-9
236.0000, 156.0000, -2.676e-9
238.0000, 156.0000, -2.675e-9
240.0000, 156.0000, -2.673e-9
242.0000, 156.0000, -2.672e-9
244.0000, 156.0000, -2.672e-9
246.0000, 156.0000, -2.672e-9
248.0000, 156.0000, -2.671e-9
250.0000, 156.0000, -2.670e-9
252.0000, 156.0000, -2.669e-9
254.0000, 156.0000, -2.668e-9
256.0000, 156.0000, -2.667e-9
258.0000, 156.0000, -2.666e-9
260.0000, 156.0000, -2.665e-9
262.0000, 156.0000, -2.665e-9
264.0000, 156.0000, -2.664e-9
266.0000, 156.0000, -2.664e-9
268.0000, 156.0000, -2.663e-9
270.0000, 156.0000, -2.663e-9
272.0000, 156.0000, -2.662e-9
274.0000, 156.0000, -2.662e-9
276.0000, 156.0000, -2.661e-9
278.0000, 156.0000, -2.660e-9
280.0000, 156.0000, -2.660e-9
282.0000, 156.0000, -2.659e-9
284.0000, 156.0000, -2.659e-9
286.0000, 156.0000, -2.659e-9
288.0000, 156.0000, -2.658e-9
290.0000, 156.0000, -2.658e-9
292.0000, 156.0000, -2.658e-9
294.0000, 156.0000, -2.657e-9
296.0000, 156.0000, -2.657e-9
298.0000, 156.0000, -2.656e-9
0.0000, 158.0000, -3.242e-9
2.0000, 158.0000, -3.126e-9
4.0000, 158.0000, -3.032e-9
6.0000, 158.0000, -2.961e-9
8.0000, 158.0000, -2.907e-9
10.0000, 158.0000, -2.866e-9
12.0000, 158.0000, -2.835e-9
14.0000, 158.0000, -2.812e-9
16.0000, 158.0000, -2.795e-9
18.0000, 158.0000, -2.783e-9
20.0000, 158.0000, -2.773e-9
22.0000, 158.0000, -2.768e-9
24.0000, 158.0000, -2.763e-9
26.0000, 158.0000, -2.760e-9
28.0000, 158.0000, -2.757e-9
30.0000, 158.0000, -2.756e-9
32.0000, 158.0000, -2.754e-9
34.0000, 158.0000, -2.754e-9
36.0000, 158.0000, -2.756e-9
38.0000, 158.0000, -2.757e-9
40.0000, 158.0000, -2.758e-9
42.0000, 158.0000, -2.759e-9
44.0000, 158.0000, -2.762e-9
46.0000, 158.0000, -2.766e-9
48.0000, 158.0000, -2.769e-9
50.0000, 158.0000, -2.771e-9
52.0000, 158.0000, -2.772e-9
54.0000, 158.0000, -2.771e-9
56.0000, 158.0000, -2.771e-9
58.0000, 158.0000, -2.771e-9
60.0000, 158.0000, -2.770e-9
62.0000, 158.0000, -2.770e-9
64.0000, 158.0000, -2.769e-9
66.0000, 158.0000, -2.768e-9
68.0000, 158.0000, -2.767e-9
70.0000, 158.0000, -2.767e-9
72.0000, 158.0000, -2.768e-9
74.0000, 158.0000, -2.768e-9
76.0000, 158.0000, -2.767e-9
78.0000, 158.0000, -2.765e-9
80.0000, 158.0000, -2.764e-9
82.0000, 158.0000, -2.763e-9
84.0000, 158.0000, -2.761e-9
86.0000, 158.0000, -2.761e-9
88.0000, 158.0000, -2.762e-9
90.0000, 158.0000, -2.762e-9
92.0000, 158.0000, -2.762e-9
94.0000, 158.0000, -2.761e-9
96.0000, 158.0000, -2.760e-9
98.0000, 158.0000, -2.757e-9
100.0000, 158.0000, -2.755e-9
102.0000, 158.0000, -2.754e-9
104.0000, 158.0000, -2.754e-9
106.0000, 158.0000, -2.752e-9
108.0000, 158.0000, -2.751e-9
110.0000, 158.0000, -2.750e-9
112.0000, 158.0000, -2.749e-9
114.0000, 158.0000, -2.747e-9
116.0000, 158.0000, -2.746e-9
118.0000, 158.0000, -2.747e-9
120.0000, 158.0000, -2.747e-9
122.0000, 158.0000, -2.745e-9
124.0000, 158.0000, -2.744e-9
126.0000, 158.0000, -2.743e-9
128.0000, 158.0000, -2.742e-9
130.0000, 158.0000, -2.743e-9
132.0000, 158.0000, -2.744e-9
134.0000, 158.0000, -2.745e-9
136.0000, 158.0000, -2.745e-9
138.0000, 158.0000, -2.745e-9
140.0000, 158.0000, -2.745e-9
142.0000, 158.0000, -2.744e-9
144.0000, 158.0000, -2.744e-9
146.0000, 158.0000, -2.744e-9
148.0000, 158.0000, -2.744e-9
150.0000, 158.0000, -2.744e-9
152.0000, 158.0000, -2.743e-9
154.0000, 158.0000, -2.744e-9
156.0000, 158.0000, -2.743e-9
158.0000, 158.0000, -2.743e-9
160.0000, 158.0000, -2.745e-9
162.0000, 158.0000, -2.745e-9
164.0000, 158.0000, -2.745e-9
166.0000, 158.0000, -2.744e-9
168.0000, 158.0000, -2.745e-9
170.0000, 158.0000, -2.744e-9
172.0000, 158.0000, -2.743e-9
174.0000, 158.0000, -2.742e-9
176.0000, 158.0000, -2.739e-9
178.0000, 158.0000, -2.737e-9
180.0000, 158.0000, -2.734e-9
182.0000, 158.0000, -2.732e-9
184.0000, 158.0000, -2.732e-9
186.0000, 158.0000, -2.732e-9
188.0000, 158.0000, -2.732e-9
190.0000, 158.0000, -2.733e-9
192.0000, 158.0000, -2.738e-9
194.0000, 158.0000, -2.738e-9
196.0000, 158.0000, -2.737e-9
198.0000, 158.0000, -2.734e-9
200.0000, 158.0000, -2.731e-9
202.0000, 158.0000, -2.726e-9
204.0000, 158.0000, -2.721e-9
206.0000, 158.0000, -2.716e-9
208.0000, 158.0000, -2.711e-9
210.0000, 158.0000, -2.707e-9
212.0000, 158.0000, -2.704e-9
214.0000, 158.0000, -2.702e-9
216.0000, 158.0000, -2.699e-9
218.0000, 158.0000, -2.696e-9
220.0000, 158.0000, -2.693e-9
222.0000, 158.0000, -2.691e-9
224.0000, 158.0000, -2.689e-9
226.0000, 158.0000, -2.687e-9
228.0000, 158.0000, -2.685e-9
230.0000, 158.0000, -2.683e-9
232.0000, 158.0000, -2.682e-9
234.0000, 158.0000, -2.680e-9
236.0000, 158.0000, -2.679e-9
238.0000, 158.0000, -2.678e-9
240.0000, 158.0000, -2.677e-9
242.0000, 158.0000, -2.675e-9
244.0000, 158.0000, -2.675e-9
246.0000, 158.0000, -2.674e-9
248.0000, 158.0000, -2.673e-9
250.0000, 158.0000, -2.672e-9
252.0000, 158.0000, -2.671e-9
254.0000, 158.0000, -2.671e-9
256.0000, 158.0000, -2.670e-9
258.0000, 158.0000, -2.669e-9
260.0000, 158.0000, -2.668e-9
262.0000, 158.0000, -2.667e-9
264.0000, 158.0000, -2.667e-9
266.0000, 158.0000, -2.666e-9
268.0000, 158.0000, -2.666e-9
270.0000, 158.0000, -2.665e-9
272.0000, 158.0000, -2.664e-9
274.0000, 158.0000, -2.664e-9
276.0000, 158.0000, -2.664e-9
278.0000, 158.0000, -2.663e-9
280.0000, 158.0000, -2.662e-9
282.0000, 158.0000, -2.662e-9
284.0000, 158.0000, -2.662e-9
286.0000, 158.0000, -2.662e-9
288.0000, 158.0000, -2.661e-9
290.0000, 158.0000, -2.661e-9
292.0000, 158.0000, -2.660e-9
294.0000, 158.0000, -2.660e-9
296.0000, 158.0000, -2.660e-9
298.0000, 158.0000, -2.659e-9
0.0000, 160.0000, -3.242e-9
2.0000, 160.0000, -3.128e-9
4.0000, 160.0000, -3.034e-9
6.0000, 160.0000, -2.962e-9
8.0000, 160.0000, -2.908e-9
10.0000, 160.0000, -2.868e-9
12.0000, 160.0000, -2.838e-9
14.0000, 160.0000, -2.815e-9
16.0000, 160.0000, -2.797e-9
18.0000, 160.0000, -2.782e-9
20.0000, 160.0000, -2.771e-9
22.0000, 160.0000, -2.763e-9
24.0000, 160.0000, -2.759e-9
26.0000, 160.0000, -2.756e-9
28.0000, 160.0000, -2.752e-9
30.0000, 160.0000, -2.751e-9
32.0000, 160.0000, -2.751e-9
34.0000, 160.0000, -2.752e-9
36.0000, 160.0000, -2.751e-9
38.0000, 160.0000, -2.752e-9
40.0000, 160.0000, -2.756e-9
42.0000, 160.0000, -2.762e-9
44.0000, 160.0000, -2.766e-9
46.0000, 160.0000, -2.769e-9
48.0000, 160.0000, -2.772e-9
50.0000, 160.0000, -2.776e-9
52.0000, 160.0000, -2.778e-9
54.0000, 160.0000, -2.779e-9
56.0000, 160.0000, -2.781e-9
58.0000, 160.0000, -2.782e-9
60.0000, 160.0000, -2.780e-9
62.0000, 160.0000, -2.778e-9
64.0000, 160.0000, -2.775e-9
66.0000, 160.0000, -2.772e-9
68.0000, 160.0000, -2.772e-9
70.0000, 160.0000, -2.775e-9
72.0000, 160.0000, -2.778e-9
74.0000, 160.0000, -2.779e-9
76.0000, 160.0000, -2.778e-9
78.0000, 160.0000, -2.777e-9
80.0000, 160.0000, -2.776e-9
82.0000, 160.0000, -2.776e-9
84.0000, 160.0000, -2.775e-9
86.0000, 160.0000, -2.774e-9
88.0000, 160.0000, -2.772e-9
90.0000, 160.0000, -2.770e-9
92.0000, 160.0000, -2.767e-9
94.0000, 160.0000, -2.763e-9
96.0000, 160.0000, -2.760e-9
98.0000, 160.0000, -2.760e-9
100.0000, 160.0000, -2.760e-9
102.0000, 160.0000, -2.761e-9
104.0000, 160.0000, -2.760e-9
106.0000, 160.0000, -2.759e-9
108.0000, 160.0000, -2.758e-9
110.0000, 160.0000, -2.757e-9
112.0000, 160.0000, -2.755e-9
114.0000, 160.0000, -2.754e-9
116.0000, 160.0000, -2.752e-9
118.0000, 160.0000, -2.752e-9
120.0000, 160.0000, -2.753e-9
122.0000, 160.0000, -2.753e-9
124.0000, 160.0000, -2.752e-9
126.0000, 160.0000, -2.751e-9
128.0000, 160.0000, -2.751e-9
130.0000, 160.0000, -2.751e-9
132.0000, 160.0000, -2.751e-9
134.0000, 160.0000, -2.752e-9
136.0000, 160.0000, -2.752e-9
138.0000, 160.0000, -2.752e-9
140.0000, 160.0000, -2.752e-9
142.0000, 160.0000, -2.752e-9
144.0000, 160.0000, -2.752e-9
146.0000, 160.0000, -2.750e-9
148.0000, 160.0000, -2.750e-9
150.0000, 160.0000, -2.751e-9
152.0000, 160.0000, -2.750e-9
154.0000, 160.0000, -2.750e-9
156.0000, 160.0000, -2.749e-9
158.0000, 160.0000, -2.748e-9
160.0000, 160.0000, -2.752e-9
162.0000, 160.0000, -2.753e-9
164.0000, 160.0000, -2.752e-9
166.0000, 160.0000, -2.752e-9
168.0000, 160.0000, -2.751e-9
170.0000, 160.0000, -2.751e-9
172.0000, 160.0000, -2.749e-9
174.0000, 160.0000, -2.747e-9
176.0000, 160.0000, -2.746e-9
178.0000, 160.0000, -2.743e-9
180.0000, 160.0000, -2.741e-9
182.0000, 160.0000, -2.741e-9
184.0000, 160.0000, -2.741e-9
186.0000, 160.0000, -2.741e-9
188.0000, 160.0000, -2.741e-9
190.0000, 160.0000, -2.742e-9
192.0000, 160.0000, -2.747e-9
194.0000, 160.0000, -2.749e-9
196.0000, 160.0000, -2.747e-9
198.0000, 160.0000, -2.743e-9
200.0000, 160.0000, -2.739e-9
202.0000, 160.0000, -2.735e-9
204.0000, 160.0000, -2.731e-9
206.0000, 160.0000, -2.725e-9
208.0000, 160.0000, -2.720e-9
210.0000, 160.0000, -2.715e-9
212.0000, 160.0000, -2.712e-9
214.0000, 160.0000, -2.710e-9
216.0000, 160.0000, -2.706e-9
218.0000, 160.0000, -2.704e-9
220.0000, 160.0000, -2.701e-9
222.0000, 160.0000, -2.698e-9
224.0000, 160.0000, -2.696e-9
226.0000, 160.0000, -2.694e-9
228.0000, 160.0000, -2.692e-9
230.0000, 160.0000, -2.690e-9
232.0000, 160.0000, -2.689e-9
234.0000, 160.0000, -2.688e-9
236.0000, 160.0000, -2.686e-9
238.0000, 160.0000, -2.684e-9
240.0000, 160.0000, -2.683e-9
242.0000, 160.0000, -2.683e-9
244.0000, 160.0000, -2.682e-9
246.0000, 160.0000, -2.681e-9
248.0000, 160.0000, -2.680e-9
250.0000, 160.0000, -2.679e-9
252.0000, 160.0000, -2.678e-9
254.0000, 160.0000, -2.677e-9
256.0000, 160.0000, -2.676e-9
258.0000, 160.0000, -2.676e-9
260.0000, 160.0000, -2.675e-9
262.0000, 160.0000, -2.674e-9
264.0000, 160.0000, -2.674e-9
266.0000, 160.0000, -2.673e-9
268.0000, 160.0000, -2.673e-9
270.0000, 160.0000, -2.672e-9
272.0000, 160.0000, -2.671e-9
274.0000, 160.0000, -2.671e-9
276.0000, 160.0000, -2.671e-9
278.0000, 160.0000, -2.670e-9
280.0000, 160.0000, -2.669e-9
282.0000, 160.0000, -2.668e-9
284.0000, 160.0000, -2.668e-9
286.0000, 160.0000, -2.667e-9
288.0000, 160.0000, -2.668e-9
290.0000, 160.0000, -2.667e-9
292.0000, 160.0000, -2.666e-9
294.0000, 160.0000, -2.666e-9
296.0000, 160.0000, -2.666e-9
298.0000, 160.0000, -2.665e-9
0.0000, 162.0000, -3.282e-9
2.0000, 162.0000, -3.159e-9
4.0000, 162.0000, -3.057e-9
6.0000, 162.0000, -2.981e-9
8.0000, 162.0000, -2.924e-9
10.0000, 162.0000, -2.880e-9
12.0000, 162.0000, -2.848e-9
14.0000, 162.0000, -2.825e-9
16.0000, 162.0000, -2.808e-9
18.0000, 162.0000, -2.795e-9
20.0000, 162.0000, -2.784e-9
22.0000, 162.0000, -2.776e-9
24.0000, 162.0000, -2.773e-9
26.0000, 162.0000, -2.771e-9
28.0000, 162.0000, -2.767e-9
30.0000, 162.0000, -2.765e-9
32.0000, 162.0000, -2.765e-9
34.0000, 162.0000, -2.765e-9
36.0000, 162.0000, -2.763e-9
38.0000, 162.0000, -2.764e-9
40.0000, 162.0000, -2.766e-9
42.0000, 162.0000, -2.767e-9
44.0000, 162.0000, -2.769e-9
46.0000, 162.0000, -2.772e-9
48.0000, 162.0000, -2.776e-9
50.0000, 162.0000, -2.781e-9
52.0000, 162.0000, -2.783e-9
54.0000, 162.0000, -2.786e-9
56.0000, 162.0000, -2.788e-9
58.0000, 162.0000, -2.789e-9
60.0000, 162.0000, -2.787e-9
62.0000, 162.0000, -2.785e-9
64.0000, 162.0000, -2.783e-9
66.0000, 162.0000, -2.782e-9
68.0000, 162.0000, -2.782e-9
70.0000, 162.0000, -2.782e-9
72.0000, 162.0000, -2.783e-9
74.0000, 162.0000, -2.785e-9
76.0000, 162.0000, -2.785e-9
78.0000, 162.0000, -2.783e-9
80.0000, 162.0000, -2.781e-9
82.0000, 162.0000, -2.778e-9
84.0000, 162.0000, -2.777e-9
86.0000, 162.0000, -2.775e-9
88.0000, 162.0000, -2.775e-9
90.0000, 162.0000, -2.776e-9
92.0000, 162.0000, -2.776e-9
94.0000, 162.0000, -2.777e-9
96.0000, 162.0000, -2.776e-9
98.0000, 162.0000, -2.774e-9
100.0000, 162.0000, -2.774e-9
102.0000, 162.0000, -2.772e-9
104.0000, 162.0000, -2.770e-9
106.0000, 162.0000, -2.767e-9
108.0000, 162.0000, -2.765e-9
110.0000, 162.0000, -2.764e-9
112.0000, 162.0000, -2.763e-9
114.0000, 162.0000, -2.762e-9
116.0000, 162.0000, -2.761e-9
118.0000, 162.0000, -2.759e-9
120.0000, 162.0000, -2.758e-9
122.0000, 162.0000, -2.758e-9
124.0000, 162.0000, -2.758e-9
126.0000, 162.0000, -2.757e-9
128.0000, 162.0000, -2.757e-9
130.0000, 162.0000, -2.758e-9
132.0000, 162.0000, -2.758e-9
134.0000, 162.0000, -2.759e-9
136.0000, 162.0000, -2.759e-9
138.0000, 162.0000, -2.759e-9
140.0000, 162.0000, -2.758e-9
142.0000, 162.0000, -2.758e-9
144.0000, 162.0000, -2.758e-9
146.0000, 162.0000, -2.757e-9
148.0000, 162.0000, -2.758e-9
150.0000, 162.0000, -2.758e-9
152.0000, 162.0000, -2.759e-9
154.0000, 162.0000, -2.759e-9
156.0000, 162.0000, -2.758e-9
158.0000, 162.0000, -2.758e-9
160.0000, 162.0000, -2.760e-9
162.0000, 162.0000, -2.761e-9
164.0000, 162.0000, -2.762e-9
166.0000, 162.0000, -2.761e-9
168.0000, 162.0000, -2.759e-9
170.0000, 162.0000, -2.759e-9
172.0000, 162.0000, -2.759e-9
174.0000, 162.0000, -2.758e-9
176.0000, 162.0000, -2.755e-9
178.0000, 162.0000, -2.753e-9
180.0000, 162.0000, -2.751e-9
182.0000, 162.0000, -2.750e-9
184.0000, 162.0000, -2.749e-9
186.0000, 162.0000, -2.749e-9
188.0000, 162.0000, -2.749e-9
190.0000, 162.0000, -2.750e-9
192.0000, 162.0000, -2.755e-9
194.0000, 162.0000, -2.756e-9
196.0000, 162.0000, -2.755e-9
198.0000, 162.0000, -2.752e-9
200.0000, 162.0000, -2.749e-9
202.0000, 162.0000, -2.744e-9
204.0000, 162.0000, -2.739e-9
206.0000, 162.0000, -2.733e-9
208.0000, 162.0000, -2.728e-9
210.0000, 162.0000, -2.724e-9
212.0000, 162.0000, -2.722e-9
214.0000, 162.0000, -2.719e-9
216.0000, 162.0000, -2.715e-9
218.0000, 162.0000, -2.712e-9
220.0000, 162.0000, -2.709e-9
222.0000, 162.0000, -2.707e-9
224.0000, 162.0000, -2.705e-9
226.0000, 162.0000, -2.703e-9
228.0000, 162.0000, -2.701e-9
230.0000, 162.0000, -2.699e-9
232.0000, 162.0000, -2.697e-9
234.0000, 162.0000, -2.696e-9
236.0000, 162.0000, -2.695e-9
238.0000, 162.0000, -2.693e-9
240.0000, 162.0000, -2.692e-9
242.0000, 162.0000, -2.691e-9
244.0000, 162.0000, -2.690e-9
246.0000, 162.0000, -2.689e-9
248.0000, 162.0000, -2.688e-9
250.0000, 162.0000, -2.688e-9
252.0000, 162.0000, -2.687e-9
254.0000, 162.0000, -2.686e-9
256.0000, 162.0000, -2.686e-9
258.0000, 162.0000, -2.685e-9
260.0000, 162.0000, -2.684e-9
262.0000, 162.0000, -2.683e-9
264.0000, 162.0000, -2.682e-9
266.0000, 162.0000, -2.681e-9
268.0000, 162.0000, -2.680e-9
270.0000, 162.0000, -2.680e-9
272.0000, 162.0000, -2.680e-9
274.0000, 162.0000, -2.679e-9
276.0000, 162.0000, -2.680e-9
278.0000, 162.0000, -2.678e-9
280.0000, 162.0000, -2.678e-9
282.0000, 162.0000, -2.678e-9
284.0000, 162.0000, -2.677e-9
286.0000, 162.0000, -2.676e-9
288.0000, 162.0000, -2.676e-9
290.0000, 162.0000, -2.676e-9
292.0000, 162.0000, -2.676e-9
294.0000, 162.0000, -2.676e-9
296.0000, 162.0000, -2.675e-9
298.0000, 162.0000, -2.674e-9
0.0000, 164.0000, -3.278e-9
2.0000, 164.0000, -3.157e-9
4.0000, 164.0000, -3.059e-9
6.0000, 164.0000, -2.984e-9
8.0000, 164.0000, -2.928e-9
10.0000, 164.0000, -2.885e-9
12.0000, 164.0000, -2.853e-9
14.0000, 164.0000, -2.830e-9
16.0000, 164.0000, -2.812e-9
18.0000, 164.0000, -2.798e-9
20.0000, 164.0000, -2.788e-9
22.0000, 164.0000, -2.780e-9
24.0000, 164.0000, -2.777e-9
26.0000, 164.0000, -2.775e-9
28.0000, 164.0000, -2.774e-9
30.0000, 164.0000, -2.772e-9
32.0000, 164.0000, -2.770e-9
34.0000, 164.0000, -2.770e-9
36.0000, 164.0000, -2.770e-9
38.0000, 164.0000, -2.771e-9
40.0000, 164.0000, -2.772e-9
42.0000, 164.0000, -2.775e-9
44.0000, 164.0000, -2.779e-9
46.0000, 164.0000, -2.781e-9
48.0000, 164.0000, -2.785e-9
50.0000, 164.0000, -2.789e-9
52.0000, 164.0000, -2.792e-9
54.0000, 164.0000, -2.793e-9
56.0000, 164.0000, -2.794e-9
58.0000, 164.0000, -2.797e-9
60.0000, 164.0000, -2.798e-9
62.0000, 164.0000, -2.797e-9
64.0000, 164.0000, -2.794e-9
66.0000, 164.0000, -2.793e-9
68.0000, 164.0000, -2.793e-9
70.0000, 164.0000, -2.792e-9
72.0000, 164.0000, -2.793e-9
74.0000, 164.0000, -2.794e-9
76.0000, 164.0000, -2.794e-9
78.0000, 164.0000, -2.793e-9
80.0000, 164.0000, -2.793e-9
82.0000, 164.0000, -2.792e-9
84.0000, 164.0000, -2.790e-9
86.0000, 164.0000, -2.788e-9
88.0000, 164.0000, -2.786e-9
90.0000, 164.0000, -2.784e-9
92.0000, 164.0000, -2.783e-9
94.0000, 164.0000, -2.784e-9
96.0000, 164.0000, -2.784e-9
98.0000, 164.0000, -2.782e-9
100.0000, 164.0000, -2.780e-9
102.0000, 164.0000, -2.778e-9
104.0000, 164.0000, -2.776e-9
106.0000, 164.0000, -2.774e-9
108.0000, 164.0000, -2.773e-9
110.0000, 164.0000, -2.772e-9
112.0000, 164.0000, -2.772e-9
114.0000, 164.0000, -2.769e-9
116.0000, 164.0000, -2.767e-9
118.0000, 164.0000, -2.766e-9
120.0000, 164.0000, -2.767e-9
122.0000, 164.0000, -2.767e-9
124.0000, 164.0000, -2.767e-9
126.0000, 164.0000, -2.766e-9
128.0000, 164.0000, -2.765e-9
130.0000, 164.0000, -2.765e-9
132.0000, 164.0000, -2.765e-9
134.0000, 164.0000, -2.765e-9
136.0000, 164.0000, -2.765e-9
138.0000, 164.0000, -2.764e-9
140.0000, 164.0000, -2.764e-9
142.0000, 164.0000, -2.765e-9
144.0000, 164.0000, -2.765e-9
146.0000, 164.0000, -2.764e-9
148.0000, 164.0000, -2.764e-9
150.0000, 164.0000, -2.763e-9
152.0000, 164.0000, -2.764e-9
154.0000, 164.0000, -2.764e-9
156.0000, 164.0000, -2.763e-9
158.0000, 164.0000, -2.762e-9
160.0000, 164.0000, -2.764e-9
162.0000, 164.0000, -2.765e-9
164.0000, 164.0000, -2.766e-9
166.0000, 164.0000, -2.766e-9
168.0000, 164.0000, -2.766e-9
170.0000, 164.0000, -2.767e-9
172.0000, 164.0000, -2.766e-9
174.0000, 164.0000, -2.765e-9
176.0000, 164.0000, -2.764e-9
178.0000, 164.0000, -2.762e-9
180.0000, 164.0000, -2.761e-9
182.0000, 164.0000, -2.760e-9
184.0000, 164.0000, -2.759e-9
186.0000, 164.0000, -2.758e-9
188.0000, 164.0000, -2.758e-9
190.0000, 164.0000, -2.759e-9
192.0000, 164.0000, -2.764e-9
194.0000, 164.0000, -2.766e-9
196.0000, 164.0000, -2.766e-9
198.0000, 164.0000, -2.764e-9
200.0000, 164.0000, -2.760e-9
202.0000, 164.0000, -2.755e-9
204.0000, 164.0000, -2.750e-9
206.0000, 164.0000, -2.744e-9
208.0000, 164.0000, -2.740e-9
210.0000, 164.0000, -2.735e-9
212.0000, 164.0000, -2.731e-9
214.0000, 164.0000, -2.727e-9
216.0000, 164.0000, -2.725e-9
218.0000, 164.0000, -2.722e-9
220.0000, 164.0000, -2.719e-9
222.0000, 164.0000, -2.717e-9
224.0000, 164.0000, -2.714e-9
226.0000, 164.0000, -2.713e-9
228.0000, 164.0000, -2.710e-9
230.0000, 164.0000, -2.708e-9
232.0000, 164.0000, -2.707e-9
234.0000, 164.0000, -2.706e-9
236.0000, 164.0000, -2.704e-9
238.0000, 164.0000, -2.703e-9
240.0000, 164.0000, -2.701e-9
242.0000, 164.0000, -2.700e-9
244.0000, 164.0000, -2.699e-9
246.0000, 164.0000, -2.698e-9
248.0000, 164.0000, -2.697e-9
250.0000, 164.0000, -2.696e-9
252.0000, 164.0000, -2.695e-9
254.0000, 164.0000, -2.694e-9
256.0000, 164.0000, -2.694e-9
258.0000, 164.0000, -2.693e-9
260.0000, 164.0000, -2.692e-9
262.0000, 164.0000, -2.692e-9
264.0000, 164.0000, -2.691e-9
266.0000, 164.0000, -2.690e-9
268.0000, 164.0000, -2.689e-9
270.0000, 164.0000, -2.688e-9
272.0000, 164.0000, -2.688e-9
274.0000, 164.0000, -2.687e-9
276.0000, 164.0000, -2.687e-9
278.0000, 164.0000, -2.687e-9
280.0000, 164.0000, -2.686e-9
282.0000, 164.0000, -2.686e-9
284.0000, 164.0000, -2.685e-9
286.0000, 164.0000, -2.685e-9
288.0000, 164.0000, -2.685e-9
290.0000, 164.0000, -2.684e-9
292.0000, 164.0000, -2.684e-9
294.0000, 164.0000, -2.683e-9
296.0000, 164.0000, -2.683e-9
298.0000, 164.0000, -2.682e-9
0.0000, 166.0000, -3.279e-9
2.0000, 166.0000, -3.161e-9
4.0000, 166.0000, -3.063e-9
6.0000, 166.0000, -2.987e-9
8.0000, 166.0000, -2.932e-9
10.0000, 166.0000, -2.889e-9
12.0000, 166.0000, -2.857e-9
14.0000, 166.0000, -2.833e-9
16.0000, 166.0000, -2.815e-9
18.0000, 166.0000, -2.801e-9
20.0000, 166.0000, -2.791e-9
22.0000, 166.0000, -2.783e-9
24.0000, 166.0000, -2.780e-9
26.0000, 166.0000, -2.776e-9
28.0000, 166.0000, -2.773e-9
30.0000, 166.0000, -2.770e-9
32.0000, 166.0000, -2.768e-9
34.0000, 166.0000, -2.767e-9
36.0000, 166.0000, -2.767e-9
38.0000, 166.0000, -2.768e-9
40.0000, 166.0000, -2.771e-9
42.0000, 166.0000, -2.776e-9
44.0000, 166.0000, -2.781e-9
46.0000, 166.0000, -2.785e-9
48.0000, 166.0000, -2.789e-9
50.0000, 166.0000, -2.792e-9
52.0000, 166.0000, -2.796e-9
54.0000, 166.0000, -2.798e-9
56.0000, 166.0000, -2.800e-9
58.0000, 166.0000, -2.801e-9
60.0000, 166.0000, -2.799e-9
62.0000, 166.0000, -2.796e-9
64.0000, 166.0000, -2.797e-9
66.0000, 166.0000, -2.800e-9
68.0000, 166.0000, -2.803e-9
70.0000, 166.0000, -2.804e-9
72.0000, 166.0000, -2.805e-9
74.0000, 166.0000, -2.804e-9
76.0000, 166.0000, -2.801e-9
78.0000, 166.0000, -2.796e-9
80.0000, 166.0000, -2.793e-9
82.0000, 166.0000, -2.793e-9
84.0000, 166.0000, -2.794e-9
86.0000, 166.0000, -2.794e-9
88.0000, 166.0000, -2.793e-9
90.0000, 166.0000, -2.792e-9
92.0000, 166.0000, -2.790e-9
94.0000, 166.0000, -2.788e-9
96.0000, 166.0000, -2.788e-9
98.0000, 166.0000, -2.787e-9
100.0000, 166.0000, -2.786e-9
102.0000, 166.0000, -2.784e-9
104.0000, 166.0000, -2.780e-9
106.0000, 166.0000, -2.778e-9
108.0000, 166.0000, -2.777e-9
110.0000, 166.0000, -2.777e-9
112.0000, 166.0000, -2.775e-9
114.0000, 166.0000, -2.774e-9
116.0000, 166.0000, -2.773e-9
118.0000, 166.0000, -2.773e-9
120.0000, 166.0000, -2.773e-9
122.0000, 166.0000, -2.773e-9
124.0000, 166.0000, -2.772e-9
126.0000, 166.0000, -2.772e-9
128.0000, 166.0000, -2.771e-9
130.0000, 166.0000, -2.771e-9
132.0000, 166.0000, -2.771e-9
134.0000, 166.0000, -2.771e-9
136.0000, 166.0000, -2.771e-9
138.0000, 166.0000, -2.770e-9
140.0000, 166.0000, -2.770e-9
142.0000, 166.0000, -2.769e-9
144.0000, 166.0000, -2.770e-9
146.0000, 166.0000, -2.769e-9
148.0000, 166.0000, -2.769e-9
150.0000, 166.0000, -2.770e-9
152.0000, 166.0000, -2.770e-9
154.0000, 166.0000, -2.770e-9
156.0000, 166.0000, -2.769e-9
158.0000, 166.0000, -2.768e-9
160.0000, 166.0000, -2.768e-9
162.0000, 166.0000, -2.769e-9
164.0000, 166.0000, -2.769e-9
166.0000, 166.0000, -2.769e-9
168.0000, 166.0000, -2.769e-9
170.0000, 166.0000, -2.769e-9
172.0000, 166.0000, -2.768e-9
174.0000, 166.0000, -2.768e-9
176.0000, 166.0000, -2.766e-9
178.0000, 166.0000, -2.764e-9
180.0000, 166.0000, -2.761e-9
182.0000, 166.0000, -2.760e-9
184.0000, 166.0000, -2.760e-9
186.0000, 166.0000, -2.760e-9
188.0000, 166.0000, -2.761e-9
190.0000, 166.0000, -2.760e-9
192.0000, 166.0000, -2.763e-9
194.0000, 166.0000, -2.768e-9
196.0000, 166.0000, -2.769e-9
198.0000, 166.0000, -2.767e-9
200.0000, 166.0000, -2.764e-9
202.0000, 166.0000, -2.760e-9
204.0000, 166.0000, -2.755e-9
206.0000, 166.0000, -2.750e-9
208.0000, 166.0000, -2.745e-9
210.0000, 166.0000, -2.741e-9
212.0000, 166.0000, -2.737e-9
214.0000, 166.0000, -2.734e-9
216.0000, 166.0000, -2.730e-9
218.0000, 166.0000, -2.728e-9
220.0000, 166.0000, -2.725e-9
222.0000, 166.0000, -2.722e-9
224.0000, 166.0000, -2.720e-9
226.0000, 166.0000, -2.718e-9
228.0000, 166.0000, -2.716e-9
230.0000, 166.0000, -2.714e-9
232.0000, 166.0000, -2.712e-9
234.0000, 166.0000, -2.711e-9
236.0000, 166.0000, -2.709e-9
238.0000, 166.0000, -2.707e-9
240.0000, 166.0000, -2.706e-9
242.0000, 166.0000, -2.706e-9
244.0000, 166.0000, -2.704e-9
246.0000, 166.0000, -2.703e-9
248.0000, 166.0000, -2.702e-9
250.0000, 166.0000, -2.701e-9
252.0000, 166.0000, -2.700e-9
254.0000, 166.0000, -2.700e-9
256.0000, 166.0000, -2.699e-9
258.0000, 166.0000, -2.698e-9
260.0000, 166.0000, -2.697e-9
262.0000, 166.0000, -2.696e-9
264.0000, 166.0000, -2.696e-9
266.0000, 166.0000, -2.695e-9
268.0000, 166.0000, -2.694e-9
270.0000, 166.0000, -2.694e-9
272.0000, 166.0000, -2.693e-9
274.0000, 166.0000, -2.693e-9
276.0000, 166.0000, -2.693e-9
278.0000, 166.0000, -2.692e-9
280.0000, 166.0000, -2.691e-9
282.0000, 166.0000, -2.690e-9
284.0000, 166.0000, -2.690e-9
286.0000, 166.0000, -2.689e-9
288.0000, 166.0000, -2.689e-9
290.0000, 166.0000, -2.689e-9
292.0000, 166.0000, -2.688e-9
294.0000, 166.0000, -2.688e-9
296.0000, 166.0000, -2.688e-9
298.0000, 166.0000, -2.687e-9
0.0000, 168.0000, -3.250e-9
2.0000, 168.0000, -3.138e-9
4.0000, 168.0000, -3.047e-9
6.0000, 168.0000, -2.976e-9
8.0000, 168.0000, -2.922e-9
10.0000, 168.0000, -2.883e-9
12.0000, 168.0000, -2.853e-9
14.0000, 168.0000, -2.830e-9
16.0000, 168.0000, -2.813e-9
18.0000, 168.0000, -2.800e-9
20.0000, 168.0000, -2.791e-9
22.0000, 168.0000, -2.784e-9
24.0000, 168.0000, -2.780e-9
26.0000, 168.0000, -2.776e-9
28.0000, 168.0000, -2.773e-9
30.0000, 168.0000, -2.772e-9
32.0000, 168.0000, -2.771e-9
34.0000, 168.0000, -2.771e-9
36.0000, 168.0000, -2.772e-9
38.0000, 168.0000, -2.775e-9
40.0000, 168.0000, -2.783e-9
42.0000, 168.0000, -2.789e-9
44.0000, 168.0000, -2.792e-9
46.0000, 168.0000, -2.792e-9
48.0000, 168.0000, -2.793e-9
50.0000, 168.0000, -2.796e-9
52.0000, 168.0000, -2.800e-9
54.0000, 168.0000, -2.802e-9
56.0000, 168.0000, -2.804e-9
58.0000, 168.0000, -2.806e-9
60.0000, 168.0000, -2.805e-9
62.0000, 168.0000, -2.803e-9
64.0000, 168.0000, -2.802e-9
66.0000, 168.0000, -2.801e-9
68.0000, 168.0000, -2.800e-9
70.0000, 168.0000, -2.801e-9
72.0000, 168.0000, -2.803e-9
74.0000, 168.0000, -2.804e-9
76.0000, 168.0000, -2.802e-9
78.0000, 168.0000, -2.802e-9
80.0000, 168.0000, -2.802e-9
82.0000, 168.0000, -2.802e-9
84.0000, 168.0000, -2.801e-9
86.0000, 168.0000, -2.799e-9
88.0000, 168.0000, -2.797e-9
90.0000, 168.0000, -2.795e-9
92.0000, 168.0000, -2.794e-9
94.0000, 168.0000, -2.792e-9
96.0000, 168.0000, -2.791e-9
98.0000, 168.0000, -2.789e-9
100.0000, 168.0000, -2.790e-9
102.0000, 168.0000, -2.790e-9
104.0000, 168.0000, -2.788e-9
106.0000, 168.0000, -2.785e-9
108.0000, 168.0000, -2.783e-9
110.0000, 168.0000, -2.783e-9
112.0000, 168.0000, -2.781e-9
114.0000, 168.0000, -2.779e-9
116.0000, 168.0000, -2.777e-9
118.0000, 168.0000, -2.777e-9
120.0000, 168.0000, -2.778e-9
122.0000, 168.0000, -2.778e-9
124.0000, 168.0000, -2.778e-9
126.0000, 168.0000, -2.776e-9
128.0000, 168.0000, -2.775e-9
130.0000, 168.0000, -2.776e-9
132.0000, 168.0000, -2.776e-9
134.0000, 168.0000, -2.776e-9
136.0000, 168.0000, -2.776e-9
138.0000, 168.0000, -2.775e-9
140.0000, 168.0000, -2.775e-9
142.0000, 168.0000, -2.774e-9
144.0000, 168.0000, -2.774e-9
146.0000, 168.0000, -2.773e-9
148.0000, 168.0000, -2.772e-9
150.0000, 168.0000, -2.771e-9
152.0000, 168.0000, -2.771e-9
154.0000, 168.0000, -2.771e-9
156.0000, 168.0000, -2.771e-9
158.0000, 168.0000, -2.770e-9
160.0000, 168.0000, -2.771e-9
162.0000, 168.0000, -2.773e-9
164.0000, 168.0000, -2.774e-9
166.0000, 168.0000, -2.773e-9
168.0000, 168.0000, -2.774e-9
170.0000, 168.0000, -2.775e-9
172.0000, 168.0000, -2.775e-9
174.0000, 168.0000, -2.774e-9
176.0000, 168.0000, -2.772e-9
178.0000, 168.0000, -2.770e-9
180.0000, 168.0000, -2.768e-9
182.0000, 168.0000, -2.767e-9
184.0000, 168.0000, -2.767e-9
186.0000, 168.0000, -2.767e-9
188.0000, 168.0000, -2.766e-9
190.0000, 168.0000, -2.767e-9
192.0000, 168.0000, -2.770e-9
194.0000, 168.0000, -2.774e-9
196.0000, 168.0000, -2.774e-9
198.0000, 168.0000, -2.772e-9
200.0000, 168.0000, -2.769e-9
202.0000, 168.0000, -2.765e-9
204.0000, 168.0000, -2.760e-9
206.0000, 168.0000, -2.754e-9
208.0000, 168.0000, -2.749e-9
210.0000, 168.0000, -2.745e-9
212.0000, 168.0000, -2.741e-9
214.0000, 168.0000, -2.737e-9
216.0000, 168.0000, -2.734e-9
218.0000, 168.0000, -2.730e-9
220.0000, 168.0000, -2.727e-9
222.0000, 168.0000, -2.725e-9
224.0000, 168.0000, -2.724e-9
226.0000, 168.0000, -2.721e-9
228.0000, 168.0000, -2.719e-9
230.0000, 168.0000, -2.717e-9
232.0000, 168.0000, -2.715e-9
234.0000, 168.0000, -2.713e-9
236.0000, 168.0000, -2.712e-9
238.0000, 168.0000, -2.710e-9
240.0000, 168.0000, -2.709e-9
242.0000, 168.0000, -2.708e-9
244.0000, 168.0000, -2.707e-9
246.0000, 168.0000, -2.706e-9
248.0000, 168.0000, -2.705e-9
250.0000, 168.0000, -2.704e-9
252.0000, 168.0000, -2.704e-9
254.0000, 168.0000, -2.702e-9
256.0000, 168.0000, -2.702e-9
258.0000, 168.0000, -2.701e-9
260.0000, 168.0000, -2.700e-9
262.0000, 168.0000, -2.699e-9
264.0000, 168.0000, -2.699e-9
266.0000, 168.0000, -2.698e-9
268.0000, 168.0000, -2.697e-9
270.0000, 168.0000, -2.697e-9
272.0000, 168.0000, -2.696e-9
274.0000, 168.0000, -2.695e-9
276.0000, 168.0000, -2.695e-9
278.0000, 168.0000, -2.694e-9
280.0000, 168.0000, -2.694e-9
282.0000, 168.0000, -2.694e-9
284.0000, 168.0000, -2.693e-9
286.0000, 168.0000, -2.693e-9
288.0000, 168.0000, -2.692e-9
290.0000, 168.0000, -2.692e-9
292.0000, 168.0000, -2.692e-9
294.0000, 168.0000, -2.692e-9
296.0000, 168.0000, -2.691e-9
298.0000, 168.0000, -2.691e-9
0.0000, 170.0000, -3.253e-9
2.0000, 170.0000, -3.142e-9
4.0000, 170.0000, -3.050e-9
6.0000, 170.0000, -2.979e-9
8.0000, 170.0000, -2.926e-9
10.0000, 170.0000, -2.886e-9
12.0000, 170.0000, -2.855e-9
14.0000, 170.0000, -2.833e-9
16.0000, 170.0000, -2.815e-9
18.0000, 170.0000, -2.802e-9
20.0000, 170.0000, -2.794e-9
22.0000, 170.0000, -2.787e-9
24.0000, 170.0000, -2.782e-9
26.0000, 170.0000, -2.778e-9
28.0000, 170.0000, -2.774e-9
30.0000, 170.0000, -2.774e-9
32.0000, 170.0000, -2.774e-9
34.0000, 170.0000, -2.775e-9
36.0000, 170.0000, -2.779e-9
38.0000, 170.0000, -2.784e-9
40.0000, 170.0000, -2.787e-9
42.0000, 170.0000, -2.787e-9
44.0000, 170.0000, -2.788e-9
46.0000, 170.0000, -2.790e-9
48.0000, 170.0000, -2.795e-9
50.0000, 170.0000, -2.802e-9
52.0000, 170.0000, -2.807e-9
54.0000, 170.0000, -2.811e-9
56.0000, 170.0000, -2.812e-9
58.0000, 170.0000, -2.814e-9
60.0000, 170.0000, -2.814e-9
62.0000, 170.0000, -2.811e-9
64.0000, 170.0000, -2.807e-9
66.0000, 170.0000, -2.807e-9
68.0000, 170.0000, -2.808e-9
70.0000, 170.0000, -2.809e-9
72.0000, 170.0000, -2.808e-9
74.0000, 170.0000, -2.808e-9
76.0000, 170.0000, -2.809e-9
78.0000, 170.0000, -2.810e-9
80.0000, 170.0000, -2.810e-9
82.0000, 170.0000, -2.808e-9
84.0000, 170.0000, -2.806e-9
86.0000, 170.0000, -2.803e-9
88.0000, 170.0000, -2.801e-9
90.0000, 170.0000, -2.800e-9
92.0000, 170.0000, -2.797e-9
94.0000, 170.0000, -2.797e-9
96.0000, 170.0000, -2.796e-9
98.0000, 170.0000, -2.794e-9
100.0000, 170.0000, -2.794e-9
102.0000, 170.0000, -2.792e-9
104.0000, 170.0000, -2.791e-9
106.0000, 170.0000, -2.790e-9
108.0000, 170.0000, -2.787e-9
110.0000, 170.0000, -2.785e-9
112.0000, 170.0000, -2.784e-9
114.0000, 170.0000, -2.784e-9
116.0000, 170.0000, -2.783e-9
118.0000, 170.0000, -2.782e-9
120.0000, 170.0000, -2.782e-9
122.0000, 170.0000, -2.781e-9
124.0000, 170.0000, -2.780e-9
126.0000, 170.0000, -2.779e-9
128.0000, 170.0000, -2.779e-9
130.0000, 170.0000, -2.779e-9
132.0000, 170.0000, -2.779e-9
134.0000, 170.0000, -2.779e-9
136.0000, 170.0000, -2.779e-9
138.0000, 170.0000, -2.777e-9
140.0000, 170.0000, -2.776e-9
142.0000, 170.0000, -2.775e-9
144.0000, 170.0000, -2.775e-9
146.0000, 170.0000, -2.774e-9
148.0000, 170.0000, -2.775e-9
150.0000, 170.0000, -2.774e-9
152.0000, 170.0000, -2.774e-9
154.0000, 170.0000, -2.776e-9
156.0000, 170.0000, -2.777e-9
158.0000, 170.0000, -2.778e-9
160.0000, 170.0000, -2.779e-9
162.0000, 170.0000, -2.779e-9
164.0000, 170.0000, -2.780e-9
166.0000, 170.0000, -2.780e-9
168.0000, 170.0000, -2.780e-9
170.0000, 170.0000, -2.781e-9
172.0000, 170.0000, -2.780e-9
174.0000, 170.0000, -2.779e-9
176.0000, 170.0000, -2.777e-9
178.0000, 170.0000, -2.776e-9
180.0000, 170.0000, -2.775e-9
182.0000, 170.0000, -2.772e-9
184.0000, 170.0000, -2.771e-9
186.0000, 170.0000, -2.770e-9
188.0000, 170.0000, -2.771e-9
190.0000, 170.0000, -2.773e-9
192.0000, 170.0000, -2.774e-9
194.0000, 170.0000, -2.777e-9
196.0000, 170.0000, -2.779e-9
198.0000, 170.0000, -2.777e-9
200.0000, 170.0000, -2.772e-9
202.0000, 170.0000, -2.767e-9
204.0000, 170.0000, -2.762e-9
206.0000, 170.0000, -2.757e-9
208.0000, 170.0000, -2.752e-9
210.0000, 170.0000, -2.748e-9
212.0000, 170.0000, -2.744e-9
214.0000, 170.0000, -2.740e-9
216.0000, 170.0000, -2.737e-9
218.0000, 170.0000, -2.733e-9
220.0000, 170.0000, -2.731e-9
222.0000, 170.0000, -2.728e-9
224.0000, 170.0000, -2.727e-9
226.0000, 170.0000, -2.724e-9
228.0000, 170.0000, -2.722e-9
230.0000, 170.0000, -2.720e-9
232.0000, 170.0000, -2.718e-9
234.0000, 170.0000, -2.716e-9
236.0000, 170.0000, -2.715e-9
238.0000, 170.0000, -2.714e-9
240.0000, 170.0000, -2.713e-9
242.0000, 170.0000, -2.712e-9
244.0000, 170.0000, -2.712e-9
246.0000, 170.0000, -2.710e-9
248.0000, 170.0000, -2.710e-9
250.0000, 170.0000, -2.708e-9
252.0000, 170.0000, -2.707e-9
254.0000, 170.0000, -2.707e-9
256.0000, 170.0000, -2.706e-9
258.0000, 170.0000, -2.705e-9
260.0000, 170.0000, -2.705e-9
262.0000, 170.0000, -2.704e-9
264.0000, 170.0000, -2.703e-9
266.0000, 170.0000, -2.702e-9
268.0000, 170.0000, -2.701e-9
270.0000, 170.0000, -2.701e-9
272.0000, 170.0000, -2.701e-9
274.0000, 170.0000, -2.700e-9
276.0000, 170.0000, -2.700e-9
278.0000, 170.0000, -2.699e-9
280.0000, 170.0000, -2.698e-9
282.0000, 170.0000, -2.698e-9
284.0000, 170.0000, -2.698e-9
286.0000, 170.0000, -2.697e-9
288.0000, 170.0000, -2.696e-9
290.0000, 170.0000, -2.696e-9
292.0000, 170.0000, -2.696e-9
294.0000, 170.0000, -2.696e-9
296.0000, 170.0000, -2.696e-9
298.0000, 170.0000, -2.695e-9
0.0000, 172.0000, -3.270e-9
2.0000, 172.0000, -3.155e-9
4.0000, 172.0000, -3.061e-9
6.0000, 172.0000, -2.988e-9
8.0000, 172.0000, -2.933e-9
10.0000, 172.0000, -2.892e-9
12.0000, 172.0000, -2.862e-9
14.0000, 172.0000, -2.837e-9
16.0000, 172.0000, -2.818e-9
18.0000, 172.0000, -2.805e-9
20.0000, 172.0000, -2.797e-9
22.0000, 172.0000, -2.791e-9
24.0000, 172.0000, -2.785e-9
26.0000, 172.0000, -2.782e-9
28.0000, 172.0000, -2.781e-9
30.0000, 172.0000, -2.780e-9
32.0000, 172.0000, -2.779e-9
34.0000, 172.0000, -2.781e-9
36.0000, 172.0000, -2.782e-9
38.0000, 172.0000, -2.785e-9
40.0000, 172.0000, -2.790e-9
42.0000, 172.0000, -2.794e-9
44.0000, 172.0000, -2.798e-9
46.0000, 172.0000, -2.801e-9
48.0000, 172.0000, -2.803e-9
50.0000, 172.0000, -2.806e-9
52.0000, 172.0000, -2.811e-9
54.0000, 172.0000, -2.817e-9
56.0000, 172.0000, -2.820e-9
58.0000, 172.0000, -2.819e-9
60.0000, 172.0000, -2.818e-9
62.0000, 172.0000, -2.817e-9
64.0000, 172.0000, -2.816e-9
66.0000, 172.0000, -2.814e-9
68.0000, 172.0000, -2.813e-9
70.0000, 172.0000, -2.813e-9
72.0000, 172.0000, -2.814e-9
74.0000, 172.0000, -2.815e-9
76.0000, 172.0000, -2.814e-9
78.0000, 172.0000, -2.813e-9
80.0000, 172.0000, -2.812e-9
82.0000, 172.0000, -2.811e-9
84.0000, 172.0000, -2.811e-9
86.0000, 172.0000, -2.810e-9
88.0000, 172.0000, -2.808e-9
90.0000, 172.0000, -2.806e-9
92.0000, 172.0000, -2.804e-9
94.0000, 172.0000, -2.802e-9
96.0000, 172.0000, -2.800e-9
98.0000, 172.0000, -2.797e-9
100.0000, 172.0000, -2.797e-9
102.0000, 172.0000, -2.797e-9
104.0000, 172.0000, -2.795e-9
106.0000, 172.0000, -2.793e-9
108.0000, 172.0000, -2.791e-9
110.0000, 172.0000, -2.790e-9
112.0000, 172.0000, -2.788e-9
114.0000, 172.0000, -2.788e-9
116.0000, 172.0000, -2.786e-9
118.0000, 172.0000, -2.785e-9
120.0000, 172.0000, -2.783e-9
122.0000, 172.0000, -2.783e-9
124.0000, 172.0000, -2.782e-9
126.0000, 172.0000, -2.779e-9
128.0000, 172.0000, -2.777e-9
130.0000, 172.0000, -2.777e-9
132.0000, 172.0000, -2.779e-9
134.0000, 172.0000, -2.780e-9
136.0000, 172.0000, -2.780e-9
138.0000, 172.0000, -2.780e-9
140.0000, 172.0000, -2.781e-9
142.0000, 172.0000, -2.779e-9
144.0000, 172.0000, -2.778e-9
146.0000, 172.0000, -2.777e-9
148.0000, 172.0000, -2.777e-9
150.0000, 172.0000, -2.778e-9
152.0000, 172.0000, -2.778e-9
154.0000, 172.0000, -2.777e-9
156.0000, 172.0000, -2.777e-9
158.0000, 172.0000, -2.779e-9
160.0000, 172.0000, -2.781e-9
162.0000, 172.0000, -2.783e-9
164.0000, 172.0000, -2.784e-9
166.0000, 172.0000, -2.783e-9
168.0000, 172.0000, -2.783e-9
170.0000, 172.0000, -2.783e-9
172.0000, 172.0000, -2.783e-9
174.0000, 172.0000, -2.782e-9
176.0000, 172.0000, -2.781e-9
178.0000, 172.0000, -2.779e-9
180.0000, 172.0000, -2.777e-9
182.0000, 172.0000, -2.775e-9
184.0000, 172.0000, -2.774e-9
186.0000, 172.0000, -2.773e-9
188.0000, 172.0000, -2.774e-9
190.0000, 172.0000, -2.775e-9
192.0000, 172.0000, -2.776e-9
194.0000, 172.0000, -2.780e-9
196.0000, 172.0000, -2.780e-9
198.0000, 172.0000, -2.778e-9
200.0000, 172.0000, -2.774e-9
202.0000, 172.0000, -2.770e-9
204.0000, 172.0000, -2.765e-9
206.0000, 172.0000, -2.761e-9
208.0000, 172.0000, -2.755e-9
210.0000, 172.0000, -2.751e-9
212.0000, 172.0000, -2.747e-9
214.0000, 172.0000, -2.744e-9
216.0000, 172.0000, -2.741e-9
218.0000, 172.0000, -2.737e-9
220.0000, 172.0000, -2.734e-9
222.0000, 172.0000, -2.732e-9
224.0000, 172.0000, -2.729e-9
226.0000, 172.0000, -2.728e-9
228.0000, 172.0000, -2.726e-9
230.0000, 172.0000, -2.724e-9
232.0000, 172.0000, -2.722e-9
234.0000, 172.0000, -2.721e-9
236.0000, 172.0000, -2.719e-9
238.0000, 172.0000, -2.718e-9
240.0000, 172.0000, -2.717e-9
242.0000, 172.0000, -2.716e-9
244.0000, 172.0000, -2.714e-9
246.0000, 172.0000, -2.714e-9
248.0000, 172.0000, -2.713e-9
250.0000, 172.0000, -2.712e-9
252.0000, 172.0000, -2.711e-9
254.0000, 172.0000, -2.710e-9
256.0000, 172.0000, -2.710e-9
258.0000, 172.0000, -2.708e-9
260.0000, 172.0000, -2.708e-9
262.0000, 172.0000, -2.708e-9
264.0000, 172.0000, -2.707e-9
266.0000, 172.0000, -2.706e-9
268.0000, 172.0000, -2.705e-9
270.0000, 172.0000, -2.704e-9
272.0000, 172.0000, -2.704e-9
274.0000, 172.0000, -2.703e-9
276.0000, 172.0000, -2.702e-9
278.0000, 172.0000, -2.702e-9
280.0000, 172.0000, -2.701e-9
282.0000, 172.0000, -2.701e-9
284.0000, 172.0000, -2.700e-9
286.0000, 172.0000, -2.700e-9
288.0000, 172.0000, -2.700e-9
290.0000, 172.0000, -2.700e-9
292.0000, 172.0000, -2.699e-9
294.0000, 172.0000, -2.699e-9
296.0000, 172.0000, -2.698e-9
298.0000, 172.0000, -2.698e-9
0.0000, 174.0000, -3.272e-9
2.0000, 174.0000, -3.157e-9
4.0000, 174.0000, -3.062e-9
6.0000, 174.0000, -2.989e-9
8.0000, 174.0000, -2.933e-9
10.0000, 174.0000, -2.891e-9
12.0000, 174.0000, -2.861e-9
14.0000, 174.0000, -2.837e-9
16.0000, 174.0000, -2.820e-9
18.0000, 174.0000, -2.806e-9
20.0000, 174.0000, -2.795e-9
22.0000, 174.0000, -2.789e-9
24.0000, 174.0000, -2.784e-9
26.0000, 174.0000, -2.782e-9
28.0000, 174.0000, -2.781e-9
30.0000, 174.0000, -2.780e-9
32.0000, 174.0000, -2.779e-9
34.0000, 174.0000, -2.782e-9
36.0000, 174.0000, -2.786e-9
38.0000, 174.0000, -2.790e-9
40.0000, 174.0000, -2.795e-9
42.0000, 174.0000, -2.797e-9
44.0000, 174.0000, -2.800e-9
46.0000, 174.0000, -2.803e-9
48.0000, 174.0000, -2.806e-9
50.0000, 174.0000, -2.810e-9
52.0000, 174.0000, -2.813e-9
54.0000, 174.0000, -2.816e-9
56.0000, 174.0000, -2.821e-9
58.0000, 174.0000, -2.824e-9
60.0000, 174.0000, -2.824e-9
62.0000, 174.0000, -2.823e-9
64.0000, 174.0000, -2.824e-9
66.0000, 174.0000, -2.824e-9
68.0000, 174.0000, -2.822e-9
70.0000, 174.0000, -2.820e-9
72.0000, 174.0000, -2.819e-9
74.0000, 174.0000, -2.819e-9
76.0000, 174.0000, -2.819e-9
78.0000, 174.0000, -2.817e-9
80.0000, 174.0000, -2.815e-9
82.0000, 174.0000, -2.813e-9
84.0000, 174.0000, -2.813e-9
86.0000, 174.0000, -2.811e-9
88.0000, 174.0000, -2.807e-9
90.0000, 174.0000, -2.804e-9
92.0000, 174.0000, -2.803e-9
94.0000, 174.0000, -2.802e-9
96.0000, 174.0000, -2.802e-9
98.0000, 174.0000, -2.800e-9
100.0000, 174.0000, -2.800e-9
102.0000, 174.0000, -2.799e-9
104.0000, 174.0000, -2.796e-9
106.0000, 174.0000, -2.795e-9
108.0000, 174.0000, -2.792e-9
110.0000, 174.0000, -2.790e-9
112.0000, 174.0000, -2.789e-9
114.0000, 174.0000, -2.789e-9
116.0000, 174.0000, -2.788e-9
118.0000, 174.0000, -2.786e-9
120.0000, 174.0000, -2.784e-9
122.0000, 174.0000, -2.783e-9
124.0000, 174.0000, -2.782e-9
126.0000, 174.0000, -2.782e-9
128.0000, 174.0000, -2.782e-9
130.0000, 174.0000, -2.782e-9
132.0000, 174.0000, -2.782e-9
134.0000, 174.0000, -2.782e-9
136.0000, 174.0000, -2.781e-9
138.0000, 174.0000, -2.780e-9
140.0000, 174.0000, -2.779e-9
142.0000, 174.0000, -2.779e-9
144.0000, 174.0000, -2.779e-9
146.0000, 174.0000, -2.779e-9
148.0000, 174.0000, -2.779e-9
150.0000, 174.0000, -2.780e-9
152.0000, 174.0000, -2.780e-9
154.0000, 174.0000, -2.781e-9
156.0000, 174.0000, -2.781e-9
158.0000, 174.0000, -2.782e-9
160.0000, 174.0000, -2.783e-9
162.0000, 174.0000, -2.784e-9
164.0000, 174.0000, -2.785e-9
166.0000, 174.0000, -2.786e-9
168.0000, 174.0000, -2.786e-9
170.0000, 174.0000, -2.787e-9
172.0000, 174.0000, -2.787e-9
174.0000, 174.0000, -2.786e-9
176.0000, 174.0000, -2.785e-9
178.0000, 174.0000, -2.783e-9
180.0000, 174.0000, -2.782e-9
182.0000, 174.0000, -2.780e-9
184.0000, 174.0000, -2.778e-9
186.0000, 174.0000, -2.777e-9
188.0000, 174.0000, -2.776e-9
190.0000, 174.0000, -2.778e-9
192.0000, 174.0000, -2.780e-9
194.0000, 174.0000, -2.785e-9
196.0000, 174.0000, -2.786e-9
198.0000, 174.0000, -2.783e-9
200.0000, 174.0000, -2.779e-9
202.0000, 174.0000, -2.775e-9
204.0000, 174.0000, -2.770e-9
206.0000, 174.0000, -2.765e-9
208.0000, 174.0000, -2.760e-9
210.0000, 174.0000, -2.755e-9
212.0000, 174.0000, -2.752e-9
214.0000, 174.0000, -2.748e-9
216.0000, 174.0000, -2.745e-9
218.0000, 174.0000, -2.741e-9
220.0000, 174.0000, -2.738e-9
222.0000, 174.0000, -2.736e-9
224.0000, 174.0000, -2.733e-9
226.0000, 174.0000, -2.730e-9
228.0000, 174.0000, -2.729e-9
230.0000, 174.0000, -2.728e-9
232.0000, 174.0000, -2.726e-9
234.0000, 174.0000, -2.724e-9
236.0000, 174.0000, -2.723e-9
238.0000, 174.0000, -2.721e-9
240.0000, 174.0000, -2.720e-9
242.0000, 174.0000, -2.718e-9
244.0000, 174.0000, -2.718e-9
246.0000, 174.0000, -2.717e-9
248.0000, 174.0000, -2.716e-9
250.0000, 174.0000, -2.715e-9
252.0000, 174.0000, -2.714e-9
254.0000, 174.0000, -2.713e-9
256.0000, 174.0000, -2.712e-9
258.0000, 174.0000, -2.712e-9
260.0000, 174.0000, -2.711e-9
262.0000, 174.0000, -2.710e-9
264.0000, 174.0000, -2.709e-9
266.0000, 174.0000, -2.708e-9
268.0000, 174.0000, -2.708e-9
270.0000, 174.0000, -2.707e-9
272.0000, 174.0000, -2.707e-9
274.0000, 174.0000, -2.706e-9
276.0000, 174.0000, -2.706e-9
278.0000, 174.0000, -2.705e-9
280.0000, 174.0000, -2.704e-9
282.0000, 174.0000, -2.705e-9
284.0000, 174.0000, -2.704e-9
286.0000, 174.0000, -2.703e-9
288.0000, 174.0000, -2.703e-9
290.0000, 174.0000, -2.703e-9
292.0000, 174.0000, -2.703e-9
294.0000, 174.0000, -2.702e-9
296.0000, 174.0000, -2.702e-9
298.0000, 174.0000, -2.701e-9
0.0000, 176.0000, -3.274e-9
2.0000, 176.0000, -3.158e-9
4.0000, 176.0000, -3.063e-9
6.0000, 176.0000, -2.989e-9
8.0000, 176.0000, -2.933e-9
10.0000, 176.0000, -2.890e-9
12.0000, 176.0000, -2.859e-9
14.0000, 176.0000, -2.834e-9
16.0000, 176.0000, -2.817e-9
18.0000, 176.0000, -2.804e-9
20.0000, 176.0000, -2.794e-9
22.0000, 176.0000, -2.787e-9
24.0000, 176.0000, -2.784e-9
26.0000, 176.0000, -2.781e-9
28.0000, 176.0000, -2.779e-9
30.0000, 176.0000, -2.779e-9
32.0000, 176.0000, -2.778e-9
34.0000, 176.0000, -2.779e-9
36.0000, 176.0000, -2.781e-9
38.0000, 176.0000, -2.783e-9
40.0000, 176.0000, -2.788e-9
42.0000, 176.0000, -2.792e-9
44.0000, 176.0000, -2.796e-9
46.0000, 176.0000, -2.801e-9
48.0000, 176.0000, -2.807e-9
50.0000, 176.0000, -2.813e-9
52.0000, 176.0000, -2.818e-9
54.0000, 176.0000, -2.822e-9
56.0000, 176.0000, -2.825e-9
58.0000, 176.0000, -2.826e-9
60.0000, 176.0000, -2.825e-9
62.0000, 176.0000, -2.822e-9
64.0000, 176.0000, -2.819e-9
66.0000, 176.0000, -2.818e-9
68.0000, 176.0000, -2.818e-9
70.0000, 176.0000, -2.818e-9
72.0000, 176.0000, -2.820e-9
74.0000, 176.0000, -2.819e-9
76.0000, 176.0000, -2.818e-9
78.0000, 176.0000, -2.817e-9
80.0000, 176.0000, -2.817e-9
82.0000, 176.0000, -2.815e-9
84.0000, 176.0000, -2.810e-9
86.0000, 176.0000, -2.807e-9
88.0000, 176.0000, -2.806e-9
90.0000, 176.0000, -2.806e-9
92.0000, 176.0000, -2.806e-9
94.0000, 176.0000, -2.806e-9
96.0000, 176.0000, -2.805e-9
98.0000, 176.0000, -2.802e-9
100.0000, 176.0000, -2.800e-9
102.0000, 176.0000, -2.797e-9
104.0000, 176.0000, -2.795e-9
106.0000, 176.0000, -2.793e-9
108.0000, 176.0000, -2.792e-9
110.0000, 176.0000, -2.791e-9
112.0000, 176.0000, -2.789e-9
114.0000, 176.0000, -2.788e-9
116.0000, 176.0000, -2.785e-9
118.0000, 176.0000, -2.784e-9
120.0000, 176.0000, -2.783e-9
122.0000, 176.0000, -2.782e-9
124.0000, 176.0000, -2.781e-9
126.0000, 176.0000, -2.779e-9
128.0000, 176.0000, -2.779e-9
130.0000, 176.0000, -2.779e-9
132.0000, 176.0000, -2.778e-9
134.0000, 176.0000, -2.779e-9
136.0000, 176.0000, -2.779e-9
138.0000, 176.0000, -2.778e-9
140.0000, 176.0000, -2.778e-9
142.0000, 176.0000, -2.777e-9
144.0000, 176.0000, -2.776e-9
146.0000, 176.0000, -2.776e-9
148.0000, 176.0000, -2.775e-9
150.0000, 176.0000, -2.777e-9
152.0000, 176.0000, -2.779e-9
154.0000, 176.0000, -2.778e-9
156.0000, 176.0000, -2.778e-9
158.0000, 176.0000, -2.778e-9
160.0000, 176.0000, -2.779e-9
162.0000, 176.0000, -2.780e-9
164.0000, 176.0000, -2.781e-9
166.0000, 176.0000, -2.782e-9
168.0000, 176.0000, -2.782e-9
170.0000, 176.0000, -2.782e-9
172.0000, 176.0000, -2.782e-9
174.0000, 176.0000, -2.782e-9
176.0000, 176.0000, -2.782e-9
178.0000, 176.0000, -2.781e-9
180.0000, 176.0000, -2.779e-9
182.0000, 176.0000, -2.778e-9
184.0000, 176.0000, -2.776e-9
186.0000, 176.0000, -2.775e-9
188.0000, 176.0000, -2.775e-9
190.0000, 176.0000, -2.775e-9
192.0000, 176.0000, -2.776e-9
194.0000, 176.0000, -2.780e-9
196.0000, 176.0000, -2.782e-9
198.0000, 176.0000, -2.781e-9
200.0000, 176.0000, -2.777e-9
202.0000, 176.0000, -2.773e-9
204.0000, 176.0000, -2.769e-9
206.0000, 176.0000, -2.763e-9
208.0000, 176.0000, -2.758e-9
210.0000, 176.0000, -2.753e-9
212.0000, 176.0000, -2.750e-9
214.0000, 176.0000, -2.746e-9
216.0000, 176.0000, -2.743e-9
218.0000, 176.0000, -2.740e-9
220.0000, 176.0000, -2.737e-9
222.0000, 176.0000, -2.734e-9
224.0000, 176.0000, -2.731e-9
226.0000, 176.0000, -2.729e-9
228.0000, 176.0000, -2.728e-9
230.0000, 176.0000, -2.726e-9
232.0000, 176.0000, -2.724e-9
234.0000, 176.0000, -2.721e-9
236.0000, 176.0000, -2.720e-9
238.0000, 176.0000, -2.719e-9
240.0000, 176.0000, -2.718e-9
242.0000, 176.0000, -2.717e-9
244.0000, 176.0000, -2.717e-9
246.0000, 176.0000, -2.715e-9
248.0000, 176.0000, -2.714e-9
250.0000, 176.0000, -2.713e-9
252.0000, 176.0000, -2.712e-9
254.0000, 176.0000, -2.712e-9
256.0000, 176.0000, -2.711e-9
258.0000, 176.0000, -2.710e-9
260.0000, 176.0000, -2.709e-9
262.0000, 176.0000, -2.709e-9
264.0000, 176.0000, -2.708e-9
266.0000, 176.0000, -2.707e-9
268.0000, 176.0000, -2.706e-9
270.0000, 176.0000, -2.706e-9
272.0000, 176.0000, -2.705e-9
274.0000, 176.0000, -2.704e-9
276.0000, 176.0000, -2.704e-9
278.0000, 176.0000, -2.703e-9
280.0000, 176.0000, -2.703e-9
282.0000, 176.0000, -2.702e-9
284.0000, 176.0000, -2.703e-9
286.0000, 176.0000, -2.702e-9
288.0000, 176.0000, -2.702e-9
290.0000, 176.0000, -2.702e-9
292.0000, 176.0000, -2.701e-9
294.0000, 176.0000, -2.700e-9
296.0000, 176.0000, -2.700e-9
298.0000, 176.0000, -2.700e-9
0.0000, 178.0000, -3.265e-9
2.0000, 178.0000, -3.151e-9
4.0000, 178.0000, -3.056e-9
6.0000, 178.0000, -2.982e-9
8.0000, 178.0000, -2.927e-9
10.0000, 178.0000, -2.885e-9
12.0000, 178.0000, -2.854e-9
14.0000, 178.0000, -2.831e-9
16.0000, 178.0000, -2.813e-9
18.0000, 178.0000, -2.799e-9
20.0000, 178.0000, -2.788e-9
22.0000, 178.0000, -2.779e-9
24.0000, 178.0000, -2.776e-9
26.0000, 178.0000, -2.776e-9
28.0000, 178.0000, -2.781e-9
30.0000, 178.0000, -2.783e-9
32.0000, 178.0000, -2.783e-9
34.0000, 178.0000, -2.781e-9
36.0000, 178.0000, -2.780e-9
38.0000, 178.0000, -2.780e-9
40.0000, 178.0000, -2.781e-9
42.0000, 178.0000, -2.787e-9
44.0000, 178.0000, -2.795e-9
46.0000, 178.0000, -2.801e-9
48.0000, 178.0000, -2.806e-9
50.0000, 178.0000, -2.811e-9
52.0000, 178.0000, -2.815e-9
54.0000, 178.0000, -2.818e-9
56.0000, 178.0000, -2.819e-9
58.0000, 178.0000, -2.822e-9
60.0000, 178.0000, -2.825e-9
62.0000, 178.0000, -2.826e-9
64.0000, 178.0000, -2.824e-9
66.0000, 178.0000, -2.823e-9
68.0000, 178.0000, -2.823e-9
70.0000, 178.0000, -2.823e-9
72.0000, 178.0000, -2.824e-9
74.0000, 178.0000, -2.823e-9
76.0000, 178.0000, -2.821e-9
78.0000, 178.0000, -2.819e-9
80.0000, 178.0000, -2.818e-9
82.0000, 178.0000, -2.814e-9
84.0000, 178.0000, -2.809e-9
86.0000, 178.0000, -2.807e-9
88.0000, 178.0000, -2.807e-9
90.0000, 178.0000, -2.807e-9
92.0000, 178.0000, -2.806e-9
94.0000, 178.0000, -2.805e-9
96.0000, 178.0000, -2.803e-9
98.0000, 178.0000, -2.802e-9
100.0000, 178.0000, -2.801e-9
102.0000, 178.0000, -2.799e-9
104.0000, 178.0000, -2.797e-9
106.0000, 178.0000, -2.794e-9
108.0000, 178.0000, -2.792e-9
110.0000, 178.0000, -2.791e-9
112.0000, 178.0000, -2.788e-9
114.0000, 178.0000, -2.785e-9
116.0000, 178.0000, -2.783e-9
118.0000, 178.0000, -2.781e-9
120.0000, 178.0000, -2.782e-9
122.0000, 178.0000, -2.781e-9
124.0000, 178.0000, -2.780e-9
126.0000, 178.0000, -2.780e-9
128.0000, 178.0000, -2.781e-9
130.0000, 178.0000, -2.781e-9
132.0000, 178.0000, -2.781e-9
134.0000, 178.0000, -2.781e-9
136.0000, 178.0000, -2.780e-9
138.0000, 178.0000, -2.779e-9
140.0000, 178.0000, -2.778e-9
142.0000, 178.0000, -2.779e-9
144.0000, 178.0000, -2.779e-9
146.0000, 178.0000, -2.778e-9
148.0000, 178.0000, -2.779e-9
150.0000, 178.0000, -2.779e-9
152.0000, 178.0000, -2.778e-9
154.0000, 178.0000, -2.777e-9
156.0000, 178.0000, -2.777e-9
158.0000, 178.0000, -2.778e-9
160.0000, 178.0000, -2.779e-9
162.0000, 178.0000, -2.780e-9
164.0000, 178.0000, -2.780e-9
166.0000, 178.0000, -2.780e-9
168.0000, 178.0000, -2.779e-9
170.0000, 178.0000, -2.780e-9
172.0000, 178.0000, -2.780e-9
174.0000, 178.0000, -2.779e-9
176.0000, 178.0000, -2.778e-9
178.0000, 178.0000, -2.776e-9
180.0000, 178.0000, -2.774e-9
182.0000, 178.0000, -2.773e-9
184.0000, 178.0000, -2.773e-9
186.0000, 178.0000, -2.772e-9
188.0000, 178.0000, -2.772e-9
190.0000, 178.0000, -2.773e-9
192.0000, 178.0000, -2.774e-9
194.0000, 178.0000, -2.777e-9
196.0000, 178.0000, -2.779e-9
198.0000, 178.0000, -2.779e-9
200.0000, 178.0000, -2.775e-9
202.0000, 178.0000, -2.771e-9
204.0000, 178.0000, -2.767e-9
206.0000, 178.0000, -2.762e-9
208.0000, 178.0000, -2.756e-9
210.0000, 178.0000, -2.753e-9
212.0000, 178.0000, -2.749e-9
214.0000, 178.0000, -2.745e-9
216.0000, 178.0000, -2.742e-9
218.0000, 178.0000, -2.738e-9
220.0000, 178.0000, -2.735e-9
222.0000, 178.0000, -2.733e-9
224.0000, 178.0000, -2.730e-9
226.0000, 178.0000, -2.728e-9
228.0000, 178.0000, -2.727e-9
230.0000, 178.0000, -2.725e-9
232.0000, 178.0000, -2.723e-9
234.0000, 178.0000, -2.721e-9
236.0000, 178.0000, -2.719e-9
238.0000, 178.0000, -2.718e-9
240.0000, 178.0000, -2.716e-9
242.0000, 178.0000, -2.716e-9
244.0000, 178.0000, -2.715e-9
246.0000, 178.0000, -2.714e-9
248.0000, 178.0000, -2.713e-9
250.0000, 178.0000, -2.712e-9
252.0000, 178.0000, -2.712e-9
254.0000, 178.0000, -2.710e-9
256.0000, 178.0000, -2.709e-9
258.0000, 178.0000, -2.708e-9
260.0000, 178.0000, -2.708e-9
262.0000, 178.0000, -2.707e-9
264.0000, 178.0000, -2.707e-9
266.0000, 178.0000, -2.706e-9
268.0000, 178.0000, -2.705e-9
270.0000, 178.0000, -2.705e-9
272.0000, 178.0000, -2.704e-9
274.0000, 178.0000, -2.704e-9
276.0000, 178.0000, -2.703e-9
278.0000, 178.0000, -2.702e-9
280.0000, 178.0000, -2.701e-9
282.0000, 178.0000, -2.701e-9
284.0000, 178.0000, -2.701e-9
286.0000, 178.0000, -2.701e-9
288.0000, 178.0000, -2.700e-9
290.0000, 178.0000, -2.700e-9
292.0000, 178.0000, -2.699e-9
294.0000, 178.0000, -2.699e-9
296.0000, 178.0000, -2.699e-9
298.0000, 178.0000, -2.698e-9
0.0000, 180.0000, -3.276e-9
2.0000, 180.0000, -3.158e-9
4.0000, 180.0000, -3.060e-9
6.0000, 180.0000, -2.985e-9
8.0000, 180.0000, -2.928e-9
10.0000, 180.0000, -2.887e-9
12.0000, 180.0000, -2.855e-9
14.0000, 180.0000, -2.832e-9
16.0000, 180.0000, -2.813e-9
18.0000, 180.0000, -2.799e-9
20.0000, 180.0000, -2.789e-9
22.0000, 180.0000, -2.782e-9
24.0000, 180.0000, -2.779e-9
26.0000, 180.0000, -2.779e-9
28.0000, 180.0000, -2.779e-9
30.0000, 180.0000, -2.780e-9
32.0000, 180.0000, -2.778e-9
34.0000, 180.0000, -2.778e-9
36.0000, 180.0000, -2.780e-9
38.0000, 180.0000, -2.783e-9
40.0000, 180.0000, -2.788e-9
42.0000, 180.0000, -2.793e-9
44.0000, 180.0000, -2.799e-9
46.0000, 180.0000, -2.803e-9
48.0000, 180.0000, -2.808e-9
50.0000, 180.0000, -2.810e-9
52.0000, 180.0000, -2.813e-9
54.0000, 180.0000, -2.816e-9
56.0000, 180.0000, -2.820e-9
58.0000, 180.0000, -2.822e-9
60.0000, 180.0000, -2.823e-9
62.0000, 180.0000, -2.823e-9
64.0000, 180.0000, -2.823e-9
66.0000, 180.0000, -2.822e-9
68.0000, 180.0000, -2.821e-9
70.0000, 180.0000, -2.822e-9
72.0000, 180.0000, -2.822e-9
74.0000, 180.0000, -2.822e-9
76.0000, 180.0000, -2.821e-9
78.0000, 180.0000, -2.821e-9
80.0000, 180.0000, -2.817e-9
82.0000, 180.0000, -2.812e-9
84.0000, 180.0000, -2.810e-9
86.0000, 180.0000, -2.810e-9
88.0000, 180.0000, -2.811e-9
90.0000, 180.0000, -2.810e-9
92.0000, 180.0000, -2.808e-9
94.0000, 180.0000, -2.807e-9
96.0000, 180.0000, -2.805e-9
98.0000, 180.0000, -2.804e-9
100.0000, 180.0000, -2.802e-9
102.0000, 180.0000, -2.801e-9
104.0000, 180.0000, -2.799e-9
106.0000, 180.0000, -2.797e-9
108.0000, 180.0000, -2.794e-9
110.0000, 180.0000, -2.791e-9
112.0000, 180.0000, -2.788e-9
114.0000, 180.0000, -2.787e-9
116.0000, 180.0000, -2.786e-9
118.0000, 180.0000, -2.786e-9
120.0000, 180.0000, -2.786e-9
122.0000, 180.0000, -2.785e-9
124.0000, 180.0000, -2.785e-9
126.0000, 180.0000, -2.784e-9
128.0000, 180.0000, -2.783e-9
130.0000, 180.0000, -2.783e-9
132.0000, 180.0000, -2.783e-9
134.0000, 180.0000, -2.784e-9
136.0000, 180.0000, -2.784e-9
138.0000, 180.0000, -2.783e-9
140.0000, 180.0000, -2.783e-9
142.0000, 180.0000, -2.781e-9
144.0000, 180.0000, -2.779e-9
146.0000, 180.0000, -2.779e-9
148.0000, 180.0000, -2.779e-9
150.0000, 180.0000, -2.779e-9
152.0000, 180.0000, -2.779e-9
154.0000, 180.0000, -2.778e-9
156.0000, 180.0000, -2.778e-9
158.0000, 180.0000, -2.780e-9
160.0000, 180.0000, -2.782e-9
162.0000, 180.0000, -2.782e-9
164.0000, 180.0000, -2.783e-9
166.0000, 180.0000, -2.783e-9
168.0000, 180.0000, -2.783e-9
170.0000, 180.0000, -2.784e-9
172.0000, 180.0000, -2.785e-9
174.0000, 180.0000, -2.783e-9
176.0000, 180.0000, -2.782e-9
178.0000, 180.0000, -2.780e-9
180.0000, 180.0000, -2.779e-9
182.0000, 180.0000, -2.777e-9
184.0000, 180.0000, -2.776e-9
186.0000, 180.0000, -2.775e-9
188.0000, 180.0000, -2.774e-9
190.0000, 180.0000, -2.775e-9
192.0000, 180.0000, -2.777e-9
194.0000, 180.0000, -2.780e-9
196.0000, 180.0000, -2.782e-9
198.0000, 180.0000, -2.781e-9
200.0000, 180.0000, -2.778e-9
202.0000, 180.0000, -2.773e-9
204.0000, 180.0000, -2.768e-9
206.0000, 180.0000, -2.763e-9
208.0000, 180.0000, -2.758e-9
210.0000, 180.0000, -2.753e-9
212.0000, 180.0000, -2.750e-9
214.0000, 180.0000, -2.747e-9
216.0000, 180.0000, -2.744e-9
218.0000, 180.0000, -2.740e-9
220.0000, 180.0000, -2.737e-9
222.0000, 180.0000, -2.735e-9
224.0000, 180.0000, -2.732e-9
226.0000, 180.0000, -2.729e-9
228.0000, 180.0000, -2.727e-9
230.0000, 180.0000, -2.725e-9
232.0000, 180.0000, -2.724e-9
234.0000, 180.0000, -2.722e-9
236.0000, 180.0000, -2.721e-9
238.0000, 180.0000, -2.720e-9
240.0000, 180.0000, -2.718e-9
242.0000, 180.0000, -2.717e-9
244.0000, 180.0000, -2.716e-9
246.0000, 180.0000, -2.715e-9
248.0000, 180.0000, -2.714e-9
250.0000, 180.0000, -2.713e-9
252.0000, 180.0000, -2.713e-9
254.0000, 180.0000, -2.712e-9
256.0000, 180.0000, -2.711e-9
258.0000, 180.0000, -2.710e-9
260.0000, 180.0000, -2.709e-9
262.0000, 180.0000, -2.709e-9
264.0000, 180.0000, -2.708e-9
266.0000, 180.0000, -2.707e-9
268.0000, 180.0000, -2.706e-9
270.0000, 180.0000, -2.706e-9
272.0000, 180.0000, -2.705e-9
274.0000, 180.0000, -2.704e-9
276.0000, 180.0000, -2.704e-9
278.0000, 180.0000, -2.704e-9
280.0000, 180.0000, -2.704e-9
282.0000, 180.0000, -2.704e-9
284.0000, 180.0000, -2.703e-9
286.0000, 180.0000, -2.702e-9
288.0000, 180.0000, -2.702e-9
290.0000, 180.0000, -2.701e-9
292.0000, 180.0000, -2.701e-9
294.0000, 180.0000, -2.700e-9
296.0000, 180.0000, -2.700e-9
298.0000, 180.0000, -2.700e-9
0.0000, 182.0000, -3.272e-9
2.0000, 182.0000, -3.155e-9
4.0000, 182.0000, -3.057e-9
6.0000, 182.0000, -2.983e-9
8.0000, 182.0000, -2.928e-9
10.0000, 182.0000, -2.886e-9
12.0000, 182.0000, -2.854e-9
14.0000, 182.0000, -2.830e-9
16.0000, 182.0000, -2.812e-9
18.0000, 182.0000, -2.798e-9
20.0000, 182.0000, -2.789e-9
22.0000, 182.0000, -2.784e-9
24.0000, 182.0000, -2.781e-9
26.0000, 182.0000, -2.780e-9
28.0000, 182.0000, -2.777e-9
30.0000, 182.0000, -2.776e-9
32.0000, 182.0000, -2.775e-9
34.0000, 182.0000, -2.778e-9
36.0000, 182.0000, -2.780e-9
38.0000, 182.0000, -2.784e-9
40.0000, 182.0000, -2.789e-9
42.0000, 182.0000, -2.791e-9
44.0000, 182.0000, -2.795e-9
46.0000, 182.0000, -2.800e-9
48.0000, 182.0000, -2.807e-9
50.0000, 182.0000, -2.813e-9
52.0000, 182.0000, -2.818e-9
54.0000, 182.0000, -2.822e-9
56.0000, 182.0000, -2.827e-9
58.0000, 182.0000, -2.828e-9
60.0000, 182.0000, -2.827e-9
62.0000, 182.0000, -2.826e-9
64.0000, 182.0000, -2.826e-9
66.0000, 182.0000, -2.826e-9
68.0000, 182.0000, -2.826e-9
70.0000, 182.0000, -2.825e-9
72.0000, 182.0000, -2.825e-9
74.0000, 182.0000, -2.825e-9
76.0000, 182.0000, -2.824e-9
78.0000, 182.0000, -2.820e-9
80.0000, 182.0000, -2.817e-9
82.0000, 182.0000, -2.816e-9
84.0000, 182.0000, -2.817e-9
86.0000, 182.0000, -2.815e-9
88.0000, 182.0000, -2.813e-9
90.0000, 182.0000, -2.811e-9
92.0000, 182.0000, -2.809e-9
94.0000, 182.0000, -2.808e-9
96.0000, 182.0000, -2.807e-9
98.0000, 182.0000, -2.806e-9
100.0000, 182.0000, -2.804e-9
102.0000, 182.0000, -2.802e-9
104.0000, 182.0000, -2.801e-9
106.0000, 182.0000, -2.800e-9
108.0000, 182.0000, -2.798e-9
110.0000, 182.0000, -2.795e-9
112.0000, 182.0000, -2.793e-9
114.0000, 182.0000, -2.792e-9
116.0000, 182.0000, -2.790e-9
118.0000, 182.0000, -2.788e-9
120.0000, 182.0000, -2.788e-9
122.0000, 182.0000, -2.788e-9
124.0000, 182.0000, -2.786e-9
126.0000, 182.0000, -2.785e-9
128.0000, 182.0000, -2.785e-9
130.0000, 182.0000, -2.785e-9
132.0000, 182.0000, -2.785e-9
134.0000, 182.0000, -2.785e-9
136.0000, 182.0000, -2.785e-9
138.0000, 182.0000, -2.784e-9
140.0000, 182.0000, -2.783e-9
142.0000, 182.0000, -2.782e-9
144.0000, 182.0000, -2.782e-9
146.0000, 182.0000, -2.782e-9
148.0000, 182.0000, -2.781e-9
150.0000, 182.0000, -2.781e-9
152.0000, 182.0000, -2.782e-9
154.0000, 182.0000, -2.783e-9
156.0000, 182.0000, -2.783e-9
158.0000, 182.0000, -2.785e-9
160.0000, 182.0000, -2.786e-9
162.0000, 182.0000, -2.786e-9
164.0000, 182.0000, -2.787e-9
166.0000, 182.0000, -2.788e-9
168.0000, 182.0000, -2.788e-9
170.0000, 182.0000, -2.789e-9
172.0000, 182.0000, -2.789e-9
174.0000, 182.0000, -2.788e-9
176.0000, 182.0000, -2.786e-9
178.0000, 182.0000, -2.785e-9
180.0000, 182.0000, -2.784e-9
182.0000, 182.0000, -2.782e-9
184.0000, 182.0000, -2.780e-9
186.0000, 182.0000, -2.778e-9
188.0000, 182.0000, -2.777e-9
190.0000, 182.0000, -2.777e-9
192.0000, 182.0000, -2.779e-9
194.0000, 182.0000, -2.782e-9
196.0000, 182.0000, -2.786e-9
198.0000, 182.0000, -2.786e-9
200.0000, 182.0000, -2.782e-9
202.0000, 182.0000, -2.778e-9
204.0000, 182.0000, -2.773e-9
206.0000, 182.0000, -2.768e-9
208.0000, 182.0000, -2.763e-9
210.0000, 182.0000, -2.758e-9
212.0000, 182.0000, -2.754e-9
214.0000, 182.0000, -2.751e-9
216.0000, 182.0000, -2.747e-9
218.0000, 182.0000, -2.743e-9
220.0000, 182.0000, -2.740e-9
222.0000, 182.0000, -2.737e-9
224.0000, 182.0000, -2.734e-9
226.0000, 182.0000, -2.732e-9
228.0000, 182.0000, -2.731e-9
230.0000, 182.0000, -2.729e-9
232.0000, 182.0000, -2.727e-9
234.0000, 182.0000, -2.725e-9
236.0000, 182.0000, -2.723e-9
238.0000, 182.0000, -2.722e-9
240.0000, 182.0000, -2.721e-9
242.0000, 182.0000, -2.719e-9
244.0000, 182.0000, -2.718e-9
246.0000, 182.0000, -2.718e-9
248.0000, 182.0000, -2.717e-9
250.0000, 182.0000, -2.716e-9
252.0000, 182.0000, -2.715e-9
254.0000, 182.0000, -2.714e-9
256.0000, 182.0000, -2.713e-9
258.0000, 182.0000, -2.713e-9
260.0000, 182.0000, -2.712e-9
262.0000, 182.0000, -2.711e-9
264.0000, 182.0000, -2.710e-9
266.0000, 182.0000, -2.709e-9
268.0000, 182.0000, -2.709e-9
270.0000, 182.0000, -2.708e-9
272.0000, 182.0000, -2.707e-9
274.0000, 182.0000, -2.707e-9
276.0000, 182.0000, -2.706e-9
278.0000, 182.0000, -2.706e-9
280.0000, 182.0000, -2.706e-9
282.0000, 182.0000, -2.704e-9
284.0000, 182.0000, -2.704e-9
286.0000, 182.0000, -2.704e-9
288.0000, 182.0000, -2.703e-9
290.0000, 182.0000, -2.703e-9
292.0000, 182.0000, -2.703e-9
294.0000, 182.0000, -2.702e-9
296.0000, 182.0000, -2.702e-9
298.0000, 182.0000, -2.701e-9
0.0000, 184.0000, -3.269e-9
2.0000, 184.0000, -3.154e-9
4.0000, 184.0000, -3.058e-9
6.0000, 184.0000, -2.983e-9
8.0000, 184.0000, -2.927e-9
10.0000, 184.0000, -2.884e-9
12.0000, 184.0000, -2.853e-9
14.0000, 184.0000, -2.829e-9
16.0000, 184.0000, -2.810e-9
18.0000, 184.0000, -2.796e-9
20.0000, 184.0000, -2.786e-9
22.0000, 184.0000, -2.780e-9
24.0000, 184.0000, -2.777e-9
26.0000, 184.0000, -2.775e-9
28.0000, 184.0000, -2.773e-9
30.0000, 184.0000, -2.773e-9
32.0000, 184.0000, -2.774e-9
34.0000, 184.0000, -2.777e-9
36.0000, 184.0000, -2.781e-9
38.0000, 184.0000, -2.786e-9
40.0000, 184.0000, -2.792e-9
42.0000, 184.0000, -2.796e-9
44.0000, 184.0000, -2.800e-9
46.0000, 184.0000, -2.804e-9
48.0000, 184.0000, -2.809e-9
50.0000, 184.0000, -2.813e-9
52.0000, 184.0000, -2.817e-9
54.0000, 184.0000, -2.821e-9
56.0000, 184.0000, -2.823e-9
58.0000, 184.0000, -2.826e-9
60.0000, 184.0000, -2.826e-9
62.0000, 184.0000, -2.826e-9
64.0000, 184.0000, -2.825e-9
66.0000, 184.0000, -2.823e-9
68.0000, 184.0000, -2.823e-9
70.0000, 184.0000, -2.825e-9
72.0000, 184.0000, -2.826e-9
74.0000, 184.0000, -2.825e-9
76.0000, 184.0000, -2.823e-9
78.0000, 184.0000, -2.823e-9
80.0000, 184.0000, -2.823e-9
82.0000, 184.0000, -2.823e-9
84.0000, 184.0000, -2.822e-9
86.0000, 184.0000, -2.819e-9
88.0000, 184.0000, -2.816e-9
90.0000, 184.0000, -2.814e-9
92.0000, 184.0000, -2.811e-9
94.0000, 184.0000, -2.808e-9
96.0000, 184.0000, -2.807e-9
98.0000, 184.0000, -2.804e-9
100.0000, 184.0000, -2.804e-9
102.0000, 184.0000, -2.803e-9
104.0000, 184.0000, -2.802e-9
106.0000, 184.0000, -2.799e-9
108.0000, 184.0000, -2.796e-9
110.0000, 184.0000, -2.794e-9
112.0000, 184.0000, -2.791e-9
114.0000, 184.0000, -2.790e-9
116.0000, 184.0000, -2.790e-9
118.0000, 184.0000, -2.789e-9
120.0000, 184.0000, -2.788e-9
122.0000, 184.0000, -2.786e-9
124.0000, 184.0000, -2.785e-9
126.0000, 184.0000, -2.784e-9
128.0000, 184.0000, -2.784e-9
130.0000, 184.0000, -2.784e-9
132.0000, 184.0000, -2.784e-9
134.0000, 184.0000, -2.784e-9
136.0000, 184.0000, -2.784e-9
138.0000, 184.0000, -2.783e-9
140.0000, 184.0000, -2.783e-9
142.0000, 184.0000, -2.782e-9
144.0000, 184.0000, -2.783e-9
146.0000, 184.0000, -2.783e-9
148.0000, 184.0000, -2.783e-9
150.0000, 184.0000, -2.783e-9
152.0000, 184.0000, -2.783e-9
154.0000, 184.0000, -2.783e-9
156.0000, 184.0000, -2.784e-9
158.0000, 184.0000, -2.785e-9
160.0000, 184.0000, -2.787e-9
162.0000, 184.0000, -2.789e-9
164.0000, 184.0000, -2.790e-9
166.0000, 184.0000, -2.790e-9
168.0000, 184.0000, -2.789e-9
170.0000, 184.0000, -2.790e-9
172.0000, 184.0000, -2.791e-9
174.0000, 184.0000, -2.791e-9
176.0000, 184.0000, -2.789e-9
178.0000, 184.0000, -2.788e-9
180.0000, 184.0000, -2.786e-9
182.0000, 184.0000, -2.784e-9
184.0000, 184.0000, -2.782e-9
186.0000, 184.0000, -2.782e-9
188.0000, 184.0000, -2.781e-9
190.0000, 184.0000, -2.782e-9
192.0000, 184.0000, -2.783e-9
194.0000, 184.0000, -2.787e-9
196.0000, 184.0000, -2.788e-9
198.0000, 184.0000, -2.786e-9
200.0000, 184.0000, -2.783e-9
202.0000, 184.0000, -2.778e-9
204.0000, 184.0000, -2.772e-9
206.0000, 184.0000, -2.768e-9
208.0000, 184.0000, -2.762e-9
210.0000, 184.0000, -2.758e-9
212.0000, 184.0000, -2.754e-9
214.0000, 184.0000, -2.751e-9
216.0000, 184.0000, -2.746e-9
218.0000, 184.0000, -2.744e-9
220.0000, 184.0000, -2.740e-9
222.0000, 184.0000, -2.737e-9
224.0000, 184.0000, -2.735e-9
226.0000, 184.0000, -2.733e-9
228.0000, 184.0000, -2.731e-9
230.0000, 184.0000, -2.729e-9
232.0000, 184.0000, -2.728e-9
234.0000, 184.0000, -2.726e-9
236.0000, 184.0000, -2.724e-9
238.0000, 184.0000, -2.723e-9
240.0000, 184.0000, -2.722e-9
242.0000, 184.0000, -2.720e-9
244.0000, 184.0000, -2.719e-9
246.0000, 184.0000, -2.718e-9
248.0000, 184.0000, -2.717e-9
250.0000, 184.0000, -2.716e-9
252.0000, 184.0000, -2.715e-9
254.0000, 184.0000, -2.714e-9
256.0000, 184.0000, -2.714e-9
258.0000, 184.0000, -2.713e-9
260.0000, 184.0000, -2.712e-9
262.0000, 184.0000, -2.711e-9
264.0000, 184.0000, -2.710e-9
266.0000, 184.0000, -2.709e-9
268.0000, 184.0000, -2.709e-9
270.0000, 184.0000, -2.709e-9
272.0000, 184.0000, -2.708e-9
274.0000, 184.0000, -2.707e-9
276.0000, 184.0000, -2.707e-9
278.0000, 184.0000, -2.706e-9
280.0000, 184.0000, -2.705e-9
282.0000, 184.0000, -2.705e-9
284.0000, 184.0000, -2.705e-9
286.0000, 184.0000, -2.705e-9
288.0000, 184.0000, -2.703e-9
290.0000, 184.0000, -2.703e-9
292.0000, 184.0000, -2.704e-9
294.0000, 184.0000, -2.703e-9
296.0000, 184.0000, -2.703e-9
298.0000, 184.0000, -2.703e-9
0.0000, 186.0000, -3.278e-9
2.0000, 186.0000, -3.159e-9
4.0000, 186.0000, -3.059e-9
6.0000, 186.0000, -2.983e-9
8.0000, 186.0000, -2.925e-9
10.0000, 186.0000, -2.882e-9
12.0000, 186.0000, -2.850e-9
14.0000, 186.0000, -2.826e-9
16.0000, 186.0000, -2.807e-9
18.0000, 186.0000, -2.793e-9
20.0000, 186.0000, -2.783e-9
22.0000, 186.0000, -2.776e-9
24.0000, 186.0000, -2.772e-9
26.0000, 186.0000, -2.769e-9
28.0000, 186.0000, -2.768e-9
30.0000, 186.0000, -2.768e-9
32.0000, 186.0000, -2.770e-9
34.0000, 186.0000, -2.773e-9
36.0000, 186.0000, -2.776e-9
38.0000, 186.0000, -2.780e-9
40.0000, 186.0000, -2.785e-9
42.0000, 186.0000, -2.791e-9
44.0000, 186.0000, -2.797e-9
46.0000, 186.0000, -2.802e-9
48.0000, 186.0000, -2.807e-9
50.0000, 186.0000, -2.810e-9
52.0000, 186.0000, -2.814e-9
54.0000, 186.0000, -2.818e-9
56.0000, 186.0000, -2.820e-9
58.0000, 186.0000, -2.820e-9
60.0000, 186.0000, -2.821e-9
62.0000, 186.0000, -2.822e-9
64.0000, 186.0000, -2.824e-9
66.0000, 186.0000, -2.824e-9
68.0000, 186.0000, -2.822e-9
70.0000, 186.0000, -2.821e-9
72.0000, 186.0000, -2.823e-9
74.0000, 186.0000, -2.824e-9
76.0000, 186.0000, -2.823e-9
78.0000, 186.0000, -2.820e-9
80.0000, 186.0000, -2.817e-9
82.0000, 186.0000, -2.816e-9
84.0000, 186.0000, -2.815e-9
86.0000, 186.0000, -2.814e-9
88.0000, 186.0000, -2.812e-9
90.0000, 186.0000, -2.810e-9
92.0000, 186.0000, -2.808e-9
94.0000, 186.0000, -2.806e-9
96.0000, 186.0000, -2.804e-9
98.0000, 186.0000, -2.803e-9
100.0000, 186.0000, -2.802e-9
102.0000, 186.0000, -2.801e-9
104.0000, 186.0000, -2.800e-9
106.0000, 186.0000, -2.797e-9
108.0000, 186.0000, -2.793e-9
110.0000, 186.0000, -2.790e-9
112.0000, 186.0000, -2.789e-9
114.0000, 186.0000, -2.788e-9
116.0000, 186.0000, -2.787e-9
118.0000, 186.0000, -2.785e-9
120.0000, 186.0000, -2.784e-9
122.0000, 186.0000, -2.784e-9
124.0000, 186.0000, -2.783e-9
126.0000, 186.0000, -2.782e-9
128.0000, 186.0000, -2.781e-9
130.0000, 186.0000, -2.780e-9
132.0000, 186.0000, -2.779e-9
134.0000, 186.0000, -2.778e-9
136.0000, 186.0000, -2.777e-9
138.0000, 186.0000, -2.778e-9
140.0000, 186.0000, -2.779e-9
142.0000, 186.0000, -2.779e-9
144.0000, 186.0000, -2.779e-9
146.0000, 186.0000, -2.779e-9
148.0000, 186.0000, -2.778e-9
150.0000, 186.0000, -2.779e-9
152.0000, 186.0000, -2.780e-9
154.0000, 186.0000, -2.780e-9
156.0000, 186.0000, -2.780e-9
158.0000, 186.0000, -2.779e-9
160.0000, 186.0000, -2.780e-9
162.0000, 186.0000, -2.783e-9
164.0000, 186.0000, -2.786e-9
166.0000, 186.0000, -2.787e-9
168.0000, 186.0000, -2.785e-9
170.0000, 186.0000, -2.785e-9
172.0000, 186.0000, -2.786e-9
174.0000, 186.0000, -2.787e-9
176.0000, 186.0000, -2.787e-9
178.0000, 186.0000, -2.785e-9
180.0000, 186.0000, -2.782e-9
182.0000, 186.0000, -2.781e-9
184.0000, 186.0000, -2.778e-9
186.0000, 186.0000, -2.778e-9
188.0000, 186.0000, -2.777e-9
190.0000, 186.0000, -2.777e-9
192.0000, 186.0000, -2.778e-9
194.0000, 186.0000, -2.781e-9
196.0000, 186.0000, -2.783e-9
198.0000, 186.0000, -2.781e-9
200.0000, 186.0000, -2.779e-9
202.0000, 186.0000, -2.775e-9
204.0000, 186.0000, -2.770e-9
206.0000, 186.0000, -2.765e-9
208.0000, 186.0000, -2.759e-9
210.0000, 186.0000, -2.755e-9
212.0000, 186.0000, -2.752e-9
214.0000, 186.0000, -2.749e-9
216.0000, 186.0000, -2.745e-9
218.0000, 186.0000, -2.742e-9
220.0000, 186.0000, -2.739e-9
222.0000, 186.0000, -2.736e-9
224.0000, 186.0000, -2.734e-9
226.0000, 186.0000, -2.731e-9
228.0000, 186.0000, -2.729e-9
230.0000, 186.0000, -2.727e-9
232.0000, 186.0000, -2.725e-9
234.0000, 186.0000, -2.724e-9
236.0000, 186.0000, -2.722e-9
238.0000, 186.0000, -2.721e-9
240.0000, 186.0000, -2.720e-9
242.0000, 186.0000, -2.719e-9
244.0000, 186.0000, -2.717e-9
246.0000, 186.0000, -2.716e-9
248.0000, 186.0000, -2.715e-9
250.0000, 186.0000, -2.714e-9
252.0000, 186.0000, -2.714e-9
254.0000, 186.0000, -2.712e-9
256.0000, 186.0000, -2.711e-9
258.0000, 186.0000, -2.711e-9
260.0000, 186.0000, -2.710e-9
262.0000, 186.0000, -2.709e-9
264.0000, 186.0000, -2.708e-9
266.0000, 186.0000, -2.708e-9
268.0000, 186.0000, -2.707e-9
270.0000, 186.0000, -2.707e-9
272.0000, 186.0000, -2.706e-9
274.0000, 186.0000, -2.706e-9
276.0000, 186.0000, -2.705e-9
278.0000, 186.0000, -2.704e-9
280.0000, 186.0000, -2.704e-9
282.0000, 186.0000, -2.703e-9
284.0000, 186.0000, -2.703e-9
286.0000, 186.0000, -2.703e-9
288.0000, 186.0000, -2.702e-9
290.0000, 186.0000, -2.702e-9
292.0000, 186.0000, -2.701e-9
294.0000, 186.0000, -2.701e-9
296.0000, 186.0000, -2.701e-9
298.0000, 186.0000, -2.700e-9
0.0000, 188.0000, -3.250e-9
2.0000, 188.0000, -3.136e-9
4.0000, 188.0000, -3.042e-9
6.0000, 188.0000, -2.969e-9
8.0000, 188.0000, -2.914e-9
10.0000, 188.0000, -2.872e-9
12.0000, 188.0000, -2.841e-9
14.0000, 188.0000, -2.818e-9
16.0000, 188.0000, -2.801e-9
18.0000, 188.0000, -2.787e-9
20.0000, 188.0000, -2.777e-9
22.0000, 188.0000, -2.771e-9
24.0000, 188.0000, -2.768e-9
26.0000, 188.0000, -2.765e-9
28.0000, 188.0000, -2.763e-9
30.0000, 188.0000, -2.764e-9
32.0000, 188.0000, -2.767e-9
34.0000, 188.0000, -2.770e-9
36.0000, 188.0000, -2.775e-9
38.0000, 188.0000, -2.779e-9
40.0000, 188.0000, -2.782e-9
42.0000, 188.0000, -2.784e-9
44.0000, 188.0000, -2.790e-9
46.0000, 188.0000, -2.797e-9
48.0000, 188.0000, -2.801e-9
50.0000, 188.0000, -2.804e-9
52.0000, 188.0000, -2.808e-9
54.0000, 188.0000, -2.811e-9
56.0000, 188.0000, -2.813e-9
58.0000, 188.0000, -2.814e-9
60.0000, 188.0000, -2.815e-9
62.0000, 188.0000, -2.816e-9
64.0000, 188.0000, -2.818e-9
66.0000, 188.0000, -2.820e-9
68.0000, 188.0000, -2.821e-9
70.0000, 188.0000, -2.821e-9
72.0000, 188.0000, -2.818e-9
74.0000, 188.0000, -2.818e-9
76.0000, 188.0000, -2.818e-9
78.0000, 188.0000, -2.819e-9
80.0000, 188.0000, -2.818e-9
82.0000, 188.0000, -2.816e-9
84.0000, 188.0000, -2.813e-9
86.0000, 188.0000, -2.811e-9
88.0000, 188.0000, -2.809e-9
90.0000, 188.0000, -2.806e-9
92.0000, 188.0000, -2.803e-9
94.0000, 188.0000, -2.802e-9
96.0000, 188.0000, -2.803e-9
98.0000, 188.0000, -2.803e-9
100.0000, 188.0000, -2.803e-9
102.0000, 188.0000, -2.801e-9
104.0000, 188.0000, -2.798e-9
106.0000, 188.0000, -2.794e-9
108.0000, 188.0000, -2.792e-9
110.0000, 188.0000, -2.790e-9
112.0000, 188.0000, -2.789e-9
114.0000, 188.0000, -2.788e-9
116.0000, 188.0000, -2.787e-9
118.0000, 188.0000, -2.785e-9
120.0000, 188.0000, -2.784e-9
122.0000, 188.0000, -2.783e-9
124.0000, 188.0000, -2.783e-9
126.0000, 188.0000, -2.781e-9
128.0000, 188.0000, -2.781e-9
130.0000, 188.0000, -2.780e-9
132.0000, 188.0000, -2.780e-9
134.0000, 188.0000, -2.780e-9
136.0000, 188.0000, -2.780e-9
138.0000, 188.0000, -2.779e-9
140.0000, 188.0000, -2.779e-9
142.0000, 188.0000, -2.779e-9
144.0000, 188.0000, -2.779e-9
146.0000, 188.0000, -2.779e-9
148.0000, 188.0000, -2.778e-9
150.0000, 188.0000, -2.778e-9
152.0000, 188.0000, -2.779e-9
154.0000, 188.0000, -2.780e-9
156.0000, 188.0000, -2.781e-9
158.0000, 188.0000, -2.781e-9
160.0000, 188.0000, -2.782e-9
162.0000, 188.0000, -2.784e-9
164.0000, 188.0000, -2.786e-9
166.0000, 188.0000, -2.787e-9
168.0000, 188.0000, -2.787e-9
170.0000, 188.0000, -2.786e-9
172.0000, 188.0000, -2.787e-9
174.0000, 188.0000, -2.787e-9
176.0000, 188.0000, -2.785e-9
178.0000, 188.0000, -2.783e-9
180.0000, 188.0000, -2.781e-9
182.0000, 188.0000, -2.778e-9
184.0000, 188.0000, -2.777e-9
186.0000, 188.0000, -2.776e-9
188.0000, 188.0000, -2.775e-9
190.0000, 188.0000, -2.776e-9
192.0000, 188.0000, -2.776e-9
194.0000, 188.0000, -2.778e-9
196.0000, 188.0000, -2.780e-9
198.0000, 188.0000, -2.780e-9
200.0000, 188.0000, -2.778e-9
202.0000, 188.0000, -2.774e-9
204.0000, 188.0000, -2.769e-9
206.0000, 188.0000, -2.765e-9
208.0000, 188.0000, -2.759e-9
210.0000, 188.0000, -2.754e-9
212.0000, 188.0000, -2.751e-9
214.0000, 188.0000, -2.747e-9
216.0000, 188.0000, -2.745e-9
218.0000, 188.0000, -2.742e-9
220.0000, 188.0000, -2.738e-9
222.0000, 188.0000, -2.735e-9
224.0000, 188.0000, -2.733e-9
226.0000, 188.0000, -2.731e-9
228.0000, 188.0000, -2.729e-9
230.0000, 188.0000, -2.727e-9
232.0000, 188.0000, -2.724e-9
234.0000, 188.0000, -2.722e-9
236.0000, 188.0000, -2.720e-9
238.0000, 188.0000, -2.719e-9
240.0000, 188.0000, -2.717e-9
242.0000, 188.0000, -2.715e-9
244.0000, 188.0000, -2.715e-9
246.0000, 188.0000, -2.715e-9
248.0000, 188.0000, -2.714e-9
250.0000, 188.0000, -2.712e-9
252.0000, 188.0000, -2.711e-9
254.0000, 188.0000, -2.711e-9
256.0000, 188.0000, -2.710e-9
258.0000, 188.0000, -2.709e-9
260.0000, 188.0000, -2.708e-9
262.0000, 188.0000, -2.707e-9
264.0000, 188.0000, -2.707e-9
266.0000, 188.0000, -2.706e-9
268.0000, 188.0000, -2.706e-9
270.0000, 188.0000, -2.705e-9
272.0000, 188.0000, -2.705e-9
274.0000, 188.0000, -2.704e-9
276.0000, 188.0000, -2.703e-9
278.0000, 188.0000, -2.702e-9
280.0000, 188.0000, -2.702e-9
282.0000, 188.0000, -2.702e-9
284.0000, 188.0000, -2.701e-9
286.0000, 188.0000, -2.701e-9
288.0000, 188.0000, -2.701e-9
290.0000, 188.0000, -2.700e-9
292.0000, 188.0000, -2.700e-9
294.0000, 188.0000, -2.699e-9
296.0000, 188.0000, -2.699e-9
298.0000, 188.0000, -2.699e-9
0.0000, 190.0000, -3.274e-9
2.0000, 190.0000, -3.154e-9
4.0000, 190.0000, -3.054e-9
6.0000, 190.0000, -2.977e-9
8.0000, 190.0000, -2.919e-9
10.0000, 190.0000, -2.876e-9
12.0000, 190.0000, -2.844e-9
14.0000, 190.0000, -2.819e-9
16.0000, 190.0000, -2.801e-9
18.0000, 190.0000, -2.786e-9
20.0000, 190.0000, -2.776e-9
22.0000, 190.0000, -2.769e-9
24.0000, 190.0000, -2.765e-9
26.0000, 190.0000, -2.763e-9
28.0000, 190.0000, -2.761e-9
30.0000, 190.0000, -2.762e-9
32.0000, 190.0000, -2.766e-9
34.0000, 190.0000, -2.769e-9
36.0000, 190.0000, -2.772e-9
38.0000, 190.0000, -2.774e-9
40.0000, 190.0000, -2.778e-9
42.0000, 190.0000, -2.782e-9
44.0000, 190.0000, -2.788e-9
46.0000, 190.0000, -2.793e-9
48.0000, 190.0000, -2.796e-9
50.0000, 190.0000, -2.799e-9
52.0000, 190.0000, -2.803e-9
54.0000, 190.0000, -2.805e-9
56.0000, 190.0000, -2.808e-9
58.0000, 190.0000, -2.809e-9
60.0000, 190.0000, -2.812e-9
62.0000, 190.0000, -2.814e-9
64.0000, 190.0000, -2.817e-9
66.0000, 190.0000, -2.817e-9
68.0000, 190.0000, -2.816e-9
70.0000, 190.0000, -2.816e-9
72.0000, 190.0000, -2.818e-9
74.0000, 190.0000, -2.818e-9
76.0000, 190.0000, -2.817e-9
78.0000, 190.0000, -2.814e-9
80.0000, 190.0000, -2.813e-9
82.0000, 190.0000, -2.813e-9
84.0000, 190.0000, -2.810e-9
86.0000, 190.0000, -2.807e-9
88.0000, 190.0000, -2.804e-9
90.0000, 190.0000, -2.803e-9
92.0000, 190.0000, -2.803e-9
94.0000, 190.0000, -2.805e-9
96.0000, 190.0000, -2.804e-9
98.0000, 190.0000, -2.802e-9
100.0000, 190.0000, -2.801e-9
102.0000, 190.0000, -2.799e-9
104.0000, 190.0000, -2.797e-9
106.0000, 190.0000, -2.794e-9
108.0000, 190.0000, -2.792e-9
110.0000, 190.0000, -2.792e-9
112.0000, 190.0000, -2.791e-9
114.0000, 190.0000, -2.790e-9
116.0000, 190.0000, -2.788e-9
118.0000, 190.0000, -2.788e-9
120.0000, 190.0000, -2.788e-9
122.0000, 190.0000, -2.788e-9
124.0000, 190.0000, -2.788e-9
126.0000, 190.0000, -2.787e-9
128.0000, 190.0000, -2.786e-9
130.0000, 190.0000, -2.787e-9
132.0000, 190.0000, -2.786e-9
134.0000, 190.0000, -2.786e-9
136.0000, 190.0000, -2.785e-9
138.0000, 190.0000, -2.784e-9
140.0000, 190.0000, -2.783e-9
142.0000, 190.0000, -2.782e-9
144.0000, 190.0000, -2.782e-9
146.0000, 190.0000, -2.783e-9
148.0000, 190.0000, -2.785e-9
150.0000, 190.0000, -2.785e-9
152.0000, 190.0000, -2.784e-9
154.0000, 190.0000, -2.783e-9
156.0000, 190.0000, -2.783e-9
158.0000, 190.0000, -2.782e-9
160.0000, 190.0000, -2.784e-9
162.0000, 190.0000, -2.786e-9
164.0000, 190.0000, -2.787e-9
166.0000, 190.0000, -2.787e-9
168.0000, 190.0000, -2.786e-9
170.0000, 190.0000, -2.787e-9
172.0000, 190.0000, -2.787e-9
174.0000, 190.0000, -2.787e-9
176.0000, 190.0000, -2.785e-9
178.0000, 190.0000, -2.782e-9
180.0000, 190.0000, -2.780e-9
182.0000, 190.0000, -2.779e-9
184.0000, 190.0000, -2.777e-9
186.0000, 190.0000, -2.776e-9
188.0000, 190.0000, -2.776e-9
190.0000, 190.0000, -2.777e-9
192.0000, 190.0000, -2.777e-9
194.0000, 190.0000, -2.779e-9
196.0000, 190.0000, -2.782e-9
198.0000, 190.0000, -2.781e-9
200.0000, 190.0000, -2.779e-9
202.0000, 190.0000, -2.775e-9
204.0000, 190.0000, -2.769e-9
206.0000, 190.0000, -2.764e-9
208.0000, 190.0000, -2.760e-9
210.0000, 190.0000, -2.755e-9
212.0000, 190.0000, -2.751e-9
214.0000, 190.0000, -2.747e-9
216.0000, 190.0000, -2.743e-9
218.0000, 190.0000, -2.741e-9
220.0000, 190.0000, -2.737e-9
222.0000, 190.0000, -2.735e-9
224.0000, 190.0000, -2.732e-9
226.0000, 190.0000, -2.730e-9
228.0000, 190.0000, -2.728e-9
230.0000, 190.0000, -2.726e-9
232.0000, 190.0000, -2.724e-9
234.0000, 190.0000, -2.722e-9
236.0000, 190.0000, -2.721e-9
238.0000, 190.0000, -2.719e-9
240.0000, 190.0000, -2.718e-9
242.0000, 190.0000, -2.717e-9
244.0000, 190.0000, -2.715e-9
246.0000, 190.0000, -2.714e-9
248.0000, 190.0000, -2.713e-9
250.0000, 190.0000, -2.712e-9
252.0000, 190.0000, -2.712e-9
254.0000, 190.0000, -2.711e-9
256.0000, 190.0000, -2.710e-9
258.0000, 190.0000, -2.709e-9
260.0000, 190.0000, -2.709e-9
262.0000, 190.0000, -2.707e-9
264.0000, 190.0000, -2.707e-9
266.0000, 190.0000, -2.706e-9
268.0000, 190.0000, -2.706e-9
270.0000, 190.0000, -2.705e-9
272.0000, 190.0000, -2.704e-9
274.0000, 190.0000, -2.704e-9
276.0000, 190.0000, -2.703e-9
278.0000, 190.0000, -2.703e-9
280.0000, 190.0000, -2.702e-9
282.0000, 190.0000, -2.701e-9
284.0000, 190.0000, -2.701e-9
286.0000, 190.0000, -2.701e-9
288.0000, 190.0000, -2.701e-9
290.0000, 190.0000, -2.700e-9
292.0000, 190.0000, -2.700e-9
294.0000, 190.0000, -2.700e-9
296.0000, 190.0000, -2.700e-9
298.0000, 190.0000, -2.699e-9
0.0000, 192.0000, -3.269e-9
2.0000, 192.0000, -3.149e-9
4.0000, 192.0000, -3.050e-9
6.0000, 192.0000, -2.974e-9
8.0000, 192.0000, -2.917e-9
10.0000, 192.0000, -2.874e-9
12.0000, 192.0000, -2.841e-9
14.0000, 192.0000, -2.817e-9
16.0000, 192.0000, -2.798e-9
18.0000, 192.0000, -2.784e-9
20.0000, 192.0000, -2.773e-9
22.0000, 192.0000, -2.767e-9
24.0000, 192.0000, -2.763e-9
26.0000, 192.0000, -2.761e-9
28.0000, 192.0000, -2.760e-9
30.0000, 192.0000, -2.760e-9
32.0000, 192.0000, -2.762e-9
34.0000, 192.0000, -2.765e-9
36.0000, 192.0000, -2.769e-9
38.0000, 192.0000, -2.772e-9
40.0000, 192.0000, -2.774e-9
42.0000, 192.0000, -2.777e-9
44.0000, 192.0000, -2.783e-9
46.0000, 192.0000, -2.787e-9
48.0000, 192.0000, -2.791e-9
50.0000, 192.0000, -2.794e-9
52.0000, 192.0000, -2.798e-9
54.0000, 192.0000, -2.801e-9
56.0000, 192.0000, -2.803e-9
58.0000, 192.0000, -2.803e-9
60.0000, 192.0000, -2.805e-9
62.0000, 192.0000, -2.807e-9
64.0000, 192.0000, -2.809e-9
66.0000, 192.0000, -2.811e-9
68.0000, 192.0000, -2.812e-9
70.0000, 192.0000, -2.812e-9
72.0000, 192.0000, -2.811e-9
74.0000, 192.0000, -2.814e-9
76.0000, 192.0000, -2.815e-9
78.0000, 192.0000, -2.815e-9
80.0000, 192.0000, -2.813e-9
82.0000, 192.0000, -2.810e-9
84.0000, 192.0000, -2.808e-9
86.0000, 192.0000, -2.805e-9
88.0000, 192.0000, -2.802e-9
90.0000, 192.0000, -2.801e-9
92.0000, 192.0000, -2.802e-9
94.0000, 192.0000, -2.803e-9
96.0000, 192.0000, -2.802e-9
98.0000, 192.0000, -2.800e-9
100.0000, 192.0000, -2.800e-9
102.0000, 192.0000, -2.798e-9
104.0000, 192.0000, -2.796e-9
106.0000, 192.0000, -2.795e-9
108.0000, 192.0000, -2.793e-9
110.0000, 192.0000, -2.792e-9
112.0000, 192.0000, -2.791e-9
114.0000, 192.0000, -2.790e-9
116.0000, 192.0000, -2.790e-9
118.0000, 192.0000, -2.789e-9
120.0000, 192.0000, -2.789e-9
122.0000, 192.0000, -2.789e-9
124.0000, 192.0000, -2.788e-9
126.0000, 192.0000, -2.787e-9
128.0000, 192.0000, -2.785e-9
130.0000, 192.0000, -2.784e-9
132.0000, 192.0000, -2.783e-9
134.0000, 192.0000, -2.784e-9
136.0000, 192.0000, -2.784e-9
138.0000, 192.0000, -2.784e-9
140.0000, 192.0000, -2.783e-9
142.0000, 192.0000, -2.783e-9
144.0000, 192.0000, -2.782e-9
146.0000, 192.0000, -2.781e-9
148.0000, 192.0000, -2.780e-9
150.0000, 192.0000, -2.781e-9
152.0000, 192.0000, -2.781e-9
154.0000, 192.0000, -2.782e-9
156.0000, 192.0000, -2.783e-9
158.0000, 192.0000, -2.783e-9
160.0000, 192.0000, -2.785e-9
162.0000, 192.0000, -2.787e-9
164.0000, 192.0000, -2.787e-9
166.0000, 192.0000, -2.787e-9
168.0000, 192.0000, -2.788e-9
170.0000, 192.0000, -2.788e-9
172.0000, 192.0000, -2.789e-9
174.0000, 192.0000, -2.789e-9
176.0000, 192.0000, -2.788e-9
178.0000, 192.0000, -2.785e-9
180.0000, 192.0000, -2.783e-9
182.0000, 192.0000, -2.781e-9
184.0000, 192.0000, -2.780e-9
186.0000, 192.0000, -2.778e-9
188.0000, 192.0000, -2.777e-9
190.0000, 192.0000, -2.777e-9
192.0000, 192.0000, -2.778e-9
194.0000, 192.0000, -2.780e-9
196.0000, 192.0000, -2.783e-9
198.0000, 192.0000, -2.783e-9
200.0000, 192.0000, -2.781e-9
202.0000, 192.0000, -2.776e-9
204.0000, 192.0000, -2.771e-9
206.0000, 192.0000, -2.766e-9
208.0000, 192.0000, -2.762e-9
210.0000, 192.0000, -2.756e-9
212.0000, 192.0000, -2.753e-9
214.0000, 192.0000, -2.749e-9
216.0000, 192.0000, -2.746e-9
218.0000, 192.0000, -2.742e-9
220.0000, 192.0000, -2.739e-9
222.0000, 192.0000, -2.736e-9
224.0000, 192.0000, -2.733e-9
226.0000, 192.0000, -2.731e-9
228.0000, 192.0000, -2.728e-9
230.0000, 192.0000, -2.726e-9
232.0000, 192.0000, -2.725e-9
234.0000, 192.0000, -2.723e-9
236.0000, 192.0000, -2.721e-9
238.0000, 192.0000, -2.719e-9
240.0000, 192.0000, -2.718e-9
242.0000, 192.0000, -2.717e-9
244.0000, 192.0000, -2.715e-9
246.0000, 192.0000, -2.714e-9
248.0000, 192.0000, -2.714e-9
250.0000, 192.0000, -2.713e-9
252.0000, 192.0000, -2.712e-9
254.0000, 192.0000, -2.711e-9
256.0000, 192.0000, -2.710e-9
258.0000, 192.0000, -2.709e-9
260.0000, 192.0000, -2.708e-9
262.0000, 192.0000, -2.708e-9
264.0000, 192.0000, -2.707e-9
266.0000, 192.0000, -2.707e-9
268.0000, 192.0000, -2.707e-9
270.0000, 192.0000, -2.705e-9
272.0000, 192.0000, -2.704e-9
274.0000, 192.0000, -2.703e-9
276.0000, 192.0000, -2.703e-9
278.0000, 192.0000, -2.703e-9
280.0000, 192.0000, -2.702e-9
282.0000, 192.0000, -2.701e-9
284.0000, 192.0000, -2.701e-9
286.0000, 192.0000, -2.701e-9
288.0000, 192.0000, -2.700e-9
290.0000, 192.0000, -2.700e-9
292.0000, 192.0000, -2.700e-9
294.0000, 192.0000, -2.699e-9
296.0000, 192.0000, -2.700e-9
298.0000, 192.0000, -2.699e-9
0.0000, 194.0000, -3.253e-9
2.0000, 194.0000, -3.138e-9
4.0000, 194.0000, -3.043e-9
6.0000, 194.0000, -2.969e-9
8.0000, 194.0000, -2.913e-9
10.0000, 194.0000, -2.870e-9
12.0000, 194.0000, -2.839e-9
14.0000, 194.0000, -2.815e-9
16.0000, 194.0000, -2.797e-9
18.0000, 194.0000, -2.782e-9
20.0000, 194.0000, -2.771e-9
22.0000, 194.0000, -2.764e-9
24.0000, 194.0000, -2.759e-9
26.0000, 194.0000, -2.757e-9
28.0000, 194.0000, -2.757e-9
30.0000, 194.0000, -2.760e-9
32.0000, 194.0000, -2.762e-9
34.0000, 194.0000, -2.764e-9
36.0000, 194.0000, -2.765e-9
38.0000, 194.0000, -2.766e-9
40.0000, 194.0000, -2.770e-9
42.0000, 194.0000, -2.774e-9
44.0000, 194.0000, -2.779e-9
46.0000, 194.0000, -2.783e-9
48.0000, 194.0000, -2.786e-9
50.0000, 194.0000, -2.790e-9
52.0000, 194.0000, -2.796e-9
54.0000, 194.0000, -2.800e-9
56.0000, 194.0000, -2.800e-9
58.0000, 194.0000, -2.801e-9
60.0000, 194.0000, -2.802e-9
62.0000, 194.0000, -2.805e-9
64.0000, 194.0000, -2.806e-9
66.0000, 194.0000, -2.806e-9
68.0000, 194.0000, -2.807e-9
70.0000, 194.0000, -2.808e-9
72.0000, 194.0000, -2.810e-9
74.0000, 194.0000, -2.811e-9
76.0000, 194.0000, -2.812e-9
78.0000, 194.0000, -2.810e-9
80.0000, 194.0000, -2.809e-9
82.0000, 194.0000, -2.806e-9
84.0000, 194.0000, -2.803e-9
86.0000, 194.0000, -2.801e-9
88.0000, 194.0000, -2.800e-9
90.0000, 194.0000, -2.802e-9
92.0000, 194.0000, -2.802e-9
94.0000, 194.0000, -2.801e-9
96.0000, 194.0000, -2.800e-9
98.0000, 194.0000, -2.798e-9
100.0000, 194.0000, -2.798e-9
102.0000, 194.0000, -2.797e-9
104.0000, 194.0000, -2.795e-9
106.0000, 194.0000, -2.793e-9
108.0000, 194.0000, -2.791e-9
110.0000, 194.0000, -2.789e-9
112.0000, 194.0000, -2.788e-9
114.0000, 194.0000, -2.788e-9
116.0000, 194.0000, -2.786e-9
118.0000, 194.0000, -2.784e-9
120.0000, 194.0000, -2.783e-9
122.0000, 194.0000, -2.784e-9
124.0000, 194.0000, -2.783e-9
126.0000, 194.0000, -2.783e-9
128.0000, 194.0000, -2.784e-9
130.0000, 194.0000, -2.784e-9
132.0000, 194.0000, -2.784e-9
134.0000, 194.0000, -2.785e-9
136.0000, 194.0000, -2.785e-9
138.0000, 194.0000, -2.785e-9
140.0000, 194.0000, -2.786e-9
142.0000, 194.0000, -2.785e-9
144.0000, 194.0000, -2.785e-9
146.0000, 194.0000, -2.785e-9
148.0000, 194.0000, -2.784e-9
150.0000, 194.0000, -2.784e-9
152.0000, 194.0000, -2.784e-9
154.0000, 194.0000, -2.784e-9
156.0000, 194.0000, -2.785e-9
158.0000, 194.0000, -2.786e-9
160.0000, 194.0000, -2.787e-9
162.0000, 194.0000, -2.789e-9
164.0000, 194.0000, -2.792e-9
166.0000, 194.0000, -2.794e-9
168.0000, 194.0000, -2.795e-9
170.0000, 194.0000, -2.796e-9
172.0000, 194.0000, -2.798e-9
174.0000, 194.0000, -2.797e-9
176.0000, 194.0000, -2.795e-9
178.0000, 194.0000, -2.794e-9
180.0000, 194.0000, -2.790e-9
182.0000, 194.0000, -2.787e-9
184.0000, 194.0000, -2.785e-9
186.0000, 194.0000, -2.783e-9
188.0000, 194.0000, -2.782e-9
190.0000, 194.0000, -2.781e-9
192.0000, 194.0000, -2.780e-9
194.0000, 194.0000, -2.782e-9
196.0000, 194.0000, -2.784e-9
198.0000, 194.0000, -2.784e-9
200.0000, 194.0000, -2.782e-9
202.0000, 194.0000, -2.778e-9
204.0000, 194.0000, -2.773e-9
206.0000, 194.0000, -2.768e-9
208.0000, 194.0000, -2.763e-9
210.0000, 194.0000, -2.759e-9
212.0000, 194.0000, -2.755e-9
214.0000, 194.0000, -2.750e-9
216.0000, 194.0000, -2.747e-9
218.0000, 194.0000, -2.744e-9
220.0000, 194.0000, -2.740e-9
222.0000, 194.0000, -2.737e-9
224.0000, 194.0000, -2.735e-9
226.0000, 194.0000, -2.732e-9
228.0000, 194.0000, -2.729e-9
230.0000, 194.0000, -2.728e-9
232.0000, 194.0000, -2.726e-9
234.0000, 194.0000, -2.724e-9
236.0000, 194.0000, -2.722e-9
238.0000, 194.0000, -2.720e-9
240.0000, 194.0000, -2.719e-9
242.0000, 194.0000, -2.718e-9
244.0000, 194.0000, -2.717e-9
246.0000, 194.0000, -2.715e-9
248.0000, 194.0000, -2.714e-9
250.0000, 194.0000, -2.714e-9
252.0000, 194.0000, -2.713e-9
254.0000, 194.0000, -2.713e-9
256.0000, 194.0000, -2.711e-9
258.0000, 194.0000, -2.711e-9
260.0000, 194.0000, -2.709e-9
262.0000, 194.0000, -2.709e-9
264.0000, 194.0000, -2.708e-9
266.0000, 194.0000, -2.707e-9
268.0000, 194.0000, -2.707e-9
270.0000, 194.0000, -2.706e-9
272.0000, 194.0000, -2.705e-9
274.0000, 194.0000, -2.704e-9
276.0000, 194.0000, -2.703e-9
278.0000, 194.0000, -2.703e-9
280.0000, 194.0000, -2.703e-9
282.0000, 194.0000, -2.702e-9
284.0000, 194.0000, -2.702e-9
286.0000, 194.0000, -2.701e-9
288.0000, 194.0000, -2.701e-9
290.0000, 194.0000, -2.701e-9
292.0000, 194.0000, -2.701e-9
294.0000, 194.0000, -2.700e-9
296.0000, 194.0000, -2.701e-9
298.0000, 194.0000, -2.700e-9
0.0000, 196.0000, -3.254e-9
2.0000, 196.0000, -3.139e-9
4.0000, 196.0000, -3.043e-9
6.0000, 196.0000, -2.968e-9
8.0000, 196.0000, -2.911e-9
10.0000, 196.0000, -2.868e-9
12.0000, 196.0000, -2.836e-9
14.0000, 196.0000, -2.812e-9
16.0000, 196.0000, -2.792e-9
18.0000, 196.0000, -2.778e-9
20.0000, 196.0000, -2.768e-9
22.0000, 196.0000, -2.761e-9
24.0000, 196.0000, -2.757e-9
26.0000, 196.0000, -2.755e-9
28.0000, 196.0000, -2.754e-9
30.0000, 196.0000, -2.753e-9
32.0000, 196.0000, -2.754e-9
34.0000, 196.0000, -2.755e-9
36.0000, 196.0000, -2.757e-9
38.0000, 196.0000, -2.760e-9
40.0000, 196.0000, -2.765e-9
42.0000, 196.0000, -2.768e-9
44.0000, 196.0000, -2.774e-9
46.0000, 196.0000, -2.779e-9
48.0000, 196.0000, -2.784e-9
50.0000, 196.0000, -2.787e-9
52.0000, 196.0000, -2.791e-9
54.0000, 196.0000, -2.794e-9
56.0000, 196.0000, -2.796e-9
58.0000, 196.0000, -2.797e-9
60.0000, 196.0000, -2.797e-9
62.0000, 196.0000, -2.796e-9
64.0000, 196.0000, -2.798e-9
66.0000, 196.0000, -2.800e-9
68.0000, 196.0000, -2.802e-9
70.0000, 196.0000, -2.806e-9
72.0000, 196.0000, -2.807e-9
74.0000, 196.0000, -2.807e-9
76.0000, 196.0000, -2.807e-9
78.0000, 196.0000, -2.807e-9
80.0000, 196.0000, -2.804e-9
82.0000, 196.0000, -2.802e-9
84.0000, 196.0000, -2.801e-9
86.0000, 196.0000, -2.801e-9
88.0000, 196.0000, -2.801e-9
90.0000, 196.0000, -2.801e-9
92.0000, 196.0000, -2.800e-9
94.0000, 196.0000, -2.798e-9
96.0000, 196.0000, -2.797e-9
98.0000, 196.0000, -2.796e-9
100.0000, 196.0000, -2.794e-9
102.0000, 196.0000, -2.792e-9
104.0000, 196.0000, -2.791e-9
106.0000, 196.0000, -2.790e-9
108.0000, 196.0000, -2.789e-9
110.0000, 196.0000, -2.789e-9
112.0000, 196.0000, -2.787e-9
114.0000, 196.0000, -2.785e-9
116.0000, 196.0000, -2.783e-9
118.0000, 196.0000, -2.782e-9
120.0000, 196.0000, -2.782e-9
122.0000, 196.0000, -2.782e-9
124.0000, 196.0000, -2.781e-9
126.0000, 196.0000, -2.782e-9
128.0000, 196.0000, -2.781e-9
130.0000, 196.0000, -2.782e-9
132.0000, 196.0000, -2.782e-9
134.0000, 196.0000, -2.783e-9
136.0000, 196.0000, -2.783e-9
138.0000, 196.0000, -2.783e-9
140.0000, 196.0000, -2.784e-9
142.0000, 196.0000, -2.784e-9
144.0000, 196.0000, -2.784e-9
146.0000, 196.0000, -2.783e-9
148.0000, 196.0000, -2.782e-9
150.0000, 196.0000, -2.783e-9
152.0000, 196.0000, -2.783e-9
154.0000, 196.0000, -2.785e-9
156.0000, 196.0000, -2.785e-9
158.0000, 196.0000, -2.784e-9
160.0000, 196.0000, -2.785e-9
162.0000, 196.0000, -2.788e-9
164.0000, 196.0000, -2.791e-9
166.0000, 196.0000, -2.793e-9
168.0000, 196.0000, -2.794e-9
170.0000, 196.0000, -2.796e-9
172.0000, 196.0000, -2.798e-9
174.0000, 196.0000, -2.799e-9
176.0000, 196.0000, -2.798e-9
178.0000, 196.0000, -2.795e-9
180.0000, 196.0000, -2.791e-9
182.0000, 196.0000, -2.788e-9
184.0000, 196.0000, -2.785e-9
186.0000, 196.0000, -2.784e-9
188.0000, 196.0000, -2.782e-9
190.0000, 196.0000, -2.782e-9
192.0000, 196.0000, -2.782e-9
194.0000, 196.0000, -2.783e-9
196.0000, 196.0000, -2.785e-9
198.0000, 196.0000, -2.786e-9
200.0000, 196.0000, -2.782e-9
202.0000, 196.0000, -2.779e-9
204.0000, 196.0000, -2.774e-9
206.0000, 196.0000, -2.769e-9
208.0000, 196.0000, -2.763e-9
210.0000, 196.0000, -2.758e-9
212.0000, 196.0000, -2.754e-9
214.0000, 196.0000, -2.750e-9
216.0000, 196.0000, -2.747e-9
218.0000, 196.0000, -2.744e-9
220.0000, 196.0000, -2.739e-9
222.0000, 196.0000, -2.736e-9
224.0000, 196.0000, -2.733e-9
226.0000, 196.0000, -2.732e-9
228.0000, 196.0000, -2.729e-9
230.0000, 196.0000, -2.727e-9
232.0000, 196.0000, -2.725e-9
234.0000, 196.0000, -2.723e-9
236.0000, 196.0000, -2.721e-9
238.0000, 196.0000, -2.719e-9
240.0000, 196.0000, -2.718e-9
242.0000, 196.0000, -2.716e-9
244.0000, 196.0000, -2.715e-9
246.0000, 196.0000, -2.714e-9
248.0000, 196.0000, -2.713e-9
250.0000, 196.0000, -2.713e-9
252.0000, 196.0000, -2.711e-9
254.0000, 196.0000, -2.711e-9
256.0000, 196.0000, -2.710e-9
258.0000, 196.0000, -2.709e-9
260.0000, 196.0000, -2.708e-9
262.0000, 196.0000, -2.707e-9
264.0000, 196.0000, -2.707e-9
266.0000, 196.0000, -2.706e-9
268.0000, 196.0000, -2.705e-9
270.0000, 196.0000, -2.704e-9
272.0000, 196.0000, -2.704e-9
274.0000, 196.0000, -2.703e-9
276.0000, 196.0000, -2.703e-9
278.0000, 196.0000, -2.702e-9
280.0000, 196.0000, -2.701e-9
282.0000, 196.0000, -2.701e-9
284.0000, 196.0000, -2.700e-9
286.0000, 196.0000, -2.699e-9
288.0000, 196.0000, -2.700e-9
290.0000, 196.0000, -2.700e-9
292.0000, 196.0000, -2.699e-9
294.0000, 196.0000, -2.699e-9
296.0000, 196.0000, -2.698e-9
298.0000, 196.0000, -2.698e-9
0.0000, 198.0000, -3.243e-9
2.0000, 198.0000, -3.129e-9
4.0000, 198.0000, -3.034e-9
6.0000, 198.0000, -2.961e-9
8.0000, 198.0000, -2.906e-9
10.0000, 198.0000, -2.864e-9
12.0000, 198.0000, -2.831e-9
14.0000, 198.0000, -2.807e-9
16.0000, 198.0000, -2.788e-9
18.0000, 198.0000, -2.773e-9
20.0000, 198.0000, -2.764e-9
22.0000, 198.0000, -2.758e-9
24.0000, 198.0000, -2.754e-9
26.0000, 198.0000, -2.751e-9
28.0000, 198.0000, -2.748e-9
30.0000, 198.0000, -2.747e-9
32.0000, 198.0000, -2.748e-9
34.0000, 198.0000, -2.750e-9
36.0000, 198.0000, -2.753e-9
38.0000, 198.0000, -2.755e-9
40.0000, 198.0000, -2.760e-9
42.0000, 198.0000, -2.765e-9
44.0000, 198.0000, -2.769e-9
46.0000, 198.0000, -2.773e-9
48.0000, 198.0000, -2.778e-9
50.0000, 198.0000, -2.784e-9
52.0000, 198.0000, -2.787e-9
54.0000, 198.0000, -2.788e-9
56.0000, 198.0000, -2.788e-9
58.0000, 198.0000, -2.788e-9
60.0000, 198.0000, -2.787e-9
62.0000, 198.0000, -2.789e-9
64.0000, 198.0000, -2.794e-9
66.0000, 198.0000, -2.796e-9
68.0000, 198.0000, -2.797e-9
70.0000, 198.0000, -2.799e-9
72.0000, 198.0000, -2.800e-9
74.0000, 198.0000, -2.801e-9
76.0000, 198.0000, -2.800e-9
78.0000, 198.0000, -2.799e-9
80.0000, 198.0000, -2.798e-9
82.0000, 198.0000, -2.798e-9
84.0000, 198.0000, -2.799e-9
86.0000, 198.0000, -2.799e-9
88.0000, 198.0000, -2.798e-9
90.0000, 198.0000, -2.798e-9
92.0000, 198.0000, -2.798e-9
94.0000, 198.0000, -2.796e-9
96.0000, 198.0000, -2.796e-9
98.0000, 198.0000, -2.796e-9
100.0000, 198.0000, -2.795e-9
102.0000, 198.0000, -2.794e-9
104.0000, 198.0000, -2.794e-9
106.0000, 198.0000, -2.794e-9
108.0000, 198.0000, -2.791e-9
110.0000, 198.0000, -2.789e-9
112.0000, 198.0000, -2.788e-9
114.0000, 198.0000, -2.787e-9
116.0000, 198.0000, -2.786e-9
118.0000, 198.0000, -2.785e-9
120.0000, 198.0000, -2.784e-9
122.0000, 198.0000, -2.784e-9
124.0000, 198.0000, -2.783e-9
126.0000, 198.0000, -2.782e-9
128.0000, 198.0000, -2.783e-9
130.0000, 198.0000, -2.784e-9
132.0000, 198.0000, -2.785e-9
134.0000, 198.0000, -2.785e-9
136.0000, 198.0000, -2.785e-9
138.0000, 198.0000, -2.784e-9
140.0000, 198.0000, -2.784e-9
142.0000, 198.0000, -2.784e-9
144.0000, 198.0000, -2.783e-9
146.0000, 198.0000, -2.784e-9
148.0000, 198.0000, -2.784e-9
150.0000, 198.0000, -2.784e-9
152.0000, 198.0000, -2.783e-9
154.0000, 198.0000, -2.783e-9
156.0000, 198.0000, -2.783e-9
158.0000, 198.0000, -2.784e-9
160.0000, 198.0000, -2.785e-9
162.0000, 198.0000, -2.788e-9
164.0000, 198.0000, -2.791e-9
166.0000, 198.0000, -2.793e-9
168.0000, 198.0000, -2.792e-9
170.0000, 198.0000, -2.793e-9
172.0000, 198.0000, -2.794e-9
174.0000, 198.0000, -2.794e-9
176.0000, 198.0000, -2.792e-9
178.0000, 198.0000, -2.790e-9
180.0000, 198.0000, -2.787e-9
182.0000, 198.0000, -2.784e-9
184.0000, 198.0000, -2.782e-9
186.0000, 198.0000, -2.780e-9
188.0000, 198.0000, -2.779e-9
190.0000, 198.0000, -2.778e-9
192.0000, 198.0000, -2.778e-9
194.0000, 198.0000, -2.779e-9
196.0000, 198.0000, -2.781e-9
198.0000, 198.0000, -2.781e-9
200.0000, 198.0000, -2.778e-9
202.0000, 198.0000, -2.775e-9
204.0000, 198.0000, -2.770e-9
206.0000, 198.0000, -2.764e-9
208.0000, 198.0000, -2.759e-9
210.0000, 198.0000, -2.755e-9
212.0000, 198.0000, -2.750e-9
214.0000, 198.0000, -2.747e-9
216.0000, 198.0000, -2.744e-9
218.0000, 198.0000, -2.740e-9
220.0000, 198.0000, -2.736e-9
222.0000, 198.0000, -2.733e-9
224.0000, 198.0000, -2.731e-9
226.0000, 198.0000, -2.729e-9
228.0000, 198.0000, -2.728e-9
230.0000, 198.0000, -2.725e-9
232.0000, 198.0000, -2.723e-9
234.0000, 198.0000, -2.720e-9
236.0000, 198.0000, -2.718e-9
238.0000, 198.0000, -2.717e-9
240.0000, 198.0000, -2.715e-9
242.0000, 198.0000, -2.714e-9
244.0000, 198.0000, -2.713e-9
246.0000, 198.0000, -2.711e-9
248.0000, 198.0000, -2.710e-9
250.0000, 198.0000, -2.709e-9
252.0000, 198.0000, -2.709e-9
254.0000, 198.0000, -2.708e-9
256.0000, 198.0000, -2.707e-9
258.0000, 198.0000, -2.706e-9
260.0000, 198.0000, -2.705e-9
262.0000, 198.0000, -2.705e-9
264.0000, 198.0000, -2.704e-9
266.0000, 198.0000, -2.704e-9
268.0000, 198.0000, -2.703e-9
270.0000, 198.0000, -2.703e-9
272.0000, 198.0000, -2.701e-9
274.0000, 198.0000, -2.700e-9
276.0000, 198.0000, -2.699e-9
278.0000, 198.0000, -2.699e-9
280.0000, 198.0000, -2.699e-9
282.0000, 198.0000, -2.699e-9
284.0000, 198.0000, -2.697e-9
286.0000, 198.0000, -2.697e-9
288.0000, 198.0000, -2.698e-9
290.0000, 198.0000, -2.696e-9
292.0000, 198.0000, -2.696e-9
294.0000, 198.0000, -2.696e-9
296.0000, 198.0000, -2.696e-9
298.0000, 198.0000, -2.695e-9
0.0000, 200.0000, -3.244e-9
2.0000, 200.0000, -3.128e-9
4.0000, 200.0000, -3.033e-9
6.0000, 200.0000, -2.959e-9
8.0000, 200.0000, -2.903e-9
10.0000, 200.0000, -2.861e-9
12.0000, 200.0000, -2.829e-9
14.0000, 200.0000, -2.805e-9
16.0000, 200.0000, -2.786e-9
18.0000, 200.0000, -2.771e-9
20.0000, 200.0000, -2.762e-9
22.0000, 200.0000, -2.754e-9
24.0000, 200.0000, -2.750e-9
26.0000, 200.0000, -2.745e-9
28.0000, 200.0000, -2.742e-9
30.0000, 200.0000, -2.743e-9
32.0000, 200.0000, -2.744e-9
34.0000, 200.0000, -2.748e-9
36.0000, 200.0000, -2.752e-9
38.0000, 200.0000, -2.755e-9
40.0000, 200.0000, -2.758e-9
42.0000, 200.0000, -2.759e-9
44.0000, 200.0000, -2.762e-9
46.0000, 200.0000, -2.768e-9
48.0000, 200.0000, -2.773e-9
50.0000, 200.0000, -2.778e-9
52.0000, 200.0000, -2.780e-9
54.0000, 200.0000, -2.780e-9
56.0000, 200.0000, -2.779e-9
58.0000, 200.0000, -2.779e-9
60.0000, 200.0000, -2.780e-9
62.0000, 200.0000, -2.780e-9
64.0000, 200.0000, -2.781e-9
66.0000, 200.0000, -2.784e-9
68.0000, 200.0000, -2.787e-9
70.0000, 200.0000, -2.790e-9
72.0000, 200.0000, -2.789e-9
74.0000, 200.0000, -2.790e-9
76.0000, 200.0000, -2.790e-9
78.0000, 200.0000, -2.791e-9
80.0000, 200.0000, -2.794e-9
82.0000, 200.0000, -2.796e-9
84.0000, 200.0000, -2.797e-9
86.0000, 200.0000, -2.796e-9
88.0000, 200.0000, -2.796e-9
90.0000, 200.0000, -2.794e-9
92.0000, 200.0000, -2.791e-9
94.0000, 200.0000, -2.790e-9
96.0000, 200.0000, -2.790e-9
98.0000, 200.0000, -2.791e-9
100.0000, 200.0000, -2.792e-9
102.0000, 200.0000, -2.792e-9
104.0000, 200.0000, -2.792e-9
106.0000, 200.0000, -2.791e-9
108.0000, 200.0000, -2.789e-9
110.0000, 200.0000, -2.788e-9
112.0000, 200.0000, -2.786e-9
114.0000, 200.0000, -2.786e-9
116.0000, 200.0000, -2.787e-9
118.0000, 200.0000, -2.787e-9
120.0000, 200.0000, -2.785e-9
122.0000, 200.0000, -2.785e-9
124.0000, 200.0000, -2.785e-9
126.0000, 200.0000, -2.785e-9
128.0000, 200.0000, -2.785e-9
130.0000, 200.0000, -2.786e-9
132.0000, 200.0000, -2.786e-9
134.0000, 200.0000, -2.786e-9
136.0000, 200.0000, -2.786e-9
138.0000, 200.0000, -2.786e-9
140.0000, 200.0000, -2.785e-9
142.0000, 200.0000, -2.785e-9
144.0000, 200.0000, -2.786e-9
146.0000, 200.0000, -2.786e-9
148.0000, 200.0000, -2.785e-9
150.0000, 200.0000, -2.784e-9
152.0000, 200.0000, -2.785e-9
154.0000, 200.0000, -2.784e-9
156.0000, 200.0000, -2.785e-9
158.0000, 200.0000, -2.786e-9
160.0000, 200.0000, -2.787e-9
162.0000, 200.0000, -2.788e-9
164.0000, 200.0000, -2.789e-9
166.0000, 200.0000, -2.790e-9
168.0000, 200.0000, -2.791e-9
170.0000, 200.0000, -2.791e-9
172.0000, 200.0000, -2.791e-9
174.0000, 200.0000, -2.791e-9
176.0000, 200.0000, -2.790e-9
178.0000, 200.0000, -2.789e-9
180.0000, 200.0000, -2.786e-9
182.0000, 200.0000, -2.784e-9
184.0000, 200.0000, -2.781e-9
186.0000, 200.0000, -2.779e-9
188.0000, 200.0000, -2.777e-9
190.0000, 200.0000, -2.777e-9
192.0000, 200.0000, -2.776e-9
194.0000, 200.0000, -2.777e-9
196.0000, 200.0000, -2.779e-9
198.0000, 200.0000, -2.779e-9
200.0000, 200.0000, -2.775e-9
202.0000, 200.0000, -2.772e-9
204.0000, 200.0000, -2.767e-9
206.0000, 200.0000, -2.763e-9
208.0000, 200.0000, -2.758e-9
210.0000, 200.0000, -2.753e-9
212.0000, 200.0000, -2.748e-9
214.0000, 200.0000, -2.745e-9
216.0000, 200.0000, -2.741e-9
218.0000, 200.0000, -2.738e-9
220.0000, 200.0000, -2.734e-9
222.0000, 200.0000, -2.731e-9
224.0000, 200.0000, -2.728e-9
226.0000, 200.0000, -2.726e-9
228.0000, 200.0000, -2.724e-9
230.0000, 200.0000, -2.722e-9
232.0000, 200.0000, -2.719e-9
234.0000, 200.0000, -2.717e-9
236.0000, 200.0000, -2.715e-9
238.0000, 200.0000, -2.714e-9
240.0000, 200.0000, -2.712e-9
242.0000, 200.0000, -2.711e-9
244.0000, 200.0000, -2.710e-9
246.0000, 200.0000, -2.708e-9
248.0000, 200.0000, -2.707e-9
250.0000, 200.0000, -2.706e-9
252.0000, 200.0000, -2.706e-9
254.0000, 200.0000, -2.705e-9
256.0000, 200.0000, -2.704e-9
258.0000, 200.0000, -2.703e-9
260.0000, 200.0000, -2.702e-9
262.0000, 200.0000, -2.701e-9
264.0000, 200.0000, -2.700e-9
266.0000, 200.0000, -2.700e-9
268.0000, 200.0000, -2.699e-9
270.0000, 200.0000, -2.698e-9
272.0000, 200.0000, -2.698e-9
274.0000, 200.0000, -2.697e-9
276.0000, 200.0000, -2.697e-9
278.0000, 200.0000, -2.696e-9
280.0000, 200.0000, -2.696e-9
282.0000, 200.0000, -2.695e-9
284.0000, 200.0000, -2.695e-9
286.0000, 200.0000, -2.695e-9
288.0000, 200.0000, -2.694e-9
290.0000, 200.0000, -2.694e-9
292.0000, 200.0000, -2.693e-9
294.0000, 200.0000, -2.693e-9
296.0000, 200.0000, -2.692e-9
298.0000, 200.0000, -2.692e-9
0.0000, 202.0000, -3.261e-9
2.0000, 202.0000, -3.142e-9
4.0000, 202.0000, -3.043e-9
6.0000, 202.0000, -2.966e-9
8.0000, 202.0000, -2.907e-9
10.0000, 202.0000, -2.863e-9
12.0000, 202.0000, -2.828e-9
14.0000, 202.0000, -2.803e-9
16.0000, 202.0000, -2.784e-9
18.0000, 202.0000, -2.769e-9
20.0000, 202.0000, -2.757e-9
22.0000, 202.0000, -2.749e-9
24.0000, 202.0000, -2.743e-9
26.0000, 202.0000, -2.740e-9
28.0000, 202.0000, -2.737e-9
30.0000, 202.0000, -2.736e-9
32.0000, 202.0000, -2.736e-9
34.0000, 202.0000, -2.740e-9
36.0000, 202.0000, -2.745e-9
38.0000, 202.0000, -2.747e-9
40.0000, 202.0000, -2.748e-9
42.0000, 202.0000, -2.749e-9
44.0000, 202.0000, -2.755e-9
46.0000, 202.0000, -2.761e-9
48.0000, 202.0000, -2.766e-9
50.0000, 202.0000, -2.767e-9
52.0000, 202.0000, -2.770e-9
54.0000, 202.0000, -2.772e-9
56.0000, 202.0000, -2.773e-9
58.0000, 202.0000, -2.773e-9
60.0000, 202.0000, -2.772e-9
62.0000, 202.0000, -2.773e-9
64.0000, 202.0000, -2.775e-9
66.0000, 202.0000, -2.778e-9
68.0000, 202.0000, -2.779e-9
70.0000, 202.0000, -2.779e-9
72.0000, 202.0000, -2.779e-9
74.0000, 202.0000, -2.781e-9
76.0000, 202.0000, -2.784e-9
78.0000, 202.0000, -2.788e-9
80.0000, 202.0000, -2.789e-9
82.0000, 202.0000, -2.789e-9
84.0000, 202.0000, -2.790e-9
86.0000, 202.0000, -2.789e-9
88.0000, 202.0000, -2.786e-9
90.0000, 202.0000, -2.784e-9
92.0000, 202.0000, -2.784e-9
94.0000, 202.0000, -2.786e-9
96.0000, 202.0000, -2.788e-9
98.0000, 202.0000, -2.789e-9
100.0000, 202.0000, -2.790e-9
102.0000, 202.0000, -2.789e-9
104.0000, 202.0000, -2.788e-9
106.0000, 202.0000, -2.787e-9
108.0000, 202.0000, -2.787e-9
110.0000, 202.0000, -2.786e-9
112.0000, 202.0000, -2.785e-9
114.0000, 202.0000, -2.787e-9
116.0000, 202.0000, -2.786e-9
118.0000, 202.0000, -2.786e-9
120.0000, 202.0000, -2.785e-9
122.0000, 202.0000, -2.785e-9
124.0000, 202.0000, -2.784e-9
126.0000, 202.0000, -2.784e-9
128.0000, 202.0000, -2.784e-9
130.0000, 202.0000, -2.784e-9
132.0000, 202.0000, -2.785e-9
134.0000, 202.0000, -2.785e-9
136.0000, 202.0000, -2.786e-9
138.0000, 202.0000, -2.785e-9
140.0000, 202.0000, -2.786e-9
142.0000, 202.0000, -2.786e-9
144.0000, 202.0000, -2.786e-9
146.0000, 202.0000, -2.786e-9
148.0000, 202.0000, -2.785e-9
150.0000, 202.0000, -2.784e-9
152.0000, 202.0000, -2.785e-9
154.0000, 202.0000, -2.786e-9
156.0000, 202.0000, -2.786e-9
158.0000, 202.0000, -2.786e-9
160.0000, 202.0000, -2.786e-9
162.0000, 202.0000, -2.787e-9
164.0000, 202.0000, -2.789e-9
166.0000, 202.0000, -2.790e-9
168.0000, 202.0000, -2.790e-9
170.0000, 202.0000, -2.789e-9
172.0000, 202.0000, -2.789e-9
174.0000, 202.0000, -2.789e-9
176.0000, 202.0000, -2.789e-9
178.0000, 202.0000, -2.787e-9
180.0000, 202.0000, -2.784e-9
182.0000, 202.0000, -2.781e-9
184.0000, 202.0000, -2.779e-9
186.0000, 202.0000, -2.777e-9
188.0000, 202.0000, -2.775e-9
190.0000, 202.0000, -2.773e-9
192.0000, 202.0000, -2.772e-9
194.0000, 202.0000, -2.773e-9
196.0000, 202.0000, -2.776e-9
198.0000, 202.0000, -2.776e-9
200.0000, 202.0000, -2.774e-9
202.0000, 202.0000, -2.770e-9
204.0000, 202.0000, -2.766e-9
206.0000, 202.0000, -2.761e-9
208.0000, 202.0000, -2.755e-9
210.0000, 202.0000, -2.750e-9
212.0000, 202.0000, -2.746e-9
214.0000, 202.0000, -2.742e-9
216.0000, 202.0000, -2.738e-9
218.0000, 202.0000, -2.734e-9
220.0000, 202.0000, -2.730e-9
222.0000, 202.0000, -2.727e-9
224.0000, 202.0000, -2.724e-9
226.0000, 202.0000, -2.722e-9
228.0000, 202.0000, -2.720e-9
230.0000, 202.0000, -2.718e-9
232.0000, 202.0000, -2.716e-9
234.0000, 202.0000, -2.713e-9
236.0000, 202.0000, -2.711e-9
238.0000, 202.0000, -2.710e-9
240.0000, 202.0000, -2.709e-9
242.0000, 202.0000, -2.707e-9
244.0000, 202.0000, -2.706e-9
246.0000, 202.0000, -2.705e-9
248.0000, 202.0000, -2.704e-9
250.0000, 202.0000, -2.702e-9
252.0000, 202.0000, -2.702e-9
254.0000, 202.0000, -2.701e-9
256.0000, 202.0000, -2.700e-9
258.0000, 202.0000, -2.699e-9
260.0000, 202.0000, -2.699e-9
262.0000, 202.0000, -2.698e-9
264.0000, 202.0000, -2.697e-9
266.0000, 202.0000, -2.696e-9
268.0000, 202.0000, -2.695e-9
270.0000, 202.0000, -2.694e-9
272.0000, 202.0000, -2.694e-9
274.0000, 202.0000, -2.694e-9
276.0000, 202.0000, -2.693e-9
278.0000, 202.0000, -2.693e-9
280.0000, 202.0000, -2.692e-9
282.0000, 202.0000, -2.691e-9
284.0000, 202.0000, -2.691e-9
286.0000, 202.0000, -2.690e-9
288.0000, 202.0000, -2.690e-9
290.0000, 202.0000, -2.689e-9
292.0000, 202.0000, -2.689e-9
294.0000, 202.0000, -2.689e-9
296.0000, 202.0000, -2.689e-9
298.0000, 202.0000, -2.688e-9
0.0000, 204.0000, -3.253e-9
2.0000, 204.0000, -3.135e-9
4.0000, 204.0000, -3.036e-9
6.0000, 204.0000, -2.961e-9
8.0000, 204.0000, -2.903e-9
10.0000, 204.0000, -2.859e-9
12.0000, 204.0000, -2.825e-9
14.0000, 204.0000, -2.801e-9
16.0000, 204.0000, -2.781e-9
18.0000, 204.0000, -2.765e-9
20.0000, 204.0000, -2.753e-9
22.0000, 204.0000, -2.745e-9
24.0000, 204.0000, -2.740e-9
26.0000, 204.0000, -2.738e-9
28.0000, 204.0000, -2.734e-9
30.0000, 204.0000, -2.731e-9
32.0000, 204.0000, -2.732e-9
34.0000, 204.0000, -2.733e-9
36.0000, 204.0000, -2.736e-9
38.0000, 204.0000, -2.739e-9
40.0000, 204.0000, -2.743e-9
42.0000, 204.0000, -2.748e-9
44.0000, 204.0000, -2.752e-9
46.0000, 204.0000, -2.754e-9
48.0000, 204.0000, -2.756e-9
50.0000, 204.0000, -2.760e-9
52.0000, 204.0000, -2.763e-9
54.0000, 204.0000, -2.764e-9
56.0000, 204.0000, -2.764e-9
58.0000, 204.0000, -2.765e-9
60.0000, 204.0000, -2.766e-9
62.0000, 204.0000, -2.766e-9
64.0000, 204.0000, -2.765e-9
66.0000, 204.0000, -2.766e-9
68.0000, 204.0000, -2.766e-9
70.0000, 204.0000, -2.768e-9
72.0000, 204.0000, -2.770e-9
74.0000, 204.0000, -2.771e-9
76.0000, 204.0000, -2.773e-9
78.0000, 204.0000, -2.776e-9
80.0000, 204.0000, -2.781e-9
82.0000, 204.0000, -2.783e-9
84.0000, 204.0000, -2.784e-9
86.0000, 204.0000, -2.783e-9
88.0000, 204.0000, -2.783e-9
90.0000, 204.0000, -2.783e-9
92.0000, 204.0000, -2.782e-9
94.0000, 204.0000, -2.781e-9
96.0000, 204.0000, -2.781e-9
98.0000, 204.0000, -2.784e-9
100.0000, 204.0000, -2.785e-9
102.0000, 204.0000, -2.785e-9
104.0000, 204.0000, -2.785e-9
106.0000, 204.0000, -2.785e-9
108.0000, 204.0000, -2.784e-9
110.0000, 204.0000, -2.784e-9
112.0000, 204.0000, -2.784e-9
114.0000, 204.0000, -2.784e-9
116.0000, 204.0000, -2.785e-9
118.0000, 204.0000, -2.784e-9
120.0000, 204.0000, -2.784e-9
122.0000, 204.0000, -2.785e-9
124.0000, 204.0000, -2.786e-9
126.0000, 204.0000, -2.786e-9
128.0000, 204.0000, -2.786e-9
130.0000, 204.0000, -2.787e-9
132.0000, 204.0000, -2.787e-9
134.0000, 204.0000, -2.787e-9
136.0000, 204.0000, -2.787e-9
138.0000, 204.0000, -2.787e-9
140.0000, 204.0000, -2.787e-9
142.0000, 204.0000, -2.787e-9
144.0000, 204.0000, -2.787e-9
146.0000, 204.0000, -2.787e-9
148.0000, 204.0000, -2.787e-9
150.0000, 204.0000, -2.788e-9
152.0000, 204.0000, -2.788e-9
154.0000, 204.0000, -2.788e-9
156.0000, 204.0000, -2.787e-9
158.0000, 204.0000, -2.787e-9
160.0000, 204.0000, -2.786e-9
162.0000, 204.0000, -2.787e-9
164.0000, 204.0000, -2.788e-9
166.0000, 204.0000, -2.788e-9
168.0000, 204.0000, -2.787e-9
170.0000, 204.0000, -2.788e-9
172.0000, 204.0000, -2.788e-9
174.0000, 204.0000, -2.788e-9
176.0000, 204.0000, -2.787e-9
178.0000, 204.0000, -2.783e-9
180.0000, 204.0000, -2.781e-9
182.0000, 204.0000, -2.779e-9
184.0000, 204.0000, -2.776e-9
186.0000, 204.0000, -2.773e-9
188.0000, 204.0000, -2.771e-9
190.0000, 204.0000, -2.769e-9
192.0000, 204.0000, -2.769e-9
194.0000, 204.0000, -2.769e-9
196.0000, 204.0000, -2.771e-9
198.0000, 204.0000, -2.773e-9
200.0000, 204.0000, -2.772e-9
202.0000, 204.0000, -2.769e-9
204.0000, 204.0000, -2.765e-9
206.0000, 204.0000, -2.760e-9
208.0000, 204.0000, -2.754e-9
210.0000, 204.0000, -2.749e-9
212.0000, 204.0000, -2.744e-9
214.0000, 204.0000, -2.740e-9
216.0000, 204.0000, -2.736e-9
218.0000, 204.0000, -2.732e-9
220.0000, 204.0000, -2.728e-9
222.0000, 204.0000, -2.724e-9
224.0000, 204.0000, -2.721e-9
226.0000, 204.0000, -2.719e-9
228.0000, 204.0000, -2.717e-9
230.0000, 204.0000, -2.714e-9
232.0000, 204.0000, -2.712e-9
234.0000, 204.0000, -2.710e-9
236.0000, 204.0000, -2.708e-9
238.0000, 204.0000, -2.707e-9
240.0000, 204.0000, -2.706e-9
242.0000, 204.0000, -2.705e-9
244.0000, 204.0000, -2.703e-9
246.0000, 204.0000, -2.702e-9
248.0000, 204.0000, -2.701e-9
250.0000, 204.0000, -2.700e-9
252.0000, 204.0000, -2.698e-9
254.0000, 204.0000, -2.697e-9
256.0000, 204.0000, -2.697e-9
258.0000, 204.0000, -2.696e-9
260.0000, 204.0000, -2.695e-9
262.0000, 204.0000, -2.694e-9
264.0000, 204.0000, -2.693e-9
266.0000, 204.0000, -2.693e-9
268.0000, 204.0000, -2.692e-9
270.0000, 204.0000, -2.692e-9
272.0000, 204.0000, -2.691e-9
274.0000, 204.0000, -2.690e-9
276.0000, 204.0000, -2.689e-9
278.0000, 204.0000, -2.689e-9
280.0000, 204.0000, -2.689e-9
282.0000, 204.0000, -2.688e-9
284.0000, 204.0000, -2.688e-9
286.0000, 204.0000, -2.687e-9
288.0000, 204.0000, -2.686e-9
290.0000, 204.0000, -2.686e-9
292.0000, 204.0000, -2.686e-9
294.0000, 204.0000, -2.685e-9
296.0000, 204.0000, -2.685e-9
298.0000, 204.0000, -2.684e-9
0.0000, 206.0000, -3.248e-9
2.0000, 206.0000, -3.131e-9
4.0000, 206.0000, -3.034e-9
6.0000, 206.0000, -2.958e-9
8.0000, 206.0000, -2.899e-9
10.0000, 206.0000, -2.855e-9
12.0000, 206.0000, -2.821e-9
14.0000, 206.0000, -2.795e-9
16.0000, 206.0000, -2.775e-9
18.0000, 206.0000, -2.760e-9
20.0000, 206.0000, -2.749e-9
22.0000, 206.0000, -2.740e-9
24.0000, 206.0000, -2.735e-9
26.0000, 206.0000, -2.732e-9
28.0000, 206.0000, -2.729e-9
30.0000, 206.0000, -2.727e-9
32.0000, 206.0000, -2.726e-9
34.0000, 206.0000, -2.727e-9
36.0000, 206.0000, -2.729e-9
38.0000, 206.0000, -2.730e-9
40.0000, 206.0000, -2.734e-9
42.0000, 206.0000, -2.740e-9
44.0000, 206.0000, -2.745e-9
46.0000, 206.0000, -2.748e-9
48.0000, 206.0000, -2.749e-9
50.0000, 206.0000, -2.751e-9
52.0000, 206.0000, -2.755e-9
54.0000, 206.0000, -2.757e-9
56.0000, 206.0000, -2.757e-9
58.0000, 206.0000, -2.758e-9
60.0000, 206.0000, -2.760e-9
62.0000, 206.0000, -2.761e-9
64.0000, 206.0000, -2.762e-9
66.0000, 206.0000, -2.763e-9
68.0000, 206.0000, -2.764e-9
70.0000, 206.0000, -2.765e-9
72.0000, 206.0000, -2.766e-9
74.0000, 206.0000, -2.768e-9
76.0000, 206.0000, -2.770e-9
78.0000, 206.0000, -2.771e-9
80.0000, 206.0000, -2.772e-9
82.0000, 206.0000, -2.772e-9
84.0000, 206.0000, -2.772e-9
86.0000, 206.0000, -2.773e-9
88.0000, 206.0000, -2.775e-9
90.0000, 206.0000, -2.775e-9
92.0000, 206.0000, -2.775e-9
94.0000, 206.0000, -2.776e-9
96.0000, 206.0000, -2.779e-9
98.0000, 206.0000, -2.781e-9
100.0000, 206.0000, -2.783e-9
102.0000, 206.0000, -2.782e-9
104.0000, 206.0000, -2.782e-9
106.0000, 206.0000, -2.782e-9
108.0000, 206.0000, -2.781e-9
110.0000, 206.0000, -2.780e-9
112.0000, 206.0000, -2.780e-9
114.0000, 206.0000, -2.781e-9
116.0000, 206.0000, -2.780e-9
118.0000, 206.0000, -2.780e-9
120.0000, 206.0000, -2.781e-9
122.0000, 206.0000, -2.781e-9
124.0000, 206.0000, -2.782e-9
126.0000, 206.0000, -2.783e-9
128.0000, 206.0000, -2.783e-9
130.0000, 206.0000, -2.784e-9
132.0000, 206.0000, -2.785e-9
134.0000, 206.0000, -2.786e-9
136.0000, 206.0000, -2.786e-9
138.0000, 206.0000, -2.786e-9
140.0000, 206.0000, -2.787e-9
142.0000, 206.0000, -2.787e-9
144.0000, 206.0000, -2.787e-9
146.0000, 206.0000, -2.787e-9
148.0000, 206.0000, -2.786e-9
150.0000, 206.0000, -2.786e-9
152.0000, 206.0000, -2.787e-9
154.0000, 206.0000, -2.786e-9
156.0000, 206.0000, -2.786e-9
158.0000, 206.0000, -2.785e-9
160.0000, 206.0000, -2.785e-9
162.0000, 206.0000, -2.787e-9
164.0000, 206.0000, -2.788e-9
166.0000, 206.0000, -2.788e-9
168.0000, 206.0000, -2.788e-9
170.0000, 206.0000, -2.786e-9
172.0000, 206.0000, -2.783e-9
174.0000, 206.0000, -2.783e-9
176.0000, 206.0000, -2.782e-9
178.0000, 206.0000, -2.781e-9
180.0000, 206.0000, -2.779e-9
182.0000, 206.0000, -2.776e-9
184.0000, 206.0000, -2.774e-9
186.0000, 206.0000, -2.772e-9
188.0000, 206.0000, -2.769e-9
190.0000, 206.0000, -2.768e-9
192.0000, 206.0000, -2.766e-9
194.0000, 206.0000, -2.766e-9
196.0000, 206.0000, -2.768e-9
198.0000, 206.0000, -2.770e-9
200.0000, 206.0000, -2.770e-9
202.0000, 206.0000, -2.767e-9
204.0000, 206.0000, -2.763e-9
206.0000, 206.0000, -2.758e-9
208.0000, 206.0000, -2.752e-9
210.0000, 206.0000, -2.747e-9
212.0000, 206.0000, -2.741e-9
214.0000, 206.0000, -2.737e-9
216.0000, 206.0000, -2.733e-9
218.0000, 206.0000, -2.729e-9
220.0000, 206.0000, -2.725e-9
222.0000, 206.0000, -2.721e-9
224.0000, 206.0000, -2.718e-9
226.0000, 206.0000, -2.716e-9
228.0000, 206.0000, -2.714e-9
230.0000, 206.0000, -2.711e-9
232.0000, 206.0000, -2.709e-9
234.0000, 206.0000, -2.708e-9
236.0000, 206.0000, -2.705e-9
238.0000, 206.0000, -2.704e-9
240.0000, 206.0000, -2.702e-9
242.0000, 206.0000, -2.700e-9
244.0000, 206.0000, -2.699e-9
246.0000, 206.0000, -2.698e-9
248.0000, 206.0000, -2.697e-9
250.0000, 206.0000, -2.696e-9
252.0000, 206.0000, -2.695e-9
254.0000, 206.0000, -2.694e-9
256.0000, 206.0000, -2.694e-9
258.0000, 206.0000, -2.692e-9
260.0000, 206.0000, -2.691e-9
262.0000, 206.0000, -2.691e-9
264.0000, 206.0000, -2.690e-9
266.0000, 206.0000, -2.689e-9
268.0000, 206.0000, -2.688e-9
270.0000, 206.0000, -2.687e-9
272.0000, 206.0000, -2.686e-9
274.0000, 206.0000, -2.686e-9
276.0000, 206.0000, -2.685e-9
278.0000, 206.0000, -2.685e-9
280.0000, 206.0000, -2.684e-9
282.0000, 206.0000, -2.684e-9
284.0000, 206.0000, -2.684e-9
286.0000, 206.0000, -2.683e-9
288.0000, 206.0000, -2.683e-9
290.0000, 206.0000, -2.682e-9
292.0000, 206.0000, -2.681e-9
294.0000, 206.0000, -2.681e-9
296.0000, 206.0000, -2.681e-9
298.0000, 206.0000, -2.680e-9
0.0000, 208.0000, -3.247e-9
2.0000, 208.0000, -3.130e-9
4.0000, 208.0000, -3.030e-9
6.0000, 208.0000, -2.954e-9
8.0000, 208.0000, -2.896e-9
10.0000, 208.0000, -2.852e-9
12.0000, 208.0000, -2.818e-9
14.0000, 208.0000, -2.792e-9
16.0000, 208.0000, -2.773e-9
18.0000, 208.0000, -2.758e-9
20.0000, 208.0000, -2.746e-9
22.0000, 208.0000, -2.738e-9
24.0000, 208.0000, -2.732e-9
26.0000, 208.0000, -2.729e-9
28.0000, 208.0000, -2.725e-9
30.0000, 208.0000, -2.723e-9
32.0000, 208.0000, -2.720e-9
34.0000, 208.0000, -2.721e-9
36.0000, 208.0000, -2.721e-9
38.0000, 208.0000, -2.724e-9
40.0000, 208.0000, -2.729e-9
42.0000, 208.0000, -2.733e-9
44.0000, 208.0000, -2.739e-9
46.0000, 208.0000, -2.743e-9
48.0000, 208.0000, -2.746e-9
50.0000, 208.0000, -2.749e-9
52.0000, 208.0000, -2.753e-9
54.0000, 208.0000, -2.755e-9
56.0000, 208.0000, -2.756e-9
58.0000, 208.0000, -2.755e-9
60.0000, 208.0000, -2.755e-9
62.0000, 208.0000, -2.754e-9
64.0000, 208.0000, -2.754e-9
66.0000, 208.0000, -2.756e-9
68.0000, 208.0000, -2.757e-9
70.0000, 208.0000, -2.758e-9
72.0000, 208.0000, -2.758e-9
74.0000, 208.0000, -2.759e-9
76.0000, 208.0000, -2.762e-9
78.0000, 208.0000, -2.765e-9
80.0000, 208.0000, -2.768e-9
82.0000, 208.0000, -2.767e-9
84.0000, 208.0000, -2.767e-9
86.0000, 208.0000, -2.766e-9
88.0000, 208.0000, -2.767e-9
90.0000, 208.0000, -2.771e-9
92.0000, 208.0000, -2.774e-9
94.0000, 208.0000, -2.776e-9
96.0000, 208.0000, -2.778e-9
98.0000, 208.0000, -2.777e-9
100.0000, 208.0000, -2.776e-9
102.0000, 208.0000, -2.775e-9
104.0000, 208.0000, -2.775e-9
106.0000, 208.0000, -2.775e-9
108.0000, 208.0000, -2.776e-9
110.0000, 208.0000, -2.777e-9
112.0000, 208.0000, -2.777e-9
114.0000, 208.0000, -2.778e-9
116.0000, 208.0000, -2.778e-9
118.0000, 208.0000, -2.779e-9
120.0000, 208.0000, -2.779e-9
122.0000, 208.0000, -2.780e-9
124.0000, 208.0000, -2.780e-9
126.0000, 208.0000, -2.780e-9
128.0000, 208.0000, -2.780e-9
130.0000, 208.0000, -2.781e-9
132.0000, 208.0000, -2.782e-9
134.0000, 208.0000, -2.782e-9
136.0000, 208.0000, -2.784e-9
138.0000, 208.0000, -2.784e-9
140.0000, 208.0000, -2.785e-9
142.0000, 208.0000, -2.785e-9
144.0000, 208.0000, -2.786e-9
146.0000, 208.0000, -2.786e-9
148.0000, 208.0000, -2.785e-9
150.0000, 208.0000, -2.785e-9
152.0000, 208.0000, -2.785e-9
154.0000, 208.0000, -2.785e-9
156.0000, 208.0000, -2.783e-9
158.0000, 208.0000, -2.782e-9
160.0000, 208.0000, -2.783e-9
162.0000, 208.0000, -2.784e-9
164.0000, 208.0000, -2.784e-9
166.0000, 208.0000, -2.784e-9
168.0000, 208.0000, -2.783e-9
170.0000, 208.0000, -2.783e-9
172.0000, 208.0000, -2.783e-9
174.0000, 208.0000, -2.783e-9
176.0000, 208.0000, -2.781e-9
178.0000, 208.0000, -2.778e-9
180.0000, 208.0000, -2.775e-9
182.0000, 208.0000, -2.772e-9
184.0000, 208.0000, -2.770e-9
186.0000, 208.0000, -2.767e-9
188.0000, 208.0000, -2.765e-9
190.0000, 208.0000, -2.763e-9
192.0000, 208.0000, -2.762e-9
194.0000, 208.0000, -2.762e-9
196.0000, 208.0000, -2.764e-9
198.0000, 208.0000, -2.766e-9
200.0000, 208.0000, -2.766e-9
202.0000, 208.0000, -2.762e-9
204.0000, 208.0000, -2.758e-9
206.0000, 208.0000, -2.753e-9
208.0000, 208.0000, -2.747e-9
210.0000, 208.0000, -2.742e-9
212.0000, 208.0000, -2.737e-9
214.0000, 208.0000, -2.733e-9
216.0000, 208.0000, -2.728e-9
218.0000, 208.0000, -2.725e-9
220.0000, 208.0000, -2.720e-9
222.0000, 208.0000, -2.717e-9
224.0000, 208.0000, -2.714e-9
226.0000, 208.0000, -2.712e-9
228.0000, 208.0000, -2.709e-9
230.0000, 208.0000, -2.707e-9
232.0000, 208.0000, -2.705e-9
234.0000, 208.0000, -2.703e-9
236.0000, 208.0000, -2.702e-9
238.0000, 208.0000, -2.700e-9
240.0000, 208.0000, -2.698e-9
242.0000, 208.0000, -2.696e-9
244.0000, 208.0000, -2.695e-9
246.0000, 208.0000, -2.694e-9
248.0000, 208.0000, -2.693e-9
250.0000, 208.0000, -2.691e-9
252.0000, 208.0000, -2.691e-9
254.0000, 208.0000, -2.690e-9
256.0000, 208.0000, -2.689e-9
258.0000, 208.0000, -2.688e-9
260.0000, 208.0000, -2.687e-9
262.0000, 208.0000, -2.686e-9
264.0000, 208.0000, -2.685e-9
266.0000, 208.0000, -2.685e-9
268.0000, 208.0000, -2.684e-9
270.0000, 208.0000, -2.683e-9
272.0000, 208.0000, -2.683e-9
274.0000, 208.0000, -2.682e-9
276.0000, 208.0000, -2.681e-9
278.0000, 208.0000, -2.681e-9
280.0000, 208.0000, -2.680e-9
282.0000, 208.0000, -2.680e-9
284.0000, 208.0000, -2.680e-9
286.0000, 208.0000, -2.679e-9
288.0000, 208.0000, -2.679e-9
290.0000, 208.0000, -2.679e-9
292.0000, 208.0000, -2.678e-9
294.0000, 208.0000, -2.677e-9
296.0000, 208.0000, -2.677e-9
298.0000, 208.0000, -2.676e-9
0.0000, 210.0000, -3.238e-9
2.0000, 210.0000, -3.122e-9
4.0000, 210.0000, -3.026e-9
6.0000, 210.0000, -2.952e-9
8.0000, 210.0000, -2.894e-9
10.0000, 210.0000, -2.850e-9
12.0000, 210.0000, -2.817e-9
14.0000, 210.0000, -2.791e-9
16.0000, 210.0000, -2.772e-9
18.0000, 210.0000, -2.757e-9
20.0000, 210.0000, -2.746e-9
22.0000, 210.0000, -2.737e-9
24.0000, 210.0000, -2.731e-9
26.0000, 210.0000, -2.728e-9
28.0000, 210.0000, -2.725e-9
30.0000, 210.0000, -2.721e-9
32.0000, 210.0000, -2.719e-9
34.0000, 210.0000, -2.721e-9
36.0000, 210.0000, -2.723e-9
38.0000, 210.0000, -2.723e-9
40.0000, 210.0000, -2.725e-9
42.0000, 210.0000, -2.729e-9
44.0000, 210.0000, -2.734e-9
46.0000, 210.0000, -2.739e-9
48.0000, 210.0000, -2.743e-9
50.0000, 210.0000, -2.744e-9
52.0000, 210.0000, -2.746e-9
54.0000, 210.0000, -2.747e-9
56.0000, 210.0000, -2.747e-9
58.0000, 210.0000, -2.746e-9
60.0000, 210.0000, -2.746e-9
62.0000, 210.0000, -2.746e-9
64.0000, 210.0000, -2.746e-9
66.0000, 210.0000, -2.747e-9
68.0000, 210.0000, -2.748e-9
70.0000, 210.0000, -2.749e-9
72.0000, 210.0000, -2.750e-9
74.0000, 210.0000, -2.753e-9
76.0000, 210.0000, -2.756e-9
78.0000, 210.0000, -2.759e-9
80.0000, 210.0000, -2.761e-9
82.0000, 210.0000, -2.760e-9
84.0000, 210.0000, -2.760e-9
86.0000, 210.0000, -2.761e-9
88.0000, 210.0000, -2.763e-9
90.0000, 210.0000, -2.765e-9
92.0000, 210.0000, -2.769e-9
94.0000, 210.0000, -2.772e-9
96.0000, 210.0000, -2.773e-9
98.0000, 210.0000, -2.773e-9
100.0000, 210.0000, -2.773e-9
102.0000, 210.0000, -2.773e-9
104.0000, 210.0000, -2.773e-9
106.0000, 210.0000, -2.774e-9
108.0000, 210.0000, -2.775e-9
110.0000, 210.0000, -2.776e-9
112.0000, 210.0000, -2.777e-9
114.0000, 210.0000, -2.777e-9
116.0000, 210.0000, -2.777e-9
118.0000, 210.0000, -2.778e-9
120.0000, 210.0000, -2.779e-9
122.0000, 210.0000, -2.780e-9
124.0000, 210.0000, -2.780e-9
126.0000, 210.0000, -2.780e-9
128.0000, 210.0000, -2.780e-9
130.0000, 210.0000, -2.781e-9
132.0000, 210.0000, -2.782e-9
134.0000, 210.0000, -2.783e-9
136.0000, 210.0000, -2.784e-9
138.0000, 210.0000, -2.784e-9
140.0000, 210.0000, -2.785e-9
142.0000, 210.0000, -2.785e-9
144.0000, 210.0000, -2.785e-9
146.0000, 210.0000, -2.785e-9
148.0000, 210.0000, -2.784e-9
150.0000, 210.0000, -2.785e-9
152.0000, 210.0000, -2.785e-9
154.0000, 210.0000, -2.784e-9
156.0000, 210.0000, -2.783e-9
158.0000, 210.0000, -2.782e-9
160.0000, 210.0000, -2.782e-9
162.0000, 210.0000, -2.782e-9
164.0000, 210.0000, -2.782e-9
166.0000, 210.0000, -2.783e-9
168.0000, 210.0000, -2.783e-9
170.0000, 210.0000, -2.783e-9
172.0000, 210.0000, -2.783e-9
174.0000, 210.0000, -2.782e-9
176.0000, 210.0000, -2.779e-9
178.0000, 210.0000, -2.776e-9
180.0000, 210.0000, -2.774e-9
182.0000, 210.0000, -2.771e-9
184.0000, 210.0000, -2.769e-9
186.0000, 210.0000, -2.765e-9
188.0000, 210.0000, -2.762e-9
190.0000, 210.0000, -2.760e-9
192.0000, 210.0000, -2.759e-9
194.0000, 210.0000, -2.759e-9
196.0000, 210.0000, -2.760e-9
198.0000, 210.0000, -2.763e-9
200.0000, 210.0000, -2.763e-9
202.0000, 210.0000, -2.761e-9
204.0000, 210.0000, -2.757e-9
206.0000, 210.0000, -2.752e-9
208.0000, 210.0000, -2.747e-9
210.0000, 210.0000, -2.741e-9
212.0000, 210.0000, -2.736e-9
214.0000, 210.0000, -2.732e-9
216.0000, 210.0000, -2.728e-9
218.0000, 210.0000, -2.723e-9
220.0000, 210.0000, -2.719e-9
222.0000, 210.0000, -2.715e-9
224.0000, 210.0000, -2.713e-9
226.0000, 210.0000, -2.710e-9
228.0000, 210.0000, -2.708e-9
230.0000, 210.0000, -2.705e-9
232.0000, 210.0000, -2.703e-9
234.0000, 210.0000, -2.701e-9
236.0000, 210.0000, -2.698e-9
238.0000, 210.0000, -2.697e-9
240.0000, 210.0000, -2.696e-9
242.0000, 210.0000, -2.694e-9
244.0000, 210.0000, -2.693e-9
246.0000, 210.0000, -2.692e-9
248.0000, 210.0000, -2.690e-9
250.0000, 210.0000, -2.689e-9
252.0000, 210.0000, -2.688e-9
254.0000, 210.0000, -2.687e-9
256.0000, 210.0000, -2.687e-9
258.0000, 210.0000, -2.686e-9
260.0000, 210.0000, -2.684e-9
262.0000, 210.0000, -2.684e-9
264.0000, 210.0000, -2.683e-9
266.0000, 210.0000, -2.682e-9
268.0000, 210.0000, -2.681e-9
270.0000, 210.0000, -2.680e-9
272.0000, 210.0000, -2.680e-9
274.0000, 210.0000, -2.679e-9
276.0000, 210.0000, -2.679e-9
278.0000, 210.0000, -2.678e-9
280.0000, 210.0000, -2.677e-9
282.0000, 210.0000, -2.677e-9
284.0000, 210.0000, -2.676e-9
286.0000, 210.0000, -2.676e-9
288.0000, 210.0000, -2.676e-9
290.0000, 210.0000, -2.675e-9
292.0000, 210.0000, -2.675e-9
294.0000, 210.0000, -2.674e-9
296.0000, 210.0000, -2.674e-9
298.0000, 210.0000, -2.674e-9
0.0000, 212.0000, -3.246e-9
2.0000, 212.0000, -3.129e-9
4.0000, 212.0000, -3.031e-9
6.0000, 212.0000, -2.955e-9
8.0000, 212.0000, -2.896e-9
10.0000, 212.0000, -2.852e-9
12.0000, 212.0000, -2.818e-9
14.0000, 212.0000, -2.792e-9
16.0000, 212.0000, -2.772e-9
18.0000, 212.0000, -2.756e-9
20.0000, 212.0000, -2.744e-9
22.0000, 212.0000, -2.735e-9
24.0000, 212.0000, -2.729e-9
26.0000, 212.0000, -2.723e-9
28.0000, 212.0000, -2.721e-9
30.0000, 212.0000, -2.720e-9
32.0000, 212.0000, -2.721e-9
34.0000, 212.0000, -2.720e-9
36.0000, 212.0000, -2.720e-9
38.0000, 212.0000, -2.719e-9
40.0000, 212.0000, -2.720e-9
42.0000, 212.0000, -2.723e-9
44.0000, 212.0000, -2.726e-9
46.0000, 212.0000, -2.729e-9
48.0000, 212.0000, -2.731e-9
50.0000, 212.0000, -2.733e-9
52.0000, 212.0000, -2.735e-9
54.0000, 212.0000, -2.736e-9
56.0000, 212.0000, -2.735e-9
58.0000, 212.0000, -2.734e-9
60.0000, 212.0000, -2.734e-9
62.0000, 212.0000, -2.736e-9
64.0000, 212.0000, -2.739e-9
66.0000, 212.0000, -2.739e-9
68.0000, 212.0000, -2.740e-9
70.0000, 212.0000, -2.741e-9
72.0000, 212.0000, -2.744e-9
74.0000, 212.0000, -2.750e-9
76.0000, 212.0000, -2.754e-9
78.0000, 212.0000, -2.756e-9
80.0000, 212.0000, -2.756e-9
82.0000, 212.0000, -2.758e-9
84.0000, 212.0000, -2.757e-9
86.0000, 212.0000, -2.755e-9
88.0000, 212.0000, -2.755e-9
90.0000, 212.0000, -2.759e-9
92.0000, 212.0000, -2.761e-9
94.0000, 212.0000, -2.765e-9
96.0000, 212.0000, -2.766e-9
98.0000, 212.0000, -2.767e-9
100.0000, 212.0000, -2.769e-9
102.0000, 212.0000, -2.770e-9
104.0000, 212.0000, -2.769e-9
106.0000, 212.0000, -2.770e-9
108.0000, 212.0000, -2.770e-9
110.0000, 212.0000, -2.772e-9
112.0000, 212.0000, -2.772e-9
114.0000, 212.0000, -2.773e-9
116.0000, 212.0000, -2.774e-9
118.0000, 212.0000, -2.775e-9
120.0000, 212.0000, -2.776e-9
122.0000, 212.0000, -2.778e-9
124.0000, 212.0000, -2.779e-9
126.0000, 212.0000, -2.779e-9
128.0000, 212.0000, -2.779e-9
130.0000, 212.0000, -2.779e-9
132.0000, 212.0000, -2.780e-9
134.0000, 212.0000, -2.780e-9
136.0000, 212.0000, -2.781e-9
138.0000, 212.0000, -2.781e-9
140.0000, 212.0000, -2.782e-9
142.0000, 212.0000, -2.783e-9
144.0000, 212.0000, -2.783e-9
146.0000, 212.0000, -2.782e-9
148.0000, 212.0000, -2.781e-9
150.0000, 212.0000, -2.781e-9
152.0000, 212.0000, -2.782e-9
154.0000, 212.0000, -2.782e-9
156.0000, 212.0000, -2.781e-9
158.0000, 212.0000, -2.780e-9
160.0000, 212.0000, -2.780e-9
162.0000, 212.0000, -2.780e-9
164.0000, 212.0000, -2.781e-9
166.0000, 212.0000, -2.781e-9
168.0000, 212.0000, -2.781e-9
170.0000, 212.0000, -2.781e-9
172.0000, 212.0000, -2.781e-9
174.0000, 212.0000, -2.780e-9
176.0000, 212.0000, -2.779e-9
178.0000, 212.0000, -2.776e-9
180.0000, 212.0000, -2.773e-9
182.0000, 212.0000, -2.769e-9
184.0000, 212.0000, -2.767e-9
186.0000, 212.0000, -2.765e-9
188.0000, 212.0000, -2.762e-9
190.0000, 212.0000, -2.759e-9
192.0000, 212.0000, -2.757e-9
194.0000, 212.0000, -2.758e-9
196.0000, 212.0000, -2.759e-9
198.0000, 212.0000, -2.760e-9
200.0000, 212.0000, -2.761e-9
202.0000, 212.0000, -2.760e-9
204.0000, 212.0000, -2.757e-9
206.0000, 212.0000, -2.751e-9
208.0000, 212.0000, -2.746e-9
210.0000, 212.0000, -2.741e-9
212.0000, 212.0000, -2.735e-9
214.0000, 212.0000, -2.730e-9
216.0000, 212.0000, -2.726e-9
218.0000, 212.0000, -2.721e-9
220.0000, 212.0000, -2.717e-9
222.0000, 212.0000, -2.713e-9
224.0000, 212.0000, -2.710e-9
226.0000, 212.0000, -2.707e-9
228.0000, 212.0000, -2.705e-9
230.0000, 212.0000, -2.703e-9
232.0000, 212.0000, -2.701e-9
234.0000, 212.0000, -2.698e-9
236.0000, 212.0000, -2.696e-9
238.0000, 212.0000, -2.694e-9
240.0000, 212.0000, -2.693e-9
242.0000, 212.0000, -2.691e-9
244.0000, 212.0000, -2.689e-9
246.0000, 212.0000, -2.688e-9
248.0000, 212.0000, -2.686e-9
250.0000, 212.0000, -2.686e-9
252.0000, 212.0000, -2.684e-9
254.0000, 212.0000, -2.683e-9
256.0000, 212.0000, -2.683e-9
258.0000, 212.0000, -2.682e-9
260.0000, 212.0000, -2.682e-9
262.0000, 212.0000, -2.681e-9
264.0000, 212.0000, -2.679e-9
266.0000, 212.0000, -2.678e-9
268.0000, 212.0000, -2.677e-9
270.0000, 212.0000, -2.677e-9
272.0000, 212.0000, -2.677e-9
274.0000, 212.0000, -2.676e-9
276.0000, 212.0000, -2.675e-9
278.0000, 212.0000, -2.675e-9
280.0000, 212.0000, -2.674e-9
282.0000, 212.0000, -2.673e-9
284.0000, 212.0000, -2.672e-9
286.0000, 212.0000, -2.672e-9
288.0000, 212.0000, -2.672e-9
290.0000, 212.0000, -2.672e-9
292.0000, 212.0000, -2.671e-9
294.0000, 212.0000, -2.671e-9
296.0000, 212.0000, -2.671e-9
298.0000, 212.0000, -2.670e-9
0.0000, 214.0000, -3.224e-9
2.0000, 214.0000, -3.111e-9
4.0000, 214.0000, -3.018e-9
6.0000, 214.0000, -2.944e-9
8.0000, 214.0000, -2.888e-9
10.0000, 214.0000, -2.845e-9
12.0000, 214.0000, -2.813e-9
14.0000, 214.0000, -2.787e-9
16.0000, 214.0000, -2.767e-9
18.0000, 214.0000, -2.751e-9
20.0000, 214.0000, -2.741e-9
22.0000, 214.0000, -2.732e-9
24.0000, 214.0000, -2.727e-9
26.0000, 214.0000, -2.722e-9
28.0000, 214.0000, -2.718e-9
30.0000, 214.0000, -2.717e-9
32.0000, 214.0000, -2.715e-9
34.0000, 214.0000, -2.715e-9
36.0000, 214.0000, -2.717e-9
38.0000, 214.0000, -2.720e-9
40.0000, 214.0000, -2.722e-9
42.0000, 214.0000, -2.723e-9
44.0000, 214.0000, -2.724e-9
46.0000, 214.0000, -2.726e-9
48.0000, 214.0000, -2.728e-9
50.0000, 214.0000, -2.731e-9
52.0000, 214.0000, -2.733e-9
54.0000, 214.0000, -2.736e-9
56.0000, 214.0000, -2.738e-9
58.0000, 214.0000, -2.738e-9
60.0000, 214.0000, -2.738e-9
62.0000, 214.0000, -2.735e-9
64.0000, 214.0000, -2.734e-9
66.0000, 214.0000, -2.734e-9
68.0000, 214.0000, -2.736e-9
70.0000, 214.0000, -2.738e-9
72.0000, 214.0000, -2.740e-9
74.0000, 214.0000, -2.741e-9
76.0000, 214.0000, -2.743e-9
78.0000, 214.0000, -2.746e-9
80.0000, 214.0000, -2.749e-9
82.0000, 214.0000, -2.753e-9
84.0000, 214.0000, -2.755e-9
86.0000, 214.0000, -2.756e-9
88.0000, 214.0000, -2.758e-9
90.0000, 214.0000, -2.759e-9
92.0000, 214.0000, -2.759e-9
94.0000, 214.0000, -2.760e-9
96.0000, 214.0000, -2.762e-9
98.0000, 214.0000, -2.763e-9
100.0000, 214.0000, -2.764e-9
102.0000, 214.0000, -2.764e-9
104.0000, 214.0000, -2.765e-9
106.0000, 214.0000, -2.766e-9
108.0000, 214.0000, -2.767e-9
110.0000, 214.0000, -2.768e-9
112.0000, 214.0000, -2.768e-9
114.0000, 214.0000, -2.769e-9
116.0000, 214.0000, -2.771e-9
118.0000, 214.0000, -2.771e-9
120.0000, 214.0000, -2.771e-9
122.0000, 214.0000, -2.773e-9
124.0000, 214.0000, -2.773e-9
126.0000, 214.0000, -2.774e-9
128.0000, 214.0000, -2.775e-9
130.0000, 214.0000, -2.776e-9
132.0000, 214.0000, -2.777e-9
134.0000, 214.0000, -2.778e-9
136.0000, 214.0000, -2.778e-9
138.0000, 214.0000, -2.778e-9
140.0000, 214.0000, -2.778e-9
142.0000, 214.0000, -2.779e-9
144.0000, 214.0000, -2.780e-9
146.0000, 214.0000, -2.781e-9
148.0000, 214.0000, -2.780e-9
150.0000, 214.0000, -2.780e-9
152.0000, 214.0000, -2.779e-9
154.0000, 214.0000, -2.779e-9
156.0000, 214.0000, -2.779e-9
158.0000, 214.0000, -2.778e-9
160.0000, 214.0000, -2.779e-9
162.0000, 214.0000, -2.779e-9
164.0000, 214.0000, -2.780e-9
166.0000, 214.0000, -2.779e-9
168.0000, 214.0000, -2.779e-9
170.0000, 214.0000, -2.779e-9
172.0000, 214.0000, -2.779e-9
174.0000, 214.0000, -2.779e-9
176.0000, 214.0000, -2.778e-9
178.0000, 214.0000, -2.775e-9
180.0000, 214.0000, -2.773e-9
182.0000, 214.0000, -2.770e-9
184.0000, 214.0000, -2.767e-9
186.0000, 214.0000, -2.764e-9
188.0000, 214.0000, -2.760e-9
190.0000, 214.0000, -2.758e-9
192.0000, 214.0000, -2.757e-9
194.0000, 214.0000, -2.757e-9
196.0000, 214.0000, -2.757e-9
198.0000, 214.0000, -2.760e-9
200.0000, 214.0000, -2.761e-9
202.0000, 214.0000, -2.758e-9
204.0000, 214.0000, -2.754e-9
206.0000, 214.0000, -2.749e-9
208.0000, 214.0000, -2.743e-9
210.0000, 214.0000, -2.737e-9
212.0000, 214.0000, -2.732e-9
214.0000, 214.0000, -2.727e-9
216.0000, 214.0000, -2.722e-9
218.0000, 214.0000, -2.718e-9
220.0000, 214.0000, -2.714e-9
222.0000, 214.0000, -2.710e-9
224.0000, 214.0000, -2.706e-9
226.0000, 214.0000, -2.704e-9
228.0000, 214.0000, -2.701e-9
230.0000, 214.0000, -2.699e-9
232.0000, 214.0000, -2.697e-9
234.0000, 214.0000, -2.694e-9
236.0000, 214.0000, -2.693e-9
238.0000, 214.0000, -2.690e-9
240.0000, 214.0000, -2.689e-9
242.0000, 214.0000, -2.687e-9
244.0000, 214.0000, -2.686e-9
246.0000, 214.0000, -2.684e-9
248.0000, 214.0000, -2.683e-9
250.0000, 214.0000, -2.682e-9
252.0000, 214.0000, -2.681e-9
254.0000, 214.0000, -2.680e-9
256.0000, 214.0000, -2.679e-9
258.0000, 214.0000, -2.678e-9
260.0000, 214.0000, -2.677e-9
262.0000, 214.0000, -2.676e-9
264.0000, 214.0000, -2.675e-9
266.0000, 214.0000, -2.675e-9
268.0000, 214.0000, -2.674e-9
270.0000, 214.0000, -2.673e-9
272.0000, 214.0000, -2.672e-9
274.0000, 214.0000, -2.672e-9
276.0000, 214.0000, -2.671e-9
278.0000, 214.0000, -2.671e-9
280.0000, 214.0000, -2.670e-9
282.0000, 214.0000, -2.669e-9
284.0000, 214.0000, -2.669e-9
286.0000, 214.0000, -2.668e-9
288.0000, 214.0000, -2.668e-9
290.0000, 214.0000, -2.667e-9
292.0000, 214.0000, -2.668e-9
294.0000, 214.0000, -2.667e-9
296.0000, 214.0000, -2.666e-9
298.0000, 214.0000, -2.665e-9
0.0000, 216.0000, -3.240e-9
2.0000, 216.0000, -3.123e-9
4.0000, 216.0000, -3.025e-9
6.0000, 216.0000, -2.950e-9
8.0000, 216.0000, -2.892e-9
10.0000, 216.0000, -2.848e-9
12.0000, 216.0000, -2.813e-9
14.0000, 216.0000, -2.786e-9
16.0000, 216.0000, -2.767e-9
18.0000, 216.0000, -2.751e-9
20.0000, 216.0000, -2.741e-9
22.0000, 216.0000, -2.735e-9
24.0000, 216.0000, -2.730e-9
26.0000, 216.0000, -2.723e-9
28.0000, 216.0000, -2.717e-9
30.0000, 216.0000, -2.714e-9
32.0000, 216.0000, -2.712e-9
34.0000, 216.0000, -2.709e-9
36.0000, 216.0000, -2.709e-9
38.0000, 216.0000, -2.710e-9
40.0000, 216.0000, -2.712e-9
42.0000, 216.0000, -2.714e-9
44.0000, 216.0000, -2.717e-9
46.0000, 216.0000, -2.720e-9
48.0000, 216.0000, -2.724e-9
50.0000, 216.0000, -2.727e-9
52.0000, 216.0000, -2.730e-9
54.0000, 216.0000, -2.733e-9
56.0000, 216.0000, -2.735e-9
58.0000, 216.0000, -2.734e-9
60.0000, 216.0000, -2.731e-9
62.0000, 216.0000, -2.729e-9
64.0000, 216.0000, -2.730e-9
66.0000, 216.0000, -2.730e-9
68.0000, 216.0000, -2.732e-9
70.0000, 216.0000, -2.733e-9
72.0000, 216.0000, -2.735e-9
74.0000, 216.0000, -2.738e-9
76.0000, 216.0000, -2.740e-9
78.0000, 216.0000, -2.739e-9
80.0000, 216.0000, -2.738e-9
82.0000, 216.0000, -2.740e-9
84.0000, 216.0000, -2.743e-9
86.0000, 216.0000, -2.747e-9
88.0000, 216.0000, -2.751e-9
90.0000, 216.0000, -2.752e-9
92.0000, 216.0000, -2.754e-9
94.0000, 216.0000, -2.756e-9
96.0000, 216.0000, -2.758e-9
98.0000, 216.0000, -2.758e-9
100.0000, 216.0000, -2.759e-9
102.0000, 216.0000, -2.761e-9
104.0000, 216.0000, -2.762e-9
106.0000, 216.0000, -2.764e-9
108.0000, 216.0000, -2.763e-9
110.0000, 216.0000, -2.765e-9
112.0000, 216.0000, -2.765e-9
114.0000, 216.0000, -2.766e-9
116.0000, 216.0000, -2.766e-9
118.0000, 216.0000, -2.766e-9
120.0000, 216.0000, -2.768e-9
122.0000, 216.0000, -2.770e-9
124.0000, 216.0000, -2.771e-9
126.0000, 216.0000, -2.772e-9
128.0000, 216.0000, -2.773e-9
130.0000, 216.0000, -2.774e-9
132.0000, 216.0000, -2.776e-9
134.0000, 216.0000, -2.777e-9
136.0000, 216.0000, -2.777e-9
138.0000, 216.0000, -2.776e-9
140.0000, 216.0000, -2.776e-9
142.0000, 216.0000, -2.776e-9
144.0000, 216.0000, -2.777e-9
146.0000, 216.0000, -2.778e-9
148.0000, 216.0000, -2.777e-9
150.0000, 216.0000, -2.777e-9
152.0000, 216.0000, -2.776e-9
154.0000, 216.0000, -2.777e-9
156.0000, 216.0000, -2.777e-9
158.0000, 216.0000, -2.776e-9
160.0000, 216.0000, -2.774e-9
162.0000, 216.0000, -2.773e-9
164.0000, 216.0000, -2.773e-9
166.0000, 216.0000, -2.774e-9
168.0000, 216.0000, -2.773e-9
170.0000, 216.0000, -2.772e-9
172.0000, 216.0000, -2.772e-9
174.0000, 216.0000, -2.771e-9
176.0000, 216.0000, -2.769e-9
178.0000, 216.0000, -2.767e-9
180.0000, 216.0000, -2.765e-9
182.0000, 216.0000, -2.762e-9
184.0000, 216.0000, -2.758e-9
186.0000, 216.0000, -2.755e-9
188.0000, 216.0000, -2.752e-9
190.0000, 216.0000, -2.750e-9
192.0000, 216.0000, -2.749e-9
194.0000, 216.0000, -2.749e-9
196.0000, 216.0000, -2.749e-9
198.0000, 216.0000, -2.751e-9
200.0000, 216.0000, -2.753e-9
202.0000, 216.0000, -2.753e-9
204.0000, 216.0000, -2.749e-9
206.0000, 216.0000, -2.744e-9
208.0000, 216.0000, -2.738e-9
210.0000, 216.0000, -2.733e-9
212.0000, 216.0000, -2.728e-9
214.0000, 216.0000, -2.723e-9
216.0000, 216.0000, -2.718e-9
218.0000, 216.0000, -2.713e-9
220.0000, 216.0000, -2.709e-9
222.0000, 216.0000, -2.705e-9
224.0000, 216.0000, -2.702e-9
226.0000, 216.0000, -2.698e-9
228.0000, 216.0000, -2.696e-9
230.0000, 216.0000, -2.693e-9
232.0000, 216.0000, -2.692e-9
234.0000, 216.0000, -2.689e-9
236.0000, 216.0000, -2.688e-9
238.0000, 216.0000, -2.686e-9
240.0000, 216.0000, -2.684e-9
242.0000, 216.0000, -2.682e-9
244.0000, 216.0000, -2.680e-9
246.0000, 216.0000, -2.679e-9
248.0000, 216.0000, -2.677e-9
250.0000, 216.0000, -2.676e-9
252.0000, 216.0000, -2.676e-9
254.0000, 216.0000, -2.676e-9
256.0000, 216.0000, -2.674e-9
258.0000, 216.0000, -2.673e-9
260.0000, 216.0000, -2.672e-9
262.0000, 216.0000, -2.670e-9
264.0000, 216.0000, -2.670e-9
266.0000, 216.0000, -2.669e-9
268.0000, 216.0000, -2.668e-9
270.0000, 216.0000, -2.668e-9
272.0000, 216.0000, -2.667e-9
274.0000, 216.0000, -2.666e-9
276.0000, 216.0000, -2.666e-9
278.0000, 216.0000, -2.666e-9
280.0000, 216.0000, -2.665e-9
282.0000, 216.0000, -2.664e-9
284.0000, 216.0000, -2.663e-9
286.0000, 216.0000, -2.663e-9
288.0000, 216.0000, -2.663e-9
290.0000, 216.0000, -2.662e-9
292.0000, 216.0000, -2.662e-9
294.0000, 216.0000, -2.662e-9
296.0000, 216.0000, -2.661e-9
298.0000, 216.0000, -2.660e-9
0.0000, 218.0000, -3.243e-9
2.0000, 218.0000, -3.125e-9
4.0000, 218.0000, -3.027e-9
6.0000, 218.0000, -2.949e-9
8.0000, 218.0000, -2.891e-9
10.0000, 218.0000, -2.846e-9
12.0000, 218.0000, -2.812e-9
14.0000, 218.0000, -2.786e-9
16.0000, 218.0000, -2.766e-9
18.0000, 218.0000, -2.749e-9
20.0000, 218.0000, -2.740e-9
22.0000, 218.0000, -2.733e-9
24.0000, 218.0000, -2.727e-9
26.0000, 218.0000, -2.721e-9
28.0000, 218.0000, -2.715e-9
30.0000, 218.0000, -2.710e-9
32.0000, 218.0000, -2.706e-9
34.0000, 218.0000, -2.705e-9
36.0000, 218.0000, -2.705e-9
38.0000, 218.0000, -2.705e-9
40.0000, 218.0000, -2.707e-9
42.0000, 218.0000, -2.712e-9
44.0000, 218.0000, -2.715e-9
46.0000, 218.0000, -2.718e-9
48.0000, 218.0000, -2.719e-9
50.0000, 218.0000, -2.721e-9
52.0000, 218.0000, -2.723e-9
54.0000, 218.0000, -2.725e-9
56.0000, 218.0000, -2.724e-9
58.0000, 218.0000, -2.723e-9
60.0000, 218.0000, -2.722e-9
62.0000, 218.0000, -2.723e-9
64.0000, 218.0000, -2.726e-9
66.0000, 218.0000, -2.726e-9
68.0000, 218.0000, -2.725e-9
70.0000, 218.0000, -2.725e-9
72.0000, 218.0000, -2.726e-9
74.0000, 218.0000, -2.728e-9
76.0000, 218.0000, -2.729e-9
78.0000, 218.0000, -2.731e-9
80.0000, 218.0000, -2.735e-9
82.0000, 218.0000, -2.739e-9
84.0000, 218.0000, -2.740e-9
86.0000, 218.0000, -2.741e-9
88.0000, 218.0000, -2.742e-9
90.0000, 218.0000, -2.744e-9
92.0000, 218.0000, -2.747e-9
94.0000, 218.0000, -2.749e-9
96.0000, 218.0000, -2.751e-9
98.0000, 218.0000, -2.753e-9
100.0000, 218.0000, -2.755e-9
102.0000, 218.0000, -2.755e-9
104.0000, 218.0000, -2.756e-9
106.0000, 218.0000, -2.757e-9
108.0000, 218.0000, -2.758e-9
110.0000, 218.0000, -2.759e-9
112.0000, 218.0000, -2.760e-9
114.0000, 218.0000, -2.761e-9
116.0000, 218.0000, -2.761e-9
118.0000, 218.0000, -2.762e-9
120.0000, 218.0000, -2.763e-9
122.0000, 218.0000, -2.765e-9
124.0000, 218.0000, -2.767e-9
126.0000, 218.0000, -2.769e-9
128.0000, 218.0000, -2.770e-9
130.0000, 218.0000, -2.771e-9
132.0000, 218.0000, -2.772e-9
134.0000, 218.0000, -2.773e-9
136.0000, 218.0000, -2.773e-9
138.0000, 218.0000, -2.773e-9
140.0000, 218.0000, -2.773e-9
142.0000, 218.0000, -2.774e-9
144.0000, 218.0000, -2.774e-9
146.0000, 218.0000, -2.772e-9
148.0000, 218.0000, -2.772e-9
150.0000, 218.0000, -2.772e-9
152.0000, 218.0000, -2.772e-9
154.0000, 218.0000, -2.771e-9
156.0000, 218.0000, -2.770e-9
158.0000, 218.0000, -2.770e-9
160.0000, 218.0000, -2.770e-9
162.0000, 218.0000, -2.771e-9
164.0000, 218.0000, -2.772e-9
166.0000, 218.0000, -2.771e-9
168.0000, 218.0000, -2.770e-9
170.0000, 218.0000, -2.770e-9
172.0000, 218.0000, -2.770e-9
174.0000, 218.0000, -2.769e-9
176.0000, 218.0000, -2.767e-9
178.0000, 218.0000, -2.764e-9
180.0000, 218.0000, -2.762e-9
182.0000, 218.0000, -2.759e-9
184.0000, 218.0000, -2.757e-9
186.0000, 218.0000, -2.754e-9
188.0000, 218.0000, -2.751e-9
190.0000, 218.0000, -2.748e-9
192.0000, 218.0000, -2.748e-9
194.0000, 218.0000, -2.748e-9
196.0000, 218.0000, -2.748e-9
198.0000, 218.0000, -2.750e-9
200.0000, 218.0000, -2.751e-9
202.0000, 218.0000, -2.749e-9
204.0000, 218.0000, -2.746e-9
206.0000, 218.0000, -2.741e-9
208.0000, 218.0000, -2.735e-9
210.0000, 218.0000, -2.729e-9
212.0000, 218.0000, -2.724e-9
214.0000, 218.0000, -2.718e-9
216.0000, 218.0000, -2.715e-9
218.0000, 218.0000, -2.710e-9
220.0000, 218.0000, -2.706e-9
222.0000, 218.0000, -2.702e-9
224.0000, 218.0000, -2.698e-9
226.0000, 218.0000, -2.695e-9
228.0000, 218.0000, -2.692e-9
230.0000, 218.0000, -2.690e-9
232.0000, 218.0000, -2.687e-9
234.0000, 218.0000, -2.685e-9
236.0000, 218.0000, -2.683e-9
238.0000, 218.0000, -2.681e-9
240.0000, 218.0000, -2.679e-9
242.0000, 218.0000, -2.678e-9
244.0000, 218.0000, -2.677e-9
246.0000, 218.0000, -2.675e-9
248.0000, 218.0000, -2.674e-9
250.0000, 218.0000, -2.673e-9
252.0000, 218.0000, -2.672e-9
254.0000, 218.0000, -2.671e-9
256.0000, 218.0000, -2.670e-9
258.0000, 218.0000, -2.669e-9
260.0000, 218.0000, -2.668e-9
262.0000, 218.0000, -2.666e-9
264.0000, 218.0000, -2.666e-9
266.0000, 218.0000, -2.665e-9
268.0000, 218.0000, -2.664e-9
270.0000, 218.0000, -2.663e-9
272.0000, 218.0000, -2.663e-9
274.0000, 218.0000, -2.662e-9
276.0000, 218.0000, -2.662e-9
278.0000, 218.0000, -2.661e-9
280.0000, 218.0000, -2.660e-9
282.0000, 218.0000, -2.660e-9
284.0000, 218.0000, -2.659e-9
286.0000, 218.0000, -2.659e-9
288.0000, 218.0000, -2.658e-9
290.0000, 218.0000, -2.658e-9
292.0000, 218.0000, -2.658e-9
294.0000, 218.0000, -2.657e-9
296.0000, 218.0000, -2.657e-9
298.0000, 218.0000, -2.656e-9
0.0000, 220.0000, -3.233e-9
2.0000, 220.0000, -3.117e-9
4.0000, 220.0000, -3.019e-9
6.0000, 220.0000, -2.943e-9
8.0000, 220.0000, -2.886e-9
10.0000, 220.0000, -2.842e-9
12.0000, 220.0000, -2.808e-9
14.0000, 220.0000, -2.782e-9
16.0000, 220.0000, -2.762e-9
18.0000, 220.0000, -2.744e-9
20.0000, 220.0000, -2.731e-9
22.0000, 220.0000, -2.721e-9
24.0000, 220.0000, -2.716e-9
26.0000, 220.0000, -2.714e-9
28.0000, 220.0000, -2.712e-9
30.0000, 220.0000, -2.710e-9
32.0000, 220.0000, -2.707e-9
34.0000, 220.0000, -2.706e-9
36.0000, 220.0000, -2.704e-9
38.0000, 220.0000, -2.703e-9
40.0000, 220.0000, -2.703e-9
42.0000, 220.0000, -2.706e-9
44.0000, 220.0000, -2.709e-9
46.0000, 220.0000, -2.711e-9
48.0000, 220.0000, -2.713e-9
50.0000, 220.0000, -2.715e-9
52.0000, 220.0000, -2.716e-9
54.0000, 220.0000, -2.716e-9
56.0000, 220.0000, -2.716e-9
58.0000, 220.0000, -2.718e-9
60.0000, 220.0000, -2.721e-9
62.0000, 220.0000, -2.720e-9
64.0000, 220.0000, -2.720e-9
66.0000, 220.0000, -2.719e-9
68.0000, 220.0000, -2.719e-9
70.0000, 220.0000, -2.721e-9
72.0000, 220.0000, -2.723e-9
74.0000, 220.0000, -2.726e-9
76.0000, 220.0000, -2.728e-9
78.0000, 220.0000, -2.729e-9
80.0000, 220.0000, -2.731e-9
82.0000, 220.0000, -2.730e-9
84.0000, 220.0000, -2.730e-9
86.0000, 220.0000, -2.733e-9
88.0000, 220.0000, -2.737e-9
90.0000, 220.0000, -2.740e-9
92.0000, 220.0000, -2.743e-9
94.0000, 220.0000, -2.745e-9
96.0000, 220.0000, -2.746e-9
98.0000, 220.0000, -2.748e-9
100.0000, 220.0000, -2.748e-9
102.0000, 220.0000, -2.750e-9
104.0000, 220.0000, -2.751e-9
106.0000, 220.0000, -2.752e-9
108.0000, 220.0000, -2.752e-9
110.0000, 220.0000, -2.754e-9
112.0000, 220.0000, -2.755e-9
114.0000, 220.0000, -2.756e-9
116.0000, 220.0000, -2.756e-9
118.0000, 220.0000, -2.756e-9
120.0000, 220.0000, -2.758e-9
122.0000, 220.0000, -2.758e-9
124.0000, 220.0000, -2.759e-9
126.0000, 220.0000, -2.760e-9
128.0000, 220.0000, -2.762e-9
130.0000, 220.0000, -2.763e-9
132.0000, 220.0000, -2.763e-9
134.0000, 220.0000, -2.764e-9
136.0000, 220.0000, -2.764e-9
138.0000, 220.0000, -2.765e-9
140.0000, 220.0000, -2.767e-9
142.0000, 220.0000, -2.767e-9
144.0000, 220.0000, -2.767e-9
146.0000, 220.0000, -2.766e-9
148.0000, 220.0000, -2.766e-9
150.0000, 220.0000, -2.767e-9
152.0000, 220.0000, -2.767e-9
154.0000, 220.0000, -2.767e-9
156.0000, 220.0000, -2.766e-9
158.0000, 220.0000, -2.765e-9
160.0000, 220.0000, -2.765e-9
162.0000, 220.0000, -2.766e-9
164.0000, 220.0000, -2.767e-9
166.0000, 220.0000, -2.768e-9
168.0000, 220.0000, -2.766e-9
170.0000, 220.0000, -2.766e-9
172.0000, 220.0000, -2.766e-9
174.0000, 220.0000, -2.766e-9
176.0000, 220.0000, -2.764e-9
178.0000, 220.0000, -2.762e-9
180.0000, 220.0000, -2.759e-9
182.0000, 220.0000, -2.757e-9
184.0000, 220.0000, -2.754e-9
186.0000, 220.0000, -2.751e-9
188.0000, 220.0000, -2.748e-9
190.0000, 220.0000, -2.745e-9
192.0000, 220.0000, -2.743e-9
194.0000, 220.0000, -2.743e-9
196.0000, 220.0000, -2.742e-9
198.0000, 220.0000, -2.745e-9
200.0000, 220.0000, -2.746e-9
202.0000, 220.0000, -2.744e-9
204.0000, 220.0000, -2.740e-9
206.0000, 220.0000, -2.735e-9
208.0000, 220.0000, -2.729e-9
210.0000, 220.0000, -2.723e-9
212.0000, 220.0000, -2.717e-9
214.0000, 220.0000, -2.713e-9
216.0000, 220.0000, -2.708e-9
218.0000, 220.0000, -2.703e-9
220.0000, 220.0000, -2.699e-9
222.0000, 220.0000, -2.695e-9
224.0000, 220.0000, -2.692e-9
226.0000, 220.0000, -2.689e-9
228.0000, 220.0000, -2.686e-9
230.0000, 220.0000, -2.683e-9
232.0000, 220.0000, -2.681e-9
234.0000, 220.0000, -2.679e-9
236.0000, 220.0000, -2.677e-9
238.0000, 220.0000, -2.675e-9
240.0000, 220.0000, -2.673e-9
242.0000, 220.0000, -2.671e-9
244.0000, 220.0000, -2.670e-9
246.0000, 220.0000, -2.669e-9
248.0000, 220.0000, -2.667e-9
250.0000, 220.0000, -2.666e-9
252.0000, 220.0000, -2.665e-9
254.0000, 220.0000, -2.664e-9
256.0000, 220.0000, -2.663e-9
258.0000, 220.0000, -2.662e-9
260.0000, 220.0000, -2.662e-9
262.0000, 220.0000, -2.661e-9
264.0000, 220.0000, -2.660e-9
266.0000, 220.0000, -2.660e-9
268.0000, 220.0000, -2.658e-9
270.0000, 220.0000, -2.657e-9
272.0000, 220.0000, -2.657e-9
274.0000, 220.0000, -2.656e-9
276.0000, 220.0000, -2.655e-9
278.0000, 220.0000, -2.655e-9
280.0000, 220.0000, -2.655e-9
282.0000, 220.0000, -2.654e-9
284.0000, 220.0000, -2.653e-9
286.0000, 220.0000, -2.653e-9
288.0000, 220.0000, -2.652e-9
290.0000, 220.0000, -2.651e-9
292.0000, 220.0000, -2.651e-9
294.0000, 220.0000, -2.651e-9
296.0000, 220.0000, -2.651e-9
298.0000, 220.0000, -2.650e-9
0.0000, 222.0000, -3.250e-9
2.0000, 222.0000, -3.130e-9
4.0000, 222.0000, -3.029e-9
6.0000, 222.0000, -2.951e-9
8.0000, 222.0000, -2.891e-9
10.0000, 222.0000, -2.846e-9
12.0000, 222.0000, -2.811e-9
14.0000, 222.0000, -2.784e-9
16.0000, 222.0000, -2.763e-9
18.0000, 222.0000, -2.746e-9
20.0000, 222.0000, -2.733e-9
22.0000, 222.0000, -2.724e-9
24.0000, 222.0000, -2.717e-9
26.0000, 222.0000, -2.710e-9
28.0000, 222.0000, -2.705e-9
30.0000, 222.0000, -2.704e-9
32.0000, 222.0000, -2.705e-9
34.0000, 222.0000, -2.706e-9
36.0000, 222.0000, -2.705e-9
38.0000, 222.0000, -2.704e-9
40.0000, 222.0000, -2.704e-9
42.0000, 222.0000, -2.706e-9
44.0000, 222.0000, -2.710e-9
46.0000, 222.0000, -2.713e-9
48.0000, 222.0000, -2.716e-9
50.0000, 222.0000, -2.719e-9
52.0000, 222.0000, -2.723e-9
54.0000, 222.0000, -2.726e-9
56.0000, 222.0000, -2.727e-9
58.0000, 222.0000, -2.726e-9
60.0000, 222.0000, -2.724e-9
62.0000, 222.0000, -2.722e-9
64.0000, 222.0000, -2.721e-9
66.0000, 222.0000, -2.721e-9
68.0000, 222.0000, -2.719e-9
70.0000, 222.0000, -2.716e-9
72.0000, 222.0000, -2.717e-9
74.0000, 222.0000, -2.720e-9
76.0000, 222.0000, -2.727e-9
78.0000, 222.0000, -2.733e-9
80.0000, 222.0000, -2.735e-9
82.0000, 222.0000, -2.736e-9
84.0000, 222.0000, -2.737e-9
86.0000, 222.0000, -2.737e-9
88.0000, 222.0000, -2.736e-9
90.0000, 222.0000, -2.737e-9
92.0000, 222.0000, -2.741e-9
94.0000, 222.0000, -2.745e-9
96.0000, 222.0000, -2.748e-9
98.0000, 222.0000, -2.748e-9
100.0000, 222.0000, -2.747e-9
102.0000, 222.0000, -2.746e-9
104.0000, 222.0000, -2.747e-9
106.0000, 222.0000, -2.748e-9
108.0000, 222.0000, -2.748e-9
110.0000, 222.0000, -2.749e-9
112.0000, 222.0000, -2.751e-9
114.0000, 222.0000, -2.752e-9
116.0000, 222.0000, -2.752e-9
118.0000, 222.0000, -2.753e-9
120.0000, 222.0000, -2.753e-9
122.0000, 222.0000, -2.753e-9
124.0000, 222.0000, -2.755e-9
126.0000, 222.0000, -2.757e-9
128.0000, 222.0000, -2.757e-9
130.0000, 222.0000, -2.758e-9
132.0000, 222.0000, -2.759e-9
134.0000, 222.0000, -2.760e-9
136.0000, 222.0000, -2.762e-9
138.0000, 222.0000, -2.764e-9
140.0000, 222.0000, -2.766e-9
142.0000, 222.0000, -2.767e-9
144.0000, 222.0000, -2.767e-9
146.0000, 222.0000, -2.765e-9
148.0000, 222.0000, -2.763e-9
150.0000, 222.0000, -2.761e-9
152.0000, 222.0000, -2.760e-9
154.0000, 222.0000, -2.760e-9
156.0000, 222.0000, -2.759e-9
158.0000, 222.0000, -2.759e-9
160.0000, 222.0000, -2.760e-9
162.0000, 222.0000, -2.763e-9
164.0000, 222.0000, -2.763e-9
166.0000, 222.0000, -2.762e-9
168.0000, 222.0000, -2.761e-9
170.0000, 222.0000, -2.761e-9
172.0000, 222.0000, -2.762e-9
174.0000, 222.0000, -2.763e-9
176.0000, 222.0000, -2.761e-9
178.0000, 222.0000, -2.759e-9
180.0000, 222.0000, -2.756e-9
182.0000, 222.0000, -2.753e-9
184.0000, 222.0000, -2.750e-9
186.0000, 222.0000, -2.747e-9
188.0000, 222.0000, -2.745e-9
190.0000, 222.0000, -2.743e-9
192.0000, 222.0000, -2.742e-9
194.0000, 222.0000, -2.742e-9
196.0000, 222.0000, -2.743e-9
198.0000, 222.0000, -2.744e-9
200.0000, 222.0000, -2.744e-9
202.0000, 222.0000, -2.741e-9
204.0000, 222.0000, -2.736e-9
206.0000, 222.0000, -2.730e-9
208.0000, 222.0000, -2.724e-9
210.0000, 222.0000, -2.719e-9
212.0000, 222.0000, -2.713e-9
214.0000, 222.0000, -2.708e-9
216.0000, 222.0000, -2.703e-9
218.0000, 222.0000, -2.698e-9
220.0000, 222.0000, -2.694e-9
222.0000, 222.0000, -2.690e-9
224.0000, 222.0000, -2.687e-9
226.0000, 222.0000, -2.684e-9
228.0000, 222.0000, -2.680e-9
230.0000, 222.0000, -2.678e-9
232.0000, 222.0000, -2.676e-9
234.0000, 222.0000, -2.674e-9
236.0000, 222.0000, -2.672e-9
238.0000, 222.0000, -2.670e-9
240.0000, 222.0000, -2.668e-9
242.0000, 222.0000, -2.666e-9
244.0000, 222.0000, -2.664e-9
246.0000, 222.0000, -2.663e-9
248.0000, 222.0000, -2.662e-9
250.0000, 222.0000, -2.661e-9
252.0000, 222.0000, -2.660e-9
254.0000, 222.0000, -2.659e-9
256.0000, 222.0000, -2.658e-9
258.0000, 222.0000, -2.658e-9
260.0000, 222.0000, -2.657e-9
262.0000, 222.0000, -2.656e-9
264.0000, 222.0000, -2.655e-9
266.0000, 222.0000, -2.654e-9
268.0000, 222.0000, -2.653e-9
270.0000, 222.0000, -2.653e-9
272.0000, 222.0000, -2.652e-9
274.0000, 222.0000, -2.651e-9
276.0000, 222.0000, -2.650e-9
278.0000, 222.0000, -2.650e-9
280.0000, 222.0000, -2.649e-9
282.0000, 222.0000, -2.649e-9
284.0000, 222.0000, -2.649e-9
286.0000, 222.0000, -2.648e-9
288.0000, 222.0000, -2.647e-9
290.0000, 222.0000, -2.647e-9
292.0000, 222.0000, -2.646e-9
294.0000, 222.0000, -2.646e-9
296.0000, 222.0000, -2.646e-9
298.0000, 222.0000, -2.646e-9
0.0000, 224.0000, -3.234e-9
2.0000, 224.0000, -3.116e-9
4.0000, 224.0000, -3.018e-9
6.0000, 224.0000, -2.944e-9
8.0000, 224.0000, -2.884e-9
10.0000, 224.0000, -2.838e-9
12.0000, 224.0000, -2.804e-9
14.0000, 224.0000, -2.778e-9
16.0000, 224.0000, -2.758e-9
18.0000, 224.0000, -2.742e-9
20.0000, 224.0000, -2.730e-9
22.0000, 224.0000, -2.721e-9
24.0000, 224.0000, -2.714e-9
26.0000, 224.0000, -2.708e-9
28.0000, 224.0000, -2.704e-9
30.0000, 224.0000, -2.701e-9
32.0000, 224.0000, -2.700e-9
34.0000, 224.0000, -2.700e-9
36.0000, 224.0000, -2.702e-9
38.0000, 224.0000, -2.705e-9
40.0000, 224.0000, -2.707e-9
42.0000, 224.0000, -2.708e-9
44.0000, 224.0000, -2.710e-9
46.0000, 224.0000, -2.713e-9
48.0000, 224.0000, -2.716e-9
50.0000, 224.0000, -2.717e-9
52.0000, 224.0000, -2.719e-9
54.0000, 224.0000, -2.721e-9
56.0000, 224.0000, -2.721e-9
58.0000, 224.0000, -2.720e-9
60.0000, 224.0000, -2.717e-9
62.0000, 224.0000, -2.716e-9
64.0000, 224.0000, -2.715e-9
66.0000, 224.0000, -2.714e-9
68.0000, 224.0000, -2.713e-9
70.0000, 224.0000, -2.714e-9
72.0000, 224.0000, -2.716e-9
74.0000, 224.0000, -2.718e-9
76.0000, 224.0000, -2.720e-9
78.0000, 224.0000, -2.724e-9
80.0000, 224.0000, -2.726e-9
82.0000, 224.0000, -2.726e-9
84.0000, 224.0000, -2.725e-9
86.0000, 224.0000, -2.727e-9
88.0000, 224.0000, -2.730e-9
90.0000, 224.0000, -2.735e-9
92.0000, 224.0000, -2.740e-9
94.0000, 224.0000, -2.741e-9
96.0000, 224.0000, -2.742e-9
98.0000, 224.0000, -2.742e-9
100.0000, 224.0000, -2.742e-9
102.0000, 224.0000, -2.742e-9
104.0000, 224.0000, -2.743e-9
106.0000, 224.0000, -2.745e-9
108.0000, 224.0000, -2.746e-9
110.0000, 224.0000, -2.748e-9
112.0000, 224.0000, -2.749e-9
114.0000, 224.0000, -2.749e-9
116.0000, 224.0000, -2.748e-9
118.0000, 224.0000, -2.747e-9
120.0000, 224.0000, -2.751e-9
122.0000, 224.0000, -2.751e-9
124.0000, 224.0000, -2.752e-9
126.0000, 224.0000, -2.753e-9
128.0000, 224.0000, -2.753e-9
130.0000, 224.0000, -2.756e-9
132.0000, 224.0000, -2.758e-9
134.0000, 224.0000, -2.761e-9
136.0000, 224.0000, -2.762e-9
138.0000, 224.0000, -2.762e-9
140.0000, 224.0000, -2.762e-9
142.0000, 224.0000, -2.761e-9
144.0000, 224.0000, -2.760e-9
146.0000, 224.0000, -2.758e-9
148.0000, 224.0000, -2.756e-9
150.0000, 224.0000, -2.756e-9
152.0000, 224.0000, -2.755e-9
154.0000, 224.0000, -2.755e-9
156.0000, 224.0000, -2.755e-9
158.0000, 224.0000, -2.754e-9
160.0000, 224.0000, -2.755e-9
162.0000, 224.0000, -2.756e-9
164.0000, 224.0000, -2.757e-9
166.0000, 224.0000, -2.756e-9
168.0000, 224.0000, -2.756e-9
170.0000, 224.0000, -2.756e-9
172.0000, 224.0000, -2.757e-9
174.0000, 224.0000, -2.756e-9
176.0000, 224.0000, -2.753e-9
178.0000, 224.0000, -2.750e-9
180.0000, 224.0000, -2.747e-9
182.0000, 224.0000, -2.744e-9
184.0000, 224.0000, -2.741e-9
186.0000, 224.0000, -2.739e-9
188.0000, 224.0000, -2.736e-9
190.0000, 224.0000, -2.734e-9
192.0000, 224.0000, -2.733e-9
194.0000, 224.0000, -2.734e-9
196.0000, 224.0000, -2.735e-9
198.0000, 224.0000, -2.738e-9
200.0000, 224.0000, -2.739e-9
202.0000, 224.0000, -2.737e-9
204.0000, 224.0000, -2.732e-9
206.0000, 224.0000, -2.726e-9
208.0000, 224.0000, -2.720e-9
210.0000, 224.0000, -2.714e-9
212.0000, 224.0000, -2.708e-9
214.0000, 224.0000, -2.703e-9
216.0000, 224.0000, -2.698e-9
218.0000, 224.0000, -2.693e-9
220.0000, 224.0000, -2.689e-9
222.0000, 224.0000, -2.685e-9
224.0000, 224.0000, -2.682e-9
226.0000, 224.0000, -2.678e-9
228.0000, 224.0000, -2.675e-9
230.0000, 224.0000, -2.673e-9
232.0000, 224.0000, -2.672e-9
234.0000, 224.0000, -2.669e-9
236.0000, 224.0000, -2.667e-9
238.0000, 224.0000, -2.665e-9
240.0000, 224.0000, -2.664e-9
242.0000, 224.0000, -2.662e-9
244.0000, 224.0000, -2.661e-9
246.0000, 224.0000, -2.658e-9
248.0000, 224.0000, -2.657e-9
250.0000, 224.0000, -2.656e-9
252.0000, 224.0000, -2.656e-9
254.0000, 224.0000, -2.655e-9
256.0000, 224.0000, -2.654e-9
258.0000, 224.0000, -2.652e-9
260.0000, 224.0000, -2.652e-9
262.0000, 224.0000, -2.651e-9
264.0000, 224.0000, -2.651e-9
266.0000, 224.0000, -2.649e-9
268.0000, 224.0000, -2.648e-9
270.0000, 224.0000, -2.647e-9
272.0000, 224.0000, -2.647e-9
274.0000, 224.0000, -2.646e-9
276.0000, 224.0000, -2.646e-9
278.0000, 224.0000, -2.645e-9
280.0000, 224.0000, -2.644e-9
282.0000, 224.0000, -2.644e-9
284.0000, 224.0000, -2.643e-9
286.0000, 224.0000, -2.642e-9
288.0000, 224.0000, -2.642e-9
290.0000, 224.0000, -2.642e-9
292.0000, 224.0000, -2.642e-9
294.0000, 224.0000, -2.641e-9
296.0000, 224.0000, -2.641e-9
298.0000, 224.0000, -2.640e-9
0.0000, 226.0000, -3.230e-9
2.0000, 226.0000, -3.112e-9
4.0000, 226.0000, -3.013e-9
6.0000, 226.0000, -2.938e-9
8.0000, 226.0000, -2.878e-9
10.0000, 226.0000, -2.833e-9
12.0000, 226.0000, -2.798e-9
14.0000, 226.0000, -2.772e-9
16.0000, 226.0000, -2.751e-9
18.0000, 226.0000, -2.735e-9
20.0000, 226.0000, -2.722e-9
22.0000, 226.0000, -2.712e-9
24.0000, 226.0000, -2.705e-9
26.0000, 226.0000, -2.699e-9
28.0000, 226.0000, -2.695e-9
30.0000, 226.0000, -2.694e-9
32.0000, 226.0000, -2.692e-9
34.0000, 226.0000, -2.694e-9
36.0000, 226.0000, -2.696e-9
38.0000, 226.0000, -2.699e-9
40.0000, 226.0000, -2.701e-9
42.0000, 226.0000, -2.703e-9
44.0000, 226.0000, -2.705e-9
46.0000, 226.0000, -2.706e-9
48.0000, 226.0000, -2.706e-9
50.0000, 226.0000, -2.707e-9
52.0000, 226.0000, -2.709e-9
54.0000, 226.0000, -2.708e-9
56.0000, 226.0000, -2.709e-9
58.0000, 226.0000, -2.709e-9
60.0000, 226.0000, -2.709e-9
62.0000, 226.0000, -2.710e-9
64.0000, 226.0000, -2.709e-9
66.0000, 226.0000, -2.706e-9
68.0000, 226.0000, -2.706e-9
70.0000, 226.0000, -2.710e-9
72.0000, 226.0000, -2.713e-9
74.0000, 226.0000, -2.711e-9
76.0000, 226.0000, -2.711e-9
78.0000, 226.0000, -2.712e-9
80.0000, 226.0000, -2.715e-9
82.0000, 226.0000, -2.719e-9
84.0000, 226.0000, -2.723e-9
86.0000, 226.0000, -2.725e-9
88.0000, 226.0000, -2.727e-9
90.0000, 226.0000, -2.729e-9
92.0000, 226.0000, -2.729e-9
94.0000, 226.0000, -2.732e-9
96.0000, 226.0000, -2.733e-9
98.0000, 226.0000, -2.734e-9
100.0000, 226.0000, -2.736e-9
102.0000, 226.0000, -2.737e-9
104.0000, 226.0000, -2.738e-9
106.0000, 226.0000, -2.738e-9
108.0000, 226.0000, -2.739e-9
110.0000, 226.0000, -2.739e-9
112.0000, 226.0000, -2.740e-9
114.0000, 226.0000, -2.741e-9
116.0000, 226.0000, -2.743e-9
118.0000, 226.0000, -2.744e-9
120.0000, 226.0000, -2.745e-9
122.0000, 226.0000, -2.746e-9
124.0000, 226.0000, -2.747e-9
126.0000, 226.0000, -2.747e-9
128.0000, 226.0000, -2.748e-9
130.0000, 226.0000, -2.750e-9
132.0000, 226.0000, -2.752e-9
134.0000, 226.0000, -2.753e-9
136.0000, 226.0000, -2.752e-9
138.0000, 226.0000, -2.750e-9
140.0000, 226.0000, -2.749e-9
142.0000, 226.0000, -2.749e-9
144.0000, 226.0000, -2.748e-9
146.0000, 226.0000, -2.748e-9
148.0000, 226.0000, -2.746e-9
150.0000, 226.0000, -2.746e-9
152.0000, 226.0000, -2.746e-9
154.0000, 226.0000, -2.746e-9
156.0000, 226.0000, -2.745e-9
158.0000, 226.0000, -2.745e-9
160.0000, 226.0000, -2.745e-9
162.0000, 226.0000, -2.746e-9
164.0000, 226.0000, -2.749e-9
166.0000, 226.0000, -2.749e-9
168.0000, 226.0000, -2.747e-9
170.0000, 226.0000, -2.746e-9
172.0000, 226.0000, -2.747e-9
174.0000, 226.0000, -2.745e-9
176.0000, 226.0000, -2.743e-9
178.0000, 226.0000, -2.740e-9
180.0000, 226.0000, -2.738e-9
182.0000, 226.0000, -2.735e-9
184.0000, 226.0000, -2.731e-9
186.0000, 226.0000, -2.729e-9
188.0000, 226.0000, -2.727e-9
190.0000, 226.0000, -2.725e-9
192.0000, 226.0000, -2.724e-9
194.0000, 226.0000, -2.724e-9
196.0000, 226.0000, -2.726e-9
198.0000, 226.0000, -2.730e-9
200.0000, 226.0000, -2.730e-9
202.0000, 226.0000, -2.727e-9
204.0000, 226.0000, -2.722e-9
206.0000, 226.0000, -2.716e-9
208.0000, 226.0000, -2.712e-9
210.0000, 226.0000, -2.707e-9
212.0000, 226.0000, -2.702e-9
214.0000, 226.0000, -2.696e-9
216.0000, 226.0000, -2.690e-9
218.0000, 226.0000, -2.684e-9
220.0000, 226.0000, -2.680e-9
222.0000, 226.0000, -2.676e-9
224.0000, 226.0000, -2.673e-9
226.0000, 226.0000, -2.671e-9
228.0000, 226.0000, -2.668e-9
230.0000, 226.0000, -2.665e-9
232.0000, 226.0000, -2.663e-9
234.0000, 226.0000, -2.661e-9
236.0000, 226.0000, -2.658e-9
238.0000, 226.0000, -2.657e-9
240.0000, 226.0000, -2.655e-9
242.0000, 226.0000, -2.654e-9
244.0000, 226.0000, -2.652e-9
246.0000, 226.0000, -2.650e-9
248.0000, 226.0000, -2.650e-9
250.0000, 226.0000, -2.648e-9
252.0000, 226.0000, -2.647e-9
254.0000, 226.0000, -2.646e-9
256.0000, 226.0000, -2.645e-9
258.0000, 226.0000, -2.644e-9
260.0000, 226.0000, -2.643e-9
262.0000, 226.0000, -2.643e-9
264.0000, 226.0000, -2.642e-9
266.0000, 226.0000, -2.641e-9
268.0000, 226.0000, -2.640e-9
270.0000, 226.0000, -2.639e-9
272.0000, 226.0000, -2.638e-9
274.0000, 226.0000, -2.637e-9
276.0000, 226.0000, -2.636e-9
278.0000, 226.0000, -2.636e-9
280.0000, 226.0000, -2.635e-9
282.0000, 226.0000, -2.635e-9
284.0000, 226.0000, -2.635e-9
286.0000, 226.0000, -2.634e-9
288.0000, 226.0000, -2.633e-9
290.0000, 226.0000, -2.632e-9
292.0000, 226.0000, -2.632e-9
294.0000, 226.0000, -2.632e-9
296.0000, 226.0000, -2.632e-9
298.0000, 226.0000, -2.632e-9
0.0000, 228.0000, -3.241e-9
2.0000, 228.0000, -3.120e-9
4.0000, 228.0000, -3.020e-9
6.0000, 228.0000, -2.940e-9
8.0000, 228.0000, -2.881e-9
10.0000, 228.0000, -2.835e-9
12.0000, 228.0000, -2.799e-9
14.0000, 228.0000, -2.771e-9
16.0000, 228.0000, -2.751e-9
18.0000, 228.0000, -2.735e-9
20.0000, 228.0000, -2.722e-9
22.0000, 228.0000, -2.712e-9
24.0000, 228.0000, -2.706e-9
26.0000, 228.0000, -2.700e-9
28.0000, 228.0000, -2.696e-9
30.0000, 228.0000, -2.694e-9
32.0000, 228.0000, -2.693e-9
34.0000, 228.0000, -2.694e-9
36.0000, 228.0000, -2.695e-9
38.0000, 228.0000, -2.695e-9
40.0000, 228.0000, -2.696e-9
42.0000, 228.0000, -2.697e-9
44.0000, 228.0000, -2.699e-9
46.0000, 228.0000, -2.704e-9
48.0000, 228.0000, -2.708e-9
50.0000, 228.0000, -2.709e-9
52.0000, 228.0000, -2.707e-9
54.0000, 228.0000, -2.705e-9
56.0000, 228.0000, -2.706e-9
58.0000, 228.0000, -2.708e-9
60.0000, 228.0000, -2.709e-9
62.0000, 228.0000, -2.707e-9
64.0000, 228.0000, -2.706e-9
66.0000, 228.0000, -2.705e-9
68.0000, 228.0000, -2.704e-9
70.0000, 228.0000, -2.703e-9
72.0000, 228.0000, -2.703e-9
74.0000, 228.0000, -2.705e-9
76.0000, 228.0000, -2.708e-9
78.0000, 228.0000, -2.711e-9
80.0000, 228.0000, -2.712e-9
82.0000, 228.0000, -2.712e-9
84.0000, 228.0000, -2.713e-9
86.0000, 228.0000, -2.715e-9
88.0000, 228.0000, -2.719e-9
90.0000, 228.0000, -2.723e-9
92.0000, 228.0000, -2.727e-9
94.0000, 228.0000, -2.730e-9
96.0000, 228.0000, -2.731e-9
98.0000, 228.0000, -2.733e-9
100.0000, 228.0000, -2.733e-9
102.0000, 228.0000, -2.733e-9
104.0000, 228.0000, -2.733e-9
106.0000, 228.0000, -2.736e-9
108.0000, 228.0000, -2.738e-9
110.0000, 228.0000, -2.739e-9
112.0000, 228.0000, -2.738e-9
114.0000, 228.0000, -2.738e-9
116.0000, 228.0000, -2.737e-9
118.0000, 228.0000, -2.740e-9
120.0000, 228.0000, -2.741e-9
122.0000, 228.0000, -2.743e-9
124.0000, 228.0000, -2.743e-9
126.0000, 228.0000, -2.743e-9
128.0000, 228.0000, -2.745e-9
130.0000, 228.0000, -2.748e-9
132.0000, 228.0000, -2.751e-9
134.0000, 228.0000, -2.751e-9
136.0000, 228.0000, -2.752e-9
138.0000, 228.0000, -2.752e-9
140.0000, 228.0000, -2.751e-9
142.0000, 228.0000, -2.750e-9
144.0000, 228.0000, -2.748e-9
146.0000, 228.0000, -2.747e-9
148.0000, 228.0000, -2.746e-9
150.0000, 228.0000, -2.745e-9
152.0000, 228.0000, -2.744e-9
154.0000, 228.0000, -2.744e-9
156.0000, 228.0000, -2.742e-9
158.0000, 228.0000, -2.741e-9
160.0000, 228.0000, -2.742e-9
162.0000, 228.0000, -2.744e-9
164.0000, 228.0000, -2.745e-9
166.0000, 228.0000, -2.744e-9
168.0000, 228.0000, -2.744e-9
170.0000, 228.0000, -2.744e-9
172.0000, 228.0000, -2.744e-9
174.0000, 228.0000, -2.743e-9
176.0000, 228.0000, -2.741e-9
178.0000, 228.0000, -2.739e-9
180.0000, 228.0000, -2.737e-9
182.0000, 228.0000, -2.735e-9
184.0000, 228.0000, -2.732e-9
186.0000, 228.0000, -2.728e-9
188.0000, 228.0000, -2.725e-9
190.0000, 228.0000, -2.724e-9
192.0000, 228.0000, -2.722e-9
194.0000, 228.0000, -2.722e-9
196.0000, 228.0000, -2.724e-9
198.0000, 228.0000, -2.727e-9
200.0000, 228.0000, -2.728e-9
202.0000, 228.0000, -2.724e-9
204.0000, 228.0000, -2.720e-9
206.0000, 228.0000, -2.715e-9
208.0000, 228.0000, -2.709e-9
210.0000, 228.0000, -2.703e-9
212.0000, 228.0000, -2.698e-9
214.0000, 228.0000, -2.692e-9
216.0000, 228.0000, -2.687e-9
218.0000, 228.0000, -2.682e-9
220.0000, 228.0000, -2.677e-9
222.0000, 228.0000, -2.673e-9
224.0000, 228.0000, -2.670e-9
226.0000, 228.0000, -2.667e-9
228.0000, 228.0000, -2.664e-9
230.0000, 228.0000, -2.662e-9
232.0000, 228.0000, -2.660e-9
234.0000, 228.0000, -2.658e-9
236.0000, 228.0000, -2.656e-9
238.0000, 228.0000, -2.653e-9
240.0000, 228.0000, -2.652e-9
242.0000, 228.0000, -2.649e-9
244.0000, 228.0000, -2.648e-9
246.0000, 228.0000, -2.646e-9
248.0000, 228.0000, -2.645e-9
250.0000, 228.0000, -2.644e-9
252.0000, 228.0000, -2.643e-9
254.0000, 228.0000, -2.642e-9
256.0000, 228.0000, -2.641e-9
258.0000, 228.0000, -2.640e-9
260.0000, 228.0000, -2.639e-9
262.0000, 228.0000, -2.638e-9
264.0000, 228.0000, -2.637e-9
266.0000, 228.0000, -2.636e-9
268.0000, 228.0000, -2.635e-9
270.0000, 228.0000, -2.634e-9
272.0000, 228.0000, -2.634e-9
274.0000, 228.0000, -2.633e-9
276.0000, 228.0000, -2.632e-9
278.0000, 228.0000, -2.632e-9
280.0000, 228.0000, -2.631e-9
282.0000, 228.0000, -2.631e-9
284.0000, 228.0000, -2.630e-9
286.0000, 228.0000, -2.630e-9
288.0000, 228.0000, -2.630e-9
290.0000, 228.0000, -2.629e-9
292.0000, 228.0000, -2.628e-9
294.0000, 228.0000, -2.628e-9
296.0000, 228.0000, -2.627e-9
298.0000, 228.0000, -2.627e-9
0.0000, 230.0000, -3.238e-9
2.0000, 230.0000, -3.118e-9
4.0000, 230.0000, -3.018e-9
6.0000, 230.0000, -2.942e-9
8.0000, 230.0000, -2.882e-9
10.0000, 230.0000, -2.836e-9
12.0000, 230.0000, -2.800e-9
14.0000, 230.0000, -2.774e-9
16.0000, 230.0000, -2.752e-9
18.0000, 230.0000, -2.734e-9
20.0000, 230.0000, -2.722e-9
22.0000, 230.0000, -2.715e-9
24.0000, 230.0000, -2.710e-9
26.0000, 230.0000, -2.706e-9
28.0000, 230.0000, -2.700e-9
30.0000, 230.0000, -2.697e-9
32.0000, 230.0000, -2.695e-9
34.0000, 230.0000, -2.695e-9
36.0000, 230.0000, -2.697e-9
38.0000, 230.0000, -2.698e-9
40.0000, 230.0000, -2.700e-9
42.0000, 230.0000, -2.703e-9
44.0000, 230.0000, -2.706e-9
46.0000, 230.0000, -2.707e-9
48.0000, 230.0000, -2.707e-9
50.0000, 230.0000, -2.708e-9
52.0000, 230.0000, -2.708e-9
54.0000, 230.0000, -2.708e-9
56.0000, 230.0000, -2.708e-9
58.0000, 230.0000, -2.709e-9
60.0000, 230.0000, -2.709e-9
62.0000, 230.0000, -2.706e-9
64.0000, 230.0000, -2.702e-9
66.0000, 230.0000, -2.702e-9
68.0000, 230.0000, -2.703e-9
70.0000, 230.0000, -2.702e-9
72.0000, 230.0000, -2.703e-9
74.0000, 230.0000, -2.706e-9
76.0000, 230.0000, -2.710e-9
78.0000, 230.0000, -2.712e-9
80.0000, 230.0000, -2.712e-9
82.0000, 230.0000, -2.712e-9
84.0000, 230.0000, -2.715e-9
86.0000, 230.0000, -2.718e-9
88.0000, 230.0000, -2.721e-9
90.0000, 230.0000, -2.725e-9
92.0000, 230.0000, -2.727e-9
94.0000, 230.0000, -2.730e-9
96.0000, 230.0000, -2.731e-9
98.0000, 230.0000, -2.730e-9
100.0000, 230.0000, -2.732e-9
102.0000, 230.0000, -2.733e-9
104.0000, 230.0000, -2.735e-9
106.0000, 230.0000, -2.737e-9
108.0000, 230.0000, -2.738e-9
110.0000, 230.0000, -2.738e-9
112.0000, 230.0000, -2.740e-9
114.0000, 230.0000, -2.740e-9
116.0000, 230.0000, -2.739e-9
118.0000, 230.0000, -2.739e-9
120.0000, 230.0000, -2.739e-9
122.0000, 230.0000, -2.739e-9
124.0000, 230.0000, -2.740e-9
126.0000, 230.0000, -2.739e-9
128.0000, 230.0000, -2.741e-9
130.0000, 230.0000, -2.743e-9
132.0000, 230.0000, -2.745e-9
134.0000, 230.0000, -2.748e-9
136.0000, 230.0000, -2.750e-9
138.0000, 230.0000, -2.750e-9
140.0000, 230.0000, -2.752e-9
142.0000, 230.0000, -2.751e-9
144.0000, 230.0000, -2.749e-9
146.0000, 230.0000, -2.748e-9
148.0000, 230.0000, -2.745e-9
150.0000, 230.0000, -2.743e-9
152.0000, 230.0000, -2.741e-9
154.0000, 230.0000, -2.740e-9
156.0000, 230.0000, -2.740e-9
158.0000, 230.0000, -2.740e-9
160.0000, 230.0000, -2.742e-9
162.0000, 230.0000, -2.743e-9
164.0000, 230.0000, -2.743e-9
166.0000, 230.0000, -2.743e-9
168.0000, 230.0000, -2.742e-9
170.0000, 230.0000, -2.742e-9
172.0000, 230.0000, -2.743e-9
174.0000, 230.0000, -2.742e-9
176.0000, 230.0000, -2.741e-9
178.0000, 230.0000, -2.737e-9
180.0000, 230.0000, -2.736e-9
182.0000, 230.0000, -2.733e-9
184.0000, 230.0000, -2.731e-9
186.0000, 230.0000, -2.728e-9
188.0000, 230.0000, -2.725e-9
190.0000, 230.0000, -2.723e-9
192.0000, 230.0000, -2.722e-9
194.0000, 230.0000, -2.722e-9
196.0000, 230.0000, -2.723e-9
198.0000, 230.0000, -2.726e-9
200.0000, 230.0000, -2.726e-9
202.0000, 230.0000, -2.723e-9
204.0000, 230.0000, -2.719e-9
206.0000, 230.0000, -2.713e-9
208.0000, 230.0000, -2.707e-9
210.0000, 230.0000, -2.701e-9
212.0000, 230.0000, -2.696e-9
214.0000, 230.0000, -2.691e-9
216.0000, 230.0000, -2.686e-9
218.0000, 230.0000, -2.681e-9
220.0000, 230.0000, -2.676e-9
222.0000, 230.0000, -2.672e-9
224.0000, 230.0000, -2.669e-9
226.0000, 230.0000, -2.665e-9
228.0000, 230.0000, -2.662e-9
230.0000, 230.0000, -2.660e-9
232.0000, 230.0000, -2.658e-9
234.0000, 230.0000, -2.656e-9
236.0000, 230.0000, -2.653e-9
238.0000, 230.0000, -2.652e-9
240.0000, 230.0000, -2.650e-9
242.0000, 230.0000, -2.648e-9
244.0000, 230.0000, -2.646e-9
246.0000, 230.0000, -2.644e-9
248.0000, 230.0000, -2.643e-9
250.0000, 230.0000, -2.643e-9
252.0000, 230.0000, -2.642e-9
254.0000, 230.0000, -2.641e-9
256.0000, 230.0000, -2.640e-9
258.0000, 230.0000, -2.638e-9
260.0000, 230.0000, -2.636e-9
262.0000, 230.0000, -2.636e-9
264.0000, 230.0000, -2.636e-9
266.0000, 230.0000, -2.635e-9
268.0000, 230.0000, -2.634e-9
270.0000, 230.0000, -2.633e-9
272.0000, 230.0000, -2.633e-9
274.0000, 230.0000, -2.632e-9
276.0000, 230.0000, -2.631e-9
278.0000, 230.0000, -2.630e-9
280.0000, 230.0000, -2.630e-9
282.0000, 230.0000, -2.629e-9
284.0000, 230.0000, -2.629e-9
286.0000, 230.0000, -2.628e-9
288.0000, 230.0000, -2.628e-9
290.0000, 230.0000, -2.627e-9
292.0000, 230.0000, -2.626e-9
294.0000, 230.0000, -2.626e-9
296.0000, 230.0000, -2.626e-9
298.0000, 230.0000, -2.625e-9
0.0000, 232.0000, -3.241e-9
2.0000, 232.0000, -3.121e-9
4.0000, 232.0000, -3.022e-9
6.0000, 232.0000, -2.946e-9
8.0000, 232.0000, -2.887e-9
10.0000, 232.0000, -2.842e-9
12.0000, 232.0000, -2.807e-9
14.0000, 232.0000, -2.780e-9
16.0000, 232.0000, -2.760e-9
18.0000, 232.0000, -2.744e-9
20.0000, 232.0000, -2.732e-9
22.0000, 232.0000, -2.721e-9
24.0000, 232.0000, -2.713e-9
26.0000, 232.0000, -2.708e-9
28.0000, 232.0000, -2.704e-9
30.0000, 232.0000, -2.701e-9
32.0000, 232.0000, -2.699e-9
34.0000, 232.0000, -2.699e-9
36.0000, 232.0000, -2.702e-9
38.0000, 232.0000, -2.705e-9
40.0000, 232.0000, -2.706e-9
42.0000, 232.0000, -2.707e-9
44.0000, 232.0000, -2.707e-9
46.0000, 232.0000, -2.708e-9
48.0000, 232.0000, -2.708e-9
50.0000, 232.0000, -2.709e-9
52.0000, 232.0000, -2.712e-9
54.0000, 232.0000, -2.714e-9
56.0000, 232.0000, -2.714e-9
58.0000, 232.0000, -2.713e-9
60.0000, 232.0000, -2.711e-9
62.0000, 232.0000, -2.709e-9
64.0000, 232.0000, -2.705e-9
66.0000, 232.0000, -2.703e-9
68.0000, 232.0000, -2.704e-9
70.0000, 232.0000, -2.704e-9
72.0000, 232.0000, -2.705e-9
74.0000, 232.0000, -2.706e-9
76.0000, 232.0000, -2.709e-9
78.0000, 232.0000, -2.713e-9
80.0000, 232.0000, -2.716e-9
82.0000, 232.0000, -2.719e-9
84.0000, 232.0000, -2.722e-9
86.0000, 232.0000, -2.724e-9
88.0000, 232.0000, -2.726e-9
90.0000, 232.0000, -2.729e-9
92.0000, 232.0000, -2.729e-9
94.0000, 232.0000, -2.729e-9
96.0000, 232.0000, -2.730e-9
98.0000, 232.0000, -2.732e-9
100.0000, 232.0000, -2.735e-9
102.0000, 232.0000, -2.739e-9
104.0000, 232.0000, -2.739e-9
106.0000, 232.0000, -2.739e-9
108.0000, 232.0000, -2.739e-9
110.0000, 232.0000, -2.739e-9
112.0000, 232.0000, -2.738e-9
114.0000, 232.0000, -2.738e-9
116.0000, 232.0000, -2.737e-9
118.0000, 232.0000, -2.738e-9
120.0000, 232.0000, -2.740e-9
122.0000, 232.0000, -2.742e-9
124.0000, 232.0000, -2.744e-9
126.0000, 232.0000, -2.743e-9
128.0000, 232.0000, -2.742e-9
130.0000, 232.0000, -2.744e-9
132.0000, 232.0000, -2.746e-9
134.0000, 232.0000, -2.748e-9
136.0000, 232.0000, -2.748e-9
138.0000, 232.0000, -2.746e-9
140.0000, 232.0000, -2.747e-9
142.0000, 232.0000, -2.749e-9
144.0000, 232.0000, -2.749e-9
146.0000, 232.0000, -2.748e-9
148.0000, 232.0000, -2.746e-9
150.0000, 232.0000, -2.744e-9
152.0000, 232.0000, -2.744e-9
154.0000, 232.0000, -2.742e-9
156.0000, 232.0000, -2.741e-9
158.0000, 232.0000, -2.740e-9
160.0000, 232.0000, -2.742e-9
162.0000, 232.0000, -2.744e-9
164.0000, 232.0000, -2.745e-9
166.0000, 232.0000, -2.744e-9
168.0000, 232.0000, -2.744e-9
170.0000, 232.0000, -2.745e-9
172.0000, 232.0000, -2.744e-9
174.0000, 232.0000, -2.743e-9
176.0000, 232.0000, -2.741e-9
178.0000, 232.0000, -2.738e-9
180.0000, 232.0000, -2.736e-9
182.0000, 232.0000, -2.734e-9
184.0000, 232.0000, -2.731e-9
186.0000, 232.0000, -2.728e-9
188.0000, 232.0000, -2.724e-9
190.0000, 232.0000, -2.722e-9
192.0000, 232.0000, -2.721e-9
194.0000, 232.0000, -2.721e-9
196.0000, 232.0000, -2.722e-9
198.0000, 232.0000, -2.725e-9
200.0000, 232.0000, -2.725e-9
202.0000, 232.0000, -2.722e-9
204.0000, 232.0000, -2.717e-9
206.0000, 232.0000, -2.712e-9
208.0000, 232.0000, -2.706e-9
210.0000, 232.0000, -2.701e-9
212.0000, 232.0000, -2.695e-9
214.0000, 232.0000, -2.690e-9
216.0000, 232.0000, -2.686e-9
218.0000, 232.0000, -2.680e-9
220.0000, 232.0000, -2.676e-9
222.0000, 232.0000, -2.672e-9
224.0000, 232.0000, -2.668e-9
226.0000, 232.0000, -2.665e-9
228.0000, 232.0000, -2.662e-9
230.0000, 232.0000, -2.661e-9
232.0000, 232.0000, -2.658e-9
234.0000, 232.0000, -2.656e-9
236.0000, 232.0000, -2.654e-9
238.0000, 232.0000, -2.652e-9
240.0000, 232.0000, -2.650e-9
242.0000, 232.0000, -2.648e-9
244.0000, 232.0000, -2.646e-9
246.0000, 232.0000, -2.644e-9
248.0000, 232.0000, -2.643e-9
250.0000, 232.0000, -2.642e-9
252.0000, 232.0000, -2.641e-9
254.0000, 232.0000, -2.640e-9
256.0000, 232.0000, -2.639e-9
258.0000, 232.0000, -2.639e-9
260.0000, 232.0000, -2.637e-9
262.0000, 232.0000, -2.636e-9
264.0000, 232.0000, -2.636e-9
266.0000, 232.0000, -2.635e-9
268.0000, 232.0000, -2.633e-9
270.0000, 232.0000, -2.632e-9
272.0000, 232.0000, -2.632e-9
274.0000, 232.0000, -2.632e-9
276.0000, 232.0000, -2.631e-9
278.0000, 232.0000, -2.630e-9
280.0000, 232.0000, -2.629e-9
282.0000, 232.0000, -2.628e-9
284.0000, 232.0000, -2.628e-9
286.0000, 232.0000, -2.628e-9
288.0000, 232.0000, -2.627e-9
290.0000, 232.0000, -2.627e-9
292.0000, 232.0000, -2.627e-9
294.0000, 232.0000, -2.626e-9
296.0000, 232.0000, -2.625e-9
298.0000, 232.0000, -2.625e-9
0.0000, 234.0000, -3.223e-9
2.0000, 234.0000, -3.109e-9
4.0000, 234.0000, -3.014e-9
6.0000, 234.0000, -2.940e-9
8.0000, 234.0000, -2.881e-9
10.0000, 234.0000, -2.837e-9
12.0000, 234.0000, -2.804e-9
14.0000, 234.0000, -2.778e-9
16.0000, 234.0000, -2.758e-9
18.0000, 234.0000, -2.743e-9
20.0000, 234.0000, -2.730e-9
22.0000, 234.0000, -2.722e-9
24.0000, 234.0000, -2.716e-9
26.0000, 234.0000, -2.711e-9
28.0000, 234.0000, -2.707e-9
30.0000, 234.0000, -2.706e-9
32.0000, 234.0000, -2.704e-9
34.0000, 234.0000, -2.702e-9
36.0000, 234.0000, -2.699e-9
38.0000, 234.0000, -2.698e-9
40.0000, 234.0000, -2.700e-9
42.0000, 234.0000, -2.705e-9
44.0000, 234.0000, -2.708e-9
46.0000, 234.0000, -2.710e-9
48.0000, 234.0000, -2.711e-9
50.0000, 234.0000, -2.710e-9
52.0000, 234.0000, -2.711e-9
54.0000, 234.0000, -2.711e-9
56.0000, 234.0000, -2.711e-9
58.0000, 234.0000, -2.710e-9
60.0000, 234.0000, -2.709e-9
62.0000, 234.0000, -2.708e-9
64.0000, 234.0000, -2.706e-9
66.0000, 234.0000, -2.705e-9
68.0000, 234.0000, -2.703e-9
70.0000, 234.0000, -2.704e-9
72.0000, 234.0000, -2.707e-9
74.0000, 234.0000, -2.709e-9
76.0000, 234.0000, -2.710e-9
78.0000, 234.0000, -2.710e-9
80.0000, 234.0000, -2.711e-9
82.0000, 234.0000, -2.715e-9
84.0000, 234.0000, -2.721e-9
86.0000, 234.0000, -2.725e-9
88.0000, 234.0000, -2.727e-9
90.0000, 234.0000, -2.728e-9
92.0000, 234.0000, -2.729e-9
94.0000, 234.0000, -2.729e-9
96.0000, 234.0000, -2.729e-9
98.0000, 234.0000, -2.731e-9
100.0000, 234.0000, -2.734e-9
102.0000, 234.0000, -2.734e-9
104.0000, 234.0000, -2.735e-9
106.0000, 234.0000, -2.736e-9
108.0000, 234.0000, -2.735e-9
110.0000, 234.0000, -2.736e-9
112.0000, 234.0000, -2.736e-9
114.0000, 234.0000, -2.737e-9
116.0000, 234.0000, -2.739e-9
118.0000, 234.0000, -2.737e-9
120.0000, 234.0000, -2.735e-9
122.0000, 234.0000, -2.736e-9
124.0000, 234.0000, -2.737e-9
126.0000, 234.0000, -2.738e-9
128.0000, 234.0000, -2.740e-9
130.0000, 234.0000, -2.742e-9
132.0000, 234.0000, -2.743e-9
134.0000, 234.0000, -2.743e-9
136.0000, 234.0000, -2.742e-9
138.0000, 234.0000, -2.742e-9
140.0000, 234.0000, -2.745e-9
142.0000, 234.0000, -2.747e-9
144.0000, 234.0000, -2.747e-9
146.0000, 234.0000, -2.746e-9
148.0000, 234.0000, -2.745e-9
150.0000, 234.0000, -2.745e-9
152.0000, 234.0000, -2.744e-9
154.0000, 234.0000, -2.742e-9
156.0000, 234.0000, -2.742e-9
158.0000, 234.0000, -2.741e-9
160.0000, 234.0000, -2.741e-9
162.0000, 234.0000, -2.742e-9
164.0000, 234.0000, -2.743e-9
166.0000, 234.0000, -2.744e-9
168.0000, 234.0000, -2.743e-9
170.0000, 234.0000, -2.743e-9
172.0000, 234.0000, -2.742e-9
174.0000, 234.0000, -2.740e-9
176.0000, 234.0000, -2.738e-9
178.0000, 234.0000, -2.736e-9
180.0000, 234.0000, -2.734e-9
182.0000, 234.0000, -2.732e-9
184.0000, 234.0000, -2.728e-9
186.0000, 234.0000, -2.726e-9
188.0000, 234.0000, -2.723e-9
190.0000, 234.0000, -2.720e-9
192.0000, 234.0000, -2.718e-9
194.0000, 234.0000, -2.717e-9
196.0000, 234.0000, -2.718e-9
198.0000, 234.0000, -2.721e-9
200.0000, 234.0000, -2.721e-9
202.0000, 234.0000, -2.719e-9
204.0000, 234.0000, -2.713e-9
206.0000, 234.0000, -2.708e-9
208.0000, 234.0000, -2.702e-9
210.0000, 234.0000, -2.696e-9
212.0000, 234.0000, -2.690e-9
214.0000, 234.0000, -2.685e-9
216.0000, 234.0000, -2.681e-9
218.0000, 234.0000, -2.676e-9
220.0000, 234.0000, -2.671e-9
222.0000, 234.0000, -2.667e-9
224.0000, 234.0000, -2.665e-9
226.0000, 234.0000, -2.661e-9
228.0000, 234.0000, -2.659e-9
230.0000, 234.0000, -2.656e-9
232.0000, 234.0000, -2.654e-9
234.0000, 234.0000, -2.652e-9
236.0000, 234.0000, -2.649e-9
238.0000, 234.0000, -2.647e-9
240.0000, 234.0000, -2.646e-9
242.0000, 234.0000, -2.644e-9
244.0000, 234.0000, -2.642e-9
246.0000, 234.0000, -2.640e-9
248.0000, 234.0000, -2.639e-9
250.0000, 234.0000, -2.639e-9
252.0000, 234.0000, -2.638e-9
254.0000, 234.0000, -2.636e-9
256.0000, 234.0000, -2.636e-9
258.0000, 234.0000, -2.634e-9
260.0000, 234.0000, -2.634e-9
262.0000, 234.0000, -2.633e-9
264.0000, 234.0000, -2.632e-9
266.0000, 234.0000, -2.631e-9
268.0000, 234.0000, -2.630e-9
270.0000, 234.0000, -2.629e-9
272.0000, 234.0000, -2.629e-9
274.0000, 234.0000, -2.628e-9
276.0000, 234.0000, -2.627e-9
278.0000, 234.0000, -2.626e-9
280.0000, 234.0000, -2.625e-9
282.0000, 234.0000, -2.625e-9
284.0000, 234.0000, -2.625e-9
286.0000, 234.0000, -2.624e-9
288.0000, 234.0000, -2.624e-9
290.0000, 234.0000, -2.623e-9
292.0000, 234.0000, -2.623e-9
294.0000, 234.0000, -2.622e-9
296.0000, 234.0000, -2.622e-9
298.0000, 234.0000, -2.621e-9
0.0000, 236.0000, -3.227e-9
2.0000, 236.0000, -3.110e-9
4.0000, 236.0000, -3.013e-9
6.0000, 236.0000, -2.937e-9
8.0000, 236.0000, -2.880e-9
10.0000, 236.0000, -2.835e-9
12.0000, 236.0000, -2.800e-9
14.0000, 236.0000, -2.774e-9
16.0000, 236.0000, -2.753e-9
18.0000, 236.0000, -2.739e-9
20.0000, 236.0000, -2.727e-9
22.0000, 236.0000, -2.718e-9
24.0000, 236.0000, -2.712e-9
26.0000, 236.0000, -2.708e-9
28.0000, 236.0000, -2.704e-9
30.0000, 236.0000, -2.701e-9
32.0000, 236.0000, -2.698e-9
34.0000, 236.0000, -2.696e-9
36.0000, 236.0000, -2.695e-9
38.0000, 236.0000, -2.695e-9
40.0000, 236.0000, -2.696e-9
42.0000, 236.0000, -2.699e-9
44.0000, 236.0000, -2.702e-9
46.0000, 236.0000, -2.706e-9
48.0000, 236.0000, -2.705e-9
50.0000, 236.0000, -2.705e-9
52.0000, 236.0000, -2.706e-9
54.0000, 236.0000, -2.708e-9
56.0000, 236.0000, -2.708e-9
58.0000, 236.0000, -2.708e-9
60.0000, 236.0000, -2.707e-9
62.0000, 236.0000, -2.706e-9
64.0000, 236.0000, -2.704e-9
66.0000, 236.0000, -2.700e-9
68.0000, 236.0000, -2.699e-9
70.0000, 236.0000, -2.698e-9
72.0000, 236.0000, -2.698e-9
74.0000, 236.0000, -2.700e-9
76.0000, 236.0000, -2.704e-9
78.0000, 236.0000, -2.707e-9
80.0000, 236.0000, -2.709e-9
82.0000, 236.0000, -2.711e-9
84.0000, 236.0000, -2.714e-9
86.0000, 236.0000, -2.716e-9
88.0000, 236.0000, -2.719e-9
90.0000, 236.0000, -2.722e-9
92.0000, 236.0000, -2.725e-9
94.0000, 236.0000, -2.728e-9
96.0000, 236.0000, -2.728e-9
98.0000, 236.0000, -2.727e-9
100.0000, 236.0000, -2.726e-9
102.0000, 236.0000, -2.727e-9
104.0000, 236.0000, -2.728e-9
106.0000, 236.0000, -2.730e-9
108.0000, 236.0000, -2.730e-9
110.0000, 236.0000, -2.731e-9
112.0000, 236.0000, -2.730e-9
114.0000, 236.0000, -2.730e-9
116.0000, 236.0000, -2.729e-9
118.0000, 236.0000, -2.729e-9
120.0000, 236.0000, -2.729e-9
122.0000, 236.0000, -2.730e-9
124.0000, 236.0000, -2.731e-9
126.0000, 236.0000, -2.732e-9
128.0000, 236.0000, -2.732e-9
130.0000, 236.0000, -2.734e-9
132.0000, 236.0000, -2.736e-9
134.0000, 236.0000, -2.738e-9
136.0000, 236.0000, -2.738e-9
138.0000, 236.0000, -2.736e-9
140.0000, 236.0000, -2.737e-9
142.0000, 236.0000, -2.740e-9
144.0000, 236.0000, -2.741e-9
146.0000, 236.0000, -2.740e-9
148.0000, 236.0000, -2.739e-9
150.0000, 236.0000, -2.737e-9
152.0000, 236.0000, -2.736e-9
154.0000, 236.0000, -2.734e-9
156.0000, 236.0000, -2.733e-9
158.0000, 236.0000, -2.731e-9
160.0000, 236.0000, -2.733e-9
162.0000, 236.0000, -2.735e-9
164.0000, 236.0000, -2.737e-9
166.0000, 236.0000, -2.737e-9
168.0000, 236.0000, -2.736e-9
170.0000, 236.0000, -2.734e-9
172.0000, 236.0000, -2.734e-9
174.0000, 236.0000, -2.735e-9
176.0000, 236.0000, -2.735e-9
178.0000, 236.0000, -2.733e-9
180.0000, 236.0000, -2.728e-9
182.0000, 236.0000, -2.723e-9
184.0000, 236.0000, -2.720e-9
186.0000, 236.0000, -2.716e-9
188.0000, 236.0000, -2.714e-9
190.0000, 236.0000, -2.712e-9
192.0000, 236.0000, -2.711e-9
194.0000, 236.0000, -2.711e-9
196.0000, 236.0000, -2.712e-9
198.0000, 236.0000, -2.715e-9
200.0000, 236.0000, -2.715e-9
202.0000, 236.0000, -2.712e-9
204.0000, 236.0000, -2.708e-9
206.0000, 236.0000, -2.702e-9
208.0000, 236.0000, -2.696e-9
210.0000, 236.0000, -2.691e-9
212.0000, 236.0000, -2.685e-9
214.0000, 236.0000, -2.679e-9
216.0000, 236.0000, -2.674e-9
218.0000, 236.0000, -2.669e-9
220.0000, 236.0000, -2.665e-9
222.0000, 236.0000, -2.661e-9
224.0000, 236.0000, -2.658e-9
226.0000, 236.0000, -2.654e-9
228.0000, 236.0000, -2.652e-9
230.0000, 236.0000, -2.650e-9
232.0000, 236.0000, -2.647e-9
234.0000, 236.0000, -2.645e-9
236.0000, 236.0000, -2.643e-9
238.0000, 236.0000, -2.641e-9
240.0000, 236.0000, -2.639e-9
242.0000, 236.0000, -2.637e-9
244.0000, 236.0000, -2.636e-9
246.0000, 236.0000, -2.634e-9
248.0000, 236.0000, -2.633e-9
250.0000, 236.0000, -2.632e-9
252.0000, 236.0000, -2.631e-9
254.0000, 236.0000, -2.630e-9
256.0000, 236.0000, -2.629e-9
258.0000, 236.0000, -2.628e-9
260.0000, 236.0000, -2.627e-9
262.0000, 236.0000, -2.626e-9
264.0000, 236.0000, -2.625e-9
266.0000, 236.0000, -2.624e-9
268.0000, 236.0000, -2.623e-9
270.0000, 236.0000, -2.622e-9
272.0000, 236.0000, -2.621e-9
274.0000, 236.0000, -2.621e-9
276.0000, 236.0000, -2.621e-9
278.0000, 236.0000, -2.619e-9
280.0000, 236.0000, -2.619e-9
282.0000, 236.0000, -2.618e-9
284.0000, 236.0000, -2.618e-9
286.0000, 236.0000, -2.617e-9
288.0000, 236.0000, -2.617e-9
290.0000, 236.0000, -2.616e-9
292.0000, 236.0000, -2.616e-9
294.0000, 236.0000, -2.616e-9
296.0000, 236.0000, -2.616e-9
298.0000, 236.0000, -2.615e-9
0.0000, 238.0000, -3.217e-9
2.0000, 238.0000, -3.100e-9
4.0000, 238.0000, -3.005e-9
6.0000, 238.0000, -2.930e-9
8.0000, 238.0000, -2.873e-9
10.0000, 238.0000, -2.829e-9
12.0000, 238.0000, -2.795e-9
14.0000, 238.0000, -2.769e-9
16.0000, 238.0000, -2.749e-9
18.0000, 238.0000, -2.734e-9
20.0000, 238.0000, -2.722e-9
22.0000, 238.0000, -2.714e-9
24.0000, 238.0000, -2.710e-9
26.0000, 238.0000, -2.707e-9
28.0000, 238.0000, -2.703e-9
30.0000, 238.0000, -2.700e-9
32.0000, 238.0000, -2.697e-9
34.0000, 238.0000, -2.696e-9
36.0000, 238.0000, -2.697e-9
38.0000, 238.0000, -2.697e-9
40.0000, 238.0000, -2.697e-9
42.0000, 238.0000, -2.698e-9
44.0000, 238.0000, -2.701e-9
46.0000, 238.0000, -2.705e-9
48.0000, 238.0000, -2.709e-9
50.0000, 238.0000, -2.711e-9
52.0000, 238.0000, -2.709e-9
54.0000, 238.0000, -2.709e-9
56.0000, 238.0000, -2.709e-9
58.0000, 238.0000, -2.708e-9
60.0000, 238.0000, -2.707e-9
62.0000, 238.0000, -2.707e-9
64.0000, 238.0000, -2.706e-9
66.0000, 238.0000, -2.704e-9
68.0000, 238.0000, -2.700e-9
70.0000, 238.0000, -2.700e-9
72.0000, 238.0000, -2.700e-9
74.0000, 238.0000, -2.699e-9
76.0000, 238.0000, -2.700e-9
78.0000, 238.0000, -2.705e-9
80.0000, 238.0000, -2.710e-9
82.0000, 238.0000, -2.712e-9
84.0000, 238.0000, -2.713e-9
86.0000, 238.0000, -2.714e-9
88.0000, 238.0000, -2.716e-9
90.0000, 238.0000, -2.718e-9
92.0000, 238.0000, -2.723e-9
94.0000, 238.0000, -2.727e-9
96.0000, 238.0000, -2.727e-9
98.0000, 238.0000, -2.726e-9
100.0000, 238.0000, -2.727e-9
102.0000, 238.0000, -2.728e-9
104.0000, 238.0000, -2.727e-9
106.0000, 238.0000, -2.728e-9
108.0000, 238.0000, -2.728e-9
110.0000, 238.0000, -2.728e-9
112.0000, 238.0000, -2.728e-9
114.0000, 238.0000, -2.729e-9
116.0000, 238.0000, -2.729e-9
118.0000, 238.0000, -2.728e-9
120.0000, 238.0000, -2.729e-9
122.0000, 238.0000, -2.730e-9
124.0000, 238.0000, -2.731e-9
126.0000, 238.0000, -2.730e-9
128.0000, 238.0000, -2.730e-9
130.0000, 238.0000, -2.731e-9
132.0000, 238.0000, -2.732e-9
134.0000, 238.0000, -2.734e-9
136.0000, 238.0000, -2.734e-9
138.0000, 238.0000, -2.733e-9
140.0000, 238.0000, -2.735e-9
142.0000, 238.0000, -2.736e-9
144.0000, 238.0000, -2.737e-9
146.0000, 238.0000, -2.737e-9
148.0000, 238.0000, -2.735e-9
150.0000, 238.0000, -2.733e-9
152.0000, 238.0000, -2.731e-9
154.0000, 238.0000, -2.730e-9
156.0000, 238.0000, -2.730e-9
158.0000, 238.0000, -2.729e-9
160.0000, 238.0000, -2.730e-9
162.0000, 238.0000, -2.731e-9
164.0000, 238.0000, -2.733e-9
166.0000, 238.0000, -2.733e-9
168.0000, 238.0000, -2.731e-9
170.0000, 238.0000, -2.730e-9
172.0000, 238.0000, -2.730e-9
174.0000, 238.0000, -2.730e-9
176.0000, 238.0000, -2.729e-9
178.0000, 238.0000, -2.727e-9
180.0000, 238.0000, -2.723e-9
182.0000, 238.0000, -2.721e-9
184.0000, 238.0000, -2.718e-9
186.0000, 238.0000, -2.715e-9
188.0000, 238.0000, -2.712e-9
190.0000, 238.0000, -2.711e-9
192.0000, 238.0000, -2.709e-9
194.0000, 238.0000, -2.709e-9
196.0000, 238.0000, -2.709e-9
198.0000, 238.0000, -2.711e-9
200.0000, 238.0000, -2.711e-9
202.0000, 238.0000, -2.707e-9
204.0000, 238.0000, -2.701e-9
206.0000, 238.0000, -2.695e-9
208.0000, 238.0000, -2.689e-9
210.0000, 238.0000, -2.683e-9
212.0000, 238.0000, -2.678e-9
214.0000, 238.0000, -2.673e-9
216.0000, 238.0000, -2.669e-9
218.0000, 238.0000, -2.664e-9
220.0000, 238.0000, -2.659e-9
222.0000, 238.0000, -2.656e-9
224.0000, 238.0000, -2.652e-9
226.0000, 238.0000, -2.650e-9
228.0000, 238.0000, -2.647e-9
230.0000, 238.0000, -2.645e-9
232.0000, 238.0000, -2.644e-9
234.0000, 238.0000, -2.641e-9
236.0000, 238.0000, -2.638e-9
238.0000, 238.0000, -2.636e-9
240.0000, 238.0000, -2.635e-9
242.0000, 238.0000, -2.633e-9
244.0000, 238.0000, -2.631e-9
246.0000, 238.0000, -2.630e-9
248.0000, 238.0000, -2.629e-9
250.0000, 238.0000, -2.627e-9
252.0000, 238.0000, -2.626e-9
254.0000, 238.0000, -2.625e-9
256.0000, 238.0000, -2.624e-9
258.0000, 238.0000, -2.623e-9
260.0000, 238.0000, -2.622e-9
262.0000, 238.0000, -2.621e-9
264.0000, 238.0000, -2.620e-9
266.0000, 238.0000, -2.619e-9
268.0000, 238.0000, -2.619e-9
270.0000, 238.0000, -2.618e-9
272.0000, 238.0000, -2.617e-9
274.0000, 238.0000, -2.616e-9
276.0000, 238.0000, -2.615e-9
278.0000, 238.0000, -2.615e-9
280.0000, 238.0000, -2.615e-9
282.0000, 238.0000, -2.614e-9
284.0000, 238.0000, -2.613e-9
286.0000, 238.0000, -2.612e-9
288.0000, 238.0000, -2.612e-9
290.0000, 238.0000, -2.612e-9
292.0000, 238.0000, -2.611e-9
294.0000, 238.0000, -2.611e-9
296.0000, 238.0000, -2.611e-9
298.0000, 238.0000, -2.610e-9
0.0000, 240.0000, -3.237e-9
2.0000, 240.0000, -3.118e-9
4.0000, 240.0000, -3.018e-9
6.0000, 240.0000, -2.940e-9
8.0000, 240.0000, -2.880e-9
10.0000, 240.0000, -2.834e-9
12.0000, 240.0000, -2.800e-9
14.0000, 240.0000, -2.772e-9
16.0000, 240.0000, -2.752e-9
18.0000, 240.0000, -2.736e-9
20.0000, 240.0000, -2.724e-9
22.0000, 240.0000, -2.715e-9
24.0000, 240.0000, -2.710e-9
26.0000, 240.0000, -2.706e-9
28.0000, 240.0000, -2.704e-9
30.0000, 240.0000, -2.701e-9
32.0000, 240.0000, -2.699e-9
34.0000, 240.0000, -2.697e-9
36.0000, 240.0000, -2.696e-9
38.0000, 240.0000, -2.696e-9
40.0000, 240.0000, -2.697e-9
42.0000, 240.0000, -2.699e-9
44.0000, 240.0000, -2.703e-9
46.0000, 240.0000, -2.706e-9
48.0000, 240.0000, -2.707e-9
50.0000, 240.0000, -2.707e-9
52.0000, 240.0000, -2.708e-9
54.0000, 240.0000, -2.709e-9
56.0000, 240.0000, -2.709e-9
58.0000, 240.0000, -2.706e-9
60.0000, 240.0000, -2.706e-9
62.0000, 240.0000, -2.706e-9
64.0000, 240.0000, -2.705e-9
66.0000, 240.0000, -2.703e-9
68.0000, 240.0000, -2.700e-9
70.0000, 240.0000, -2.698e-9
72.0000, 240.0000, -2.699e-9
74.0000, 240.0000, -2.700e-9
76.0000, 240.0000, -2.701e-9
78.0000, 240.0000, -2.706e-9
80.0000, 240.0000, -2.710e-9
82.0000, 240.0000, -2.710e-9
84.0000, 240.0000, -2.710e-9
86.0000, 240.0000, -2.711e-9
88.0000, 240.0000, -2.714e-9
90.0000, 240.0000, -2.718e-9
92.0000, 240.0000, -2.722e-9
94.0000, 240.0000, -2.726e-9
96.0000, 240.0000, -2.728e-9
98.0000, 240.0000, -2.728e-9
100.0000, 240.0000, -2.727e-9
102.0000, 240.0000, -2.727e-9
104.0000, 240.0000, -2.727e-9
106.0000, 240.0000, -2.728e-9
108.0000, 240.0000, -2.729e-9
110.0000, 240.0000, -2.729e-9
112.0000, 240.0000, -2.727e-9
114.0000, 240.0000, -2.725e-9
116.0000, 240.0000, -2.725e-9
118.0000, 240.0000, -2.725e-9
120.0000, 240.0000, -2.725e-9
122.0000, 240.0000, -2.726e-9
124.0000, 240.0000, -2.727e-9
126.0000, 240.0000, -2.727e-9
128.0000, 240.0000, -2.726e-9
130.0000, 240.0000, -2.727e-9
132.0000, 240.0000, -2.728e-9
134.0000, 240.0000, -2.731e-9
136.0000, 240.0000, -2.732e-9
138.0000, 240.0000, -2.732e-9
140.0000, 240.0000, -2.732e-9
142.0000, 240.0000, -2.733e-9
144.0000, 240.0000, -2.733e-9
146.0000, 240.0000, -2.733e-9
148.0000, 240.0000, -2.733e-9
150.0000, 240.0000, -2.731e-9
152.0000, 240.0000, -2.729e-9
154.0000, 240.0000, -2.727e-9
156.0000, 240.0000, -2.726e-9
158.0000, 240.0000, -2.725e-9
160.0000, 240.0000, -2.725e-9
162.0000, 240.0000, -2.726e-9
164.0000, 240.0000, -2.727e-9
166.0000, 240.0000, -2.728e-9
168.0000, 240.0000, -2.728e-9
170.0000, 240.0000, -2.726e-9
172.0000, 240.0000, -2.725e-9
174.0000, 240.0000, -2.727e-9
176.0000, 240.0000, -2.727e-9
178.0000, 240.0000, -2.724e-9
180.0000, 240.0000, -2.722e-9
182.0000, 240.0000, -2.718e-9
184.0000, 240.0000, -2.714e-9
186.0000, 240.0000, -2.709e-9
188.0000, 240.0000, -2.703e-9
190.0000, 240.0000, -2.701e-9
192.0000, 240.0000, -2.700e-9
194.0000, 240.0000, -2.700e-9
196.0000, 240.0000, -2.701e-9
198.0000, 240.0000, -2.703e-9
200.0000, 240.0000, -2.704e-9
202.0000, 240.0000, -2.702e-9
204.0000, 240.0000, -2.697e-9
206.0000, 240.0000, -2.692e-9
208.0000, 240.0000, -2.686e-9
210.0000, 240.0000, -2.680e-9
212.0000, 240.0000, -2.675e-9
214.0000, 240.0000, -2.670e-9
216.0000, 240.0000, -2.665e-9
218.0000, 240.0000, -2.660e-9
220.0000, 240.0000, -2.656e-9
222.0000, 240.0000, -2.652e-9
224.0000, 240.0000, -2.649e-9
226.0000, 240.0000, -2.646e-9
228.0000, 240.0000, -2.643e-9
230.0000, 240.0000, -2.640e-9
232.0000, 240.0000, -2.638e-9
234.0000, 240.0000, -2.636e-9
236.0000, 240.0000, -2.635e-9
238.0000, 240.0000, -2.633e-9
240.0000, 240.0000, -2.631e-9
242.0000, 240.0000, -2.628e-9
244.0000, 240.0000, -2.627e-9
246.0000, 240.0000, -2.625e-9
248.0000, 240.0000, -2.624e-9
250.0000, 240.0000, -2.623e-9
252.0000, 240.0000, -2.622e-9
254.0000, 240.0000, -2.621e-9
256.0000, 240.0000, -2.619e-9
258.0000, 240.0000, -2.619e-9
260.0000, 240.0000, -2.618e-9
262.0000, 240.0000, -2.617e-9
264.0000, 240.0000, -2.616e-9
266.0000, 240.0000, -2.615e-9
268.0000, 240.0000, -2.614e-9
270.0000, 240.0000, -2.614e-9
272.0000, 240.0000, -2.613e-9
274.0000, 240.0000, -2.612e-9
276.0000, 240.0000, -2.611e-9
278.0000, 240.0000, -2.611e-9
280.0000, 240.0000, -2.610e-9
282.0000, 240.0000, -2.609e-9
284.0000, 240.0000, -2.609e-9
286.0000, 240.0000, -2.608e-9
288.0000, 240.0000, -2.608e-9
290.0000, 240.0000, -2.607e-9
292.0000, 240.0000, -2.606e-9
294.0000, 240.0000, -2.606e-9
296.0000, 240.0000, -2.607e-9
298.0000, 240.0000, -2.606e-9
0.0000, 242.0000, -3.230e-9
2.0000, 242.0000, -3.110e-9
4.0000, 242.0000, -3.012e-9
6.0000, 242.0000, -2.936e-9
8.0000, 242.0000, -2.878e-9
10.0000, 242.0000, -2.833e-9
12.0000, 242.0000, -2.799e-9
14.0000, 242.0000, -2.773e-9
16.0000, 242.0000, -2.753e-9
18.0000, 242.0000, -2.738e-9
20.0000, 242.0000, -2.726e-9
22.0000, 242.0000, -2.718e-9
24.0000, 242.0000, -2.714e-9
26.0000, 242.0000, -2.712e-9
28.0000, 242.0000, -2.708e-9
30.0000, 242.0000, -2.704e-9
32.0000, 242.0000, -2.701e-9
34.0000, 242.0000, -2.701e-9
36.0000, 242.0000, -2.701e-9
38.0000, 242.0000, -2.701e-9
40.0000, 242.0000, -2.702e-9
42.0000, 242.0000, -2.701e-9
44.0000, 242.0000, -2.703e-9
46.0000, 242.0000, -2.707e-9
48.0000, 242.0000, -2.709e-9
50.0000, 242.0000, -2.711e-9
52.0000, 242.0000, -2.711e-9
54.0000, 242.0000, -2.710e-9
56.0000, 242.0000, -2.708e-9
58.0000, 242.0000, -2.707e-9
60.0000, 242.0000, -2.707e-9
62.0000, 242.0000, -2.707e-9
64.0000, 242.0000, -2.706e-9
66.0000, 242.0000, -2.705e-9
68.0000, 242.0000, -2.705e-9
70.0000, 242.0000, -2.705e-9
72.0000, 242.0000, -2.704e-9
74.0000, 242.0000, -2.703e-9
76.0000, 242.0000, -2.704e-9
78.0000, 242.0000, -2.707e-9
80.0000, 242.0000, -2.710e-9
82.0000, 242.0000, -2.714e-9
84.0000, 242.0000, -2.714e-9
86.0000, 242.0000, -2.716e-9
88.0000, 242.0000, -2.717e-9
90.0000, 242.0000, -2.719e-9
92.0000, 242.0000, -2.724e-9
94.0000, 242.0000, -2.728e-9
96.0000, 242.0000, -2.729e-9
98.0000, 242.0000, -2.731e-9
100.0000, 242.0000, -2.732e-9
102.0000, 242.0000, -2.732e-9
104.0000, 242.0000, -2.730e-9
106.0000, 242.0000, -2.728e-9
108.0000, 242.0000, -2.729e-9
110.0000, 242.0000, -2.729e-9
112.0000, 242.0000, -2.729e-9
114.0000, 242.0000, -2.729e-9
116.0000, 242.0000, -2.729e-9
118.0000, 242.0000, -2.727e-9
120.0000, 242.0000, -2.728e-9
122.0000, 242.0000, -2.728e-9
124.0000, 242.0000, -2.729e-9
126.0000, 242.0000, -2.730e-9
128.0000, 242.0000, -2.730e-9
130.0000, 242.0000, -2.732e-9
132.0000, 242.0000, -2.734e-9
134.0000, 242.0000, -2.732e-9
136.0000, 242.0000, -2.731e-9
138.0000, 242.0000, -2.731e-9
140.0000, 242.0000, -2.733e-9
142.0000, 242.0000, -2.731e-9
144.0000, 242.0000, -2.730e-9
146.0000, 242.0000, -2.729e-9
148.0000, 242.0000, -2.729e-9
150.0000, 242.0000, -2.730e-9
152.0000, 242.0000, -2.729e-9
154.0000, 242.0000, -2.728e-9
156.0000, 242.0000, -2.728e-9
158.0000, 242.0000, -2.727e-9
160.0000, 242.0000, -2.725e-9
162.0000, 242.0000, -2.725e-9
164.0000, 242.0000, -2.727e-9
166.0000, 242.0000, -2.726e-9
168.0000, 242.0000, -2.724e-9
170.0000, 242.0000, -2.724e-9
172.0000, 242.0000, -2.724e-9
174.0000, 242.0000, -2.722e-9
176.0000, 242.0000, -2.721e-9
178.0000, 242.0000, -2.718e-9
180.0000, 242.0000, -2.714e-9
182.0000, 242.0000, -2.710e-9
184.0000, 242.0000, -2.706e-9
186.0000, 242.0000, -2.703e-9
188.0000, 242.0000, -2.700e-9
190.0000, 242.0000, -2.697e-9
192.0000, 242.0000, -2.696e-9
194.0000, 242.0000, -2.697e-9
196.0000, 242.0000, -2.696e-9
198.0000, 242.0000, -2.698e-9
200.0000, 242.0000, -2.700e-9
202.0000, 242.0000, -2.699e-9
204.0000, 242.0000, -2.694e-9
206.0000, 242.0000, -2.689e-9
208.0000, 242.0000, -2.683e-9
210.0000, 242.0000, -2.678e-9
212.0000, 242.0000, -2.672e-9
214.0000, 242.0000, -2.667e-9
216.0000, 242.0000, -2.662e-9
218.0000, 242.0000, -2.658e-9
220.0000, 242.0000, -2.653e-9
222.0000, 242.0000, -2.649e-9
224.0000, 242.0000, -2.646e-9
226.0000, 242.0000, -2.643e-9
228.0000, 242.0000, -2.641e-9
230.0000, 242.0000, -2.639e-9
232.0000, 242.0000, -2.636e-9
234.0000, 242.0000, -2.632e-9
236.0000, 242.0000, -2.630e-9
238.0000, 242.0000, -2.629e-9
240.0000, 242.0000, -2.627e-9
242.0000, 242.0000, -2.625e-9
244.0000, 242.0000, -2.623e-9
246.0000, 242.0000, -2.622e-9
248.0000, 242.0000, -2.621e-9
250.0000, 242.0000, -2.619e-9
252.0000, 242.0000, -2.618e-9
254.0000, 242.0000, -2.617e-9
256.0000, 242.0000, -2.616e-9
258.0000, 242.0000, -2.615e-9
260.0000, 242.0000, -2.614e-9
262.0000, 242.0000, -2.613e-9
264.0000, 242.0000, -2.612e-9
266.0000, 242.0000, -2.611e-9
268.0000, 242.0000, -2.610e-9
270.0000, 242.0000, -2.610e-9
272.0000, 242.0000, -2.609e-9
274.0000, 242.0000, -2.608e-9
276.0000, 242.0000, -2.607e-9
278.0000, 242.0000, -2.607e-9
280.0000, 242.0000, -2.606e-9
282.0000, 242.0000, -2.606e-9
284.0000, 242.0000, -2.605e-9
286.0000, 242.0000, -2.604e-9
288.0000, 242.0000, -2.604e-9
290.0000, 242.0000, -2.604e-9
292.0000, 242.0000, -2.603e-9
294.0000, 242.0000, -2.602e-9
296.0000, 242.0000, -2.601e-9
298.0000, 242.0000, -2.601e-9
0.0000, 244.0000, -3.230e-9
2.0000, 244.0000, -3.112e-9
4.0000, 244.0000, -3.014e-9
6.0000, 244.0000, -2.937e-9
8.0000, 244.0000, -2.878e-9
10.0000, 244.0000, -2.833e-9
12.0000, 244.0000, -2.800e-9
14.0000, 244.0000, -2.774e-9
16.0000, 244.0000, -2.754e-9
18.0000, 244.0000, -2.739e-9
20.0000, 244.0000, -2.728e-9
22.0000, 244.0000, -2.719e-9
24.0000, 244.0000, -2.713e-9
26.0000, 244.0000, -2.708e-9
28.0000, 244.0000, -2.705e-9
30.0000, 244.0000, -2.704e-9
32.0000, 244.0000, -2.703e-9
34.0000, 244.0000, -2.702e-9
36.0000, 244.0000, -2.701e-9
38.0000, 244.0000, -2.701e-9
40.0000, 244.0000, -2.702e-9
42.0000, 244.0000, -2.705e-9
44.0000, 244.0000, -2.706e-9
46.0000, 244.0000, -2.706e-9
48.0000, 244.0000, -2.707e-9
50.0000, 244.0000, -2.708e-9
52.0000, 244.0000, -2.708e-9
54.0000, 244.0000, -2.708e-9
56.0000, 244.0000, -2.706e-9
58.0000, 244.0000, -2.703e-9
60.0000, 244.0000, -2.700e-9
62.0000, 244.0000, -2.700e-9
64.0000, 244.0000, -2.700e-9
66.0000, 244.0000, -2.699e-9
68.0000, 244.0000, -2.698e-9
70.0000, 244.0000, -2.698e-9
72.0000, 244.0000, -2.701e-9
74.0000, 244.0000, -2.704e-9
76.0000, 244.0000, -2.706e-9
78.0000, 244.0000, -2.707e-9
80.0000, 244.0000, -2.709e-9
82.0000, 244.0000, -2.713e-9
84.0000, 244.0000, -2.719e-9
86.0000, 244.0000, -2.723e-9
88.0000, 244.0000, -2.727e-9
90.0000, 244.0000, -2.730e-9
92.0000, 244.0000, -2.731e-9
94.0000, 244.0000, -2.730e-9
96.0000, 244.0000, -2.730e-9
98.0000, 244.0000, -2.730e-9
100.0000, 244.0000, -2.731e-9
102.0000, 244.0000, -2.733e-9
104.0000, 244.0000, -2.733e-9
106.0000, 244.0000, -2.733e-9
108.0000, 244.0000, -2.730e-9
110.0000, 244.0000, -2.729e-9
112.0000, 244.0000, -2.728e-9
114.0000, 244.0000, -2.728e-9
116.0000, 244.0000, -2.727e-9
118.0000, 244.0000, -2.726e-9
120.0000, 244.0000, -2.726e-9
122.0000, 244.0000, -2.726e-9
124.0000, 244.0000, -2.727e-9
126.0000, 244.0000, -2.727e-9
128.0000, 244.0000, -2.727e-9
130.0000, 244.0000, -2.726e-9
132.0000, 244.0000, -2.727e-9
134.0000, 244.0000, -2.728e-9
136.0000, 244.0000, -2.728e-9
138.0000, 244.0000, -2.727e-9
140.0000, 244.0000, -2.726e-9
142.0000, 244.0000, -2.727e-9
144.0000, 244.0000, -2.727e-9
146.0000, 244.0000, -2.728e-9
148.0000, 244.0000, -2.728e-9
150.0000, 244.0000, -2.729e-9
152.0000, 244.0000, -2.727e-9
154.0000, 244.0000, -2.725e-9
156.0000, 244.0000, -2.723e-9
158.0000, 244.0000, -2.721e-9
160.0000, 244.0000, -2.720e-9
162.0000, 244.0000, -2.721e-9
164.0000, 244.0000, -2.722e-9
166.0000, 244.0000, -2.723e-9
168.0000, 244.0000, -2.721e-9
170.0000, 244.0000, -2.721e-9
172.0000, 244.0000, -2.720e-9
174.0000, 244.0000, -2.719e-9
176.0000, 244.0000, -2.717e-9
178.0000, 244.0000, -2.714e-9
180.0000, 244.0000, -2.711e-9
182.0000, 244.0000, -2.709e-9
184.0000, 244.0000, -2.705e-9
186.0000, 244.0000, -2.701e-9
188.0000, 244.0000, -2.698e-9
190.0000, 244.0000, -2.695e-9
192.0000, 244.0000, -2.694e-9
194.0000, 244.0000, -2.694e-9
196.0000, 244.0000, -2.694e-9
198.0000, 244.0000, -2.697e-9
200.0000, 244.0000, -2.699e-9
202.0000, 244.0000, -2.698e-9
204.0000, 244.0000, -2.693e-9
206.0000, 244.0000, -2.687e-9
208.0000, 244.0000, -2.681e-9
210.0000, 244.0000, -2.675e-9
212.0000, 244.0000, -2.670e-9
214.0000, 244.0000, -2.665e-9
216.0000, 244.0000, -2.660e-9
218.0000, 244.0000, -2.655e-9
220.0000, 244.0000, -2.651e-9
222.0000, 244.0000, -2.647e-9
224.0000, 244.0000, -2.643e-9
226.0000, 244.0000, -2.641e-9
228.0000, 244.0000, -2.638e-9
230.0000, 244.0000, -2.635e-9
232.0000, 244.0000, -2.632e-9
234.0000, 244.0000, -2.630e-9
236.0000, 244.0000, -2.628e-9
238.0000, 244.0000, -2.626e-9
240.0000, 244.0000, -2.624e-9
242.0000, 244.0000, -2.623e-9
244.0000, 244.0000, -2.621e-9
246.0000, 244.0000, -2.618e-9
248.0000, 244.0000, -2.617e-9
250.0000, 244.0000, -2.617e-9
252.0000, 244.0000, -2.615e-9
254.0000, 244.0000, -2.614e-9
256.0000, 244.0000, -2.613e-9
258.0000, 244.0000, -2.612e-9
260.0000, 244.0000, -2.611e-9
262.0000, 244.0000, -2.610e-9
264.0000, 244.0000, -2.609e-9
266.0000, 244.0000, -2.609e-9
268.0000, 244.0000, -2.608e-9
270.0000, 244.0000, -2.606e-9
272.0000, 244.0000, -2.606e-9
274.0000, 244.0000, -2.605e-9
276.0000, 244.0000, -2.604e-9
278.0000, 244.0000, -2.604e-9
280.0000, 244.0000, -2.603e-9
282.0000, 244.0000, -2.602e-9
284.0000, 244.0000, -2.602e-9
286.0000, 244.0000, -2.601e-9
288.0000, 244.0000, -2.600e-9
290.0000, 244.0000, -2.601e-9
292.0000, 244.0000, -2.600e-9
294.0000, 244.0000, -2.599e-9
296.0000, 244.0000, -2.598e-9
298.0000, 244.0000, -2.597e-9
0.0000, 246.0000, -3.234e-9
2.0000, 246.0000, -3.115e-9
4.0000, 246.0000, -3.015e-9
6.0000, 246.0000, -2.938e-9
8.0000, 246.0000, -2.880e-9
10.0000, 246.0000, -2.835e-9
12.0000, 246.0000, -2.801e-9
14.0000, 246.0000, -2.775e-9
16.0000, 246.0000, -2.755e-9
18.0000, 246.0000, -2.739e-9
20.0000, 246.0000, -2.729e-9
22.0000, 246.0000, -2.721e-9
24.0000, 246.0000, -2.716e-9
26.0000, 246.0000, -2.710e-9
28.0000, 246.0000, -2.707e-9
30.0000, 246.0000, -2.705e-9
32.0000, 246.0000, -2.704e-9
34.0000, 246.0000, -2.703e-9
36.0000, 246.0000, -2.702e-9
38.0000, 246.0000, -2.702e-9
40.0000, 246.0000, -2.703e-9
42.0000, 246.0000, -2.703e-9
44.0000, 246.0000, -2.706e-9
46.0000, 246.0000, -2.709e-9
48.0000, 246.0000, -2.710e-9
50.0000, 246.0000, -2.710e-9
52.0000, 246.0000, -2.709e-9
54.0000, 246.0000, -2.708e-9
56.0000, 246.0000, -2.706e-9
58.0000, 246.0000, -2.705e-9
60.0000, 246.0000, -2.704e-9
62.0000, 246.0000, -2.703e-9
64.0000, 246.0000, -2.702e-9
66.0000, 246.0000, -2.701e-9
68.0000, 246.0000, -2.700e-9
70.0000, 246.0000, -2.700e-9
72.0000, 246.0000, -2.699e-9
74.0000, 246.0000, -2.700e-9
76.0000, 246.0000, -2.704e-9
78.0000, 246.0000, -2.708e-9
80.0000, 246.0000, -2.710e-9
82.0000, 246.0000, -2.710e-9
84.0000, 246.0000, -2.711e-9
86.0000, 246.0000, -2.715e-9
88.0000, 246.0000, -2.721e-9
90.0000, 246.0000, -2.727e-9
92.0000, 246.0000, -2.731e-9
94.0000, 246.0000, -2.732e-9
96.0000, 246.0000, -2.731e-9
98.0000, 246.0000, -2.729e-9
100.0000, 246.0000, -2.729e-9
102.0000, 246.0000, -2.729e-9
104.0000, 246.0000, -2.729e-9
106.0000, 246.0000, -2.729e-9
108.0000, 246.0000, -2.729e-9
110.0000, 246.0000, -2.729e-9
112.0000, 246.0000, -2.728e-9
114.0000, 246.0000, -2.728e-9
116.0000, 246.0000, -2.727e-9
118.0000, 246.0000, -2.725e-9
120.0000, 246.0000, -2.724e-9
122.0000, 246.0000, -2.724e-9
124.0000, 246.0000, -2.724e-9
126.0000, 246.0000, -2.726e-9
128.0000, 246.0000, -2.725e-9
130.0000, 246.0000, -2.724e-9
132.0000, 246.0000, -2.725e-9
134.0000, 246.0000, -2.727e-9
136.0000, 246.0000, -2.726e-9
138.0000, 246.0000, -2.725e-9
140.0000, 246.0000, -2.724e-9
142.0000, 246.0000, -2.723e-9
144.0000, 246.0000, -2.724e-9
146.0000, 246.0000, -2.725e-9
148.0000, 246.0000, -2.726e-9
150.0000, 246.0000, -2.725e-9
152.0000, 246.0000, -2.724e-9
154.0000, 246.0000, -2.722e-9
156.0000, 246.0000, -2.719e-9
158.0000, 246.0000, -2.717e-9
160.0000, 246.0000, -2.716e-9
162.0000, 246.0000, -2.716e-9
164.0000, 246.0000, -2.716e-9
166.0000, 246.0000, -2.716e-9
168.0000, 246.0000, -2.715e-9
170.0000, 246.0000, -2.715e-9
172.0000, 246.0000, -2.714e-9
174.0000, 246.0000, -2.713e-9
176.0000, 246.0000, -2.710e-9
178.0000, 246.0000, -2.707e-9
180.0000, 246.0000, -2.704e-9
182.0000, 246.0000, -2.702e-9
184.0000, 246.0000, -2.698e-9
186.0000, 246.0000, -2.695e-9
188.0000, 246.0000, -2.692e-9
190.0000, 246.0000, -2.689e-9
192.0000, 246.0000, -2.688e-9
194.0000, 246.0000, -2.688e-9
196.0000, 246.0000, -2.688e-9
198.0000, 246.0000, -2.689e-9
200.0000, 246.0000, -2.693e-9
202.0000, 246.0000, -2.692e-9
204.0000, 246.0000, -2.688e-9
206.0000, 246.0000, -2.683e-9
208.0000, 246.0000, -2.678e-9
210.0000, 246.0000, -2.671e-9
212.0000, 246.0000, -2.666e-9
214.0000, 246.0000, -2.662e-9
216.0000, 246.0000, -2.656e-9
218.0000, 246.0000, -2.651e-9
220.0000, 246.0000, -2.647e-9
222.0000, 246.0000, -2.643e-9
224.0000, 246.0000, -2.640e-9
226.0000, 246.0000, -2.636e-9
228.0000, 246.0000, -2.633e-9
230.0000, 246.0000, -2.631e-9
232.0000, 246.0000, -2.629e-9
234.0000, 246.0000, -2.627e-9
236.0000, 246.0000, -2.624e-9
238.0000, 246.0000, -2.622e-9
240.0000, 246.0000, -2.620e-9
242.0000, 246.0000, -2.618e-9
244.0000, 246.0000, -2.616e-9
246.0000, 246.0000, -2.615e-9
248.0000, 246.0000, -2.613e-9
250.0000, 246.0000, -2.612e-9
252.0000, 246.0000, -2.611e-9
254.0000, 246.0000, -2.610e-9
256.0000, 246.0000, -2.609e-9
258.0000, 246.0000, -2.608e-9
260.0000, 246.0000, -2.607e-9
262.0000, 246.0000, -2.605e-9
264.0000, 246.0000, -2.604e-9
266.0000, 246.0000, -2.604e-9
268.0000, 246.0000, -2.603e-9
270.0000, 246.0000, -2.602e-9
272.0000, 246.0000, -2.601e-9
274.0000, 246.0000, -2.600e-9
276.0000, 246.0000, -2.599e-9
278.0000, 246.0000, -2.599e-9
280.0000, 246.0000, -2.598e-9
282.0000, 246.0000, -2.598e-9
284.0000, 246.0000, -2.597e-9
286.0000, 246.0000, -2.596e-9
288.0000, 246.0000, -2.596e-9
290.0000, 246.0000, -2.595e-9
292.0000, 246.0000, -2.595e-9
294.0000, 246.0000, -2.595e-9
296.0000, 246.0000, -2.594e-9
298.0000, 246.0000, -2.593e-9
0.0000, 248.0000, -3.203e-9
2.0000, 248.0000, -3.089e-9
4.0000, 248.0000, -2.995e-9
6.0000, 248.0000, -2.924e-9
8.0000, 248.0000, -2.869e-9
10.0000, 248.0000, -2.827e-9
12.0000, 248.0000, -2.795e-9
14.0000, 248.0000, -2.771e-9
16.0000, 248.0000, -2.752e-9
18.0000, 248.0000, -2.738e-9
20.0000, 248.0000, -2.728e-9
22.0000, 248.0000, -2.721e-9
24.0000, 248.0000, -2.717e-9
26.0000, 248.0000, -2.715e-9
28.0000, 248.0000, -2.713e-9
30.0000, 248.0000, -2.711e-9
32.0000, 248.0000, -2.709e-9
34.0000, 248.0000, -2.708e-9
36.0000, 248.0000, -2.709e-9
38.0000, 248.0000, -2.709e-9
40.0000, 248.0000, -2.708e-9
42.0000, 248.0000, -2.707e-9
44.0000, 248.0000, -2.708e-9
46.0000, 248.0000, -2.709e-9
48.0000, 248.0000, -2.711e-9
50.0000, 248.0000, -2.711e-9
52.0000, 248.0000, -2.711e-9
54.0000, 248.0000, -2.709e-9
56.0000, 248.0000, -2.706e-9
58.0000, 248.0000, -2.702e-9
60.0000, 248.0000, -2.699e-9
62.0000, 248.0000, -2.699e-9
64.0000, 248.0000, -2.702e-9
66.0000, 248.0000, -2.705e-9
68.0000, 248.0000, -2.706e-9
70.0000, 248.0000, -2.708e-9
72.0000, 248.0000, -2.709e-9
74.0000, 248.0000, -2.710e-9
76.0000, 248.0000, -2.709e-9
78.0000, 248.0000, -2.710e-9
80.0000, 248.0000, -2.712e-9
82.0000, 248.0000, -2.714e-9
84.0000, 248.0000, -2.717e-9
86.0000, 248.0000, -2.718e-9
88.0000, 248.0000, -2.720e-9
90.0000, 248.0000, -2.722e-9
92.0000, 248.0000, -2.726e-9
94.0000, 248.0000, -2.729e-9
96.0000, 248.0000, -2.730e-9
98.0000, 248.0000, -2.731e-9
100.0000, 248.0000, -2.732e-9
102.0000, 248.0000, -2.734e-9
104.0000, 248.0000, -2.734e-9
106.0000, 248.0000, -2.734e-9
108.0000, 248.0000, -2.733e-9
110.0000, 248.0000, -2.734e-9
112.0000, 248.0000, -2.732e-9
114.0000, 248.0000, -2.731e-9
116.0000, 248.0000, -2.729e-9
118.0000, 248.0000, -2.727e-9
120.0000, 248.0000, -2.726e-9
122.0000, 248.0000, -2.726e-9
124.0000, 248.0000, -2.727e-9
126.0000, 248.0000, -2.727e-9
128.0000, 248.0000, -2.727e-9
130.0000, 248.0000, -2.727e-9
132.0000, 248.0000, -2.729e-9
134.0000, 248.0000, -2.729e-9
136.0000, 248.0000, -2.727e-9
138.0000, 248.0000, -2.725e-9
140.0000, 248.0000, -2.726e-9
142.0000, 248.0000, -2.727e-9
144.0000, 248.0000, -2.726e-9
146.0000, 248.0000, -2.725e-9
148.0000, 248.0000, -2.723e-9
150.0000, 248.0000, -2.723e-9
152.0000, 248.0000, -2.722e-9
154.0000, 248.0000, -2.722e-9
156.0000, 248.0000, -2.721e-9
158.0000, 248.0000, -2.719e-9
160.0000, 248.0000, -2.718e-9
162.0000, 248.0000, -2.717e-9
164.0000, 248.0000, -2.716e-9
166.0000, 248.0000, -2.716e-9
168.0000, 248.0000, -2.716e-9
170.0000, 248.0000, -2.715e-9
172.0000, 248.0000, -2.714e-9
174.0000, 248.0000, -2.714e-9
176.0000, 248.0000, -2.711e-9
178.0000, 248.0000, -2.708e-9
180.0000, 248.0000, -2.705e-9
182.0000, 248.0000, -2.702e-9
184.0000, 248.0000, -2.699e-9
186.0000, 248.0000, -2.696e-9
188.0000, 248.0000, -2.692e-9
190.0000, 248.0000, -2.690e-9
192.0000, 248.0000, -2.688e-9
194.0000, 248.0000, -2.688e-9
196.0000, 248.0000, -2.688e-9
198.0000, 248.0000, -2.690e-9
200.0000, 248.0000, -2.692e-9
202.0000, 248.0000, -2.691e-9
204.0000, 248.0000, -2.687e-9
206.0000, 248.0000, -2.681e-9
208.0000, 248.0000, -2.675e-9
210.0000, 248.0000, -2.670e-9
212.0000, 248.0000, -2.664e-9
214.0000, 248.0000, -2.659e-9
216.0000, 248.0000, -2.655e-9
218.0000, 248.0000, -2.650e-9
220.0000, 248.0000, -2.645e-9
222.0000, 248.0000, -2.642e-9
224.0000, 248.0000, -2.638e-9
226.0000, 248.0000, -2.635e-9
228.0000, 248.0000, -2.632e-9
230.0000, 248.0000, -2.630e-9
232.0000, 248.0000, -2.627e-9
234.0000, 248.0000, -2.625e-9
236.0000, 248.0000, -2.623e-9
238.0000, 248.0000, -2.621e-9
240.0000, 248.0000, -2.619e-9
242.0000, 248.0000, -2.617e-9
244.0000, 248.0000, -2.616e-9
246.0000, 248.0000, -2.614e-9
248.0000, 248.0000, -2.612e-9
250.0000, 248.0000, -2.611e-9
252.0000, 248.0000, -2.610e-9
254.0000, 248.0000, -2.609e-9
256.0000, 248.0000, -2.608e-9
258.0000, 248.0000, -2.606e-9
260.0000, 248.0000, -2.606e-9
262.0000, 248.0000, -2.605e-9
264.0000, 248.0000, -2.604e-9
266.0000, 248.0000, -2.603e-9
268.0000, 248.0000, -2.602e-9
270.0000, 248.0000, -2.601e-9
272.0000, 248.0000, -2.600e-9
274.0000, 248.0000, -2.599e-9
276.0000, 248.0000, -2.599e-9
278.0000, 248.0000, -2.598e-9
280.0000, 248.0000, -2.598e-9
282.0000, 248.0000, -2.598e-9
284.0000, 248.0000, -2.596e-9
286.0000, 248.0000, -2.595e-9
288.0000, 248.0000, -2.595e-9
290.0000, 248.0000, -2.594e-9
292.0000, 248.0000, -2.594e-9
294.0000, 248.0000, -2.594e-9
296.0000, 248.0000, -2.593e-9
298.0000, 248.0000, -2.592e-9
0.0000, 250.0000, -3.239e-9
2.0000, 250.0000, -3.118e-9
4.0000, 250.0000, -3.018e-9
6.0000, 250.0000, -2.940e-9
8.0000, 250.0000, -2.882e-9
10.0000, 250.0000, -2.837e-9
12.0000, 250.0000, -2.804e-9
14.0000, 250.0000, -2.780e-9
16.0000, 250.0000, -2.761e-9
18.0000, 250.0000, -2.747e-9
20.0000, 250.0000, -2.735e-9
22.0000, 250.0000, -2.726e-9
24.0000, 250.0000, -2.720e-9
26.0000, 250.0000, -2.716e-9
28.0000, 250.0000, -2.714e-9
30.0000, 250.0000, -2.713e-9
32.0000, 250.0000, -2.713e-9
34.0000, 250.0000, -2.715e-9
36.0000, 250.0000, -2.714e-9
38.0000, 250.0000, -2.713e-9
40.0000, 250.0000, -2.713e-9
42.0000, 250.0000, -2.712e-9
44.0000, 250.0000, -2.711e-9
46.0000, 250.0000, -2.711e-9
48.0000, 250.0000, -2.711e-9
50.0000, 250.0000, -2.712e-9
52.0000, 250.0000, -2.713e-9
54.0000, 250.0000, -2.713e-9
56.0000, 250.0000, -2.712e-9
58.0000, 250.0000, -2.708e-9
60.0000, 250.0000, -2.705e-9
62.0000, 250.0000, -2.704e-9
64.0000, 250.0000, -2.704e-9
66.0000, 250.0000, -2.704e-9
68.0000, 250.0000, -2.704e-9
70.0000, 250.0000, -2.706e-9
72.0000, 250.0000, -2.706e-9
74.0000, 250.0000, -2.707e-9
76.0000, 250.0000, -2.707e-9
78.0000, 250.0000, -2.709e-9
80.0000, 250.0000, -2.713e-9
82.0000, 250.0000, -2.718e-9
84.0000, 250.0000, -2.720e-9
86.0000, 250.0000, -2.721e-9
88.0000, 250.0000, -2.723e-9
90.0000, 250.0000, -2.725e-9
92.0000, 250.0000, -2.730e-9
94.0000, 250.0000, -2.733e-9
96.0000, 250.0000, -2.735e-9
98.0000, 250.0000, -2.736e-9
100.0000, 250.0000, -2.736e-9
102.0000, 250.0000, -2.735e-9
104.0000, 250.0000, -2.734e-9
106.0000, 250.0000, -2.733e-9
108.0000, 250.0000, -2.732e-9
110.0000, 250.0000, -2.733e-9
112.0000, 250.0000, -2.733e-9
114.0000, 250.0000, -2.733e-9
116.0000, 250.0000, -2.732e-9
118.0000, 250.0000, -2.729e-9
120.0000, 250.0000, -2.728e-9
122.0000, 250.0000, -2.728e-9
124.0000, 250.0000, -2.729e-9
126.0000, 250.0000, -2.729e-9
128.0000, 250.0000, -2.730e-9
130.0000, 250.0000, -2.731e-9
132.0000, 250.0000, -2.731e-9
134.0000, 250.0000, -2.729e-9
136.0000, 250.0000, -2.727e-9
138.0000, 250.0000, -2.726e-9
140.0000, 250.0000, -2.725e-9
142.0000, 250.0000, -2.724e-9
144.0000, 250.0000, -2.723e-9
146.0000, 250.0000, -2.721e-9
148.0000, 250.0000, -2.720e-9
150.0000, 250.0000, -2.721e-9
152.0000, 250.0000, -2.721e-9
154.0000, 250.0000, -2.720e-9
156.0000, 250.0000, -2.719e-9
158.0000, 250.0000, -2.717e-9
160.0000, 250.0000, -2.715e-9
162.0000, 250.0000, -2.714e-9
164.0000, 250.0000, -2.713e-9
166.0000, 250.0000, -2.713e-9
168.0000, 250.0000, -2.712e-9
170.0000, 250.0000, -2.710e-9
172.0000, 250.0000, -2.711e-9
174.0000, 250.0000, -2.711e-9
176.0000, 250.0000, -2.708e-9
178.0000, 250.0000, -2.705e-9
180.0000, 250.0000, -2.703e-9
182.0000, 250.0000, -2.699e-9
184.0000, 250.0000, -2.697e-9
186.0000, 250.0000, -2.694e-9
188.0000, 250.0000, -2.691e-9
190.0000, 250.0000, -2.688e-9
192.0000, 250.0000, -2.686e-9
194.0000, 250.0000, -2.685e-9
196.0000, 250.0000, -2.686e-9
198.0000, 250.0000, -2.686e-9
200.0000, 250.0000, -2.690e-9
202.0000, 250.0000, -2.690e-9
204.0000, 250.0000, -2.687e-9
206.0000, 250.0000, -2.682e-9
208.0000, 250.0000, -2.676e-9
210.0000, 250.0000, -2.671e-9
212.0000, 250.0000, -2.665e-9
214.0000, 250.0000, -2.660e-9
216.0000, 250.0000, -2.655e-9
218.0000, 250.0000, -2.651e-9
220.0000, 250.0000, -2.646e-9
222.0000, 250.0000, -2.641e-9
224.0000, 250.0000, -2.638e-9
226.0000, 250.0000, -2.635e-9
228.0000, 250.0000, -2.631e-9
230.0000, 250.0000, -2.628e-9
232.0000, 250.0000, -2.626e-9
234.0000, 250.0000, -2.624e-9
236.0000, 250.0000, -2.622e-9
238.0000, 250.0000, -2.619e-9
240.0000, 250.0000, -2.617e-9
242.0000, 250.0000, -2.616e-9
244.0000, 250.0000, -2.614e-9
246.0000, 250.0000, -2.613e-9
248.0000, 250.0000, -2.611e-9
250.0000, 250.0000, -2.609e-9
252.0000, 250.0000, -2.608e-9
254.0000, 250.0000, -2.607e-9
256.0000, 250.0000, -2.605e-9
258.0000, 250.0000, -2.605e-9
260.0000, 250.0000, -2.603e-9
262.0000, 250.0000, -2.602e-9
264.0000, 250.0000, -2.602e-9
266.0000, 250.0000, -2.601e-9
268.0000, 250.0000, -2.599e-9
270.0000, 250.0000, -2.598e-9
272.0000, 250.0000, -2.598e-9
274.0000, 250.0000, -2.597e-9
276.0000, 250.0000, -2.597e-9
278.0000, 250.0000, -2.596e-9
280.0000, 250.0000, -2.595e-9
282.0000, 250.0000, -2.594e-9
284.0000, 250.0000, -2.594e-9
286.0000, 250.0000, -2.593e-9
288.0000, 250.0000, -2.592e-9
290.0000, 250.0000, -2.592e-9
292.0000, 250.0000, -2.592e-9
294.0000, 250.0000, -2.591e-9
296.0000, 250.0000, -2.591e-9
298.0000, 250.0000, -2.590e-9
0.0000, 252.0000, -3.230e-9
2.0000, 252.0000, -3.112e-9
4.0000, 252.0000, -3.014e-9
6.0000, 252.0000, -2.939e-9
8.0000, 252.0000, -2.881e-9
10.0000, 252.0000, -2.838e-9
12.0000, 252.0000, -2.805e-9
14.0000, 252.0000, -2.780e-9
16.0000, 252.0000, -2.762e-9
18.0000, 252.0000, -2.748e-9
20.0000, 252.0000, -2.738e-9
22.0000, 252.0000, -2.731e-9
24.0000, 252.0000, -2.726e-9
26.0000, 252.0000, -2.722e-9
28.0000, 252.0000, -2.719e-9
30.0000, 252.0000, -2.720e-9
32.0000, 252.0000, -2.719e-9
34.0000, 252.0000, -2.718e-9
36.0000, 252.0000, -2.718e-9
38.0000, 252.0000, -2.719e-9
40.0000, 252.0000, -2.721e-9
42.0000, 252.0000, -2.722e-9
44.0000, 252.0000, -2.720e-9
46.0000, 252.0000, -2.718e-9
48.0000, 252.0000, -2.717e-9
50.0000, 252.0000, -2.717e-9
52.0000, 252.0000, -2.716e-9
54.0000, 252.0000, -2.715e-9
56.0000, 252.0000, -2.714e-9
58.0000, 252.0000, -2.710e-9
60.0000, 252.0000, -2.707e-9
62.0000, 252.0000, -2.704e-9
64.0000, 252.0000, -2.703e-9
66.0000, 252.0000, -2.703e-9
68.0000, 252.0000, -2.702e-9
70.0000, 252.0000, -2.703e-9
72.0000, 252.0000, -2.708e-9
74.0000, 252.0000, -2.711e-9
76.0000, 252.0000, -2.711e-9
78.0000, 252.0000, -2.712e-9
80.0000, 252.0000, -2.717e-9
82.0000, 252.0000, -2.722e-9
84.0000, 252.0000, -2.727e-9
86.0000, 252.0000, -2.729e-9
88.0000, 252.0000, -2.730e-9
90.0000, 252.0000, -2.732e-9
92.0000, 252.0000, -2.735e-9
94.0000, 252.0000, -2.736e-9
96.0000, 252.0000, -2.735e-9
98.0000, 252.0000, -2.735e-9
100.0000, 252.0000, -2.737e-9
102.0000, 252.0000, -2.738e-9
104.0000, 252.0000, -2.739e-9
106.0000, 252.0000, -2.738e-9
108.0000, 252.0000, -2.737e-9
110.0000, 252.0000, -2.736e-9
112.0000, 252.0000, -2.735e-9
114.0000, 252.0000, -2.734e-9
116.0000, 252.0000, -2.733e-9
118.0000, 252.0000, -2.732e-9
120.0000, 252.0000, -2.731e-9
122.0000, 252.0000, -2.731e-9
124.0000, 252.0000, -2.731e-9
126.0000, 252.0000, -2.730e-9
128.0000, 252.0000, -2.732e-9
130.0000, 252.0000, -2.732e-9
132.0000, 252.0000, -2.731e-9
134.0000, 252.0000, -2.730e-9
136.0000, 252.0000, -2.728e-9
138.0000, 252.0000, -2.726e-9
140.0000, 252.0000, -2.726e-9
142.0000, 252.0000, -2.726e-9
144.0000, 252.0000, -2.723e-9
146.0000, 252.0000, -2.721e-9
148.0000, 252.0000, -2.719e-9
150.0000, 252.0000, -2.719e-9
152.0000, 252.0000, -2.717e-9
154.0000, 252.0000, -2.717e-9
156.0000, 252.0000, -2.716e-9
158.0000, 252.0000, -2.714e-9
160.0000, 252.0000, -2.712e-9
162.0000, 252.0000, -2.711e-9
164.0000, 252.0000, -2.712e-9
166.0000, 252.0000, -2.713e-9
168.0000, 252.0000, -2.711e-9
170.0000, 252.0000, -2.710e-9
172.0000, 252.0000, -2.710e-9
174.0000, 252.0000, -2.709e-9
176.0000, 252.0000, -2.707e-9
178.0000, 252.0000, -2.704e-9
180.0000, 252.0000, -2.702e-9
182.0000, 252.0000, -2.698e-9
184.0000, 252.0000, -2.696e-9
186.0000, 252.0000, -2.694e-9
188.0000, 252.0000, -2.691e-9
190.0000, 252.0000, -2.689e-9
192.0000, 252.0000, -2.686e-9
194.0000, 252.0000, -2.684e-9
196.0000, 252.0000, -2.683e-9
198.0000, 252.0000, -2.684e-9
200.0000, 252.0000, -2.689e-9
202.0000, 252.0000, -2.691e-9
204.0000, 252.0000, -2.688e-9
206.0000, 252.0000, -2.684e-9
208.0000, 252.0000, -2.679e-9
210.0000, 252.0000, -2.673e-9
212.0000, 252.0000, -2.666e-9
214.0000, 252.0000, -2.661e-9
216.0000, 252.0000, -2.655e-9
218.0000, 252.0000, -2.650e-9
220.0000, 252.0000, -2.645e-9
222.0000, 252.0000, -2.641e-9
224.0000, 252.0000, -2.637e-9
226.0000, 252.0000, -2.634e-9
228.0000, 252.0000, -2.630e-9
230.0000, 252.0000, -2.628e-9
232.0000, 252.0000, -2.625e-9
234.0000, 252.0000, -2.623e-9
236.0000, 252.0000, -2.621e-9
238.0000, 252.0000, -2.619e-9
240.0000, 252.0000, -2.616e-9
242.0000, 252.0000, -2.614e-9
244.0000, 252.0000, -2.613e-9
246.0000, 252.0000, -2.611e-9
248.0000, 252.0000, -2.609e-9
250.0000, 252.0000, -2.608e-9
252.0000, 252.0000, -2.607e-9
254.0000, 252.0000, -2.605e-9
256.0000, 252.0000, -2.604e-9
258.0000, 252.0000, -2.602e-9
260.0000, 252.0000, -2.602e-9
262.0000, 252.0000, -2.601e-9
264.0000, 252.0000, -2.600e-9
266.0000, 252.0000, -2.598e-9
268.0000, 252.0000, -2.598e-9
270.0000, 252.0000, -2.597e-9
272.0000, 252.0000, -2.596e-9
274.0000, 252.0000, -2.595e-9
276.0000, 252.0000, -2.594e-9
278.0000, 252.0000, -2.594e-9
280.0000, 252.0000, -2.593e-9
282.0000, 252.0000, -2.593e-9
284.0000, 252.0000, -2.592e-9
286.0000, 252.0000, -2.591e-9
288.0000, 252.0000, -2.591e-9
290.0000, 252.0000, -2.590e-9
292.0000, 252.0000, -2.589e-9
294.0000, 252.0000, -2.589e-9
296.0000, 252.0000, -2.589e-9
298.0000, 252.0000, -2.588e-9
0.0000, 254.0000, -3.209e-9
2.0000, 254.0000, -3.095e-9
4.0000, 254.0000, -3.001e-9
6.0000, 254.0000, -2.928e-9
8.0000, 254.0000, -2.873e-9
10.0000, 254.0000, -2.831e-9
12.0000, 254.0000, -2.799e-9
14.0000, 254.0000, -2.778e-9
16.0000, 254.0000, -2.760e-9
18.0000, 254.0000, -2.745e-9
20.0000, 254.0000, -2.735e-9
22.0000, 254.0000, -2.728e-9
24.0000, 254.0000, -2.724e-9
26.0000, 254.0000, -2.722e-9
28.0000, 254.0000, -2.722e-9
30.0000, 254.0000, -2.721e-9
32.0000, 254.0000, -2.721e-9
34.0000, 254.0000, -2.722e-9
36.0000, 254.0000, -2.722e-9
38.0000, 254.0000, -2.722e-9
40.0000, 254.0000, -2.724e-9
42.0000, 254.0000, -2.724e-9
44.0000, 254.0000, -2.722e-9
46.0000, 254.0000, -2.719e-9
48.0000, 254.0000, -2.717e-9
50.0000, 254.0000, -2.716e-9
52.0000, 254.0000, -2.716e-9
54.0000, 254.0000, -2.716e-9
56.0000, 254.0000, -2.715e-9
58.0000, 254.0000, -2.714e-9
60.0000, 254.0000, -2.709e-9
62.0000, 254.0000, -2.704e-9
64.0000, 254.0000, -2.701e-9
66.0000, 254.0000, -2.699e-9
68.0000, 254.0000, -2.700e-9
70.0000, 254.0000, -2.703e-9
72.0000, 254.0000, -2.707e-9
74.0000, 254.0000, -2.710e-9
76.0000, 254.0000, -2.712e-9
78.0000, 254.0000, -2.714e-9
80.0000, 254.0000, -2.718e-9
82.0000, 254.0000, -2.722e-9
84.0000, 254.0000, -2.728e-9
86.0000, 254.0000, -2.730e-9
88.0000, 254.0000, -2.732e-9
90.0000, 254.0000, -2.736e-9
92.0000, 254.0000, -2.738e-9
94.0000, 254.0000, -2.737e-9
96.0000, 254.0000, -2.737e-9
98.0000, 254.0000, -2.738e-9
100.0000, 254.0000, -2.739e-9
102.0000, 254.0000, -2.740e-9
104.0000, 254.0000, -2.740e-9
106.0000, 254.0000, -2.739e-9
108.0000, 254.0000, -2.737e-9
110.0000, 254.0000, -2.735e-9
112.0000, 254.0000, -2.734e-9
114.0000, 254.0000, -2.733e-9
116.0000, 254.0000, -2.732e-9
118.0000, 254.0000, -2.730e-9
120.0000, 254.0000, -2.728e-9
122.0000, 254.0000, -2.727e-9
124.0000, 254.0000, -2.726e-9
126.0000, 254.0000, -2.727e-9
128.0000, 254.0000, -2.726e-9
130.0000, 254.0000, -2.727e-9
132.0000, 254.0000, -2.728e-9
134.0000, 254.0000, -2.727e-9
136.0000, 254.0000, -2.726e-9
138.0000, 254.0000, -2.724e-9
140.0000, 254.0000, -2.722e-9
142.0000, 254.0000, -2.721e-9
144.0000, 254.0000, -2.720e-9
146.0000, 254.0000, -2.719e-9
148.0000, 254.0000, -2.718e-9
150.0000, 254.0000, -2.716e-9
152.0000, 254.0000, -2.714e-9
154.0000, 254.0000, -2.714e-9
156.0000, 254.0000, -2.715e-9
158.0000, 254.0000, -2.715e-9
160.0000, 254.0000, -2.715e-9
162.0000, 254.0000, -2.714e-9
164.0000, 254.0000, -2.712e-9
166.0000, 254.0000, -2.710e-9
168.0000, 254.0000, -2.708e-9
170.0000, 254.0000, -2.707e-9
172.0000, 254.0000, -2.706e-9
174.0000, 254.0000, -2.706e-9
176.0000, 254.0000, -2.706e-9
178.0000, 254.0000, -2.703e-9
180.0000, 254.0000, -2.701e-9
182.0000, 254.0000, -2.699e-9
184.0000, 254.0000, -2.696e-9
186.0000, 254.0000, -2.693e-9
188.0000, 254.0000, -2.689e-9
190.0000, 254.0000, -2.686e-9
192.0000, 254.0000, -2.683e-9
194.0000, 254.0000, -2.682e-9
196.0000, 254.0000, -2.681e-9
198.0000, 254.0000, -2.683e-9
200.0000, 254.0000, -2.687e-9
202.0000, 254.0000, -2.688e-9
204.0000, 254.0000, -2.687e-9
206.0000, 254.0000, -2.681e-9
208.0000, 254.0000, -2.675e-9
210.0000, 254.0000, -2.669e-9
212.0000, 254.0000, -2.663e-9
214.0000, 254.0000, -2.657e-9
216.0000, 254.0000, -2.652e-9
218.0000, 254.0000, -2.647e-9
220.0000, 254.0000, -2.642e-9
222.0000, 254.0000, -2.637e-9
224.0000, 254.0000, -2.633e-9
226.0000, 254.0000, -2.630e-9
228.0000, 254.0000, -2.627e-9
230.0000, 254.0000, -2.624e-9
232.0000, 254.0000, -2.621e-9
234.0000, 254.0000, -2.618e-9
236.0000, 254.0000, -2.616e-9
238.0000, 254.0000, -2.614e-9
240.0000, 254.0000, -2.612e-9
242.0000, 254.0000, -2.610e-9
244.0000, 254.0000, -2.609e-9
246.0000, 254.0000, -2.607e-9
248.0000, 254.0000, -2.605e-9
250.0000, 254.0000, -2.603e-9
252.0000, 254.0000, -2.602e-9
254.0000, 254.0000, -2.601e-9
256.0000, 254.0000, -2.599e-9
258.0000, 254.0000, -2.599e-9
260.0000, 254.0000, -2.598e-9
262.0000, 254.0000, -2.597e-9
264.0000, 254.0000, -2.596e-9
266.0000, 254.0000, -2.595e-9
268.0000, 254.0000, -2.594e-9
270.0000, 254.0000, -2.594e-9
272.0000, 254.0000, -2.592e-9
274.0000, 254.0000, -2.591e-9
276.0000, 254.0000, -2.591e-9
278.0000, 254.0000, -2.590e-9
280.0000, 254.0000, -2.589e-9
282.0000, 254.0000, -2.588e-9
284.0000, 254.0000, -2.588e-9
286.0000, 254.0000, -2.587e-9
288.0000, 254.0000, -2.586e-9
290.0000, 254.0000, -2.586e-9
292.0000, 254.0000, -2.585e-9
294.0000, 254.0000, -2.585e-9
296.0000, 254.0000, -2.584e-9
298.0000, 254.0000, -2.584e-9
0.0000, 256.0000, -3.230e-9
2.0000, 256.0000, -3.110e-9
4.0000, 256.0000, -3.011e-9
6.0000, 256.0000, -2.935e-9
8.0000, 256.0000, -2.878e-9
10.0000, 256.0000, -2.834e-9
12.0000, 256.0000, -2.802e-9
14.0000, 256.0000, -2.777e-9
16.0000, 256.0000, -2.758e-9
18.0000, 256.0000, -2.744e-9
20.0000, 256.0000, -2.735e-9
22.0000, 256.0000, -2.729e-9
24.0000, 256.0000, -2.724e-9
26.0000, 256.0000, -2.721e-9
28.0000, 256.0000, -2.720e-9
30.0000, 256.0000, -2.721e-9
32.0000, 256.0000, -2.724e-9
34.0000, 256.0000, -2.725e-9
36.0000, 256.0000, -2.725e-9
38.0000, 256.0000, -2.724e-9
40.0000, 256.0000, -2.721e-9
42.0000, 256.0000, -2.718e-9
44.0000, 256.0000, -2.718e-9
46.0000, 256.0000, -2.718e-9
48.0000, 256.0000, -2.716e-9
50.0000, 256.0000, -2.715e-9
52.0000, 256.0000, -2.712e-9
54.0000, 256.0000, -2.712e-9
56.0000, 256.0000, -2.710e-9
58.0000, 256.0000, -2.706e-9
60.0000, 256.0000, -2.703e-9
62.0000, 256.0000, -2.702e-9
64.0000, 256.0000, -2.702e-9
66.0000, 256.0000, -2.703e-9
68.0000, 256.0000, -2.703e-9
70.0000, 256.0000, -2.705e-9
72.0000, 256.0000, -2.708e-9
74.0000, 256.0000, -2.712e-9
76.0000, 256.0000, -2.715e-9
78.0000, 256.0000, -2.717e-9
80.0000, 256.0000, -2.718e-9
82.0000, 256.0000, -2.720e-9
84.0000, 256.0000, -2.723e-9
86.0000, 256.0000, -2.723e-9
88.0000, 256.0000, -2.724e-9
90.0000, 256.0000, -2.726e-9
92.0000, 256.0000, -2.731e-9
94.0000, 256.0000, -2.736e-9
96.0000, 256.0000, -2.739e-9
98.0000, 256.0000, -2.739e-9
100.0000, 256.0000, -2.738e-9
102.0000, 256.0000, -2.737e-9
104.0000, 256.0000, -2.736e-9
106.0000, 256.0000, -2.734e-9
108.0000, 256.0000, -2.732e-9
110.0000, 256.0000, -2.731e-9
112.0000, 256.0000, -2.730e-9
114.0000, 256.0000, -2.728e-9
116.0000, 256.0000, -2.726e-9
118.0000, 256.0000, -2.725e-9
120.0000, 256.0000, -2.725e-9
122.0000, 256.0000, -2.725e-9
124.0000, 256.0000, -2.726e-9
126.0000, 256.0000, -2.726e-9
128.0000, 256.0000, -2.725e-9
130.0000, 256.0000, -2.725e-9
132.0000, 256.0000, -2.725e-9
134.0000, 256.0000, -2.724e-9
136.0000, 256.0000, -2.722e-9
138.0000, 256.0000, -2.719e-9
140.0000, 256.0000, -2.717e-9
142.0000, 256.0000, -2.716e-9
144.0000, 256.0000, -2.716e-9
146.0000, 256.0000, -2.714e-9
148.0000, 256.0000, -2.712e-9
150.0000, 256.0000, -2.710e-9
152.0000, 256.0000, -2.710e-9
154.0000, 256.0000, -2.710e-9
156.0000, 256.0000, -2.710e-9
158.0000, 256.0000, -2.709e-9
160.0000, 256.0000, -2.708e-9
162.0000, 256.0000, -2.706e-9
164.0000, 256.0000, -2.705e-9
166.0000, 256.0000, -2.704e-9
168.0000, 256.0000, -2.705e-9
170.0000, 256.0000, -2.704e-9
172.0000, 256.0000, -2.703e-9
174.0000, 256.0000, -2.703e-9
176.0000, 256.0000, -2.702e-9
178.0000, 256.0000, -2.701e-9
180.0000, 256.0000, -2.699e-9
182.0000, 256.0000, -2.696e-9
184.0000, 256.0000, -2.692e-9
186.0000, 256.0000, -2.689e-9
188.0000, 256.0000, -2.686e-9
190.0000, 256.0000, -2.682e-9
192.0000, 256.0000, -2.679e-9
194.0000, 256.0000, -2.677e-9
196.0000, 256.0000, -2.678e-9
198.0000, 256.0000, -2.678e-9
200.0000, 256.0000, -2.681e-9
202.0000, 256.0000, -2.682e-9
204.0000, 256.0000, -2.680e-9
206.0000, 256.0000, -2.676e-9
208.0000, 256.0000, -2.670e-9
210.0000, 256.0000, -2.664e-9
212.0000, 256.0000, -2.658e-9
214.0000, 256.0000, -2.653e-9
216.0000, 256.0000, -2.647e-9
218.0000, 256.0000, -2.642e-9
220.0000, 256.0000, -2.637e-9
222.0000, 256.0000, -2.632e-9
224.0000, 256.0000, -2.628e-9
226.0000, 256.0000, -2.625e-9
228.0000, 256.0000, -2.622e-9
230.0000, 256.0000, -2.619e-9
232.0000, 256.0000, -2.616e-9
234.0000, 256.0000, -2.613e-9
236.0000, 256.0000, -2.611e-9
238.0000, 256.0000, -2.610e-9
240.0000, 256.0000, -2.608e-9
242.0000, 256.0000, -2.606e-9
244.0000, 256.0000, -2.604e-9
246.0000, 256.0000, -2.602e-9
248.0000, 256.0000, -2.600e-9
250.0000, 256.0000, -2.598e-9
252.0000, 256.0000, -2.598e-9
254.0000, 256.0000, -2.597e-9
256.0000, 256.0000, -2.596e-9
258.0000, 256.0000, -2.594e-9
260.0000, 256.0000, -2.592e-9
262.0000, 256.0000, -2.591e-9
264.0000, 256.0000, -2.591e-9
266.0000, 256.0000, -2.590e-9
268.0000, 256.0000, -2.589e-9
270.0000, 256.0000, -2.588e-9
272.0000, 256.0000, -2.588e-9
274.0000, 256.0000, -2.587e-9
276.0000, 256.0000, -2.586e-9
278.0000, 256.0000, -2.585e-9
280.0000, 256.0000, -2.584e-9
282.0000, 256.0000, -2.583e-9
284.0000, 256.0000, -2.583e-9
286.0000, 256.0000, -2.581e-9
288.0000, 256.0000, -2.581e-9
290.0000, 256.0000, -2.581e-9
292.0000, 256.0000, -2.580e-9
294.0000, 256.0000, -2.580e-9
296.0000, 256.0000, -2.580e-9
298.0000, 256.0000, -2.579e-9
0.0000, 258.0000, -3.218e-9
2.0000, 258.0000, -3.101e-9
4.0000, 258.0000, -3.004e-9
6.0000, 258.0000, -2.929e-9
8.0000, 258.0000, -2.873e-9
10.0000, 258.0000, -2.831e-9
12.0000, 258.0000, -2.800e-9
14.0000, 258.0000, -2.776e-9
16.0000, 258.0000, -2.758e-9
18.0000, 258.0000, -2.745e-9
20.0000, 258.0000, -2.736e-9
22.0000, 258.0000, -2.731e-9
24.0000, 258.0000, -2.726e-9
26.0000, 258.0000, -2.722e-9
28.0000, 258.0000, -2.720e-9
30.0000, 258.0000, -2.720e-9
32.0000, 258.0000, -2.722e-9
34.0000, 258.0000, -2.724e-9
36.0000, 258.0000, -2.726e-9
38.0000, 258.0000, -2.725e-9
40.0000, 258.0000, -2.723e-9
42.0000, 258.0000, -2.720e-9
44.0000, 258.0000, -2.719e-9
46.0000, 258.0000, -2.718e-9
48.0000, 258.0000, -2.719e-9
50.0000, 258.0000, -2.719e-9
52.0000, 258.0000, -2.719e-9
54.0000, 258.0000, -2.717e-9
56.0000, 258.0000, -2.712e-9
58.0000, 258.0000, -2.708e-9
60.0000, 258.0000, -2.706e-9
62.0000, 258.0000, -2.706e-9
64.0000, 258.0000, -2.707e-9
66.0000, 258.0000, -2.706e-9
68.0000, 258.0000, -2.706e-9
70.0000, 258.0000, -2.706e-9
72.0000, 258.0000, -2.706e-9
74.0000, 258.0000, -2.708e-9
76.0000, 258.0000, -2.712e-9
78.0000, 258.0000, -2.718e-9
80.0000, 258.0000, -2.725e-9
82.0000, 258.0000, -2.727e-9
84.0000, 258.0000, -2.727e-9
86.0000, 258.0000, -2.728e-9
88.0000, 258.0000, -2.729e-9
90.0000, 258.0000, -2.730e-9
92.0000, 258.0000, -2.730e-9
94.0000, 258.0000, -2.730e-9
96.0000, 258.0000, -2.733e-9
98.0000, 258.0000, -2.735e-9
100.0000, 258.0000, -2.735e-9
102.0000, 258.0000, -2.735e-9
104.0000, 258.0000, -2.736e-9
106.0000, 258.0000, -2.735e-9
108.0000, 258.0000, -2.732e-9
110.0000, 258.0000, -2.730e-9
112.0000, 258.0000, -2.729e-9
114.0000, 258.0000, -2.727e-9
116.0000, 258.0000, -2.725e-9
118.0000, 258.0000, -2.724e-9
120.0000, 258.0000, -2.723e-9
122.0000, 258.0000, -2.723e-9
124.0000, 258.0000, -2.724e-9
126.0000, 258.0000, -2.724e-9
128.0000, 258.0000, -2.724e-9
130.0000, 258.0000, -2.724e-9
132.0000, 258.0000, -2.723e-9
134.0000, 258.0000, -2.722e-9
136.0000, 258.0000, -2.721e-9
138.0000, 258.0000, -2.718e-9
140.0000, 258.0000, -2.715e-9
142.0000, 258.0000, -2.715e-9
144.0000, 258.0000, -2.714e-9
146.0000, 258.0000, -2.712e-9
148.0000, 258.0000, -2.710e-9
150.0000, 258.0000, -2.708e-9
152.0000, 258.0000, -2.708e-9
154.0000, 258.0000, -2.708e-9
156.0000, 258.0000, -2.706e-9
158.0000, 258.0000, -2.704e-9
160.0000, 258.0000, -2.703e-9
162.0000, 258.0000, -2.701e-9
164.0000, 258.0000, -2.701e-9
166.0000, 258.0000, -2.701e-9
168.0000, 258.0000, -2.702e-9
170.0000, 258.0000, -2.702e-9
172.0000, 258.0000, -2.701e-9
174.0000, 258.0000, -2.701e-9
176.0000, 258.0000, -2.699e-9
178.0000, 258.0000, -2.697e-9
180.0000, 258.0000, -2.695e-9
182.0000, 258.0000, -2.693e-9
184.0000, 258.0000, -2.691e-9
186.0000, 258.0000, -2.688e-9
188.0000, 258.0000, -2.685e-9
190.0000, 258.0000, -2.682e-9
192.0000, 258.0000, -2.680e-9
194.0000, 258.0000, -2.679e-9
196.0000, 258.0000, -2.677e-9
198.0000, 258.0000, -2.678e-9
200.0000, 258.0000, -2.681e-9
202.0000, 258.0000, -2.683e-9
204.0000, 258.0000, -2.681e-9
206.0000, 258.0000, -2.676e-9
208.0000, 258.0000, -2.670e-9
210.0000, 258.0000, -2.664e-9
212.0000, 258.0000, -2.658e-9
214.0000, 258.0000, -2.653e-9
216.0000, 258.0000, -2.648e-9
218.0000, 258.0000, -2.642e-9
220.0000, 258.0000, -2.637e-9
222.0000, 258.0000, -2.632e-9
224.0000, 258.0000, -2.628e-9
226.0000, 258.0000, -2.624e-9
228.0000, 258.0000, -2.621e-9
230.0000, 258.0000, -2.619e-9
232.0000, 258.0000, -2.616e-9
234.0000, 258.0000, -2.613e-9
236.0000, 258.0000, -2.611e-9
238.0000, 258.0000, -2.609e-9
240.0000, 258.0000, -2.606e-9
242.0000, 258.0000, -2.604e-9
244.0000, 258.0000, -2.602e-9
246.0000, 258.0000, -2.601e-9
248.0000, 258.0000, -2.599e-9
250.0000, 258.0000, -2.598e-9
252.0000, 258.0000, -2.596e-9
254.0000, 258.0000, -2.595e-9
256.0000, 258.0000, -2.594e-9
258.0000, 258.0000, -2.593e-9
260.0000, 258.0000, -2.591e-9
262.0000, 258.0000, -2.590e-9
264.0000, 258.0000, -2.589e-9
266.0000, 258.0000, -2.588e-9
268.0000, 258.0000, -2.588e-9
270.0000, 258.0000, -2.586e-9
272.0000, 258.0000, -2.585e-9
274.0000, 258.0000, -2.585e-9
276.0000, 258.0000, -2.584e-9
278.0000, 258.0000, -2.583e-9
280.0000, 258.0000, -2.582e-9
282.0000, 258.0000, -2.582e-9
284.0000, 258.0000, -2.581e-9
286.0000, 258.0000, -2.581e-9
288.0000, 258.0000, -2.581e-9
290.0000, 258.0000, -2.579e-9
292.0000, 258.0000, -2.579e-9
294.0000, 258.0000, -2.578e-9
296.0000, 258.0000, -2.578e-9
298.0000, 258.0000, -2.577e-9
0.0000, 260.0000, -3.222e-9
2.0000, 260.0000, -3.104e-9
4.0000, 260.0000, -3.005e-9
6.0000, 260.0000, -2.930e-9
8.0000, 260.0000, -2.873e-9
10.0000, 260.0000, -2.830e-9
12.0000, 260.0000, -2.798e-9
14.0000, 260.0000, -2.774e-9
16.0000, 260.0000, -2.756e-9
18.0000, 260.0000, -2.743e-9
20.0000, 260.0000, -2.734e-9
22.0000, 260.0000, -2.729e-9
24.0000, 260.0000, -2.727e-9
26.0000, 260.0000, -2.726e-9
28.0000, 260.0000, -2.724e-9
30.0000, 260.0000, -2.723e-9
32.0000, 260.0000, -2.723e-9
34.0000, 260.0000, -2.722e-9
36.0000, 260.0000, -2.722e-9
38.0000, 260.0000, -2.724e-9
40.0000, 260.0000, -2.726e-9
42.0000, 260.0000, -2.725e-9
44.0000, 260.0000, -2.722e-9
46.0000, 260.0000, -2.718e-9
48.0000, 260.0000, -2.716e-9
50.0000, 260.0000, -2.715e-9
52.0000, 260.0000, -2.711e-9
54.0000, 260.0000, -2.710e-9
56.0000, 260.0000, -2.708e-9
58.0000, 260.0000, -2.706e-9
60.0000, 260.0000, -2.704e-9
62.0000, 260.0000, -2.700e-9
64.0000, 260.0000, -2.698e-9
66.0000, 260.0000, -2.698e-9
68.0000, 260.0000, -2.701e-9
70.0000, 260.0000, -2.706e-9
72.0000, 260.0000, -2.709e-9
74.0000, 260.0000, -2.711e-9
76.0000, 260.0000, -2.713e-9
78.0000, 260.0000, -2.715e-9
80.0000, 260.0000, -2.719e-9
82.0000, 260.0000, -2.724e-9
84.0000, 260.0000, -2.729e-9
86.0000, 260.0000, -2.732e-9
88.0000, 260.0000, -2.732e-9
90.0000, 260.0000, -2.734e-9
92.0000, 260.0000, -2.734e-9
94.0000, 260.0000, -2.734e-9
96.0000, 260.0000, -2.732e-9
98.0000, 260.0000, -2.733e-9
100.0000, 260.0000, -2.734e-9
102.0000, 260.0000, -2.734e-9
104.0000, 260.0000, -2.734e-9
106.0000, 260.0000, -2.733e-9
108.0000, 260.0000, -2.733e-9
110.0000, 260.0000, -2.731e-9
112.0000, 260.0000, -2.727e-9
114.0000, 260.0000, -2.725e-9
116.0000, 260.0000, -2.725e-9
118.0000, 260.0000, -2.722e-9
120.0000, 260.0000, -2.722e-9
122.0000, 260.0000, -2.721e-9
124.0000, 260.0000, -2.721e-9
126.0000, 260.0000, -2.720e-9
128.0000, 260.0000, -2.720e-9
130.0000, 260.0000, -2.720e-9
132.0000, 260.0000, -2.720e-9
134.0000, 260.0000, -2.719e-9
136.0000, 260.0000, -2.717e-9
138.0000, 260.0000, -2.715e-9
140.0000, 260.0000, -2.713e-9
142.0000, 260.0000, -2.711e-9
144.0000, 260.0000, -2.710e-9
146.0000, 260.0000, -2.709e-9
148.0000, 260.0000, -2.708e-9
150.0000, 260.0000, -2.706e-9
152.0000, 260.0000, -2.705e-9
154.0000, 260.0000, -2.704e-9
156.0000, 260.0000, -2.703e-9
158.0000, 260.0000, -2.701e-9
160.0000, 260.0000, -2.700e-9
162.0000, 260.0000, -2.698e-9
164.0000, 260.0000, -2.697e-9
166.0000, 260.0000, -2.697e-9
168.0000, 260.0000, -2.698e-9
170.0000, 260.0000, -2.699e-9
172.0000, 260.0000, -2.700e-9
174.0000, 260.0000, -2.699e-9
176.0000, 260.0000, -2.698e-9
178.0000, 260.0000, -2.697e-9
180.0000, 260.0000, -2.695e-9
182.0000, 260.0000, -2.693e-9
184.0000, 260.0000, -2.691e-9
186.0000, 260.0000, -2.687e-9
188.0000, 260.0000, -2.682e-9
190.0000, 260.0000, -2.680e-9
192.0000, 260.0000, -2.678e-9
194.0000, 260.0000, -2.676e-9
196.0000, 260.0000, -2.676e-9
198.0000, 260.0000, -2.675e-9
200.0000, 260.0000, -2.678e-9
202.0000, 260.0000, -2.680e-9
204.0000, 260.0000, -2.679e-9
206.0000, 260.0000, -2.675e-9
208.0000, 260.0000, -2.669e-9
210.0000, 260.0000, -2.663e-9
212.0000, 260.0000, -2.656e-9
214.0000, 260.0000, -2.651e-9
216.0000, 260.0000, -2.645e-9
218.0000, 260.0000, -2.640e-9
220.0000, 260.0000, -2.635e-9
222.0000, 260.0000, -2.631e-9
224.0000, 260.0000, -2.626e-9
226.0000, 260.0000, -2.622e-9
228.0000, 260.0000, -2.619e-9
230.0000, 260.0000, -2.615e-9
232.0000, 260.0000, -2.613e-9
234.0000, 260.0000, -2.610e-9
236.0000, 260.0000, -2.608e-9
238.0000, 260.0000, -2.605e-9
240.0000, 260.0000, -2.604e-9
242.0000, 260.0000, -2.602e-9
244.0000, 260.0000, -2.600e-9
246.0000, 260.0000, -2.598e-9
248.0000, 260.0000, -2.596e-9
250.0000, 260.0000, -2.595e-9
252.0000, 260.0000, -2.594e-9
254.0000, 260.0000, -2.592e-9
256.0000, 260.0000, -2.591e-9
258.0000, 260.0000, -2.590e-9
260.0000, 260.0000, -2.589e-9
262.0000, 260.0000, -2.588e-9
264.0000, 260.0000, -2.587e-9
266.0000, 260.0000, -2.587e-9
268.0000, 260.0000, -2.586e-9
270.0000, 260.0000, -2.585e-9
272.0000, 260.0000, -2.584e-9
274.0000, 260.0000, -2.583e-9
276.0000, 260.0000, -2.581e-9
278.0000, 260.0000, -2.581e-9
280.0000, 260.0000, -2.580e-9
282.0000, 260.0000, -2.580e-9
284.0000, 260.0000, -2.579e-9
286.0000, 260.0000, -2.578e-9
288.0000, 260.0000, -2.578e-9
290.0000, 260.0000, -2.577e-9
292.0000, 260.0000, -2.576e-9
294.0000, 260.0000, -2.576e-9
296.0000, 260.0000, -2.576e-9
298.0000, 260.0000, -2.575e-9
0.0000, 262.0000, -3.235e-9
2.0000, 262.0000, -3.113e-9
4.0000, 262.0000, -3.013e-9
6.0000, 262.0000, -2.935e-9
8.0000, 262.0000, -2.878e-9
10.0000, 262.0000, -2.835e-9
12.0000, 262.0000, -2.802e-9
14.0000, 262.0000, -2.778e-9
16.0000, 262.0000, -2.760e-9
18.0000, 262.0000, -2.745e-9
20.0000, 262.0000, -2.734e-9
22.0000, 262.0000, -2.729e-9
24.0000, 262.0000, -2.727e-9
26.0000, 262.0000, -2.725e-9
28.0000, 262.0000, -2.725e-9
30.0000, 262.0000, -2.725e-9
32.0000, 262.0000, -2.727e-9
34.0000, 262.0000, -2.729e-9
36.0000, 262.0000, -2.730e-9
38.0000, 262.0000, -2.732e-9
40.0000, 262.0000, -2.730e-9
42.0000, 262.0000, -2.729e-9
44.0000, 262.0000, -2.727e-9
46.0000, 262.0000, -2.724e-9
48.0000, 262.0000, -2.722e-9
50.0000, 262.0000, -2.720e-9
52.0000, 262.0000, -2.717e-9
54.0000, 262.0000, -2.715e-9
56.0000, 262.0000, -2.712e-9
58.0000, 262.0000, -2.707e-9
60.0000, 262.0000, -2.703e-9
62.0000, 262.0000, -2.702e-9
64.0000, 262.0000, -2.703e-9
66.0000, 262.0000, -2.705e-9
68.0000, 262.0000, -2.707e-9
70.0000, 262.0000, -2.708e-9
72.0000, 262.0000, -2.711e-9
74.0000, 262.0000, -2.715e-9
76.0000, 262.0000, -2.719e-9
78.0000, 262.0000, -2.721e-9
80.0000, 262.0000, -2.724e-9
82.0000, 262.0000, -2.726e-9
84.0000, 262.0000, -2.728e-9
86.0000, 262.0000, -2.730e-9
88.0000, 262.0000, -2.730e-9
90.0000, 262.0000, -2.731e-9
92.0000, 262.0000, -2.732e-9
94.0000, 262.0000, -2.735e-9
96.0000, 262.0000, -2.737e-9
98.0000, 262.0000, -2.738e-9
100.0000, 262.0000, -2.737e-9
102.0000, 262.0000, -2.736e-9
104.0000, 262.0000, -2.734e-9
106.0000, 262.0000, -2.733e-9
108.0000, 262.0000, -2.730e-9
110.0000, 262.0000, -2.730e-9
112.0000, 262.0000, -2.728e-9
114.0000, 262.0000, -2.726e-9
116.0000, 262.0000, -2.723e-9
118.0000, 262.0000, -2.721e-9
120.0000, 262.0000, -2.722e-9
122.0000, 262.0000, -2.722e-9
124.0000, 262.0000, -2.723e-9
126.0000, 262.0000, -2.724e-9
128.0000, 262.0000, -2.722e-9
130.0000, 262.0000, -2.720e-9
132.0000, 262.0000, -2.719e-9
134.0000, 262.0000, -2.717e-9
136.0000, 262.0000, -2.716e-9
138.0000, 262.0000, -2.713e-9
140.0000, 262.0000, -2.712e-9
142.0000, 262.0000, -2.711e-9
144.0000, 262.0000, -2.711e-9
146.0000, 262.0000, -2.709e-9
148.0000, 262.0000, -2.707e-9
150.0000, 262.0000, -2.706e-9
152.0000, 262.0000, -2.705e-9
154.0000, 262.0000, -2.704e-9
156.0000, 262.0000, -2.703e-9
158.0000, 262.0000, -2.701e-9
160.0000, 262.0000, -2.701e-9
162.0000, 262.0000, -2.699e-9
164.0000, 262.0000, -2.697e-9
166.0000, 262.0000, -2.697e-9
168.0000, 262.0000, -2.697e-9
170.0000, 262.0000, -2.699e-9
172.0000, 262.0000, -2.699e-9
174.0000, 262.0000, -2.697e-9
176.0000, 262.0000, -2.696e-9
178.0000, 262.0000, -2.693e-9
180.0000, 262.0000, -2.691e-9
182.0000, 262.0000, -2.689e-9
184.0000, 262.0000, -2.687e-9
186.0000, 262.0000, -2.684e-9
188.0000, 262.0000, -2.681e-9
190.0000, 262.0000, -2.679e-9
192.0000, 262.0000, -2.676e-9
194.0000, 262.0000, -2.674e-9
196.0000, 262.0000, -2.673e-9
198.0000, 262.0000, -2.673e-9
200.0000, 262.0000, -2.676e-9
202.0000, 262.0000, -2.677e-9
204.0000, 262.0000, -2.675e-9
206.0000, 262.0000, -2.670e-9
208.0000, 262.0000, -2.664e-9
210.0000, 262.0000, -2.659e-9
212.0000, 262.0000, -2.653e-9
214.0000, 262.0000, -2.648e-9
216.0000, 262.0000, -2.644e-9
218.0000, 262.0000, -2.639e-9
220.0000, 262.0000, -2.633e-9
222.0000, 262.0000, -2.629e-9
224.0000, 262.0000, -2.625e-9
226.0000, 262.0000, -2.621e-9
228.0000, 262.0000, -2.618e-9
230.0000, 262.0000, -2.615e-9
232.0000, 262.0000, -2.611e-9
234.0000, 262.0000, -2.608e-9
236.0000, 262.0000, -2.606e-9
238.0000, 262.0000, -2.604e-9
240.0000, 262.0000, -2.602e-9
242.0000, 262.0000, -2.600e-9
244.0000, 262.0000, -2.598e-9
246.0000, 262.0000, -2.596e-9
248.0000, 262.0000, -2.595e-9
250.0000, 262.0000, -2.593e-9
252.0000, 262.0000, -2.592e-9
254.0000, 262.0000, -2.591e-9
256.0000, 262.0000, -2.590e-9
258.0000, 262.0000, -2.589e-9
260.0000, 262.0000, -2.587e-9
262.0000, 262.0000, -2.587e-9
264.0000, 262.0000, -2.586e-9
266.0000, 262.0000, -2.585e-9
268.0000, 262.0000, -2.583e-9
270.0000, 262.0000, -2.582e-9
272.0000, 262.0000, -2.582e-9
274.0000, 262.0000, -2.581e-9
276.0000, 262.0000, -2.580e-9
278.0000, 262.0000, -2.579e-9
280.0000, 262.0000, -2.578e-9
282.0000, 262.0000, -2.578e-9
284.0000, 262.0000, -2.577e-9
286.0000, 262.0000, -2.576e-9
288.0000, 262.0000, -2.576e-9
290.0000, 262.0000, -2.575e-9
292.0000, 262.0000, -2.576e-9
294.0000, 262.0000, -2.576e-9
296.0000, 262.0000, -2.574e-9
298.0000, 262.0000, -2.574e-9
0.0000, 264.0000, -3.221e-9
2.0000, 264.0000, -3.102e-9
4.0000, 264.0000, -3.005e-9
6.0000, 264.0000, -2.930e-9
8.0000, 264.0000, -2.873e-9
10.0000, 264.0000, -2.831e-9
12.0000, 264.0000, -2.799e-9
14.0000, 264.0000, -2.777e-9
16.0000, 264.0000, -2.758e-9
18.0000, 264.0000, -2.746e-9
20.0000, 264.0000, -2.738e-9
22.0000, 264.0000, -2.733e-9
24.0000, 264.0000, -2.730e-9
26.0000, 264.0000, -2.726e-9
28.0000, 264.0000, -2.723e-9
30.0000, 264.0000, -2.723e-9
32.0000, 264.0000, -2.725e-9
34.0000, 264.0000, -2.726e-9
36.0000, 264.0000, -2.727e-9
38.0000, 264.0000, -2.726e-9
40.0000, 264.0000, -2.724e-9
42.0000, 264.0000, -2.723e-9
44.0000, 264.0000, -2.722e-9
46.0000, 264.0000, -2.722e-9
48.0000, 264.0000, -2.721e-9
50.0000, 264.0000, -2.720e-9
52.0000, 264.0000, -2.719e-9
54.0000, 264.0000, -2.717e-9
56.0000, 264.0000, -2.714e-9
58.0000, 264.0000, -2.709e-9
60.0000, 264.0000, -2.705e-9
62.0000, 264.0000, -2.703e-9
64.0000, 264.0000, -2.704e-9
66.0000, 264.0000, -2.704e-9
68.0000, 264.0000, -2.705e-9
70.0000, 264.0000, -2.708e-9
72.0000, 264.0000, -2.709e-9
74.0000, 264.0000, -2.709e-9
76.0000, 264.0000, -2.712e-9
78.0000, 264.0000, -2.714e-9
80.0000, 264.0000, -2.718e-9
82.0000, 264.0000, -2.721e-9
84.0000, 264.0000, -2.725e-9
86.0000, 264.0000, -2.728e-9
88.0000, 264.0000, -2.731e-9
90.0000, 264.0000, -2.732e-9
92.0000, 264.0000, -2.734e-9
94.0000, 264.0000, -2.735e-9
96.0000, 264.0000, -2.737e-9
98.0000, 264.0000, -2.737e-9
100.0000, 264.0000, -2.737e-9
102.0000, 264.0000, -2.736e-9
104.0000, 264.0000, -2.738e-9
106.0000, 264.0000, -2.738e-9
108.0000, 264.0000, -2.735e-9
110.0000, 264.0000, -2.732e-9
112.0000, 264.0000, -2.730e-9
114.0000, 264.0000, -2.728e-9
116.0000, 264.0000, -2.727e-9
118.0000, 264.0000, -2.723e-9
120.0000, 264.0000, -2.722e-9
122.0000, 264.0000, -2.722e-9
124.0000, 264.0000, -2.722e-9
126.0000, 264.0000, -2.723e-9
128.0000, 264.0000, -2.722e-9
130.0000, 264.0000, -2.723e-9
132.0000, 264.0000, -2.723e-9
134.0000, 264.0000, -2.720e-9
136.0000, 264.0000, -2.717e-9
138.0000, 264.0000, -2.715e-9
140.0000, 264.0000, -2.714e-9
142.0000, 264.0000, -2.712e-9
144.0000, 264.0000, -2.711e-9
146.0000, 264.0000, -2.709e-9
148.0000, 264.0000, -2.708e-9
150.0000, 264.0000, -2.707e-9
152.0000, 264.0000, -2.705e-9
154.0000, 264.0000, -2.703e-9
156.0000, 264.0000, -2.701e-9
158.0000, 264.0000, -2.699e-9
160.0000, 264.0000, -2.698e-9
162.0000, 264.0000, -2.696e-9
164.0000, 264.0000, -2.694e-9
166.0000, 264.0000, -2.694e-9
168.0000, 264.0000, -2.695e-9
170.0000, 264.0000, -2.695e-9
172.0000, 264.0000, -2.694e-9
174.0000, 264.0000, -2.693e-9
176.0000, 264.0000, -2.692e-9
178.0000, 264.0000, -2.690e-9
180.0000, 264.0000, -2.687e-9
182.0000, 264.0000, -2.684e-9
184.0000, 264.0000, -2.681e-9
186.0000, 264.0000, -2.678e-9
188.0000, 264.0000, -2.674e-9
190.0000, 264.0000, -2.671e-9
192.0000, 264.0000, -2.670e-9
194.0000, 264.0000, -2.669e-9
196.0000, 264.0000, -2.669e-9
198.0000, 264.0000, -2.670e-9
200.0000, 264.0000, -2.672e-9
202.0000, 264.0000, -2.675e-9
204.0000, 264.0000, -2.674e-9
206.0000, 264.0000, -2.669e-9
208.0000, 264.0000, -2.664e-9
210.0000, 264.0000, -2.658e-9
212.0000, 264.0000, -2.652e-9
214.0000, 264.0000, -2.647e-9
216.0000, 264.0000, -2.641e-9
218.0000, 264.0000, -2.637e-9
220.0000, 264.0000, -2.632e-9
222.0000, 264.0000, -2.627e-9
224.0000, 264.0000, -2.623e-9
226.0000, 264.0000, -2.619e-9
228.0000, 264.0000, -2.616e-9
230.0000, 264.0000, -2.613e-9
232.0000, 264.0000, -2.610e-9
234.0000, 264.0000, -2.607e-9
236.0000, 264.0000, -2.605e-9
238.0000, 264.0000, -2.602e-9
240.0000, 264.0000, -2.600e-9
242.0000, 264.0000, -2.599e-9
244.0000, 264.0000, -2.597e-9
246.0000, 264.0000, -2.595e-9
248.0000, 264.0000, -2.593e-9
250.0000, 264.0000, -2.592e-9
252.0000, 264.0000, -2.591e-9
254.0000, 264.0000, -2.589e-9
256.0000, 264.0000, -2.588e-9
258.0000, 264.0000, -2.587e-9
260.0000, 264.0000, -2.585e-9
262.0000, 264.0000, -2.585e-9
264.0000, 264.0000, -2.583e-9
266.0000, 264.0000, -2.583e-9
268.0000, 264.0000, -2.581e-9
270.0000, 264.0000, -2.580e-9
272.0000, 264.0000, -2.579e-9
274.0000, 264.0000, -2.579e-9
276.0000, 264.0000, -2.578e-9
278.0000, 264.0000, -2.577e-9
280.0000, 264.0000, -2.577e-9
282.0000, 264.0000, -2.576e-9
284.0000, 264.0000, -2.576e-9
286.0000, 264.0000, -2.574e-9
288.0000, 264.0000, -2.574e-9
290.0000, 264.0000, -2.573e-9
292.0000, 264.0000, -2.572e-9
294.0000, 264.0000, -2.573e-9
296.0000, 264.0000, -2.572e-9
298.0000, 264.0000, -2.570e-9
0.0000, 266.0000, -3.210e-9
2.0000, 266.0000, -3.092e-9
4.0000, 266.0000, -2.997e-9
6.0000, 266.0000, -2.922e-9
8.0000, 266.0000, -2.867e-9
10.0000, 266.0000, -2.825e-9
12.0000, 266.0000, -2.794e-9
14.0000, 266.0000, -2.771e-9
16.0000, 266.0000, -2.754e-9
18.0000, 266.0000, -2.741e-9
20.0000, 266.0000, -2.733e-9
22.0000, 266.0000, -2.728e-9
24.0000, 266.0000, -2.727e-9
26.0000, 266.0000, -2.728e-9
28.0000, 266.0000, -2.727e-9
30.0000, 266.0000, -2.725e-9
32.0000, 266.0000, -2.725e-9
34.0000, 266.0000, -2.725e-9
36.0000, 266.0000, -2.726e-9
38.0000, 266.0000, -2.726e-9
40.0000, 266.0000, -2.724e-9
42.0000, 266.0000, -2.722e-9
44.0000, 266.0000, -2.721e-9
46.0000, 266.0000, -2.720e-9
48.0000, 266.0000, -2.717e-9
50.0000, 266.0000, -2.715e-9
52.0000, 266.0000, -2.713e-9
54.0000, 266.0000, -2.712e-9
56.0000, 266.0000, -2.712e-9
58.0000, 266.0000, -2.710e-9
60.0000, 266.0000, -2.705e-9
62.0000, 266.0000, -2.703e-9
64.0000, 266.0000, -2.700e-9
66.0000, 266.0000, -2.698e-9
68.0000, 266.0000, -2.699e-9
70.0000, 266.0000, -2.701e-9
72.0000, 266.0000, -2.704e-9
74.0000, 266.0000, -2.708e-9
76.0000, 266.0000, -2.710e-9
78.0000, 266.0000, -2.711e-9
80.0000, 266.0000, -2.711e-9
82.0000, 266.0000, -2.715e-9
84.0000, 266.0000, -2.721e-9
86.0000, 266.0000, -2.725e-9
88.0000, 266.0000, -2.728e-9
90.0000, 266.0000, -2.730e-9
92.0000, 266.0000, -2.732e-9
94.0000, 266.0000, -2.733e-9
96.0000, 266.0000, -2.734e-9
98.0000, 266.0000, -2.732e-9
100.0000, 266.0000, -2.731e-9
102.0000, 266.0000, -2.731e-9
104.0000, 266.0000, -2.732e-9
106.0000, 266.0000, -2.731e-9
108.0000, 266.0000, -2.730e-9
110.0000, 266.0000, -2.729e-9
112.0000, 266.0000, -2.728e-9
114.0000, 266.0000, -2.727e-9
116.0000, 266.0000, -2.725e-9
118.0000, 266.0000, -2.723e-9
120.0000, 266.0000, -2.722e-9
122.0000, 266.0000, -2.721e-9
124.0000, 266.0000, -2.721e-9
126.0000, 266.0000, -2.723e-9
128.0000, 266.0000, -2.723e-9
130.0000, 266.0000, -2.723e-9
132.0000, 266.0000, -2.720e-9
134.0000, 266.0000, -2.716e-9
136.0000, 266.0000, -2.714e-9
138.0000, 266.0000, -2.712e-9
140.0000, 266.0000, -2.711e-9
142.0000, 266.0000, -2.710e-9
144.0000, 266.0000, -2.708e-9
146.0000, 266.0000, -2.706e-9
148.0000, 266.0000, -2.704e-9
150.0000, 266.0000, -2.702e-9
152.0000, 266.0000, -2.700e-9
154.0000, 266.0000, -2.700e-9
156.0000, 266.0000, -2.701e-9
158.0000, 266.0000, -2.700e-9
160.0000, 266.0000, -2.698e-9
162.0000, 266.0000, -2.696e-9
164.0000, 266.0000, -2.695e-9
166.0000, 266.0000, -2.695e-9
168.0000, 266.0000, -2.694e-9
170.0000, 266.0000, -2.693e-9
172.0000, 266.0000, -2.692e-9
174.0000, 266.0000, -2.692e-9
176.0000, 266.0000, -2.691e-9
178.0000, 266.0000, -2.689e-9
180.0000, 266.0000, -2.686e-9
182.0000, 266.0000, -2.683e-9
184.0000, 266.0000, -2.680e-9
186.0000, 266.0000, -2.677e-9
188.0000, 266.0000, -2.674e-9
190.0000, 266.0000, -2.672e-9
192.0000, 266.0000, -2.670e-9
194.0000, 266.0000, -2.668e-9
196.0000, 266.0000, -2.667e-9
198.0000, 266.0000, -2.667e-9
200.0000, 266.0000, -2.670e-9
202.0000, 266.0000, -2.673e-9
204.0000, 266.0000, -2.672e-9
206.0000, 266.0000, -2.668e-9
208.0000, 266.0000, -2.662e-9
210.0000, 266.0000, -2.657e-9
212.0000, 266.0000, -2.651e-9
214.0000, 266.0000, -2.645e-9
216.0000, 266.0000, -2.638e-9
218.0000, 266.0000, -2.633e-9
220.0000, 266.0000, -2.628e-9
222.0000, 266.0000, -2.623e-9
224.0000, 266.0000, -2.620e-9
226.0000, 266.0000, -2.616e-9
228.0000, 266.0000, -2.613e-9
230.0000, 266.0000, -2.610e-9
232.0000, 266.0000, -2.607e-9
234.0000, 266.0000, -2.605e-9
236.0000, 266.0000, -2.602e-9
238.0000, 266.0000, -2.599e-9
240.0000, 266.0000, -2.597e-9
242.0000, 266.0000, -2.595e-9
244.0000, 266.0000, -2.593e-9
246.0000, 266.0000, -2.591e-9
248.0000, 266.0000, -2.590e-9
250.0000, 266.0000, -2.589e-9
252.0000, 266.0000, -2.587e-9
254.0000, 266.0000, -2.586e-9
256.0000, 266.0000, -2.585e-9
258.0000, 266.0000, -2.583e-9
260.0000, 266.0000, -2.582e-9
262.0000, 266.0000, -2.581e-9
264.0000, 266.0000, -2.580e-9
266.0000, 266.0000, -2.578e-9
268.0000, 266.0000, -2.578e-9
270.0000, 266.0000, -2.577e-9
272.0000, 266.0000, -2.576e-9
274.0000, 266.0000, -2.575e-9
276.0000, 266.0000, -2.574e-9
278.0000, 266.0000, -2.573e-9
280.0000, 266.0000, -2.573e-9
282.0000, 266.0000, -2.572e-9
284.0000, 266.0000, -2.572e-9
286.0000, 266.0000, -2.571e-9
288.0000, 266.0000, -2.570e-9
290.0000, 266.0000, -2.569e-9
292.0000, 266.0000, -2.569e-9
294.0000, 266.0000, -2.568e-9
296.0000, 266.0000, -2.568e-9
298.0000, 266.0000, -2.568e-9
0.0000, 268.0000, -3.227e-9
2.0000, 268.0000, -3.106e-9
4.0000, 268.0000, -3.006e-9
6.0000, 268.0000, -2.930e-9
8.0000, 268.0000, -2.872e-9
10.0000, 268.0000, -2.829e-9
12.0000, 268.0000, -2.798e-9
14.0000, 268.0000, -2.773e-9
16.0000, 268.0000, -2.754e-9
18.0000, 268.0000, -2.740e-9
20.0000, 268.0000, -2.730e-9
22.0000, 268.0000, -2.723e-9
24.0000, 268.0000, -2.720e-9
26.0000, 268.0000, -2.720e-9
28.0000, 268.0000, -2.721e-9
30.0000, 268.0000, -2.724e-9
32.0000, 268.0000, -2.728e-9
34.0000, 268.0000, -2.729e-9
36.0000, 268.0000, -2.728e-9
38.0000, 268.0000, -2.725e-9
40.0000, 268.0000, -2.722e-9
42.0000, 268.0000, -2.720e-9
44.0000, 268.0000, -2.718e-9
46.0000, 268.0000, -2.717e-9
48.0000, 268.0000, -2.717e-9
50.0000, 268.0000, -2.715e-9
52.0000, 268.0000, -2.714e-9
54.0000, 268.0000, -2.713e-9
56.0000, 268.0000, -2.711e-9
58.0000, 268.0000, -2.707e-9
60.0000, 268.0000, -2.705e-9
62.0000, 268.0000, -2.704e-9
64.0000, 268.0000, -2.703e-9
66.0000, 268.0000, -2.704e-9
68.0000, 268.0000, -2.705e-9
70.0000, 268.0000, -2.706e-9
72.0000, 268.0000, -2.709e-9
74.0000, 268.0000, -2.710e-9
76.0000, 268.0000, -2.711e-9
78.0000, 268.0000, -2.713e-9
80.0000, 268.0000, -2.716e-9
82.0000, 268.0000, -2.718e-9
84.0000, 268.0000, -2.719e-9
86.0000, 268.0000, -2.721e-9
88.0000, 268.0000, -2.725e-9
90.0000, 268.0000, -2.730e-9
92.0000, 268.0000, -2.733e-9
94.0000, 268.0000, -2.735e-9
96.0000, 268.0000, -2.735e-9
98.0000, 268.0000, -2.733e-9
100.0000, 268.0000, -2.733e-9
102.0000, 268.0000, -2.733e-9
104.0000, 268.0000, -2.733e-9
106.0000, 268.0000, -2.731e-9
108.0000, 268.0000, -2.728e-9
110.0000, 268.0000, -2.725e-9
112.0000, 268.0000, -2.723e-9
114.0000, 268.0000, -2.721e-9
116.0000, 268.0000, -2.719e-9
118.0000, 268.0000, -2.718e-9
120.0000, 268.0000, -2.716e-9
122.0000, 268.0000, -2.717e-9
124.0000, 268.0000, -2.717e-9
126.0000, 268.0000, -2.716e-9
128.0000, 268.0000, -2.714e-9
130.0000, 268.0000, -2.713e-9
132.0000, 268.0000, -2.715e-9
134.0000, 268.0000, -2.714e-9
136.0000, 268.0000, -2.710e-9
138.0000, 268.0000, -2.708e-9
140.0000, 268.0000, -2.707e-9
142.0000, 268.0000, -2.707e-9
144.0000, 268.0000, -2.706e-9
146.0000, 268.0000, -2.705e-9
148.0000, 268.0000, -2.703e-9
150.0000, 268.0000, -2.701e-9
152.0000, 268.0000, -2.700e-9
154.0000, 268.0000, -2.700e-9
156.0000, 268.0000, -2.697e-9
158.0000, 268.0000, -2.696e-9
160.0000, 268.0000, -2.693e-9
162.0000, 268.0000, -2.691e-9
164.0000, 268.0000, -2.692e-9
166.0000, 268.0000, -2.691e-9
168.0000, 268.0000, -2.692e-9
170.0000, 268.0000, -2.692e-9
172.0000, 268.0000, -2.691e-9
174.0000, 268.0000, -2.691e-9
176.0000, 268.0000, -2.691e-9
178.0000, 268.0000, -2.689e-9
180.0000, 268.0000, -2.686e-9
182.0000, 268.0000, -2.683e-9
184.0000, 268.0000, -2.681e-9
186.0000, 268.0000, -2.678e-9
188.0000, 268.0000, -2.675e-9
190.0000, 268.0000, -2.672e-9
192.0000, 268.0000, -2.670e-9
194.0000, 268.0000, -2.667e-9
196.0000, 268.0000, -2.666e-9
198.0000, 268.0000, -2.666e-9
200.0000, 268.0000, -2.668e-9
202.0000, 268.0000, -2.671e-9
204.0000, 268.0000, -2.670e-9
206.0000, 268.0000, -2.666e-9
208.0000, 268.0000, -2.660e-9
210.0000, 268.0000, -2.654e-9
212.0000, 268.0000, -2.648e-9
214.0000, 268.0000, -2.643e-9
216.0000, 268.0000, -2.637e-9
218.0000, 268.0000, -2.632e-9
220.0000, 268.0000, -2.626e-9
222.0000, 268.0000, -2.621e-9
224.0000, 268.0000, -2.618e-9
226.0000, 268.0000, -2.614e-9
228.0000, 268.0000, -2.611e-9
230.0000, 268.0000, -2.608e-9
232.0000, 268.0000, -2.605e-9
234.0000, 268.0000, -2.603e-9
236.0000, 268.0000, -2.600e-9
238.0000, 268.0000, -2.598e-9
240.0000, 268.0000, -2.595e-9
242.0000, 268.0000, -2.594e-9
244.0000, 268.0000, -2.591e-9
246.0000, 268.0000, -2.590e-9
248.0000, 268.0000, -2.588e-9
250.0000, 268.0000, -2.586e-9
252.0000, 268.0000, -2.585e-9
254.0000, 268.0000, -2.584e-9
256.0000, 268.0000, -2.583e-9
258.0000, 268.0000, -2.582e-9
260.0000, 268.0000, -2.580e-9
262.0000, 268.0000, -2.579e-9
264.0000, 268.0000, -2.578e-9
266.0000, 268.0000, -2.578e-9
268.0000, 268.0000, -2.577e-9
270.0000, 268.0000, -2.576e-9
272.0000, 268.0000, -2.574e-9
274.0000, 268.0000, -2.573e-9
276.0000, 268.0000, -2.573e-9
278.0000, 268.0000, -2.572e-9
280.0000, 268.0000, -2.571e-9
282.0000, 268.0000, -2.570e-9
284.0000, 268.0000, -2.569e-9
286.0000, 268.0000, -2.569e-9
288.0000, 268.0000, -2.569e-9
290.0000, 268.0000, -2.568e-9
292.0000, 268.0000, -2.568e-9
294.0000, 268.0000, -2.567e-9
296.0000, 268.0000, -2.565e-9
298.0000, 268.0000, -2.565e-9
0.0000, 270.0000, -3.210e-9
2.0000, 270.0000, -3.091e-9
4.0000, 270.0000, -2.995e-9
6.0000, 270.0000, -2.922e-9
8.0000, 270.0000, -2.866e-9
10.0000, 270.0000, -2.824e-9
12.0000, 270.0000, -2.793e-9
14.0000, 270.0000, -2.769e-9
16.0000, 270.0000, -2.751e-9
18.0000, 270.0000, -2.738e-9
20.0000, 270.0000, -2.729e-9
22.0000, 270.0000, -2.722e-9
24.0000, 270.0000, -2.719e-9
26.0000, 270.0000, -2.717e-9
28.0000, 270.0000, -2.717e-9
30.0000, 270.0000, -2.718e-9
32.0000, 270.0000, -2.720e-9
34.0000, 270.0000, -2.723e-9
36.0000, 270.0000, -2.724e-9
38.0000, 270.0000, -2.722e-9
40.0000, 270.0000, -2.721e-9
42.0000, 270.0000, -2.720e-9
44.0000, 270.0000, -2.719e-9
46.0000, 270.0000, -2.718e-9
48.0000, 270.0000, -2.717e-9
50.0000, 270.0000, -2.714e-9
52.0000, 270.0000, -2.713e-9
54.0000, 270.0000, -2.711e-9
56.0000, 270.0000, -2.709e-9
58.0000, 270.0000, -2.706e-9
60.0000, 270.0000, -2.703e-9
62.0000, 270.0000, -2.701e-9
64.0000, 270.0000, -2.702e-9
66.0000, 270.0000, -2.703e-9
68.0000, 270.0000, -2.703e-9
70.0000, 270.0000, -2.705e-9
72.0000, 270.0000, -2.707e-9
74.0000, 270.0000, -2.713e-9
76.0000, 270.0000, -2.719e-9
78.0000, 270.0000, -2.722e-9
80.0000, 270.0000, -2.722e-9
82.0000, 270.0000, -2.722e-9
84.0000, 270.0000, -2.722e-9
86.0000, 270.0000, -2.723e-9
88.0000, 270.0000, -2.724e-9
90.0000, 270.0000, -2.727e-9
92.0000, 270.0000, -2.731e-9
94.0000, 270.0000, -2.733e-9
96.0000, 270.0000, -2.735e-9
98.0000, 270.0000, -2.734e-9
100.0000, 270.0000, -2.734e-9
102.0000, 270.0000, -2.731e-9
104.0000, 270.0000, -2.730e-9
106.0000, 270.0000, -2.729e-9
108.0000, 270.0000, -2.728e-9
110.0000, 270.0000, -2.728e-9
112.0000, 270.0000, -2.725e-9
114.0000, 270.0000, -2.722e-9
116.0000, 270.0000, -2.720e-9
118.0000, 270.0000, -2.719e-9
120.0000, 270.0000, -2.717e-9
122.0000, 270.0000, -2.716e-9
124.0000, 270.0000, -2.716e-9
126.0000, 270.0000, -2.715e-9
128.0000, 270.0000, -2.713e-9
130.0000, 270.0000, -2.713e-9
132.0000, 270.0000, -2.712e-9
134.0000, 270.0000, -2.712e-9
136.0000, 270.0000, -2.710e-9
138.0000, 270.0000, -2.708e-9
140.0000, 270.0000, -2.706e-9
142.0000, 270.0000, -2.705e-9
144.0000, 270.0000, -2.704e-9
146.0000, 270.0000, -2.702e-9
148.0000, 270.0000, -2.701e-9
150.0000, 270.0000, -2.700e-9
152.0000, 270.0000, -2.699e-9
154.0000, 270.0000, -2.697e-9
156.0000, 270.0000, -2.696e-9
158.0000, 270.0000, -2.694e-9
160.0000, 270.0000, -2.692e-9
162.0000, 270.0000, -2.690e-9
164.0000, 270.0000, -2.689e-9
166.0000, 270.0000, -2.688e-9
168.0000, 270.0000, -2.688e-9
170.0000, 270.0000, -2.687e-9
172.0000, 270.0000, -2.687e-9
174.0000, 270.0000, -2.686e-9
176.0000, 270.0000, -2.684e-9
178.0000, 270.0000, -2.684e-9
180.0000, 270.0000, -2.682e-9
182.0000, 270.0000, -2.680e-9
184.0000, 270.0000, -2.677e-9
186.0000, 270.0000, -2.673e-9
188.0000, 270.0000, -2.670e-9
190.0000, 270.0000, -2.668e-9
192.0000, 270.0000, -2.666e-9
194.0000, 270.0000, -2.665e-9
196.0000, 270.0000, -2.664e-9
198.0000, 270.0000, -2.664e-9
200.0000, 270.0000, -2.665e-9
202.0000, 270.0000, -2.668e-9
204.0000, 270.0000, -2.669e-9
206.0000, 270.0000, -2.665e-9
208.0000, 270.0000, -2.660e-9
210.0000, 270.0000, -2.654e-9
212.0000, 270.0000, -2.648e-9
214.0000, 270.0000, -2.643e-9
216.0000, 270.0000, -2.637e-9
218.0000, 270.0000, -2.632e-9
220.0000, 270.0000, -2.627e-9
222.0000, 270.0000, -2.623e-9
224.0000, 270.0000, -2.618e-9
226.0000, 270.0000, -2.614e-9
228.0000, 270.0000, -2.611e-9
230.0000, 270.0000, -2.609e-9
232.0000, 270.0000, -2.606e-9
234.0000, 270.0000, -2.603e-9
236.0000, 270.0000, -2.600e-9
238.0000, 270.0000, -2.597e-9
240.0000, 270.0000, -2.594e-9
242.0000, 270.0000, -2.592e-9
244.0000, 270.0000, -2.590e-9
246.0000, 270.0000, -2.589e-9
248.0000, 270.0000, -2.587e-9
250.0000, 270.0000, -2.586e-9
252.0000, 270.0000, -2.584e-9
254.0000, 270.0000, -2.583e-9
256.0000, 270.0000, -2.582e-9
258.0000, 270.0000, -2.580e-9
260.0000, 270.0000, -2.579e-9
262.0000, 270.0000, -2.578e-9
264.0000, 270.0000, -2.576e-9
266.0000, 270.0000, -2.576e-9
268.0000, 270.0000, -2.575e-9
270.0000, 270.0000, -2.574e-9
272.0000, 270.0000, -2.573e-9
274.0000, 270.0000, -2.572e-9
276.0000, 270.0000, -2.571e-9
278.0000, 270.0000, -2.571e-9
280.0000, 270.0000, -2.570e-9
282.0000, 270.0000, -2.569e-9
284.0000, 270.0000, -2.569e-9
286.0000, 270.0000, -2.568e-9
288.0000, 270.0000, -2.567e-9
290.0000, 270.0000, -2.566e-9
292.0000, 270.0000, -2.565e-9
294.0000, 270.0000, -2.565e-9
296.0000, 270.0000, -2.565e-9
298.0000, 270.0000, -2.564e-9
0.0000, 272.0000, -3.212e-9
2.0000, 272.0000, -3.092e-9
4.0000, 272.0000, -2.994e-9
6.0000, 272.0000, -2.920e-9
8.0000, 272.0000, -2.864e-9
10.0000, 272.0000, -2.822e-9
12.0000, 272.0000, -2.790e-9
14.0000, 272.0000, -2.767e-9
16.0000, 272.0000, -2.749e-9
18.0000, 272.0000, -2.736e-9
20.0000, 272.0000, -2.727e-9
22.0000, 272.0000, -2.721e-9
24.0000, 272.0000, -2.717e-9
26.0000, 272.0000, -2.715e-9
28.0000, 272.0000, -2.715e-9
30.0000, 272.0000, -2.715e-9
32.0000, 272.0000, -2.716e-9
34.0000, 272.0000, -2.717e-9
36.0000, 272.0000, -2.718e-9
38.0000, 272.0000, -2.718e-9
40.0000, 272.0000, -2.717e-9
42.0000, 272.0000, -2.715e-9
44.0000, 272.0000, -2.713e-9
46.0000, 272.0000, -2.713e-9
48.0000, 272.0000, -2.712e-9
50.0000, 272.0000, -2.711e-9
52.0000, 272.0000, -2.711e-9
54.0000, 272.0000, -2.710e-9
56.0000, 272.0000, -2.710e-9
58.0000, 272.0000, -2.711e-9
60.0000, 272.0000, -2.711e-9
62.0000, 272.0000, -2.709e-9
64.0000, 272.0000, -2.706e-9
66.0000, 272.0000, -2.704e-9
68.0000, 272.0000, -2.703e-9
70.0000, 272.0000, -2.703e-9
72.0000, 272.0000, -2.706e-9
74.0000, 272.0000, -2.708e-9
76.0000, 272.0000, -2.710e-9
78.0000, 272.0000, -2.710e-9
80.0000, 272.0000, -2.711e-9
82.0000, 272.0000, -2.715e-9
84.0000, 272.0000, -2.718e-9
86.0000, 272.0000, -2.719e-9
88.0000, 272.0000, -2.719e-9
90.0000, 272.0000, -2.721e-9
92.0000, 272.0000, -2.724e-9
94.0000, 272.0000, -2.729e-9
96.0000, 272.0000, -2.731e-9
98.0000, 272.0000, -2.733e-9
100.0000, 272.0000, -2.732e-9
102.0000, 272.0000, -2.730e-9
104.0000, 272.0000, -2.728e-9
106.0000, 272.0000, -2.726e-9
108.0000, 272.0000, -2.724e-9
110.0000, 272.0000, -2.722e-9
112.0000, 272.0000, -2.720e-9
114.0000, 272.0000, -2.719e-9
116.0000, 272.0000, -2.716e-9
118.0000, 272.0000, -2.713e-9
120.0000, 272.0000, -2.712e-9
122.0000, 272.0000, -2.711e-9
124.0000, 272.0000, -2.712e-9
126.0000, 272.0000, -2.712e-9
128.0000, 272.0000, -2.711e-9
130.0000, 272.0000, -2.711e-9
132.0000, 272.0000, -2.711e-9
134.0000, 272.0000, -2.710e-9
136.0000, 272.0000, -2.709e-9
138.0000, 272.0000, -2.707e-9
140.0000, 272.0000, -2.705e-9
142.0000, 272.0000, -2.704e-9
144.0000, 272.0000, -2.703e-9
146.0000, 272.0000, -2.701e-9
148.0000, 272.0000, -2.699e-9
150.0000, 272.0000, -2.699e-9
152.0000, 272.0000, -2.697e-9
154.0000, 272.0000, -2.696e-9
156.0000, 272.0000, -2.695e-9
158.0000, 272.0000, -2.693e-9
160.0000, 272.0000, -2.692e-9
162.0000, 272.0000, -2.690e-9
164.0000, 272.0000, -2.688e-9
166.0000, 272.0000, -2.688e-9
168.0000, 272.0000, -2.687e-9
170.0000, 272.0000, -2.687e-9
172.0000, 272.0000, -2.686e-9
174.0000, 272.0000, -2.685e-9
176.0000, 272.0000, -2.683e-9
178.0000, 272.0000, -2.680e-9
180.0000, 272.0000, -2.678e-9
182.0000, 272.0000, -2.677e-9
184.0000, 272.0000, -2.675e-9
186.0000, 272.0000, -2.671e-9
188.0000, 272.0000, -2.667e-9
190.0000, 272.0000, -2.665e-9
192.0000, 272.0000, -2.662e-9
194.0000, 272.0000, -2.661e-9
196.0000, 272.0000, -2.661e-9
198.0000, 272.0000, -2.661e-9
200.0000, 272.0000, -2.662e-9
202.0000, 272.0000, -2.665e-9
204.0000, 272.0000, -2.666e-9
206.0000, 272.0000, -2.663e-9
208.0000, 272.0000, -2.658e-9
210.0000, 272.0000, -2.652e-9
212.0000, 272.0000, -2.646e-9
214.0000, 272.0000, -2.640e-9
216.0000, 272.0000, -2.635e-9
218.0000, 272.0000, -2.629e-9
220.0000, 272.0000, -2.624e-9
222.0000, 272.0000, -2.619e-9
224.0000, 272.0000, -2.616e-9
226.0000, 272.0000, -2.612e-9
228.0000, 272.0000, -2.609e-9
230.0000, 272.0000, -2.606e-9
232.0000, 272.0000, -2.603e-9
234.0000, 272.0000, -2.600e-9
236.0000, 272.0000, -2.598e-9
238.0000, 272.0000, -2.595e-9
240.0000, 272.0000, -2.593e-9
242.0000, 272.0000, -2.591e-9
244.0000, 272.0000, -2.589e-9
246.0000, 272.0000, -2.587e-9
248.0000, 272.0000, -2.585e-9
250.0000, 272.0000, -2.584e-9
252.0000, 272.0000, -2.583e-9
254.0000, 272.0000, -2.581e-9
256.0000, 272.0000, -2.580e-9
258.0000, 272.0000, -2.578e-9
260.0000, 272.0000, -2.577e-9
262.0000, 272.0000, -2.577e-9
264.0000, 272.0000, -2.576e-9
266.0000, 272.0000, -2.575e-9
268.0000, 272.0000, -2.573e-9
270.0000, 272.0000, -2.572e-9
272.0000, 272.0000, -2.572e-9
274.0000, 272.0000, -2.571e-9
276.0000, 272.0000, -2.569e-9
278.0000, 272.0000, -2.569e-9
280.0000, 272.0000, -2.568e-9
282.0000, 272.0000, -2.568e-9
284.0000, 272.0000, -2.567e-9
286.0000, 272.0000, -2.566e-9
288.0000, 272.0000, -2.565e-9
290.0000, 272.0000, -2.565e-9
292.0000, 272.0000, -2.564e-9
294.0000, 272.0000, -2.563e-9
296.0000, 272.0000, -2.563e-9
298.0000, 272.0000, -2.562e-9
0.0000, 274.0000, -3.201e-9
2.0000, 274.0000, -3.084e-9
4.0000, 274.0000, -2.988e-9
6.0000, 274.0000, -2.916e-9
8.0000, 274.0000, -2.860e-9
10.0000, 274.0000, -2.818e-9
12.0000, 274.0000, -2.787e-9
14.0000, 274.0000, -2.763e-9
16.0000, 274.0000, -2.745e-9
18.0000, 274.0000, -2.731e-9
20.0000, 274.0000, -2.721e-9
22.0000, 274.0000, -2.716e-9
24.0000, 274.0000, -2.712e-9
26.0000, 274.0000, -2.710e-9
28.0000, 274.0000, -2.709e-9
30.0000, 274.0000, -2.709e-9
32.0000, 274.0000, -2.710e-9
34.0000, 274.0000, -2.712e-9
36.0000, 274.0000, -2.714e-9
38.0000, 274.0000, -2.714e-9
40.0000, 274.0000, -2.713e-9
42.0000, 274.0000, -2.711e-9
44.0000, 274.0000, -2.710e-9
46.0000, 274.0000, -2.710e-9
48.0000, 274.0000, -2.710e-9
50.0000, 274.0000, -2.710e-9
52.0000, 274.0000, -2.708e-9
54.0000, 274.0000, -2.706e-9
56.0000, 274.0000, -2.706e-9
58.0000, 274.0000, -2.705e-9
60.0000, 274.0000, -2.703e-9
62.0000, 274.0000, -2.700e-9
64.0000, 274.0000, -2.700e-9
66.0000, 274.0000, -2.700e-9
68.0000, 274.0000, -2.700e-9
70.0000, 274.0000, -2.700e-9
72.0000, 274.0000, -2.703e-9
74.0000, 274.0000, -2.707e-9
76.0000, 274.0000, -2.712e-9
78.0000, 274.0000, -2.716e-9
80.0000, 274.0000, -2.716e-9
82.0000, 274.0000, -2.715e-9
84.0000, 274.0000, -2.715e-9
86.0000, 274.0000, -2.717e-9
88.0000, 274.0000, -2.717e-9
90.0000, 274.0000, -2.719e-9
92.0000, 274.0000, -2.723e-9
94.0000, 274.0000, -2.729e-9
96.0000, 274.0000, -2.731e-9
98.0000, 274.0000, -2.728e-9
100.0000, 274.0000, -2.725e-9
102.0000, 274.0000, -2.723e-9
104.0000, 274.0000, -2.722e-9
106.0000, 274.0000, -2.722e-9
108.0000, 274.0000, -2.721e-9
110.0000, 274.0000, -2.720e-9
112.0000, 274.0000, -2.717e-9
114.0000, 274.0000, -2.715e-9
116.0000, 274.0000, -2.714e-9
118.0000, 274.0000, -2.711e-9
120.0000, 274.0000, -2.710e-9
122.0000, 274.0000, -2.709e-9
124.0000, 274.0000, -2.710e-9
126.0000, 274.0000, -2.711e-9
128.0000, 274.0000, -2.710e-9
130.0000, 274.0000, -2.709e-9
132.0000, 274.0000, -2.708e-9
134.0000, 274.0000, -2.707e-9
136.0000, 274.0000, -2.707e-9
138.0000, 274.0000, -2.706e-9
140.0000, 274.0000, -2.704e-9
142.0000, 274.0000, -2.702e-9
144.0000, 274.0000, -2.699e-9
146.0000, 274.0000, -2.697e-9
148.0000, 274.0000, -2.696e-9
150.0000, 274.0000, -2.694e-9
152.0000, 274.0000, -2.693e-9
154.0000, 274.0000, -2.692e-9
156.0000, 274.0000, -2.690e-9
158.0000, 274.0000, -2.689e-9
160.0000, 274.0000, -2.689e-9
162.0000, 274.0000, -2.688e-9
164.0000, 274.0000, -2.688e-9
166.0000, 274.0000, -2.687e-9
168.0000, 274.0000, -2.686e-9
170.0000, 274.0000, -2.685e-9
172.0000, 274.0000, -2.684e-9
174.0000, 274.0000, -2.683e-9
176.0000, 274.0000, -2.681e-9
178.0000, 274.0000, -2.679e-9
180.0000, 274.0000, -2.676e-9
182.0000, 274.0000, -2.674e-9
184.0000, 274.0000, -2.671e-9
186.0000, 274.0000, -2.668e-9
188.0000, 274.0000, -2.664e-9
190.0000, 274.0000, -2.661e-9
192.0000, 274.0000, -2.659e-9
194.0000, 274.0000, -2.659e-9
196.0000, 274.0000, -2.659e-9
198.0000, 274.0000, -2.659e-9
200.0000, 274.0000, -2.660e-9
202.0000, 274.0000, -2.663e-9
204.0000, 274.0000, -2.663e-9
206.0000, 274.0000, -2.660e-9
208.0000, 274.0000, -2.655e-9
210.0000, 274.0000, -2.649e-9
212.0000, 274.0000, -2.643e-9
214.0000, 274.0000, -2.637e-9
216.0000, 274.0000, -2.632e-9
218.0000, 274.0000, -2.627e-9
220.0000, 274.0000, -2.622e-9
222.0000, 274.0000, -2.618e-9
224.0000, 274.0000, -2.613e-9
226.0000, 274.0000, -2.610e-9
228.0000, 274.0000, -2.607e-9
230.0000, 274.0000, -2.604e-9
232.0000, 274.0000, -2.601e-9
234.0000, 274.0000, -2.597e-9
236.0000, 274.0000, -2.595e-9
238.0000, 274.0000, -2.593e-9
240.0000, 274.0000, -2.590e-9
242.0000, 274.0000, -2.588e-9
244.0000, 274.0000, -2.587e-9
246.0000, 274.0000, -2.585e-9
248.0000, 274.0000, -2.583e-9
250.0000, 274.0000, -2.581e-9
252.0000, 274.0000, -2.580e-9
254.0000, 274.0000, -2.579e-9
256.0000, 274.0000, -2.578e-9
258.0000, 274.0000, -2.577e-9
260.0000, 274.0000, -2.576e-9
262.0000, 274.0000, -2.574e-9
264.0000, 274.0000, -2.573e-9
266.0000, 274.0000, -2.572e-9
268.0000, 274.0000, -2.571e-9
270.0000, 274.0000, -2.570e-9
272.0000, 274.0000, -2.569e-9
274.0000, 274.0000, -2.568e-9
276.0000, 274.0000, -2.567e-9
278.0000, 274.0000, -2.566e-9
280.0000, 274.0000, -2.566e-9
282.0000, 274.0000, -2.565e-9
284.0000, 274.0000, -2.565e-9
286.0000, 274.0000, -2.564e-9
288.0000, 274.0000, -2.563e-9
290.0000, 274.0000, -2.563e-9
292.0000, 274.0000, -2.562e-9
294.0000, 274.0000, -2.562e-9
296.0000, 274.0000, -2.561e-9
298.0000, 274.0000, -2.561e-9
0.0000, 276.0000, -3.224e-9
2.0000, 276.0000, -3.103e-9
4.0000, 276.0000, -3.001e-9
6.0000, 276.0000, -2.922e-9
8.0000, 276.0000, -2.864e-9
10.0000, 276.0000, -2.821e-9
12.0000, 276.0000, -2.788e-9
14.0000, 276.0000, -2.764e-9
16.0000, 276.0000, -2.744e-9
18.0000, 276.0000, -2.730e-9
20.0000, 276.0000, -2.720e-9
22.0000, 276.0000, -2.714e-9
24.0000, 276.0000, -2.710e-9
26.0000, 276.0000, -2.708e-9
28.0000, 276.0000, -2.707e-9
30.0000, 276.0000, -2.707e-9
32.0000, 276.0000, -2.706e-9
34.0000, 276.0000, -2.705e-9
36.0000, 276.0000, -2.704e-9
38.0000, 276.0000, -2.703e-9
40.0000, 276.0000, -2.704e-9
42.0000, 276.0000, -2.705e-9
44.0000, 276.0000, -2.706e-9
46.0000, 276.0000, -2.707e-9
48.0000, 276.0000, -2.707e-9
50.0000, 276.0000, -2.706e-9
52.0000, 276.0000, -2.705e-9
54.0000, 276.0000, -2.705e-9
56.0000, 276.0000, -2.703e-9
58.0000, 276.0000, -2.700e-9
60.0000, 276.0000, -2.697e-9
62.0000, 276.0000, -2.695e-9
64.0000, 276.0000, -2.694e-9
66.0000, 276.0000, -2.691e-9
68.0000, 276.0000, -2.691e-9
70.0000, 276.0000, -2.694e-9
72.0000, 276.0000, -2.698e-9
74.0000, 276.0000, -2.706e-9
76.0000, 276.0000, -2.712e-9
78.0000, 276.0000, -2.713e-9
80.0000, 276.0000, -2.713e-9
82.0000, 276.0000, -2.713e-9
84.0000, 276.0000, -2.713e-9
86.0000, 276.0000, -2.712e-9
88.0000, 276.0000, -2.712e-9
90.0000, 276.0000, -2.718e-9
92.0000, 276.0000, -2.722e-9
94.0000, 276.0000, -2.723e-9
96.0000, 276.0000, -2.723e-9
98.0000, 276.0000, -2.722e-9
100.0000, 276.0000, -2.722e-9
102.0000, 276.0000, -2.721e-9
104.0000, 276.0000, -2.720e-9
106.0000, 276.0000, -2.719e-9
108.0000, 276.0000, -2.719e-9
110.0000, 276.0000, -2.717e-9
112.0000, 276.0000, -2.714e-9
114.0000, 276.0000, -2.712e-9
116.0000, 276.0000, -2.710e-9
118.0000, 276.0000, -2.708e-9
120.0000, 276.0000, -2.707e-9
122.0000, 276.0000, -2.708e-9
124.0000, 276.0000, -2.709e-9
126.0000, 276.0000, -2.709e-9
128.0000, 276.0000, -2.708e-9
130.0000, 276.0000, -2.708e-9
132.0000, 276.0000, -2.707e-9
134.0000, 276.0000, -2.705e-9
136.0000, 276.0000, -2.703e-9
138.0000, 276.0000, -2.702e-9
140.0000, 276.0000, -2.699e-9
142.0000, 276.0000, -2.698e-9
144.0000, 276.0000, -2.697e-9
146.0000, 276.0000, -2.697e-9
148.0000, 276.0000, -2.696e-9
150.0000, 276.0000, -2.691e-9
152.0000, 276.0000, -2.689e-9
154.0000, 276.0000, -2.687e-9
156.0000, 276.0000, -2.686e-9
158.0000, 276.0000, -2.685e-9
160.0000, 276.0000, -2.684e-9
162.0000, 276.0000, -2.683e-9
164.0000, 276.0000, -2.682e-9
166.0000, 276.0000, -2.681e-9
168.0000, 276.0000, -2.681e-9
170.0000, 276.0000, -2.680e-9
172.0000, 276.0000, -2.679e-9
174.0000, 276.0000, -2.679e-9
176.0000, 276.0000, -2.677e-9
178.0000, 276.0000, -2.676e-9
180.0000, 276.0000, -2.674e-9
182.0000, 276.0000, -2.672e-9
184.0000, 276.0000, -2.669e-9
186.0000, 276.0000, -2.666e-9
188.0000, 276.0000, -2.664e-9
190.0000, 276.0000, -2.662e-9
192.0000, 276.0000, -2.660e-9
194.0000, 276.0000, -2.659e-9
196.0000, 276.0000, -2.658e-9
198.0000, 276.0000, -2.657e-9
200.0000, 276.0000, -2.658e-9
202.0000, 276.0000, -2.661e-9
204.0000, 276.0000, -2.662e-9
206.0000, 276.0000, -2.659e-9
208.0000, 276.0000, -2.655e-9
210.0000, 276.0000, -2.648e-9
212.0000, 276.0000, -2.643e-9
214.0000, 276.0000, -2.637e-9
216.0000, 276.0000, -2.632e-9
218.0000, 276.0000, -2.626e-9
220.0000, 276.0000, -2.621e-9
222.0000, 276.0000, -2.617e-9
224.0000, 276.0000, -2.612e-9
226.0000, 276.0000, -2.608e-9
228.0000, 276.0000, -2.605e-9
230.0000, 276.0000, -2.602e-9
232.0000, 276.0000, -2.599e-9
234.0000, 276.0000, -2.596e-9
236.0000, 276.0000, -2.593e-9
238.0000, 276.0000, -2.591e-9
240.0000, 276.0000, -2.588e-9
242.0000, 276.0000, -2.587e-9
244.0000, 276.0000, -2.585e-9
246.0000, 276.0000, -2.583e-9
248.0000, 276.0000, -2.582e-9
250.0000, 276.0000, -2.580e-9
252.0000, 276.0000, -2.578e-9
254.0000, 276.0000, -2.577e-9
256.0000, 276.0000, -2.576e-9
258.0000, 276.0000, -2.575e-9
260.0000, 276.0000, -2.574e-9
262.0000, 276.0000, -2.572e-9
264.0000, 276.0000, -2.571e-9
266.0000, 276.0000, -2.570e-9
268.0000, 276.0000, -2.569e-9
270.0000, 276.0000, -2.568e-9
272.0000, 276.0000, -2.567e-9
274.0000, 276.0000, -2.566e-9
276.0000, 276.0000, -2.566e-9
278.0000, 276.0000, -2.565e-9
280.0000, 276.0000, -2.564e-9
282.0000, 276.0000, -2.563e-9
284.0000, 276.0000, -2.562e-9
286.0000, 276.0000, -2.562e-9
288.0000, 276.0000, -2.561e-9
290.0000, 276.0000, -2.561e-9
292.0000, 276.0000, -2.560e-9
294.0000, 276.0000, -2.559e-9
296.0000, 276.0000, -2.559e-9
298.0000, 276.0000, -2.558e-9
0.0000, 278.0000, -3.214e-9
2.0000, 278.0000, -3.091e-9
4.0000, 278.0000, -2.992e-9
6.0000, 278.0000, -2.916e-9
8.0000, 278.0000, -2.859e-9
10.0000, 278.0000, -2.816e-9
12.0000, 278.0000, -2.784e-9
14.0000, 278.0000, -2.760e-9
16.0000, 278.0000, -2.742e-9
18.0000, 278.0000, -2.728e-9
20.0000, 278.0000, -2.718e-9
22.0000, 278.0000, -2.712e-9
24.0000, 278.0000, -2.708e-9
26.0000, 278.0000, -2.704e-9
28.0000, 278.0000, -2.702e-9
30.0000, 278.0000, -2.701e-9
32.0000, 278.0000, -2.701e-9
34.0000, 278.0000, -2.702e-9
36.0000, 278.0000, -2.702e-9
38.0000, 278.0000, -2.702e-9
40.0000, 278.0000, -2.703e-9
42.0000, 278.0000, -2.704e-9
44.0000, 278.0000, -2.704e-9
46.0000, 278.0000, -2.704e-9
48.0000, 278.0000, -2.704e-9
50.0000, 278.0000, -2.702e-9
52.0000, 278.0000, -2.701e-9
54.0000, 278.0000, -2.701e-9
56.0000, 278.0000, -2.699e-9
58.0000, 278.0000, -2.696e-9
60.0000, 278.0000, -2.693e-9
62.0000, 278.0000, -2.694e-9
64.0000, 278.0000, -2.695e-9
66.0000, 278.0000, -2.696e-9
68.0000, 278.0000, -2.695e-9
70.0000, 278.0000, -2.696e-9
72.0000, 278.0000, -2.699e-9
74.0000, 278.0000, -2.704e-9
76.0000, 278.0000, -2.709e-9
78.0000, 278.0000, -2.713e-9
80.0000, 278.0000, -2.716e-9
82.0000, 278.0000, -2.716e-9
84.0000, 278.0000, -2.713e-9
86.0000, 278.0000, -2.710e-9
88.0000, 278.0000, -2.708e-9
90.0000, 278.0000, -2.710e-9
92.0000, 278.0000, -2.713e-9
94.0000, 278.0000, -2.717e-9
96.0000, 278.0000, -2.720e-9
98.0000, 278.0000, -2.719e-9
100.0000, 278.0000, -2.719e-9
102.0000, 278.0000, -2.717e-9
104.0000, 278.0000, -2.715e-9
106.0000, 278.0000, -2.714e-9
108.0000, 278.0000, -2.713e-9
110.0000, 278.0000, -2.714e-9
112.0000, 278.0000, -2.713e-9
114.0000, 278.0000, -2.710e-9
116.0000, 278.0000, -2.708e-9
118.0000, 278.0000, -2.705e-9
120.0000, 278.0000, -2.705e-9
122.0000, 278.0000, -2.704e-9
124.0000, 278.0000, -2.705e-9
126.0000, 278.0000, -2.704e-9
128.0000, 278.0000, -2.704e-9
130.0000, 278.0000, -2.703e-9
132.0000, 278.0000, -2.703e-9
134.0000, 278.0000, -2.701e-9
136.0000, 278.0000, -2.700e-9
138.0000, 278.0000, -2.699e-9
140.0000, 278.0000, -2.696e-9
142.0000, 278.0000, -2.695e-9
144.0000, 278.0000, -2.693e-9
146.0000, 278.0000, -2.692e-9
148.0000, 278.0000, -2.689e-9
150.0000, 278.0000, -2.688e-9
152.0000, 278.0000, -2.687e-9
154.0000, 278.0000, -2.686e-9
156.0000, 278.0000, -2.684e-9
158.0000, 278.0000, -2.684e-9
160.0000, 278.0000, -2.683e-9
162.0000, 278.0000, -2.683e-9
164.0000, 278.0000, -2.683e-9
166.0000, 278.0000, -2.682e-9
168.0000, 278.0000, -2.682e-9
170.0000, 278.0000, -2.681e-9
172.0000, 278.0000, -2.682e-9
174.0000, 278.0000, -2.682e-9
176.0000, 278.0000, -2.681e-9
178.0000, 278.0000, -2.679e-9
180.0000, 278.0000, -2.677e-9
182.0000, 278.0000, -2.674e-9
184.0000, 278.0000, -2.672e-9
186.0000, 278.0000, -2.669e-9
188.0000, 278.0000, -2.666e-9
190.0000, 278.0000, -2.663e-9
192.0000, 278.0000, -2.660e-9
194.0000, 278.0000, -2.658e-9
196.0000, 278.0000, -2.657e-9
198.0000, 278.0000, -2.657e-9
200.0000, 278.0000, -2.658e-9
202.0000, 278.0000, -2.662e-9
204.0000, 278.0000, -2.663e-9
206.0000, 278.0000, -2.662e-9
208.0000, 278.0000, -2.656e-9
210.0000, 278.0000, -2.651e-9
212.0000, 278.0000, -2.645e-9
214.0000, 278.0000, -2.639e-9
216.0000, 278.0000, -2.634e-9
218.0000, 278.0000, -2.629e-9
220.0000, 278.0000, -2.623e-9
222.0000, 278.0000, -2.618e-9
224.0000, 278.0000, -2.614e-9
226.0000, 278.0000, -2.610e-9
228.0000, 278.0000, -2.606e-9
230.0000, 278.0000, -2.603e-9
232.0000, 278.0000, -2.601e-9
234.0000, 278.0000, -2.598e-9
236.0000, 278.0000, -2.595e-9
238.0000, 278.0000, -2.593e-9
240.0000, 278.0000, -2.591e-9
242.0000, 278.0000, -2.588e-9
244.0000, 278.0000, -2.585e-9
246.0000, 278.0000, -2.583e-9
248.0000, 278.0000, -2.582e-9
250.0000, 278.0000, -2.580e-9
252.0000, 278.0000, -2.579e-9
254.0000, 278.0000, -2.578e-9
256.0000, 278.0000, -2.576e-9
258.0000, 278.0000, -2.575e-9
260.0000, 278.0000, -2.574e-9
262.0000, 278.0000, -2.572e-9
264.0000, 278.0000, -2.572e-9
266.0000, 278.0000, -2.570e-9
268.0000, 278.0000, -2.568e-9
270.0000, 278.0000, -2.568e-9
272.0000, 278.0000, -2.567e-9
274.0000, 278.0000, -2.566e-9
276.0000, 278.0000, -2.566e-9
278.0000, 278.0000, -2.565e-9
280.0000, 278.0000, -2.564e-9
282.0000, 278.0000, -2.563e-9
284.0000, 278.0000, -2.563e-9
286.0000, 278.0000, -2.562e-9
288.0000, 278.0000, -2.561e-9
290.0000, 278.0000, -2.561e-9
292.0000, 278.0000, -2.560e-9
294.0000, 278.0000, -2.559e-9
296.0000, 278.0000, -2.559e-9
298.0000, 278.0000, -2.558e-9
0.0000, 280.0000, -3.203e-9
2.0000, 280.0000, -3.085e-9
4.0000, 280.0000, -2.988e-9
6.0000, 280.0000, -2.914e-9
8.0000, 280.0000, -2.858e-9
10.0000, 280.0000, -2.815e-9
12.0000, 280.0000, -2.783e-9
14.0000, 280.0000, -2.759e-9
16.0000, 280.0000, -2.740e-9
18.0000, 280.0000, -2.726e-9
20.0000, 280.0000, -2.714e-9
22.0000, 280.0000, -2.708e-9
24.0000, 280.0000, -2.707e-9
26.0000, 280.0000, -2.706e-9
28.0000, 280.0000, -2.705e-9
30.0000, 280.0000, -2.704e-9
32.0000, 280.0000, -2.702e-9
34.0000, 280.0000, -2.701e-9
36.0000, 280.0000, -2.699e-9
38.0000, 280.0000, -2.698e-9
40.0000, 280.0000, -2.698e-9
42.0000, 280.0000, -2.700e-9
44.0000, 280.0000, -2.701e-9
46.0000, 280.0000, -2.702e-9
48.0000, 280.0000, -2.702e-9
50.0000, 280.0000, -2.700e-9
52.0000, 280.0000, -2.698e-9
54.0000, 280.0000, -2.697e-9
56.0000, 280.0000, -2.697e-9
58.0000, 280.0000, -2.699e-9
60.0000, 280.0000, -2.696e-9
62.0000, 280.0000, -2.694e-9
64.0000, 280.0000, -2.692e-9
66.0000, 280.0000, -2.692e-9
68.0000, 280.0000, -2.693e-9
70.0000, 280.0000, -2.695e-9
72.0000, 280.0000, -2.698e-9
74.0000, 280.0000, -2.700e-9
76.0000, 280.0000, -2.702e-9
78.0000, 280.0000, -2.704e-9
80.0000, 280.0000, -2.705e-9
82.0000, 280.0000, -2.705e-9
84.0000, 280.0000, -2.706e-9
86.0000, 280.0000, -2.710e-9
88.0000, 280.0000, -2.713e-9
90.0000, 280.0000, -2.717e-9
92.0000, 280.0000, -2.719e-9
94.0000, 280.0000, -2.719e-9
96.0000, 280.0000, -2.719e-9
98.0000, 280.0000, -2.718e-9
100.0000, 280.0000, -2.718e-9
102.0000, 280.0000, -2.718e-9
104.0000, 280.0000, -2.717e-9
106.0000, 280.0000, -2.716e-9
108.0000, 280.0000, -2.715e-9
110.0000, 280.0000, -2.713e-9
112.0000, 280.0000, -2.711e-9
114.0000, 280.0000, -2.709e-9
116.0000, 280.0000, -2.706e-9
118.0000, 280.0000, -2.704e-9
120.0000, 280.0000, -2.703e-9
122.0000, 280.0000, -2.703e-9
124.0000, 280.0000, -2.704e-9
126.0000, 280.0000, -2.704e-9
128.0000, 280.0000, -2.704e-9
130.0000, 280.0000, -2.702e-9
132.0000, 280.0000, -2.702e-9
134.0000, 280.0000, -2.701e-9
136.0000, 280.0000, -2.699e-9
138.0000, 280.0000, -2.697e-9
140.0000, 280.0000, -2.696e-9
142.0000, 280.0000, -2.694e-9
144.0000, 280.0000, -2.693e-9
146.0000, 280.0000, -2.692e-9
148.0000, 280.0000, -2.690e-9
150.0000, 280.0000, -2.689e-9
152.0000, 280.0000, -2.689e-9
154.0000, 280.0000, -2.688e-9
156.0000, 280.0000, -2.686e-9
158.0000, 280.0000, -2.685e-9
160.0000, 280.0000, -2.686e-9
162.0000, 280.0000, -2.684e-9
164.0000, 280.0000, -2.682e-9
166.0000, 280.0000, -2.682e-9
168.0000, 280.0000, -2.682e-9
170.0000, 280.0000, -2.682e-9
172.0000, 280.0000, -2.682e-9
174.0000, 280.0000, -2.683e-9
176.0000, 280.0000, -2.683e-9
178.0000, 280.0000, -2.681e-9
180.0000, 280.0000, -2.678e-9
182.0000, 280.0000, -2.676e-9
184.0000, 280.0000, -2.674e-9
186.0000, 280.0000, -2.672e-9
188.0000, 280.0000, -2.668e-9
190.0000, 280.0000, -2.665e-9
192.0000, 280.0000, -2.662e-9
194.0000, 280.0000, -2.660e-9
196.0000, 280.0000, -2.659e-9
198.0000, 280.0000, -2.659e-9
200.0000, 280.0000, -2.660e-9
202.0000, 280.0000, -2.665e-9
204.0000, 280.0000, -2.666e-9
206.0000, 280.0000, -2.664e-9
208.0000, 280.0000, -2.659e-9
210.0000, 280.0000, -2.655e-9
212.0000, 280.0000, -2.648e-9
214.0000, 280.0000, -2.642e-9
216.0000, 280.0000, -2.636e-9
218.0000, 280.0000, -2.631e-9
220.0000, 280.0000, -2.625e-9
222.0000, 280.0000, -2.620e-9
224.0000, 280.0000, -2.615e-9
226.0000, 280.0000, -2.611e-9
228.0000, 280.0000, -2.608e-9
230.0000, 280.0000, -2.605e-9
232.0000, 280.0000, -2.602e-9
234.0000, 280.0000, -2.600e-9
236.0000, 280.0000, -2.597e-9
238.0000, 280.0000, -2.594e-9
240.0000, 280.0000, -2.591e-9
242.0000, 280.0000, -2.589e-9
244.0000, 280.0000, -2.588e-9
246.0000, 280.0000, -2.586e-9
248.0000, 280.0000, -2.583e-9
250.0000, 280.0000, -2.582e-9
252.0000, 280.0000, -2.580e-9
254.0000, 280.0000, -2.579e-9
256.0000, 280.0000, -2.577e-9
258.0000, 280.0000, -2.576e-9
260.0000, 280.0000, -2.575e-9
262.0000, 280.0000, -2.573e-9
264.0000, 280.0000, -2.572e-9
266.0000, 280.0000, -2.572e-9
268.0000, 280.0000, -2.571e-9
270.0000, 280.0000, -2.570e-9
272.0000, 280.0000, -2.569e-9
274.0000, 280.0000, -2.568e-9
276.0000, 280.0000, -2.567e-9
278.0000, 280.0000, -2.566e-9
280.0000, 280.0000, -2.565e-9
282.0000, 280.0000, -2.564e-9
284.0000, 280.0000, -2.564e-9
286.0000, 280.0000, -2.563e-9
288.0000, 280.0000, -2.563e-9
290.0000, 280.0000, -2.562e-9
292.0000, 280.0000, -2.561e-9
294.0000, 280.0000, -2.560e-9
296.0000, 280.0000, -2.560e-9
298.0000, 280.0000, -2.559e-9
0.0000, 282.0000, -3.226e-9
2.0000, 282.0000, -3.103e-9
4.0000, 282.0000, -3.002e-9
6.0000, 282.0000, -2.924e-9
8.0000, 282.0000, -2.865e-9
10.0000, 282.0000, -2.821e-9
12.0000, 282.0000, -2.789e-9
14.0000, 282.0000, -2.764e-9
16.0000, 282.0000, -2.744e-9
18.0000, 282.0000, -2.729e-9
20.0000, 282.0000, -2.719e-9
22.0000, 282.0000, -2.710e-9
24.0000, 282.0000, -2.705e-9
26.0000, 282.0000, -2.701e-9
28.0000, 282.0000, -2.697e-9
30.0000, 282.0000, -2.695e-9
32.0000, 282.0000, -2.695e-9
34.0000, 282.0000, -2.695e-9
36.0000, 282.0000, -2.696e-9
38.0000, 282.0000, -2.695e-9
40.0000, 282.0000, -2.696e-9
42.0000, 282.0000, -2.698e-9
44.0000, 282.0000, -2.700e-9
46.0000, 282.0000, -2.701e-9
48.0000, 282.0000, -2.702e-9
50.0000, 282.0000, -2.703e-9
52.0000, 282.0000, -2.703e-9
54.0000, 282.0000, -2.703e-9
56.0000, 282.0000, -2.701e-9
58.0000, 282.0000, -2.699e-9
60.0000, 282.0000, -2.696e-9
62.0000, 282.0000, -2.694e-9
64.0000, 282.0000, -2.695e-9
66.0000, 282.0000, -2.695e-9
68.0000, 282.0000, -2.694e-9
70.0000, 282.0000, -2.696e-9
72.0000, 282.0000, -2.701e-9
74.0000, 282.0000, -2.707e-9
76.0000, 282.0000, -2.711e-9
78.0000, 282.0000, -2.711e-9
80.0000, 282.0000, -2.711e-9
82.0000, 282.0000, -2.711e-9
84.0000, 282.0000, -2.711e-9
86.0000, 282.0000, -2.711e-9
88.0000, 282.0000, -2.712e-9
90.0000, 282.0000, -2.715e-9
92.0000, 282.0000, -2.719e-9
94.0000, 282.0000, -2.721e-9
96.0000, 282.0000, -2.720e-9
98.0000, 282.0000, -2.719e-9
100.0000, 282.0000, -2.719e-9
102.0000, 282.0000, -2.717e-9
104.0000, 282.0000, -2.716e-9
106.0000, 282.0000, -2.714e-9
108.0000, 282.0000, -2.712e-9
110.0000, 282.0000, -2.712e-9
112.0000, 282.0000, -2.709e-9
114.0000, 282.0000, -2.707e-9
116.0000, 282.0000, -2.705e-9
118.0000, 282.0000, -2.704e-9
120.0000, 282.0000, -2.704e-9
122.0000, 282.0000, -2.704e-9
124.0000, 282.0000, -2.705e-9
126.0000, 282.0000, -2.703e-9
128.0000, 282.0000, -2.701e-9
130.0000, 282.0000, -2.700e-9
132.0000, 282.0000, -2.699e-9
134.0000, 282.0000, -2.698e-9
136.0000, 282.0000, -2.698e-9
138.0000, 282.0000, -2.697e-9
140.0000, 282.0000, -2.695e-9
142.0000, 282.0000, -2.693e-9
144.0000, 282.0000, -2.693e-9
146.0000, 282.0000, -2.691e-9
148.0000, 282.0000, -2.688e-9
150.0000, 282.0000, -2.687e-9
152.0000, 282.0000, -2.686e-9
154.0000, 282.0000, -2.687e-9
156.0000, 282.0000, -2.688e-9
158.0000, 282.0000, -2.687e-9
160.0000, 282.0000, -2.685e-9
162.0000, 282.0000, -2.684e-9
164.0000, 282.0000, -2.683e-9
166.0000, 282.0000, -2.683e-9
168.0000, 282.0000, -2.683e-9
170.0000, 282.0000, -2.684e-9
172.0000, 282.0000, -2.685e-9
174.0000, 282.0000, -2.684e-9
176.0000, 282.0000, -2.683e-9
178.0000, 282.0000, -2.682e-9
180.0000, 282.0000, -2.681e-9
182.0000, 282.0000, -2.679e-9
184.0000, 282.0000, -2.677e-9
186.0000, 282.0000, -2.674e-9
188.0000, 282.0000, -2.671e-9
190.0000, 282.0000, -2.669e-9
192.0000, 282.0000, -2.667e-9
194.0000, 282.0000, -2.664e-9
196.0000, 282.0000, -2.663e-9
198.0000, 282.0000, -2.663e-9
200.0000, 282.0000, -2.663e-9
202.0000, 282.0000, -2.667e-9
204.0000, 282.0000, -2.670e-9
206.0000, 282.0000, -2.668e-9
208.0000, 282.0000, -2.663e-9
210.0000, 282.0000, -2.658e-9
212.0000, 282.0000, -2.651e-9
214.0000, 282.0000, -2.644e-9
216.0000, 282.0000, -2.639e-9
218.0000, 282.0000, -2.633e-9
220.0000, 282.0000, -2.628e-9
222.0000, 282.0000, -2.623e-9
224.0000, 282.0000, -2.619e-9
226.0000, 282.0000, -2.615e-9
228.0000, 282.0000, -2.611e-9
230.0000, 282.0000, -2.607e-9
232.0000, 282.0000, -2.604e-9
234.0000, 282.0000, -2.601e-9
236.0000, 282.0000, -2.598e-9
238.0000, 282.0000, -2.596e-9
240.0000, 282.0000, -2.594e-9
242.0000, 282.0000, -2.591e-9
244.0000, 282.0000, -2.589e-9
246.0000, 282.0000, -2.587e-9
248.0000, 282.0000, -2.585e-9
250.0000, 282.0000, -2.583e-9
252.0000, 282.0000, -2.582e-9
254.0000, 282.0000, -2.581e-9
256.0000, 282.0000, -2.580e-9
258.0000, 282.0000, -2.579e-9
260.0000, 282.0000, -2.577e-9
262.0000, 282.0000, -2.576e-9
264.0000, 282.0000, -2.575e-9
266.0000, 282.0000, -2.573e-9
268.0000, 282.0000, -2.572e-9
270.0000, 282.0000, -2.571e-9
272.0000, 282.0000, -2.570e-9
274.0000, 282.0000, -2.569e-9
276.0000, 282.0000, -2.569e-9
278.0000, 282.0000, -2.567e-9
280.0000, 282.0000, -2.567e-9
282.0000, 282.0000, -2.566e-9
284.0000, 282.0000, -2.566e-9
286.0000, 282.0000, -2.565e-9
288.0000, 282.0000, -2.564e-9
290.0000, 282.0000, -2.564e-9
292.0000, 282.0000, -2.563e-9
294.0000, 282.0000, -2.562e-9
296.0000, 282.0000, -2.562e-9
298.0000, 282.0000, -2.561e-9
0.0000, 284.0000, -3.216e-9
2.0000, 284.0000, -3.096e-9
4.0000, 284.0000, -2.998e-9
6.0000, 284.0000, -2.921e-9
8.0000, 284.0000, -2.863e-9
10.0000, 284.0000, -2.820e-9
12.0000, 284.0000, -2.787e-9
14.0000, 284.0000, -2.763e-9
16.0000, 284.0000, -2.743e-9
18.0000, 284.0000, -2.728e-9
20.0000, 284.0000, -2.716e-9
22.0000, 284.0000, -2.708e-9
24.0000, 284.0000, -2.703e-9
26.0000, 284.0000, -2.699e-9
28.0000, 284.0000, -2.697e-9
30.0000, 284.0000, -2.697e-9
32.0000, 284.0000, -2.697e-9
34.0000, 284.0000, -2.696e-9
36.0000, 284.0000, -2.695e-9
38.0000, 284.0000, -2.694e-9
40.0000, 284.0000, -2.696e-9
42.0000, 284.0000, -2.696e-9
44.0000, 284.0000, -2.698e-9
46.0000, 284.0000, -2.700e-9
48.0000, 284.0000, -2.701e-9
50.0000, 284.0000, -2.702e-9
52.0000, 284.0000, -2.702e-9
54.0000, 284.0000, -2.700e-9
56.0000, 284.0000, -2.699e-9
58.0000, 284.0000, -2.697e-9
60.0000, 284.0000, -2.696e-9
62.0000, 284.0000, -2.695e-9
64.0000, 284.0000, -2.694e-9
66.0000, 284.0000, -2.693e-9
68.0000, 284.0000, -2.694e-9
70.0000, 284.0000, -2.698e-9
72.0000, 284.0000, -2.704e-9
74.0000, 284.0000, -2.710e-9
76.0000, 284.0000, -2.712e-9
78.0000, 284.0000, -2.711e-9
80.0000, 284.0000, -2.710e-9
82.0000, 284.0000, -2.709e-9
84.0000, 284.0000, -2.709e-9
86.0000, 284.0000, -2.710e-9
88.0000, 284.0000, -2.713e-9
90.0000, 284.0000, -2.717e-9
92.0000, 284.0000, -2.719e-9
94.0000, 284.0000, -2.721e-9
96.0000, 284.0000, -2.721e-9
98.0000, 284.0000, -2.721e-9
100.0000, 284.0000, -2.719e-9
102.0000, 284.0000, -2.717e-9
104.0000, 284.0000, -2.716e-9
106.0000, 284.0000, -2.715e-9
108.0000, 284.0000, -2.713e-9
110.0000, 284.0000, -2.712e-9
112.0000, 284.0000, -2.709e-9
114.0000, 284.0000, -2.708e-9
116.0000, 284.0000, -2.705e-9
118.0000, 284.0000, -2.704e-9
120.0000, 284.0000, -2.704e-9
122.0000, 284.0000, -2.704e-9
124.0000, 284.0000, -2.704e-9
126.0000, 284.0000, -2.704e-9
128.0000, 284.0000, -2.703e-9
130.0000, 284.0000, -2.703e-9
132.0000, 284.0000, -2.702e-9
134.0000, 284.0000, -2.701e-9
136.0000, 284.0000, -2.701e-9
138.0000, 284.0000, -2.699e-9
140.0000, 284.0000, -2.697e-9
142.0000, 284.0000, -2.694e-9
144.0000, 284.0000, -2.692e-9
146.0000, 284.0000, -2.692e-9
148.0000, 284.0000, -2.692e-9
150.0000, 284.0000, -2.691e-9
152.0000, 284.0000, -2.691e-9
154.0000, 284.0000, -2.690e-9
156.0000, 284.0000, -2.689e-9
158.0000, 284.0000, -2.688e-9
160.0000, 284.0000, -2.686e-9
162.0000, 284.0000, -2.685e-9
164.0000, 284.0000, -2.683e-9
166.0000, 284.0000, -2.683e-9
168.0000, 284.0000, -2.684e-9
170.0000, 284.0000, -2.685e-9
172.0000, 284.0000, -2.686e-9
174.0000, 284.0000, -2.686e-9
176.0000, 284.0000, -2.685e-9
178.0000, 284.0000, -2.684e-9
180.0000, 284.0000, -2.682e-9
182.0000, 284.0000, -2.680e-9
184.0000, 284.0000, -2.677e-9
186.0000, 284.0000, -2.673e-9
188.0000, 284.0000, -2.671e-9
190.0000, 284.0000, -2.667e-9
192.0000, 284.0000, -2.666e-9
194.0000, 284.0000, -2.665e-9
196.0000, 284.0000, -2.664e-9
198.0000, 284.0000, -2.664e-9
200.0000, 284.0000, -2.663e-9
202.0000, 284.0000, -2.665e-9
204.0000, 284.0000, -2.668e-9
206.0000, 284.0000, -2.667e-9
208.0000, 284.0000, -2.664e-9
210.0000, 284.0000, -2.658e-9
212.0000, 284.0000, -2.652e-9
214.0000, 284.0000, -2.646e-9
216.0000, 284.0000, -2.641e-9
218.0000, 284.0000, -2.635e-9
220.0000, 284.0000, -2.630e-9
222.0000, 284.0000, -2.625e-9
224.0000, 284.0000, -2.620e-9
226.0000, 284.0000, -2.616e-9
228.0000, 284.0000, -2.612e-9
230.0000, 284.0000, -2.608e-9
232.0000, 284.0000, -2.605e-9
234.0000, 284.0000, -2.602e-9
236.0000, 284.0000, -2.600e-9
238.0000, 284.0000, -2.598e-9
240.0000, 284.0000, -2.595e-9
242.0000, 284.0000, -2.593e-9
244.0000, 284.0000, -2.591e-9
246.0000, 284.0000, -2.589e-9
248.0000, 284.0000, -2.587e-9
250.0000, 284.0000, -2.585e-9
252.0000, 284.0000, -2.583e-9
254.0000, 284.0000, -2.582e-9
256.0000, 284.0000, -2.581e-9
258.0000, 284.0000, -2.580e-9
260.0000, 284.0000, -2.578e-9
262.0000, 284.0000, -2.577e-9
264.0000, 284.0000, -2.576e-9
266.0000, 284.0000, -2.575e-9
268.0000, 284.0000, -2.574e-9
270.0000, 284.0000, -2.573e-9
272.0000, 284.0000, -2.572e-9
274.0000, 284.0000, -2.571e-9
276.0000, 284.0000, -2.570e-9
278.0000, 284.0000, -2.569e-9
280.0000, 284.0000, -2.568e-9
282.0000, 284.0000, -2.568e-9
284.0000, 284.0000, -2.567e-9
286.0000, 284.0000, -2.567e-9
288.0000, 284.0000, -2.566e-9
290.0000, 284.0000, -2.565e-9
292.0000, 284.0000, -2.565e-9
294.0000, 284.0000, -2.564e-9
296.0000, 284.0000, -2.564e-9
298.0000, 284.0000, -2.563e-9
0.0000, 286.0000, -3.217e-9
2.0000, 286.0000, -3.097e-9
4.0000, 286.0000, -2.997e-9
6.0000, 286.0000, -2.921e-9
8.0000, 286.0000, -2.864e-9
10.0000, 286.0000, -2.821e-9
12.0000, 286.0000, -2.788e-9
14.0000, 286.0000, -2.762e-9
16.0000, 286.0000, -2.742e-9
18.0000, 286.0000, -2.726e-9
20.0000, 286.0000, -2.716e-9
22.0000, 286.0000, -2.710e-9
24.0000, 286.0000, -2.706e-9
26.0000, 286.0000, -2.701e-9
28.0000, 286.0000, -2.696e-9
30.0000, 286.0000, -2.693e-9
32.0000, 286.0000, -2.692e-9
34.0000, 286.0000, -2.692e-9
36.0000, 286.0000, -2.692e-9
38.0000, 286.0000, -2.694e-9
40.0000, 286.0000, -2.693e-9
42.0000, 286.0000, -2.693e-9
44.0000, 286.0000, -2.696e-9
46.0000, 286.0000, -2.699e-9
48.0000, 286.0000, -2.700e-9
50.0000, 286.0000, -2.700e-9
52.0000, 286.0000, -2.702e-9
54.0000, 286.0000, -2.705e-9
56.0000, 286.0000, -2.706e-9
58.0000, 286.0000, -2.701e-9
60.0000, 286.0000, -2.696e-9
62.0000, 286.0000, -2.693e-9
64.0000, 286.0000, -2.691e-9
66.0000, 286.0000, -2.692e-9
68.0000, 286.0000, -2.695e-9
70.0000, 286.0000, -2.696e-9
72.0000, 286.0000, -2.698e-9
74.0000, 286.0000, -2.700e-9
76.0000, 286.0000, -2.701e-9
78.0000, 286.0000, -2.701e-9
80.0000, 286.0000, -2.703e-9
82.0000, 286.0000, -2.707e-9
84.0000, 286.0000, -2.710e-9
86.0000, 286.0000, -2.712e-9
88.0000, 286.0000, -2.714e-9
90.0000, 286.0000, -2.716e-9
92.0000, 286.0000, -2.716e-9
94.0000, 286.0000, -2.717e-9
96.0000, 286.0000, -2.718e-9
98.0000, 286.0000, -2.717e-9
100.0000, 286.0000, -2.716e-9
102.0000, 286.0000, -2.716e-9
104.0000, 286.0000, -2.716e-9
106.0000, 286.0000, -2.715e-9
108.0000, 286.0000, -2.713e-9
110.0000, 286.0000, -2.712e-9
112.0000, 286.0000, -2.711e-9
114.0000, 286.0000, -2.712e-9
116.0000, 286.0000, -2.711e-9
118.0000, 286.0000, -2.710e-9
120.0000, 286.0000, -2.707e-9
122.0000, 286.0000, -2.700e-9
124.0000, 286.0000, -2.698e-9
126.0000, 286.0000, -2.699e-9
128.0000, 286.0000, -2.699e-9
130.0000, 286.0000, -2.701e-9
132.0000, 286.0000, -2.702e-9
134.0000, 286.0000, -2.701e-9
136.0000, 286.0000, -2.700e-9
138.0000, 286.0000, -2.699e-9
140.0000, 286.0000, -2.697e-9
142.0000, 286.0000, -2.697e-9
144.0000, 286.0000, -2.697e-9
146.0000, 286.0000, -2.696e-9
148.0000, 286.0000, -2.695e-9
150.0000, 286.0000, -2.693e-9
152.0000, 286.0000, -2.692e-9
154.0000, 286.0000, -2.691e-9
156.0000, 286.0000, -2.691e-9
158.0000, 286.0000, -2.689e-9
160.0000, 286.0000, -2.687e-9
162.0000, 286.0000, -2.686e-9
164.0000, 286.0000, -2.685e-9
166.0000, 286.0000, -2.684e-9
168.0000, 286.0000, -2.684e-9
170.0000, 286.0000, -2.685e-9
172.0000, 286.0000, -2.684e-9
174.0000, 286.0000, -2.685e-9
176.0000, 286.0000, -2.683e-9
178.0000, 286.0000, -2.681e-9
180.0000, 286.0000, -2.679e-9
182.0000, 286.0000, -2.677e-9
184.0000, 286.0000, -2.674e-9
186.0000, 286.0000, -2.671e-9
188.0000, 286.0000, -2.668e-9
190.0000, 286.0000, -2.667e-9
192.0000, 286.0000, -2.665e-9
194.0000, 286.0000, -2.663e-9
196.0000, 286.0000, -2.662e-9
198.0000, 286.0000, -2.662e-9
200.0000, 286.0000, -2.663e-9
202.0000, 286.0000, -2.665e-9
204.0000, 286.0000, -2.668e-9
206.0000, 286.0000, -2.668e-9
208.0000, 286.0000, -2.666e-9
210.0000, 286.0000, -2.661e-9
212.0000, 286.0000, -2.655e-9
214.0000, 286.0000, -2.649e-9
216.0000, 286.0000, -2.643e-9
218.0000, 286.0000, -2.637e-9
220.0000, 286.0000, -2.632e-9
222.0000, 286.0000, -2.626e-9
224.0000, 286.0000, -2.621e-9
226.0000, 286.0000, -2.617e-9
228.0000, 286.0000, -2.613e-9
230.0000, 286.0000, -2.610e-9
232.0000, 286.0000, -2.607e-9
234.0000, 286.0000, -2.604e-9
236.0000, 286.0000, -2.601e-9
238.0000, 286.0000, -2.599e-9
240.0000, 286.0000, -2.597e-9
242.0000, 286.0000, -2.594e-9
244.0000, 286.0000, -2.592e-9
246.0000, 286.0000, -2.590e-9
248.0000, 286.0000, -2.588e-9
250.0000, 286.0000, -2.586e-9
252.0000, 286.0000, -2.584e-9
254.0000, 286.0000, -2.583e-9
256.0000, 286.0000, -2.582e-9
258.0000, 286.0000, -2.580e-9
260.0000, 286.0000, -2.579e-9
262.0000, 286.0000, -2.578e-9
264.0000, 286.0000, -2.576e-9
266.0000, 286.0000, -2.575e-9
268.0000, 286.0000, -2.574e-9
270.0000, 286.0000, -2.573e-9
272.0000, 286.0000, -2.572e-9
274.0000, 286.0000, -2.571e-9
276.0000, 286.0000, -2.570e-9
278.0000, 286.0000, -2.569e-9
280.0000, 286.0000, -2.569e-9
282.0000, 286.0000, -2.569e-9
284.0000, 286.0000, -2.568e-9
286.0000, 286.0000, -2.566e-9
288.0000, 286.0000, -2.566e-9
290.0000, 286.0000, -2.565e-9
292.0000, 286.0000, -2.565e-9
294.0000, 286.0000, -2.564e-9
296.0000, 286.0000, -2.563e-9
298.0000, 286.0000, -2.563e-9
0.0000, 288.0000, -3.230e-9
2.0000, 288.0000, -3.107e-9
4.0000, 288.0000, -3.006e-9
6.0000, 288.0000, -2.929e-9
8.0000, 288.0000, -2.870e-9
10.0000, 288.0000, -2.826e-9
12.0000, 288.0000, -2.792e-9
14.0000, 288.0000, -2.766e-9
16.0000, 288.0000, -2.746e-9
18.0000, 288.0000, -2.731e-9
20.0000, 288.0000, -2.720e-9
22.0000, 288.0000, -2.712e-9
24.0000, 288.0000, -2.707e-9
26.0000, 288.0000, -2.703e-9
28.0000, 288.0000, -2.698e-9
30.0000, 288.0000, -2.694e-9
32.0000, 288.0000, -2.692e-9
34.0000, 288.0000, -2.691e-9
36.0000, 288.0000, -2.691e-9
38.0000, 288.0000, -2.691e-9
40.0000, 288.0000, -2.690e-9
42.0000, 288.0000, -2.692e-9
44.0000, 288.0000, -2.695e-9
46.0000, 288.0000, -2.698e-9
48.0000, 288.0000, -2.699e-9
50.0000, 288.0000, -2.700e-9
52.0000, 288.0000, -2.701e-9
54.0000, 288.0000, -2.702e-9
56.0000, 288.0000, -2.703e-9
58.0000, 288.0000, -2.702e-9
60.0000, 288.0000, -2.698e-9
62.0000, 288.0000, -2.696e-9
64.0000, 288.0000, -2.696e-9
66.0000, 288.0000, -2.696e-9
68.0000, 288.0000, -2.697e-9
70.0000, 288.0000, -2.698e-9
72.0000, 288.0000, -2.700e-9
74.0000, 288.0000, -2.703e-9
76.0000, 288.0000, -2.704e-9
78.0000, 288.0000, -2.704e-9
80.0000, 288.0000, -2.705e-9
82.0000, 288.0000, -2.707e-9
84.0000, 288.0000, -2.710e-9
86.0000, 288.0000, -2.713e-9
88.0000, 288.0000, -2.714e-9
90.0000, 288.0000, -2.715e-9
92.0000, 288.0000, -2.716e-9
94.0000, 288.0000, -2.717e-9
96.0000, 288.0000, -2.717e-9
98.0000, 288.0000, -2.717e-9
100.0000, 288.0000, -2.717e-9
102.0000, 288.0000, -2.718e-9
104.0000, 288.0000, -2.720e-9
106.0000, 288.0000, -2.716e-9
108.0000, 288.0000, -2.710e-9
110.0000, 288.0000, -2.708e-9
112.0000, 288.0000, -2.707e-9
114.0000, 288.0000, -2.707e-9
116.0000, 288.0000, -2.707e-9
118.0000, 288.0000, -2.705e-9
120.0000, 288.0000, -2.705e-9
122.0000, 288.0000, -2.706e-9
124.0000, 288.0000, -2.707e-9
126.0000, 288.0000, -2.707e-9
128.0000, 288.0000, -2.706e-9
130.0000, 288.0000, -2.706e-9
132.0000, 288.0000, -2.705e-9
134.0000, 288.0000, -2.705e-9
136.0000, 288.0000, -2.703e-9
138.0000, 288.0000, -2.701e-9
140.0000, 288.0000, -2.700e-9
142.0000, 288.0000, -2.698e-9
144.0000, 288.0000, -2.697e-9
146.0000, 288.0000, -2.697e-9
148.0000, 288.0000, -2.695e-9
150.0000, 288.0000, -2.693e-9
152.0000, 288.0000, -2.693e-9
154.0000, 288.0000, -2.691e-9
156.0000, 288.0000, -2.689e-9
158.0000, 288.0000, -2.689e-9
160.0000, 288.0000, -2.689e-9
162.0000, 288.0000, -2.688e-9
164.0000, 288.0000, -2.687e-9
166.0000, 288.0000, -2.686e-9
168.0000, 288.0000, -2.685e-9
170.0000, 288.0000, -2.686e-9
172.0000, 288.0000, -2.686e-9
174.0000, 288.0000, -2.686e-9
176.0000, 288.0000, -2.686e-9
178.0000, 288.0000, -2.684e-9
180.0000, 288.0000, -2.682e-9
182.0000, 288.0000, -2.680e-9
184.0000, 288.0000, -2.678e-9
186.0000, 288.0000, -2.675e-9
188.0000, 288.0000, -2.672e-9
190.0000, 288.0000, -2.670e-9
192.0000, 288.0000, -2.668e-9
194.0000, 288.0000, -2.666e-9
196.0000, 288.0000, -2.665e-9
198.0000, 288.0000, -2.664e-9
200.0000, 288.0000, -2.663e-9
202.0000, 288.0000, -2.666e-9
204.0000, 288.0000, -2.669e-9
206.0000, 288.0000, -2.669e-9
208.0000, 288.0000, -2.667e-9
210.0000, 288.0000, -2.662e-9
212.0000, 288.0000, -2.657e-9
214.0000, 288.0000, -2.651e-9
216.0000, 288.0000, -2.645e-9
218.0000, 288.0000, -2.639e-9
220.0000, 288.0000, -2.633e-9
222.0000, 288.0000, -2.627e-9
224.0000, 288.0000, -2.623e-9
226.0000, 288.0000, -2.619e-9
228.0000, 288.0000, -2.615e-9
230.0000, 288.0000, -2.612e-9
232.0000, 288.0000, -2.609e-9
234.0000, 288.0000, -2.607e-9
236.0000, 288.0000, -2.603e-9
238.0000, 288.0000, -2.600e-9
240.0000, 288.0000, -2.597e-9
242.0000, 288.0000, -2.595e-9
244.0000, 288.0000, -2.593e-9
246.0000, 288.0000, -2.591e-9
248.0000, 288.0000, -2.589e-9
250.0000, 288.0000, -2.587e-9
252.0000, 288.0000, -2.586e-9
254.0000, 288.0000, -2.585e-9
256.0000, 288.0000, -2.583e-9
258.0000, 288.0000, -2.582e-9
260.0000, 288.0000, -2.581e-9
262.0000, 288.0000, -2.580e-9
264.0000, 288.0000, -2.579e-9
266.0000, 288.0000, -2.577e-9
268.0000, 288.0000, -2.576e-9
270.0000, 288.0000, -2.575e-9
272.0000, 288.0000, -2.574e-9
274.0000, 288.0000, -2.573e-9
276.0000, 288.0000, -2.573e-9
278.0000, 288.0000, -2.571e-9
280.0000, 288.0000, -2.571e-9
282.0000, 288.0000, -2.570e-9
284.0000, 288.0000, -2.569e-9
286.0000, 288.0000, -2.568e-9
288.0000, 288.0000, -2.567e-9
290.0000, 288.0000, -2.566e-9
292.0000, 288.0000, -2.566e-9
294.0000, 288.0000, -2.566e-9
296.0000, 288.0000, -2.565e-9
298.0000, 288.0000, -2.565e-9
0.0000, 290.0000, -3.211e-9
2.0000, 290.0000, -3.092e-9
4.0000, 290.0000, -2.994e-9
6.0000, 290.0000, -2.920e-9
8.0000, 290.0000, -2.863e-9
10.0000, 290.0000, -2.821e-9
12.0000, 290.0000, -2.788e-9
14.0000, 290.0000, -2.763e-9
16.0000, 290.0000, -2.744e-9
18.0000, 290.0000, -2.729e-9
20.0000, 290.0000, -2.718e-9
22.0000, 290.0000, -2.710e-9
24.0000, 290.0000, -2.704e-9
26.0000, 290.0000, -2.699e-9
28.0000, 290.0000, -2.696e-9
30.0000, 290.0000, -2.692e-9
32.0000, 290.0000, -2.692e-9
34.0000, 290.0000, -2.693e-9
36.0000, 290.0000, -2.692e-9
38.0000, 290.0000, -2.693e-9
40.0000, 290.0000, -2.694e-9
42.0000, 290.0000, -2.695e-9
44.0000, 290.0000, -2.698e-9
46.0000, 290.0000, -2.700e-9
48.0000, 290.0000, -2.701e-9
50.0000, 290.0000, -2.700e-9
52.0000, 290.0000, -2.700e-9
54.0000, 290.0000, -2.699e-9
56.0000, 290.0000, -2.696e-9
58.0000, 290.0000, -2.693e-9
60.0000, 290.0000, -2.692e-9
62.0000, 290.0000, -2.694e-9
64.0000, 290.0000, -2.697e-9
66.0000, 290.0000, -2.697e-9
68.0000, 290.0000, -2.695e-9
70.0000, 290.0000, -2.693e-9
72.0000, 290.0000, -2.693e-9
74.0000, 290.0000, -2.701e-9
76.0000, 290.0000, -2.707e-9
78.0000, 290.0000, -2.709e-9
80.0000, 290.0000, -2.711e-9
82.0000, 290.0000, -2.713e-9
84.0000, 290.0000, -2.714e-9
86.0000, 290.0000, -2.713e-9
88.0000, 290.0000, -2.712e-9
90.0000, 290.0000, -2.713e-9
92.0000, 290.0000, -2.715e-9
94.0000, 290.0000, -2.718e-9
96.0000, 290.0000, -2.720e-9
98.0000, 290.0000, -2.720e-9
100.0000, 290.0000, -2.720e-9
102.0000, 290.0000, -2.717e-9
104.0000, 290.0000, -2.715e-9
106.0000, 290.0000, -2.713e-9
108.0000, 290.0000, -2.712e-9
110.0000, 290.0000, -2.711e-9
112.0000, 290.0000, -2.709e-9
114.0000, 290.0000, -2.708e-9
116.0000, 290.0000, -2.708e-9
118.0000, 290.0000, -2.706e-9
120.0000, 290.0000, -2.704e-9
122.0000, 290.0000, -2.704e-9
124.0000, 290.0000, -2.705e-9
126.0000, 290.0000, -2.705e-9
128.0000, 290.0000, -2.704e-9
130.0000, 290.0000, -2.704e-9
132.0000, 290.0000, -2.701e-9
134.0000, 290.0000, -2.700e-9
136.0000, 290.0000, -2.699e-9
138.0000, 290.0000, -2.697e-9
140.0000, 290.0000, -2.695e-9
142.0000, 290.0000, -2.696e-9
144.0000, 290.0000, -2.695e-9
146.0000, 290.0000, -2.694e-9
148.0000, 290.0000, -2.693e-9
150.0000, 290.0000, -2.690e-9
152.0000, 290.0000, -2.690e-9
154.0000, 290.0000, -2.691e-9
156.0000, 290.0000, -2.690e-9
158.0000, 290.0000, -2.689e-9
160.0000, 290.0000, -2.688e-9
162.0000, 290.0000, -2.687e-9
164.0000, 290.0000, -2.686e-9
166.0000, 290.0000, -2.685e-9
168.0000, 290.0000, -2.684e-9
170.0000, 290.0000, -2.685e-9
172.0000, 290.0000, -2.686e-9
174.0000, 290.0000, -2.686e-9
176.0000, 290.0000, -2.686e-9
178.0000, 290.0000, -2.684e-9
180.0000, 290.0000, -2.682e-9
182.0000, 290.0000, -2.679e-9
184.0000, 290.0000, -2.677e-9
186.0000, 290.0000, -2.675e-9
188.0000, 290.0000, -2.673e-9
190.0000, 290.0000, -2.671e-9
192.0000, 290.0000, -2.669e-9
194.0000, 290.0000, -2.667e-9
196.0000, 290.0000, -2.666e-9
198.0000, 290.0000, -2.666e-9
200.0000, 290.0000, -2.665e-9
202.0000, 290.0000, -2.667e-9
204.0000, 290.0000, -2.671e-9
206.0000, 290.0000, -2.671e-9
208.0000, 290.0000, -2.668e-9
210.0000, 290.0000, -2.663e-9
212.0000, 290.0000, -2.657e-9
214.0000, 290.0000, -2.651e-9
216.0000, 290.0000, -2.645e-9
218.0000, 290.0000, -2.639e-9
220.0000, 290.0000, -2.633e-9
222.0000, 290.0000, -2.628e-9
224.0000, 290.0000, -2.624e-9
226.0000, 290.0000, -2.619e-9
228.0000, 290.0000, -2.616e-9
230.0000, 290.0000, -2.613e-9
232.0000, 290.0000, -2.610e-9
234.0000, 290.0000, -2.607e-9
236.0000, 290.0000, -2.605e-9
238.0000, 290.0000, -2.602e-9
240.0000, 290.0000, -2.599e-9
242.0000, 290.0000, -2.597e-9
244.0000, 290.0000, -2.595e-9
246.0000, 290.0000, -2.592e-9
248.0000, 290.0000, -2.591e-9
250.0000, 290.0000, -2.589e-9
252.0000, 290.0000, -2.587e-9
254.0000, 290.0000, -2.586e-9
256.0000, 290.0000, -2.584e-9
258.0000, 290.0000, -2.583e-9
260.0000, 290.0000, -2.582e-9
262.0000, 290.0000, -2.581e-9
264.0000, 290.0000, -2.580e-9
266.0000, 290.0000, -2.578e-9
268.0000, 290.0000, -2.577e-9
270.0000, 290.0000, -2.576e-9
272.0000, 290.0000, -2.576e-9
274.0000, 290.0000, -2.575e-9
276.0000, 290.0000, -2.574e-9
278.0000, 290.0000, -2.573e-9
280.0000, 290.0000, -2.572e-9
282.0000, 290.0000, -2.572e-9
284.0000, 290.0000, -2.570e-9
286.0000, 290.0000, -2.569e-9
288.0000, 290.0000, -2.569e-9
290.0000, 290.0000, -2.568e-9
292.0000, 290.0000, -2.568e-9
294.0000, 290.0000, -2.568e-9
296.0000, 290.0000, -2.567e-9
298.0000, 290.0000, -2.565e-9
0.0000, 292.0000, -3.223e-9
2.0000, 292.0000, -3.101e-9
4.0000, 292.0000, -3.002e-9
6.0000, 292.0000, -2.925e-9
8.0000, 292.0000, -2.867e-9
10.0000, 292.0000, -2.823e-9
12.0000, 292.0000, -2.790e-9
14.0000, 292.0000, -2.764e-9
16.0000, 292.0000, -2.744e-9
18.0000, 292.0000, -2.729e-9
20.0000, 292.0000, -2.717e-9
22.0000, 292.0000, -2.709e-9
24.0000, 292.0000, -2.704e-9
26.0000, 292.0000, -2.700e-9
28.0000, 292.0000, -2.696e-9
30.0000, 292.0000, -2.693e-9
32.0000, 292.0000, -2.690e-9
34.0000, 292.0000, -2.688e-9
36.0000, 292.0000, -2.686e-9
38.0000, 292.0000, -2.685e-9
40.0000, 292.0000, -2.687e-9
42.0000, 292.0000, -2.689e-9
44.0000, 292.0000, -2.691e-9
46.0000, 292.0000, -2.693e-9
48.0000, 292.0000, -2.697e-9
50.0000, 292.0000, -2.699e-9
52.0000, 292.0000, -2.699e-9
54.0000, 292.0000, -2.699e-9
56.0000, 292.0000, -2.697e-9
58.0000, 292.0000, -2.694e-9
60.0000, 292.0000, -2.694e-9
62.0000, 292.0000, -2.693e-9
64.0000, 292.0000, -2.693e-9
66.0000, 292.0000, -2.691e-9
68.0000, 292.0000, -2.692e-9
70.0000, 292.0000, -2.696e-9
72.0000, 292.0000, -2.703e-9
74.0000, 292.0000, -2.706e-9
76.0000, 292.0000, -2.706e-9
78.0000, 292.0000, -2.707e-9
80.0000, 292.0000, -2.707e-9
82.0000, 292.0000, -2.707e-9
84.0000, 292.0000, -2.707e-9
86.0000, 292.0000, -2.709e-9
88.0000, 292.0000, -2.712e-9
90.0000, 292.0000, -2.715e-9
92.0000, 292.0000, -2.717e-9
94.0000, 292.0000, -2.719e-9
96.0000, 292.0000, -2.719e-9
98.0000, 292.0000, -2.719e-9
100.0000, 292.0000, -2.717e-9
102.0000, 292.0000, -2.715e-9
104.0000, 292.0000, -2.714e-9
106.0000, 292.0000, -2.713e-9
108.0000, 292.0000, -2.711e-9
110.0000, 292.0000, -2.707e-9
112.0000, 292.0000, -2.702e-9
114.0000, 292.0000, -2.700e-9
116.0000, 292.0000, -2.700e-9
118.0000, 292.0000, -2.700e-9
120.0000, 292.0000, -2.701e-9
122.0000, 292.0000, -2.704e-9
124.0000, 292.0000, -2.705e-9
126.0000, 292.0000, -2.704e-9
128.0000, 292.0000, -2.701e-9
130.0000, 292.0000, -2.699e-9
132.0000, 292.0000, -2.698e-9
134.0000, 292.0000, -2.698e-9
136.0000, 292.0000, -2.696e-9
138.0000, 292.0000, -2.694e-9
140.0000, 292.0000, -2.693e-9
142.0000, 292.0000, -2.691e-9
144.0000, 292.0000, -2.691e-9
146.0000, 292.0000, -2.692e-9
148.0000, 292.0000, -2.691e-9
150.0000, 292.0000, -2.689e-9
152.0000, 292.0000, -2.688e-9
154.0000, 292.0000, -2.687e-9
156.0000, 292.0000, -2.687e-9
158.0000, 292.0000, -2.686e-9
160.0000, 292.0000, -2.685e-9
162.0000, 292.0000, -2.684e-9
164.0000, 292.0000, -2.683e-9
166.0000, 292.0000, -2.683e-9
168.0000, 292.0000, -2.684e-9
170.0000, 292.0000, -2.685e-9
172.0000, 292.0000, -2.687e-9
174.0000, 292.0000, -2.688e-9
176.0000, 292.0000, -2.687e-9
178.0000, 292.0000, -2.685e-9
180.0000, 292.0000, -2.683e-9
182.0000, 292.0000, -2.682e-9
184.0000, 292.0000, -2.680e-9
186.0000, 292.0000, -2.678e-9
188.0000, 292.0000, -2.676e-9
190.0000, 292.0000, -2.673e-9
192.0000, 292.0000, -2.671e-9
194.0000, 292.0000, -2.668e-9
196.0000, 292.0000, -2.667e-9
198.0000, 292.0000, -2.666e-9
200.0000, 292.0000, -2.666e-9
202.0000, 292.0000, -2.668e-9
204.0000, 292.0000, -2.671e-9
206.0000, 292.0000, -2.671e-9
208.0000, 292.0000, -2.668e-9
210.0000, 292.0000, -2.662e-9
212.0000, 292.0000, -2.657e-9
214.0000, 292.0000, -2.650e-9
216.0000, 292.0000, -2.644e-9
218.0000, 292.0000, -2.639e-9
220.0000, 292.0000, -2.633e-9
222.0000, 292.0000, -2.628e-9
224.0000, 292.0000, -2.624e-9
226.0000, 292.0000, -2.620e-9
228.0000, 292.0000, -2.616e-9
230.0000, 292.0000, -2.613e-9
232.0000, 292.0000, -2.610e-9
234.0000, 292.0000, -2.606e-9
236.0000, 292.0000, -2.603e-9
238.0000, 292.0000, -2.601e-9
240.0000, 292.0000, -2.598e-9
242.0000, 292.0000, -2.596e-9
244.0000, 292.0000, -2.595e-9
246.0000, 292.0000, -2.593e-9
248.0000, 292.0000, -2.590e-9
250.0000, 292.0000, -2.588e-9
252.0000, 292.0000, -2.586e-9
254.0000, 292.0000, -2.585e-9
256.0000, 292.0000, -2.585e-9
258.0000, 292.0000, -2.583e-9
260.0000, 292.0000, -2.582e-9
262.0000, 292.0000, -2.581e-9
264.0000, 292.0000, -2.579e-9
266.0000, 292.0000, -2.578e-9
268.0000, 292.0000, -2.578e-9
270.0000, 292.0000, -2.576e-9
272.0000, 292.0000, -2.575e-9
274.0000, 292.0000, -2.575e-9
276.0000, 292.0000, -2.574e-9
278.0000, 292.0000, -2.573e-9
280.0000, 292.0000, -2.572e-9
282.0000, 292.0000, -2.572e-9
284.0000, 292.0000, -2.571e-9
286.0000, 292.0000, -2.570e-9
288.0000, 292.0000, -2.569e-9
290.0000, 292.0000, -2.568e-9
292.0000, 292.0000, -2.568e-9
294.0000, 292.0000, -2.567e-9
296.0000, 292.0000, -2.566e-9
298.0000, 292.0000, -2.566e-9
0.0000, 294.0000, -3.209e-9
2.0000, 294.0000, -3.091e-9
4.0000, 294.0000, -2.993e-9
6.0000, 294.0000, -2.918e-9
8.0000, 294.0000, -2.860e-9
10.0000, 294.0000, -2.817e-9
12.0000, 294.0000, -2.784e-9
14.0000, 294.0000, -2.759e-9
16.0000, 294.0000, -2.739e-9
18.0000, 294.0000, -2.722e-9
20.0000, 294.0000, -2.710e-9
22.0000, 294.0000, -2.702e-9
24.0000, 294.0000, -2.695e-9
26.0000, 294.0000, -2.692e-9
28.0000, 294.0000, -2.690e-9
30.0000, 294.0000, -2.690e-9
32.0000, 294.0000, -2.688e-9
34.0000, 294.0000, -2.685e-9
36.0000, 294.0000, -2.682e-9
38.0000, 294.0000, -2.681e-9
40.0000, 294.0000, -2.681e-9
42.0000, 294.0000, -2.683e-9
44.0000, 294.0000, -2.686e-9
46.0000, 294.0000, -2.689e-9
48.0000, 294.0000, -2.693e-9
50.0000, 294.0000, -2.695e-9
52.0000, 294.0000, -2.694e-9
54.0000, 294.0000, -2.694e-9
56.0000, 294.0000, -2.695e-9
58.0000, 294.0000, -2.694e-9
60.0000, 294.0000, -2.693e-9
62.0000, 294.0000, -2.692e-9
64.0000, 294.0000, -2.691e-9
66.0000, 294.0000, -2.689e-9
68.0000, 294.0000, -2.690e-9
70.0000, 294.0000, -2.695e-9
72.0000, 294.0000, -2.703e-9
74.0000, 294.0000, -2.708e-9
76.0000, 294.0000, -2.708e-9
78.0000, 294.0000, -2.706e-9
80.0000, 294.0000, -2.705e-9
82.0000, 294.0000, -2.703e-9
84.0000, 294.0000, -2.702e-9
86.0000, 294.0000, -2.708e-9
88.0000, 294.0000, -2.712e-9
90.0000, 294.0000, -2.715e-9
92.0000, 294.0000, -2.717e-9
94.0000, 294.0000, -2.716e-9
96.0000, 294.0000, -2.715e-9
98.0000, 294.0000, -2.714e-9
100.0000, 294.0000, -2.714e-9
102.0000, 294.0000, -2.713e-9
104.0000, 294.0000, -2.713e-9
106.0000, 294.0000, -2.712e-9
108.0000, 294.0000, -2.709e-9
110.0000, 294.0000, -2.707e-9
112.0000, 294.0000, -2.704e-9
114.0000, 294.0000, -2.703e-9
116.0000, 294.0000, -2.701e-9
118.0000, 294.0000, -2.698e-9
120.0000, 294.0000, -2.699e-9
122.0000, 294.0000, -2.700e-9
124.0000, 294.0000, -2.700e-9
126.0000, 294.0000, -2.700e-9
128.0000, 294.0000, -2.699e-9
130.0000, 294.0000, -2.699e-9
132.0000, 294.0000, -2.699e-9
134.0000, 294.0000, -2.699e-9
136.0000, 294.0000, -2.697e-9
138.0000, 294.0000, -2.694e-9
140.0000, 294.0000, -2.693e-9
142.0000, 294.0000, -2.693e-9
144.0000, 294.0000, -2.693e-9
146.0000, 294.0000, -2.692e-9
148.0000, 294.0000, -2.691e-9
150.0000, 294.0000, -2.690e-9
152.0000, 294.0000, -2.689e-9
154.0000, 294.0000, -2.690e-9
156.0000, 294.0000, -2.689e-9
158.0000, 294.0000, -2.688e-9
160.0000, 294.0000, -2.686e-9
162.0000, 294.0000, -2.684e-9
164.0000, 294.0000, -2.682e-9
166.0000, 294.0000, -2.682e-9
168.0000, 294.0000, -2.683e-9
170.0000, 294.0000, -2.683e-9
172.0000, 294.0000, -2.684e-9
174.0000, 294.0000, -2.684e-9
176.0000, 294.0000, -2.684e-9
178.0000, 294.0000, -2.683e-9
180.0000, 294.0000, -2.681e-9
182.0000, 294.0000, -2.678e-9
184.0000, 294.0000, -2.675e-9
186.0000, 294.0000, -2.673e-9
188.0000, 294.0000, -2.671e-9
190.0000, 294.0000, -2.668e-9
192.0000, 294.0000, -2.667e-9
194.0000, 294.0000, -2.664e-9
196.0000, 294.0000, -2.664e-9
198.0000, 294.0000, -2.664e-9
200.0000, 294.0000, -2.664e-9
202.0000, 294.0000, -2.665e-9
204.0000, 294.0000, -2.669e-9
206.0000, 294.0000, -2.670e-9
208.0000, 294.0000, -2.668e-9
210.0000, 294.0000, -2.663e-9
212.0000, 294.0000, -2.657e-9
214.0000, 294.0000, -2.651e-9
216.0000, 294.0000, -2.646e-9
218.0000, 294.0000, -2.640e-9
220.0000, 294.0000, -2.635e-9
222.0000, 294.0000, -2.629e-9
224.0000, 294.0000, -2.624e-9
226.0000, 294.0000, -2.620e-9
228.0000, 294.0000, -2.617e-9
230.0000, 294.0000, -2.614e-9
232.0000, 294.0000, -2.610e-9
234.0000, 294.0000, -2.607e-9
236.0000, 294.0000, -2.604e-9
238.0000, 294.0000, -2.601e-9
240.0000, 294.0000, -2.599e-9
242.0000, 294.0000, -2.597e-9
244.0000, 294.0000, -2.595e-9
246.0000, 294.0000, -2.593e-9
248.0000, 294.0000, -2.592e-9
250.0000, 294.0000, -2.589e-9
252.0000, 294.0000, -2.587e-9
254.0000, 294.0000, -2.586e-9
256.0000, 294.0000, -2.585e-9
258.0000, 294.0000, -2.584e-9
260.0000, 294.0000, -2.583e-9
262.0000, 294.0000, -2.580e-9
264.0000, 294.0000, -2.580e-9
266.0000, 294.0000, -2.579e-9
268.0000, 294.0000, -2.578e-9
270.0000, 294.0000, -2.577e-9
272.0000, 294.0000, -2.575e-9
274.0000, 294.0000, -2.574e-9
276.0000, 294.0000, -2.574e-9
278.0000, 294.0000, -2.573e-9
280.0000, 294.0000, -2.572e-9
282.0000, 294.0000, -2.571e-9
284.0000, 294.0000, -2.571e-9
286.0000, 294.0000, -2.570e-9
288.0000, 294.0000, -2.569e-9
290.0000, 294.0000, -2.569e-9
292.0000, 294.0000, -2.568e-9
294.0000, 294.0000, -2.568e-9
296.0000, 294.0000, -2.567e-9
298.0000, 294.0000, -2.566e-9
0.0000, 296.0000, -3.205e-9
2.0000, 296.0000, -3.086e-9
4.0000, 296.0000, -2.989e-9
6.0000, 296.0000, -2.914e-9
8.0000, 296.0000, -2.857e-9
10.0000, 296.0000, -2.814e-9
12.0000, 296.0000, -2.781e-9
14.0000, 296.0000, -2.756e-9
16.0000, 296.0000, -2.736e-9
18.0000, 296.0000, -2.721e-9
20.0000, 296.0000, -2.708e-9
22.0000, 296.0000, -2.700e-9
24.0000, 296.0000, -2.696e-9
26.0000, 296.0000, -2.693e-9
28.0000, 296.0000, -2.690e-9
30.0000, 296.0000, -2.687e-9
32.0000, 296.0000, -2.683e-9
34.0000, 296.0000, -2.682e-9
36.0000, 296.0000, -2.682e-9
38.0000, 296.0000, -2.682e-9
40.0000, 296.0000, -2.682e-9
42.0000, 296.0000, -2.683e-9
44.0000, 296.0000, -2.684e-9
46.0000, 296.0000, -2.687e-9
48.0000, 296.0000, -2.690e-9
50.0000, 296.0000, -2.690e-9
52.0000, 296.0000, -2.690e-9
54.0000, 296.0000, -2.690e-9
56.0000, 296.0000, -2.691e-9
58.0000, 296.0000, -2.690e-9
60.0000, 296.0000, -2.688e-9
62.0000, 296.0000, -2.686e-9
64.0000, 296.0000, -2.687e-9
66.0000, 296.0000, -2.687e-9
68.0000, 296.0000, -2.689e-9
70.0000, 296.0000, -2.691e-9
72.0000, 296.0000, -2.693e-9
74.0000, 296.0000, -2.696e-9
76.0000, 296.0000, -2.697e-9
78.0000, 296.0000, -2.697e-9
80.0000, 296.0000, -2.697e-9
82.0000, 296.0000, -2.697e-9
84.0000, 296.0000, -2.701e-9
86.0000, 296.0000, -2.704e-9
88.0000, 296.0000, -2.706e-9
90.0000, 296.0000, -2.708e-9
92.0000, 296.0000, -2.711e-9
94.0000, 296.0000, -2.714e-9
96.0000, 296.0000, -2.714e-9
98.0000, 296.0000, -2.713e-9
100.0000, 296.0000, -2.711e-9
102.0000, 296.0000, -2.710e-9
104.0000, 296.0000, -2.708e-9
106.0000, 296.0000, -2.706e-9
108.0000, 296.0000, -2.704e-9
110.0000, 296.0000, -2.704e-9
112.0000, 296.0000, -2.702e-9
114.0000, 296.0000, -2.701e-9
116.0000, 296.0000, -2.698e-9
118.0000, 296.0000, -2.695e-9
120.0000, 296.0000, -2.694e-9
122.0000, 296.0000, -2.695e-9
124.0000, 296.0000, -2.697e-9
126.0000, 296.0000, -2.698e-9
128.0000, 296.0000, -2.698e-9
130.0000, 296.0000, -2.699e-9
132.0000, 296.0000, -2.697e-9
134.0000, 296.0000, -2.696e-9
136.0000, 296.0000, -2.694e-9
138.0000, 296.0000, -2.692e-9
140.0000, 296.0000, -2.691e-9
142.0000, 296.0000, -2.691e-9
144.0000, 296.0000, -2.690e-9
146.0000, 296.0000, -2.688e-9
148.0000, 296.0000, -2.686e-9
150.0000, 296.0000, -2.685e-9
152.0000, 296.0000, -2.684e-9
154.0000, 296.0000, -2.683e-9
156.0000, 296.0000, -2.682e-9
158.0000, 296.0000, -2.681e-9
160.0000, 296.0000, -2.681e-9
162.0000, 296.0000, -2.679e-9
164.0000, 296.0000, -2.680e-9
166.0000, 296.0000, -2.684e-9
168.0000, 296.0000, -2.688e-9
170.0000, 296.0000, -2.690e-9
172.0000, 296.0000, -2.689e-9
174.0000, 296.0000, -2.685e-9
176.0000, 296.0000, -2.682e-9
178.0000, 296.0000, -2.680e-9
180.0000, 296.0000, -2.679e-9
182.0000, 296.0000, -2.678e-9
184.0000, 296.0000, -2.675e-9
186.0000, 296.0000, -2.674e-9
188.0000, 296.0000, -2.672e-9
190.0000, 296.0000, -2.670e-9
192.0000, 296.0000, -2.668e-9
194.0000, 296.0000, -2.665e-9
196.0000, 296.0000, -2.665e-9
198.0000, 296.0000, -2.665e-9
200.0000, 296.0000, -2.663e-9
202.0000, 296.0000, -2.665e-9
204.0000, 296.0000, -2.668e-9
206.0000, 296.0000, -2.669e-9
208.0000, 296.0000, -2.665e-9
210.0000, 296.0000, -2.660e-9
212.0000, 296.0000, -2.655e-9
214.0000, 296.0000, -2.650e-9
216.0000, 296.0000, -2.644e-9
218.0000, 296.0000, -2.639e-9
220.0000, 296.0000, -2.632e-9
222.0000, 296.0000, -2.627e-9
224.0000, 296.0000, -2.623e-9
226.0000, 296.0000, -2.619e-9
228.0000, 296.0000, -2.615e-9
230.0000, 296.0000, -2.611e-9
232.0000, 296.0000, -2.608e-9
234.0000, 296.0000, -2.605e-9
236.0000, 296.0000, -2.602e-9
238.0000, 296.0000, -2.600e-9
240.0000, 296.0000, -2.598e-9
242.0000, 296.0000, -2.596e-9
244.0000, 296.0000, -2.593e-9
246.0000, 296.0000, -2.591e-9
248.0000, 296.0000, -2.589e-9
250.0000, 296.0000, -2.588e-9
252.0000, 296.0000, -2.585e-9
254.0000, 296.0000, -2.584e-9
256.0000, 296.0000, -2.583e-9
258.0000, 296.0000, -2.582e-9
260.0000, 296.0000, -2.581e-9
262.0000, 296.0000, -2.580e-9
264.0000, 296.0000, -2.578e-9
266.0000, 296.0000, -2.577e-9
268.0000, 296.0000, -2.576e-9
270.0000, 296.0000, -2.574e-9
272.0000, 296.0000, -2.574e-9
274.0000, 296.0000, -2.573e-9
276.0000, 296.0000, -2.572e-9
278.0000, 296.0000, -2.571e-9
280.0000, 296.0000, -2.571e-9
282.0000, 296.0000, -2.570e-9
284.0000, 296.0000, -2.570e-9
286.0000, 296.0000, -2.569e-9
288.0000, 296.0000, -2.567e-9
290.0000, 296.0000, -2.567e-9
292.0000, 296.0000, -2.567e-9
294.0000, 296.0000, -2.566e-9
296.0000, 296.0000, -2.566e-9
298.0000, 296.0000, -2.565e-9
0.0000, 298.0000, -3.197e-9
2.0000, 298.0000, -3.081e-9
4.0000, 298.0000, -2.985e-9
6.0000, 298.0000, -2.911e-9
8.0000, 298.0000, -2.855e-9
10.0000, 298.0000, -2.812e-9
12.0000, 298.0000, -2.779e-9
14.0000, 298.0000, -2.754e-9
16.0000, 298.0000, -2.735e-9
18.0000, 298.0000, -2.720e-9
20.0000, 298.0000, -2.708e-9
22.0000, 298.0000, -2.699e-9
24.0000, 298.0000, -2.693e-9
26.0000, 298.0000, -2.689e-9
28.0000, 298.0000, -2.687e-9
30.0000, 298.0000, -2.686e-9
32.0000, 298.0000, -2.685e-9
34.0000, 298.0000, -2.685e-9
36.0000, 298.0000, -2.684e-9
38.0000, 298.0000, -2.682e-9
40.0000, 298.0000, -2.682e-9
42.0000, 298.0000, -2.683e-9
44.0000, 298.0000, -2.686e-9
46.0000, 298.0000, -2.687e-9
48.0000, 298.0000, -2.688e-9
50.0000, 298.0000, -2.687e-9
52.0000, 298.0000, -2.686e-9
54.0000, 298.0000, -2.687e-9
56.0000, 298.0000, -2.687e-9
58.0000, 298.0000, -2.687e-9
60.0000, 298.0000, -2.688e-9
62.0000, 298.0000, -2.689e-9
64.0000, 298.0000, -2.689e-9
66.0000, 298.0000, -2.689e-9
68.0000, 298.0000, -2.690e-9
70.0000, 298.0000, -2.692e-9
72.0000, 298.0000, -2.693e-9
74.0000, 298.0000, -2.695e-9
76.0000, 298.0000, -2.696e-9
78.0000, 298.0000, -2.698e-9
80.0000, 298.0000, -2.699e-9
82.0000, 298.0000, -2.700e-9
84.0000, 298.0000, -2.702e-9
86.0000, 298.0000, -2.705e-9
88.0000, 298.0000, -2.707e-9
90.0000, 298.0000, -2.710e-9
92.0000, 298.0000, -2.712e-9
94.0000, 298.0000, -2.713e-9
96.0000, 298.0000, -2.712e-9
98.0000, 298.0000, -2.711e-9
100.0000, 298.0000, -2.709e-9
102.0000, 298.0000, -2.707e-9
104.0000, 298.0000, -2.705e-9
106.0000, 298.0000, -2.704e-9
108.0000, 298.0000, -2.703e-9
110.0000, 298.0000, -2.702e-9
112.0000, 298.0000, -2.700e-9
114.0000, 298.0000, -2.698e-9
116.0000, 298.0000, -2.696e-9
118.0000, 298.0000, -2.693e-9
120.0000, 298.0000, -2.692e-9
122.0000, 298.0000, -2.692e-9
124.0000, 298.0000, -2.693e-9
126.0000, 298.0000, -2.693e-9
128.0000, 298.0000, -2.692e-9
130.0000, 298.0000, -2.692e-9
132.0000, 298.0000, -2.693e-9
134.0000, 298.0000, -2.692e-9
136.0000, 298.0000, -2.689e-9
138.0000, 298.0000, -2.688e-9
140.0000, 298.0000, -2.686e-9
142.0000, 298.0000, -2.684e-9
144.0000, 298.0000, -2.684e-9
146.0000, 298.0000, -2.684e-9
148.0000, 298.0000, -2.684e-9
150.0000, 298.0000, -2.683e-9
152.0000, 298.0000, -2.682e-9
154.0000, 298.0000, -2.682e-9
156.0000, 298.0000, -2.682e-9
158.0000, 298.0000, -2.682e-9
160.0000, 298.0000, -2.681e-9
162.0000, 298.0000, -2.680e-9
164.0000, 298.0000, -2.679e-9
166.0000, 298.0000, -2.680e-9
168.0000, 298.0000, -2.681e-9
170.0000, 298.0000, -2.682e-9
172.0000, 298.0000, -2.682e-9
174.0000, 298.0000, -2.682e-9
176.0000, 298.0000, -2.682e-9
178.0000, 298.0000, -2.681e-9
180.0000, 298.0000, -2.680e-9
182.0000, 298.0000, -2.679e-9
184.0000, 298.0000, -2.678e-9
186.0000, 298.0000, -2.675e-9
188.0000, 298.0000, -2.672e-9
190.0000, 298.0000, -2.670e-9
192.0000, 298.0000, -2.667e-9
194.0000, 298.0000, -2.665e-9
196.0000, 298.0000, -2.663e-9
198.0000, 298.0000, -2.663e-9
200.0000, 298.0000, -2.663e-9
202.0000, 298.0000, -2.665e-9
204.0000, 298.0000, -2.668e-9
206.0000, 298.0000, -2.669e-9
208.0000, 298.0000, -2.666e-9
210.0000, 298.0000, -2.662e-9
212.0000, 298.0000, -2.656e-9
214.0000, 298.0000, -2.649e-9
216.0000, 298.0000, -2.643e-9
218.0000, 298.0000, -2.638e-9
220.0000, 298.0000, -2.633e-9
222.0000, 298.0000, -2.627e-9
224.0000, 298.0000, -2.623e-9
226.0000, 298.0000, -2.618e-9
228.0000, 298.0000, -2.614e-9
230.0000, 298.0000, -2.612e-9
232.0000, 298.0000, -2.608e-9
234.0000, 298.0000, -2.605e-9
236.0000, 298.0000, -2.602e-9
238.0000, 298.0000, -2.600e-9
240.0000, 298.0000, -2.598e-9
242.0000, 298.0000, -2.595e-9
244.0000, 298.0000, -2.593e-9
246.0000, 298.0000, -2.591e-9
248.0000, 298.0000, -2.589e-9
250.0000, 298.0000, -2.587e-9
252.0000, 298.0000, -2.585e-9
254.0000, 298.0000, -2.584e-9
256.0000, 298.0000, -2.583e-9
258.0000, 298.0000, -2.582e-9
260.0000, 298.0000, -2.581e-9
262.0000, 298.0000, -2.579e-9
264.0000, 298.0000, -2.578e-9
266.0000, 298.0000, -2.577e-9
268.0000, 298.0000, -2.576e-9
270.0000, 298.0000, -2.575e-9
272.0000, 298.0000, -2.574e-9
274.0000, 298.0000, -2.573e-9
276.0000, 298.0000, -2.573e-9
278.0000, 298.0000, -2.572e-9
280.0000, 298.0000, -2.570e-9
282.0000, 298.0000, -2.570e-9
284.0000, 298.0000, -2.569e-9
286.0000, 298.0000, -2.569e-9
288.0000, 298.0000, -2.568e-9
290.0000, 298.0000, -2.567e-9
292.0000, 298.0000, -2.566e-9
294.0000, 298.0000, -2.566e-9
296.0000, 298.0000, -2.565e-9
298.0000, 298.0000, -2.564e-9
