X/um, Y/um, Current/A
 
0.0000, 0.0000, 2.206e-8
2.0000, 0.0000, 2.138e-8
4.0000, 0.0000, 2.176e-8
6.0000, 0.0000, 2.238e-8
8.0000, 0.0000, 2.305e-8
10.0000, 0.0000, 2.292e-8
12.0000, 0.0000, 2.230e-8
14.0000, 0.0000, 2.178e-8
16.0000, 0.0000, 2.143e-8
18.0000, 0.0000, 2.120e-8
20.0000, 0.0000, 2.112e-8
22.0000, 0.0000, 2.108e-8
24.0000, 0.0000, 2.103e-8
26.0000, 0.0000, 2.102e-8
28.0000, 0.0000, 2.104e-8
30.0000, 0.0000, 2.104e-8
32.0000, 0.0000, 2.103e-8
34.0000, 0.0000, 2.106e-8
36.0000, 0.0000, 2.108e-8
38.0000, 0.0000, 2.107e-8
40.0000, 0.0000, 2.107e-8
42.0000, 0.0000, 2.110e-8
44.0000, 0.0000, 2.110e-8
46.0000, 0.0000, 2.110e-8
48.0000, 0.0000, 2.112e-8
50.0000, 0.0000, 2.114e-8
52.0000, 0.0000, 2.114e-8
54.0000, 0.0000, 2.115e-8
56.0000, 0.0000, 2.116e-8
58.0000, 0.0000, 2.116e-8
60.0000, 0.0000, 2.123e-8
62.0000, 0.0000, 2.218e-8
64.0000, 0.0000, 2.296e-8
66.0000, 0.0000, 2.280e-8
68.0000, 0.0000, 2.230e-8
70.0000, 0.0000, 2.185e-8
72.0000, 0.0000, 2.139e-8
74.0000, 0.0000, 2.092e-8
76.0000, 0.0000, 2.050e-8
78.0000, 0.0000, 2.003e-8
80.0000, 0.0000, 1.942e-8
82.0000, 0.0000, 1.879e-8
84.0000, 0.0000, 1.813e-8
86.0000, 0.0000, 1.742e-8
88.0000, 0.0000, 1.667e-8
90.0000, 0.0000, 1.599e-8
92.0000, 0.0000, 1.536e-8
94.0000, 0.0000, 1.467e-8
96.0000, 0.0000, 1.397e-8
98.0000, 0.0000, 1.342e-8
100.0000, 0.0000, 1.300e-8
102.0000, 0.0000, 1.257e-8
104.0000, 0.0000, 1.212e-8
106.0000, 0.0000, 1.171e-8
108.0000, 0.0000, 1.132e-8
110.0000, 0.0000, 1.095e-8
112.0000, 0.0000, 1.067e-8
114.0000, 0.0000, 1.061e-8
116.0000, 0.0000, 1.044e-8
118.0000, 0.0000, 1.013e-8
120.0000, 0.0000, 1.018e-8
122.0000, 0.0000, 1.003e-8
124.0000, 0.0000, 9.639e-9
126.0000, 0.0000, 9.288e-9
128.0000, 0.0000, 9.266e-9
130.0000, 0.0000, 9.709e-9
132.0000, 0.0000, 9.624e-9
134.0000, 0.0000, 9.286e-9
136.0000, 0.0000, 9.755e-9
138.0000, 0.0000, 1.031e-8
140.0000, 0.0000, 1.003e-8
142.0000, 0.0000, 9.572e-9
144.0000, 0.0000, 9.212e-9
146.0000, 0.0000, 8.956e-9
148.0000, 0.0000, 9.514e-9
150.0000, 0.0000, 1.077e-8
152.0000, 0.0000, 1.081e-8
154.0000, 0.0000, 1.030e-8
156.0000, 0.0000, 1.068e-8
158.0000, 0.0000, 1.236e-8
160.0000, 0.0000, 1.339e-8
162.0000, 0.0000, 1.298e-8
164.0000, 0.0000, 1.233e-8
166.0000, 0.0000, 1.240e-8
168.0000, 0.0000, 1.240e-8
170.0000, 0.0000, 1.206e-8
172.0000, 0.0000, 1.177e-8
174.0000, 0.0000, 1.127e-8
176.0000, 0.0000, 1.095e-8
178.0000, 0.0000, 1.087e-8
180.0000, 0.0000, 1.053e-8
182.0000, 0.0000, 1.023e-8
184.0000, 0.0000, 1.005e-8
186.0000, 0.0000, 1.002e-8
188.0000, 0.0000, 9.991e-9
190.0000, 0.0000, 9.745e-9
192.0000, 0.0000, 9.796e-9
194.0000, 0.0000, 9.825e-9
196.0000, 0.0000, 9.712e-9
198.0000, 0.0000, 9.853e-9
200.0000, 0.0000, 1.041e-8
202.0000, 0.0000, 1.040e-8
204.0000, 0.0000, 9.955e-9
206.0000, 0.0000, 9.986e-9
208.0000, 0.0000, 1.021e-8
210.0000, 0.0000, 1.026e-8
212.0000, 0.0000, 1.007e-8
214.0000, 0.0000, 1.022e-8
216.0000, 0.0000, 1.064e-8
218.0000, 0.0000, 1.067e-8
220.0000, 0.0000, 1.046e-8
222.0000, 0.0000, 1.059e-8
224.0000, 0.0000, 1.072e-8
226.0000, 0.0000, 1.082e-8
228.0000, 0.0000, 1.115e-8
230.0000, 0.0000, 1.136e-8
232.0000, 0.0000, 1.177e-8
234.0000, 0.0000, 1.214e-8
236.0000, 0.0000, 1.205e-8
238.0000, 0.0000, 1.231e-8
240.0000, 0.0000, 1.246e-8
242.0000, 0.0000, 1.322e-8
244.0000, 0.0000, 1.568e-8
246.0000, 0.0000, 1.623e-8
248.0000, 0.0000, 1.537e-8
0.0000, 2.0000, 2.152e-8
2.0000, 2.0000, 2.122e-8
4.0000, 2.0000, 2.171e-8
6.0000, 2.0000, 2.298e-8
8.0000, 2.0000, 2.292e-8
10.0000, 2.0000, 2.268e-8
12.0000, 2.0000, 2.277e-8
14.0000, 2.0000, 2.209e-8
16.0000, 2.0000, 2.142e-8
18.0000, 2.0000, 2.093e-8
20.0000, 2.0000, 2.058e-8
22.0000, 2.0000, 2.043e-8
24.0000, 2.0000, 2.030e-8
26.0000, 2.0000, 2.019e-8
28.0000, 2.0000, 2.018e-8
30.0000, 2.0000, 2.013e-8
32.0000, 2.0000, 2.009e-8
34.0000, 2.0000, 2.008e-8
36.0000, 2.0000, 2.044e-8
38.0000, 2.0000, 2.143e-8
40.0000, 2.0000, 2.194e-8
42.0000, 2.0000, 2.192e-8
44.0000, 2.0000, 2.210e-8
46.0000, 2.0000, 2.222e-8
48.0000, 2.0000, 2.195e-8
50.0000, 2.0000, 2.183e-8
52.0000, 2.0000, 2.174e-8
54.0000, 2.0000, 2.148e-8
56.0000, 2.0000, 2.131e-8
58.0000, 2.0000, 2.112e-8
60.0000, 2.0000, 2.069e-8
62.0000, 2.0000, 2.016e-8
64.0000, 2.0000, 1.958e-8
66.0000, 2.0000, 1.895e-8
68.0000, 2.0000, 1.827e-8
70.0000, 2.0000, 1.754e-8
72.0000, 2.0000, 1.681e-8
74.0000, 2.0000, 1.601e-8
76.0000, 2.0000, 1.524e-8
78.0000, 2.0000, 1.465e-8
80.0000, 2.0000, 1.420e-8
82.0000, 2.0000, 1.385e-8
84.0000, 2.0000, 1.342e-8
86.0000, 2.0000, 1.299e-8
88.0000, 2.0000, 1.261e-8
90.0000, 2.0000, 1.215e-8
92.0000, 2.0000, 1.169e-8
94.0000, 2.0000, 1.129e-8
96.0000, 2.0000, 1.093e-8
98.0000, 2.0000, 1.064e-8
100.0000, 2.0000, 1.053e-8
102.0000, 2.0000, 1.027e-8
104.0000, 2.0000, 9.921e-9
106.0000, 2.0000, 9.639e-9
108.0000, 2.0000, 9.536e-9
110.0000, 2.0000, 9.535e-9
112.0000, 2.0000, 9.361e-9
114.0000, 2.0000, 9.209e-9
116.0000, 2.0000, 9.408e-9
118.0000, 2.0000, 9.612e-9
120.0000, 2.0000, 9.426e-9
122.0000, 2.0000, 9.380e-9
124.0000, 2.0000, 9.600e-9
126.0000, 2.0000, 1.003e-8
128.0000, 2.0000, 1.020e-8
130.0000, 2.0000, 1.001e-8
132.0000, 2.0000, 1.060e-8
134.0000, 2.0000, 1.104e-8
136.0000, 2.0000, 1.070e-8
138.0000, 2.0000, 1.058e-8
140.0000, 2.0000, 1.100e-8
142.0000, 2.0000, 1.143e-8
144.0000, 2.0000, 1.133e-8
146.0000, 2.0000, 1.109e-8
148.0000, 2.0000, 1.138e-8
150.0000, 2.0000, 1.144e-8
152.0000, 2.0000, 1.111e-8
154.0000, 2.0000, 1.103e-8
156.0000, 2.0000, 1.102e-8
158.0000, 2.0000, 1.092e-8
160.0000, 2.0000, 1.083e-8
162.0000, 2.0000, 1.068e-8
164.0000, 2.0000, 1.042e-8
166.0000, 2.0000, 1.022e-8
168.0000, 2.0000, 1.010e-8
170.0000, 2.0000, 9.926e-9
172.0000, 2.0000, 1.005e-8
174.0000, 2.0000, 1.015e-8
176.0000, 2.0000, 9.990e-9
178.0000, 2.0000, 9.825e-9
180.0000, 2.0000, 9.817e-9
182.0000, 2.0000, 9.940e-9
184.0000, 2.0000, 9.951e-9
186.0000, 2.0000, 9.776e-9
188.0000, 2.0000, 9.792e-9
190.0000, 2.0000, 9.787e-9
192.0000, 2.0000, 9.574e-9
194.0000, 2.0000, 9.669e-9
196.0000, 2.0000, 9.998e-9
198.0000, 2.0000, 1.008e-8
200.0000, 2.0000, 1.037e-8
202.0000, 2.0000, 1.030e-8
204.0000, 2.0000, 1.019e-8
206.0000, 2.0000, 1.040e-8
208.0000, 2.0000, 1.034e-8
210.0000, 2.0000, 1.034e-8
212.0000, 2.0000, 1.051e-8
214.0000, 2.0000, 1.076e-8
216.0000, 2.0000, 1.103e-8
218.0000, 2.0000, 1.100e-8
220.0000, 2.0000, 1.097e-8
222.0000, 2.0000, 1.098e-8
224.0000, 2.0000, 1.115e-8
226.0000, 2.0000, 1.158e-8
228.0000, 2.0000, 1.150e-8
230.0000, 2.0000, 1.124e-8
232.0000, 2.0000, 1.180e-8
234.0000, 2.0000, 1.270e-8
236.0000, 2.0000, 1.353e-8
238.0000, 2.0000, 1.333e-8
240.0000, 2.0000, 1.314e-8
242.0000, 2.0000, 1.398e-8
244.0000, 2.0000, 1.443e-8
246.0000, 2.0000, 1.421e-8
248.0000, 2.0000, 1.420e-8
0.0000, 4.0000, 2.162e-8
2.0000, 4.0000, 2.134e-8
4.0000, 4.0000, 2.183e-8
6.0000, 4.0000, 2.323e-8
8.0000, 4.0000, 2.314e-8
10.0000, 4.0000, 2.257e-8
12.0000, 4.0000, 2.219e-8
14.0000, 4.0000, 2.143e-8
16.0000, 4.0000, 2.085e-8
18.0000, 4.0000, 2.051e-8
20.0000, 4.0000, 2.030e-8
22.0000, 4.0000, 2.024e-8
24.0000, 4.0000, 2.027e-8
26.0000, 4.0000, 2.035e-8
28.0000, 4.0000, 2.053e-8
30.0000, 4.0000, 2.077e-8
32.0000, 4.0000, 2.104e-8
34.0000, 4.0000, 2.126e-8
36.0000, 4.0000, 2.131e-8
38.0000, 4.0000, 2.155e-8
40.0000, 4.0000, 2.195e-8
42.0000, 4.0000, 2.184e-8
44.0000, 4.0000, 2.172e-8
46.0000, 4.0000, 2.160e-8
48.0000, 4.0000, 2.125e-8
50.0000, 4.0000, 2.099e-8
52.0000, 4.0000, 2.056e-8
54.0000, 4.0000, 2.004e-8
56.0000, 4.0000, 1.955e-8
58.0000, 4.0000, 1.901e-8
60.0000, 4.0000, 1.835e-8
62.0000, 4.0000, 1.740e-8
64.0000, 4.0000, 1.640e-8
66.0000, 4.0000, 1.552e-8
68.0000, 4.0000, 1.463e-8
70.0000, 4.0000, 1.380e-8
72.0000, 4.0000, 1.311e-8
74.0000, 4.0000, 1.253e-8
76.0000, 4.0000, 1.206e-8
78.0000, 4.0000, 1.166e-8
80.0000, 4.0000, 1.132e-8
82.0000, 4.0000, 1.103e-8
84.0000, 4.0000, 1.074e-8
86.0000, 4.0000, 1.047e-8
88.0000, 4.0000, 1.023e-8
90.0000, 4.0000, 1.001e-8
92.0000, 4.0000, 9.828e-9
94.0000, 4.0000, 9.670e-9
96.0000, 4.0000, 9.443e-9
98.0000, 4.0000, 9.324e-9
100.0000, 4.0000, 9.295e-9
102.0000, 4.0000, 9.176e-9
104.0000, 4.0000, 9.118e-9
106.0000, 4.0000, 9.032e-9
108.0000, 4.0000, 8.942e-9
110.0000, 4.0000, 8.993e-9
112.0000, 4.0000, 9.092e-9
114.0000, 4.0000, 9.284e-9
116.0000, 4.0000, 9.427e-9
118.0000, 4.0000, 9.326e-9
120.0000, 4.0000, 9.477e-9
122.0000, 4.0000, 9.825e-9
124.0000, 4.0000, 9.955e-9
126.0000, 4.0000, 1.002e-8
128.0000, 4.0000, 1.029e-8
130.0000, 4.0000, 1.092e-8
132.0000, 4.0000, 1.138e-8
134.0000, 4.0000, 1.115e-8
136.0000, 4.0000, 1.088e-8
138.0000, 4.0000, 1.113e-8
140.0000, 4.0000, 1.112e-8
142.0000, 4.0000, 1.080e-8
144.0000, 4.0000, 1.068e-8
146.0000, 4.0000, 1.071e-8
148.0000, 4.0000, 1.068e-8
150.0000, 4.0000, 1.051e-8
152.0000, 4.0000, 1.032e-8
154.0000, 4.0000, 1.058e-8
156.0000, 4.0000, 1.077e-8
158.0000, 4.0000, 1.039e-8
160.0000, 4.0000, 1.023e-8
162.0000, 4.0000, 1.009e-8
164.0000, 4.0000, 1.009e-8
166.0000, 4.0000, 1.003e-8
168.0000, 4.0000, 9.723e-9
170.0000, 4.0000, 9.612e-9
172.0000, 4.0000, 9.586e-9
174.0000, 4.0000, 9.828e-9
176.0000, 4.0000, 1.006e-8
178.0000, 4.0000, 9.857e-9
180.0000, 4.0000, 9.685e-9
182.0000, 4.0000, 9.817e-9
184.0000, 4.0000, 9.898e-9
186.0000, 4.0000, 9.675e-9
188.0000, 4.0000, 9.620e-9
190.0000, 4.0000, 1.012e-8
192.0000, 4.0000, 1.008e-8
194.0000, 4.0000, 9.788e-9
196.0000, 4.0000, 1.007e-8
198.0000, 4.0000, 1.031e-8
200.0000, 4.0000, 1.010e-8
202.0000, 4.0000, 1.008e-8
204.0000, 4.0000, 1.040e-8
206.0000, 4.0000, 1.053e-8
208.0000, 4.0000, 1.070e-8
210.0000, 4.0000, 1.083e-8
212.0000, 4.0000, 1.072e-8
214.0000, 4.0000, 1.042e-8
216.0000, 4.0000, 1.067e-8
218.0000, 4.0000, 1.124e-8
220.0000, 4.0000, 1.094e-8
222.0000, 4.0000, 1.057e-8
224.0000, 4.0000, 1.104e-8
226.0000, 4.0000, 1.146e-8
228.0000, 4.0000, 1.116e-8
230.0000, 4.0000, 1.128e-8
232.0000, 4.0000, 1.184e-8
234.0000, 4.0000, 1.211e-8
236.0000, 4.0000, 1.215e-8
238.0000, 4.0000, 1.313e-8
240.0000, 4.0000, 1.525e-8
242.0000, 4.0000, 1.474e-8
244.0000, 4.0000, 1.347e-8
246.0000, 4.0000, 1.363e-8
248.0000, 4.0000, 1.366e-8
0.0000, 6.0000, 2.137e-8
2.0000, 6.0000, 2.147e-8
4.0000, 6.0000, 2.207e-8
6.0000, 6.0000, 2.299e-8
8.0000, 6.0000, 2.274e-8
10.0000, 6.0000, 2.203e-8
12.0000, 6.0000, 2.151e-8
14.0000, 6.0000, 2.106e-8
16.0000, 6.0000, 2.080e-8
18.0000, 6.0000, 2.063e-8
20.0000, 6.0000, 2.051e-8
22.0000, 6.0000, 2.055e-8
24.0000, 6.0000, 2.062e-8
26.0000, 6.0000, 2.069e-8
28.0000, 6.0000, 2.094e-8
30.0000, 6.0000, 2.111e-8
32.0000, 6.0000, 2.119e-8
34.0000, 6.0000, 2.131e-8
36.0000, 6.0000, 2.135e-8
38.0000, 6.0000, 2.146e-8
40.0000, 6.0000, 2.147e-8
42.0000, 6.0000, 2.118e-8
44.0000, 6.0000, 2.098e-8
46.0000, 6.0000, 2.067e-8
48.0000, 6.0000, 2.025e-8
50.0000, 6.0000, 1.982e-8
52.0000, 6.0000, 1.908e-8
54.0000, 6.0000, 1.832e-8
56.0000, 6.0000, 1.747e-8
58.0000, 6.0000, 1.656e-8
60.0000, 6.0000, 1.569e-8
62.0000, 6.0000, 1.479e-8
64.0000, 6.0000, 1.393e-8
66.0000, 6.0000, 1.318e-8
68.0000, 6.0000, 1.252e-8
70.0000, 6.0000, 1.212e-8
72.0000, 6.0000, 1.164e-8
74.0000, 6.0000, 1.101e-8
76.0000, 6.0000, 1.065e-8
78.0000, 6.0000, 1.062e-8
80.0000, 6.0000, 1.027e-8
82.0000, 6.0000, 1.014e-8
84.0000, 6.0000, 1.002e-8
86.0000, 6.0000, 9.652e-9
88.0000, 6.0000, 9.450e-9
90.0000, 6.0000, 9.518e-9
92.0000, 6.0000, 9.589e-9
94.0000, 6.0000, 9.450e-9
96.0000, 6.0000, 9.372e-9
98.0000, 6.0000, 1.006e-8
100.0000, 6.0000, 1.043e-8
102.0000, 6.0000, 1.009e-8
104.0000, 6.0000, 1.003e-8
106.0000, 6.0000, 1.017e-8
108.0000, 6.0000, 9.895e-9
110.0000, 6.0000, 9.533e-9
112.0000, 6.0000, 9.259e-9
114.0000, 6.0000, 9.007e-9
116.0000, 6.0000, 8.765e-9
118.0000, 6.0000, 8.744e-9
120.0000, 6.0000, 8.889e-9
122.0000, 6.0000, 8.833e-9
124.0000, 6.0000, 8.723e-9
126.0000, 6.0000, 8.847e-9
128.0000, 6.0000, 9.348e-9
130.0000, 6.0000, 9.682e-9
132.0000, 6.0000, 9.617e-9
134.0000, 6.0000, 1.007e-8
136.0000, 6.0000, 1.025e-8
138.0000, 6.0000, 9.935e-9
140.0000, 6.0000, 1.029e-8
142.0000, 6.0000, 1.037e-8
144.0000, 6.0000, 9.901e-9
146.0000, 6.0000, 9.708e-9
148.0000, 6.0000, 9.764e-9
150.0000, 6.0000, 9.752e-9
152.0000, 6.0000, 9.729e-9
154.0000, 6.0000, 9.613e-9
156.0000, 6.0000, 9.709e-9
158.0000, 6.0000, 9.788e-9
160.0000, 6.0000, 9.468e-9
162.0000, 6.0000, 9.498e-9
164.0000, 6.0000, 9.620e-9
166.0000, 6.0000, 9.451e-9
168.0000, 6.0000, 9.554e-9
170.0000, 6.0000, 9.553e-9
172.0000, 6.0000, 9.265e-9
174.0000, 6.0000, 9.299e-9
176.0000, 6.0000, 9.691e-9
178.0000, 6.0000, 9.825e-9
180.0000, 6.0000, 9.633e-9
182.0000, 6.0000, 9.463e-9
184.0000, 6.0000, 9.735e-9
186.0000, 6.0000, 9.976e-9
188.0000, 6.0000, 9.671e-9
190.0000, 6.0000, 9.687e-9
192.0000, 6.0000, 9.849e-9
194.0000, 6.0000, 9.740e-9
196.0000, 6.0000, 9.765e-9
198.0000, 6.0000, 9.970e-9
200.0000, 6.0000, 1.009e-8
202.0000, 6.0000, 9.943e-9
204.0000, 6.0000, 9.834e-9
206.0000, 6.0000, 1.049e-8
208.0000, 6.0000, 1.083e-8
210.0000, 6.0000, 1.037e-8
212.0000, 6.0000, 1.088e-8
214.0000, 6.0000, 1.170e-8
216.0000, 6.0000, 1.123e-8
218.0000, 6.0000, 1.053e-8
220.0000, 6.0000, 1.053e-8
222.0000, 6.0000, 1.124e-8
224.0000, 6.0000, 1.127e-8
226.0000, 6.0000, 1.081e-8
228.0000, 6.0000, 1.144e-8
230.0000, 6.0000, 1.182e-8
232.0000, 6.0000, 1.144e-8
234.0000, 6.0000, 1.188e-8
236.0000, 6.0000, 1.290e-8
238.0000, 6.0000, 1.312e-8
240.0000, 6.0000, 1.273e-8
242.0000, 6.0000, 1.210e-8
244.0000, 6.0000, 1.218e-8
246.0000, 6.0000, 1.251e-8
248.0000, 6.0000, 1.245e-8
0.0000, 8.0000, 2.557e-8
2.0000, 8.0000, 2.833e-8
4.0000, 8.0000, 2.959e-8
6.0000, 8.0000, 2.673e-8
8.0000, 8.0000, 2.447e-8
10.0000, 8.0000, 2.278e-8
12.0000, 8.0000, 2.155e-8
14.0000, 8.0000, 2.079e-8
16.0000, 8.0000, 2.038e-8
18.0000, 8.0000, 2.054e-8
20.0000, 8.0000, 2.093e-8
22.0000, 8.0000, 2.083e-8
24.0000, 8.0000, 2.162e-8
26.0000, 8.0000, 2.211e-8
28.0000, 8.0000, 2.157e-8
30.0000, 8.0000, 2.120e-8
32.0000, 8.0000, 2.099e-8
34.0000, 8.0000, 2.076e-8
36.0000, 8.0000, 2.074e-8
38.0000, 8.0000, 2.078e-8
40.0000, 8.0000, 2.052e-8
42.0000, 8.0000, 2.016e-8
44.0000, 8.0000, 1.981e-8
46.0000, 8.0000, 1.963e-8
48.0000, 8.0000, 1.902e-8
50.0000, 8.0000, 1.807e-8
52.0000, 8.0000, 1.723e-8
54.0000, 8.0000, 1.631e-8
56.0000, 8.0000, 1.541e-8
58.0000, 8.0000, 1.459e-8
60.0000, 8.0000, 1.381e-8
62.0000, 8.0000, 1.305e-8
64.0000, 8.0000, 1.233e-8
66.0000, 8.0000, 1.172e-8
68.0000, 8.0000, 1.134e-8
70.0000, 8.0000, 1.101e-8
72.0000, 8.0000, 1.055e-8
74.0000, 8.0000, 1.060e-8
76.0000, 8.0000, 1.066e-8
78.0000, 8.0000, 1.019e-8
80.0000, 8.0000, 9.885e-9
82.0000, 8.0000, 9.637e-9
84.0000, 8.0000, 9.485e-9
86.0000, 8.0000, 9.443e-9
88.0000, 8.0000, 9.484e-9
90.0000, 8.0000, 9.884e-9
92.0000, 8.0000, 9.988e-9
94.0000, 8.0000, 9.734e-9
96.0000, 8.0000, 9.794e-9
98.0000, 8.0000, 9.988e-9
100.0000, 8.0000, 1.016e-8
102.0000, 8.0000, 1.043e-8
104.0000, 8.0000, 1.052e-8
106.0000, 8.0000, 1.059e-8
108.0000, 8.0000, 1.054e-8
110.0000, 8.0000, 1.027e-8
112.0000, 8.0000, 1.020e-8
114.0000, 8.0000, 1.005e-8
116.0000, 8.0000, 9.688e-9
118.0000, 8.0000, 9.349e-9
120.0000, 8.0000, 9.045e-9
122.0000, 8.0000, 8.699e-9
124.0000, 8.0000, 8.401e-9
126.0000, 8.0000, 8.405e-9
128.0000, 8.0000, 8.459e-9
130.0000, 8.0000, 8.423e-9
132.0000, 8.0000, 8.421e-9
134.0000, 8.0000, 8.600e-9
136.0000, 8.0000, 8.788e-9
138.0000, 8.0000, 8.742e-9
140.0000, 8.0000, 8.949e-9
142.0000, 8.0000, 9.501e-9
144.0000, 8.0000, 9.636e-9
146.0000, 8.0000, 9.266e-9
148.0000, 8.0000, 9.397e-9
150.0000, 8.0000, 9.775e-9
152.0000, 8.0000, 9.550e-9
154.0000, 8.0000, 9.248e-9
156.0000, 8.0000, 9.222e-9
158.0000, 8.0000, 9.098e-9
160.0000, 8.0000, 9.076e-9
162.0000, 8.0000, 9.035e-9
164.0000, 8.0000, 9.134e-9
166.0000, 8.0000, 9.372e-9
168.0000, 8.0000, 9.310e-9
170.0000, 8.0000, 9.447e-9
172.0000, 8.0000, 9.333e-9
174.0000, 8.0000, 9.165e-9
176.0000, 8.0000, 9.384e-9
178.0000, 8.0000, 9.571e-9
180.0000, 8.0000, 9.611e-9
182.0000, 8.0000, 9.482e-9
184.0000, 8.0000, 9.479e-9
186.0000, 8.0000, 9.699e-9
188.0000, 8.0000, 9.639e-9
190.0000, 8.0000, 9.464e-9
192.0000, 8.0000, 9.590e-9
194.0000, 8.0000, 9.788e-9
196.0000, 8.0000, 9.833e-9
198.0000, 8.0000, 9.779e-9
200.0000, 8.0000, 9.874e-9
202.0000, 8.0000, 1.006e-8
204.0000, 8.0000, 1.003e-8
206.0000, 8.0000, 1.009e-8
208.0000, 8.0000, 1.022e-8
210.0000, 8.0000, 9.988e-9
212.0000, 8.0000, 9.990e-9
214.0000, 8.0000, 1.024e-8
216.0000, 8.0000, 1.032e-8
218.0000, 8.0000, 1.247e-8
220.0000, 8.0000, 1.434e-8
222.0000, 8.0000, 1.281e-8
224.0000, 8.0000, 1.148e-8
226.0000, 8.0000, 1.154e-8
228.0000, 8.0000, 1.176e-8
230.0000, 8.0000, 1.177e-8
232.0000, 8.0000, 1.147e-8
234.0000, 8.0000, 1.231e-8
236.0000, 8.0000, 1.368e-8
238.0000, 8.0000, 1.304e-8
240.0000, 8.0000, 1.282e-8
242.0000, 8.0000, 1.403e-8
244.0000, 8.0000, 1.307e-8
246.0000, 8.0000, 1.307e-8
248.0000, 8.0000, 1.540e-8
0.0000, 10.0000, 2.253e-8
2.0000, 10.0000, 2.392e-8
4.0000, 10.0000, 2.327e-8
6.0000, 10.0000, 2.305e-8
8.0000, 10.0000, 2.274e-8
10.0000, 10.0000, 2.205e-8
12.0000, 10.0000, 2.144e-8
14.0000, 10.0000, 2.098e-8
16.0000, 10.0000, 2.078e-8
18.0000, 10.0000, 2.087e-8
20.0000, 10.0000, 2.082e-8
22.0000, 10.0000, 2.076e-8
24.0000, 10.0000, 2.105e-8
26.0000, 10.0000, 2.115e-8
28.0000, 10.0000, 2.099e-8
30.0000, 10.0000, 2.095e-8
32.0000, 10.0000, 2.090e-8
34.0000, 10.0000, 2.085e-8
36.0000, 10.0000, 2.083e-8
38.0000, 10.0000, 2.084e-8
40.0000, 10.0000, 2.081e-8
42.0000, 10.0000, 2.047e-8
44.0000, 10.0000, 2.012e-8
46.0000, 10.0000, 1.969e-8
48.0000, 10.0000, 1.897e-8
50.0000, 10.0000, 1.818e-8
52.0000, 10.0000, 1.734e-8
54.0000, 10.0000, 1.640e-8
56.0000, 10.0000, 1.551e-8
58.0000, 10.0000, 1.466e-8
60.0000, 10.0000, 1.386e-8
62.0000, 10.0000, 1.312e-8
64.0000, 10.0000, 1.239e-8
66.0000, 10.0000, 1.179e-8
68.0000, 10.0000, 1.133e-8
70.0000, 10.0000, 1.105e-8
72.0000, 10.0000, 1.077e-8
74.0000, 10.0000, 1.042e-8
76.0000, 10.0000, 1.025e-8
78.0000, 10.0000, 1.019e-8
80.0000, 10.0000, 9.948e-9
82.0000, 10.0000, 9.792e-9
84.0000, 10.0000, 9.619e-9
86.0000, 10.0000, 9.511e-9
88.0000, 10.0000, 9.662e-9
90.0000, 10.0000, 9.918e-9
92.0000, 10.0000, 1.006e-8
94.0000, 10.0000, 9.949e-9
96.0000, 10.0000, 1.024e-8
98.0000, 10.0000, 1.060e-8
100.0000, 10.0000, 1.061e-8
102.0000, 10.0000, 1.029e-8
104.0000, 10.0000, 1.024e-8
106.0000, 10.0000, 1.050e-8
108.0000, 10.0000, 1.073e-8
110.0000, 10.0000, 1.056e-8
112.0000, 10.0000, 1.035e-8
114.0000, 10.0000, 1.026e-8
116.0000, 10.0000, 1.008e-8
118.0000, 10.0000, 9.703e-9
120.0000, 10.0000, 9.304e-9
122.0000, 10.0000, 8.999e-9
124.0000, 10.0000, 8.773e-9
126.0000, 10.0000, 8.573e-9
128.0000, 10.0000, 8.437e-9
130.0000, 10.0000, 8.314e-9
132.0000, 10.0000, 8.218e-9
134.0000, 10.0000, 8.261e-9
136.0000, 10.0000, 8.318e-9
138.0000, 10.0000, 8.455e-9
140.0000, 10.0000, 8.587e-9
142.0000, 10.0000, 8.687e-9
144.0000, 10.0000, 8.694e-9
146.0000, 10.0000, 8.863e-9
148.0000, 10.0000, 9.088e-9
150.0000, 10.0000, 9.465e-9
152.0000, 10.0000, 9.343e-9
154.0000, 10.0000, 9.109e-9
156.0000, 10.0000, 9.352e-9
158.0000, 10.0000, 9.303e-9
160.0000, 10.0000, 9.261e-9
162.0000, 10.0000, 9.254e-9
164.0000, 10.0000, 9.231e-9
166.0000, 10.0000, 9.450e-9
168.0000, 10.0000, 9.440e-9
170.0000, 10.0000, 9.226e-9
172.0000, 10.0000, 9.186e-9
174.0000, 10.0000, 9.306e-9
176.0000, 10.0000, 9.395e-9
178.0000, 10.0000, 9.263e-9
180.0000, 10.0000, 9.161e-9
182.0000, 10.0000, 9.431e-9
184.0000, 10.0000, 9.538e-9
186.0000, 10.0000, 9.364e-9
188.0000, 10.0000, 9.381e-9
190.0000, 10.0000, 9.657e-9
192.0000, 10.0000, 9.571e-9
194.0000, 10.0000, 9.507e-9
196.0000, 10.0000, 9.861e-9
198.0000, 10.0000, 9.924e-9
200.0000, 10.0000, 9.816e-9
202.0000, 10.0000, 9.828e-9
204.0000, 10.0000, 9.949e-9
206.0000, 10.0000, 1.013e-8
208.0000, 10.0000, 1.006e-8
210.0000, 10.0000, 1.014e-8
212.0000, 10.0000, 1.038e-8
214.0000, 10.0000, 1.025e-8
216.0000, 10.0000, 1.007e-8
218.0000, 10.0000, 1.035e-8
220.0000, 10.0000, 1.040e-8
222.0000, 10.0000, 1.031e-8
224.0000, 10.0000, 1.030e-8
226.0000, 10.0000, 1.043e-8
228.0000, 10.0000, 1.074e-8
230.0000, 10.0000, 1.092e-8
232.0000, 10.0000, 1.125e-8
234.0000, 10.0000, 1.180e-8
236.0000, 10.0000, 1.194e-8
238.0000, 10.0000, 1.198e-8
240.0000, 10.0000, 1.233e-8
242.0000, 10.0000, 1.262e-8
244.0000, 10.0000, 1.272e-8
246.0000, 10.0000, 1.271e-8
248.0000, 10.0000, 1.280e-8
0.0000, 12.0000, 2.242e-8
2.0000, 12.0000, 2.466e-8
4.0000, 12.0000, 2.399e-8
6.0000, 12.0000, 2.337e-8
8.0000, 12.0000, 2.312e-8
10.0000, 12.0000, 2.238e-8
12.0000, 12.0000, 2.164e-8
14.0000, 12.0000, 2.110e-8
16.0000, 12.0000, 2.084e-8
18.0000, 12.0000, 2.093e-8
20.0000, 12.0000, 2.088e-8
22.0000, 12.0000, 2.080e-8
24.0000, 12.0000, 2.117e-8
26.0000, 12.0000, 2.126e-8
28.0000, 12.0000, 2.100e-8
30.0000, 12.0000, 2.087e-8
32.0000, 12.0000, 2.082e-8
34.0000, 12.0000, 2.072e-8
36.0000, 12.0000, 2.062e-8
38.0000, 12.0000, 2.056e-8
40.0000, 12.0000, 2.034e-8
42.0000, 12.0000, 2.006e-8
44.0000, 12.0000, 1.967e-8
46.0000, 12.0000, 1.918e-8
48.0000, 12.0000, 1.848e-8
50.0000, 12.0000, 1.765e-8
52.0000, 12.0000, 1.685e-8
54.0000, 12.0000, 1.604e-8
56.0000, 12.0000, 1.525e-8
58.0000, 12.0000, 1.442e-8
60.0000, 12.0000, 1.354e-8
62.0000, 12.0000, 1.279e-8
64.0000, 12.0000, 1.226e-8
66.0000, 12.0000, 1.172e-8
68.0000, 12.0000, 1.118e-8
70.0000, 12.0000, 1.101e-8
72.0000, 12.0000, 1.071e-8
74.0000, 12.0000, 1.032e-8
76.0000, 12.0000, 1.006e-8
78.0000, 12.0000, 1.002e-8
80.0000, 12.0000, 1.021e-8
82.0000, 12.0000, 9.979e-9
84.0000, 12.0000, 9.758e-9
86.0000, 12.0000, 9.964e-9
88.0000, 12.0000, 1.011e-8
90.0000, 12.0000, 1.011e-8
92.0000, 12.0000, 1.028e-8
94.0000, 12.0000, 1.013e-8
96.0000, 12.0000, 1.009e-8
98.0000, 12.0000, 1.021e-8
100.0000, 12.0000, 1.036e-8
102.0000, 12.0000, 1.045e-8
104.0000, 12.0000, 1.036e-8
106.0000, 12.0000, 1.052e-8
108.0000, 12.0000, 1.070e-8
110.0000, 12.0000, 1.034e-8
112.0000, 12.0000, 1.019e-8
114.0000, 12.0000, 1.027e-8
116.0000, 12.0000, 1.015e-8
118.0000, 12.0000, 9.886e-9
120.0000, 12.0000, 9.825e-9
122.0000, 12.0000, 9.871e-9
124.0000, 12.0000, 9.801e-9
126.0000, 12.0000, 9.569e-9
128.0000, 12.0000, 9.530e-9
130.0000, 12.0000, 9.379e-9
132.0000, 12.0000, 9.317e-9
134.0000, 12.0000, 9.279e-9
136.0000, 12.0000, 9.217e-9
138.0000, 12.0000, 9.305e-9
140.0000, 12.0000, 9.494e-9
142.0000, 12.0000, 9.823e-9
144.0000, 12.0000, 1.003e-8
146.0000, 12.0000, 9.885e-9
148.0000, 12.0000, 9.864e-9
150.0000, 12.0000, 9.551e-9
152.0000, 12.0000, 9.305e-9
154.0000, 12.0000, 9.479e-9
156.0000, 12.0000, 9.583e-9
158.0000, 12.0000, 9.661e-9
160.0000, 12.0000, 9.521e-9
162.0000, 12.0000, 9.479e-9
164.0000, 12.0000, 9.527e-9
166.0000, 12.0000, 9.562e-9
168.0000, 12.0000, 9.543e-9
170.0000, 12.0000, 9.533e-9
172.0000, 12.0000, 9.450e-9
174.0000, 12.0000, 9.458e-9
176.0000, 12.0000, 9.526e-9
178.0000, 12.0000, 9.334e-9
180.0000, 12.0000, 9.374e-9
182.0000, 12.0000, 9.591e-9
184.0000, 12.0000, 9.491e-9
186.0000, 12.0000, 9.491e-9
188.0000, 12.0000, 9.581e-9
190.0000, 12.0000, 9.641e-9
192.0000, 12.0000, 9.624e-9
194.0000, 12.0000, 9.675e-9
196.0000, 12.0000, 9.795e-9
198.0000, 12.0000, 9.652e-9
200.0000, 12.0000, 9.436e-9
202.0000, 12.0000, 9.672e-9
204.0000, 12.0000, 9.989e-9
206.0000, 12.0000, 9.926e-9
208.0000, 12.0000, 9.905e-9
210.0000, 12.0000, 1.098e-8
212.0000, 12.0000, 1.080e-8
214.0000, 12.0000, 1.015e-8
216.0000, 12.0000, 9.967e-9
218.0000, 12.0000, 1.004e-8
220.0000, 12.0000, 1.108e-8
222.0000, 12.0000, 1.204e-8
224.0000, 12.0000, 1.129e-8
226.0000, 12.0000, 1.094e-8
228.0000, 12.0000, 1.111e-8
230.0000, 12.0000, 1.160e-8
232.0000, 12.0000, 1.287e-8
234.0000, 12.0000, 1.251e-8
236.0000, 12.0000, 1.232e-8
238.0000, 12.0000, 1.445e-8
240.0000, 12.0000, 1.477e-8
242.0000, 12.0000, 1.342e-8
244.0000, 12.0000, 1.395e-8
246.0000, 12.0000, 1.497e-8
248.0000, 12.0000, 1.455e-8
0.0000, 14.0000, 2.154e-8
2.0000, 14.0000, 2.112e-8
4.0000, 14.0000, 2.135e-8
6.0000, 14.0000, 2.200e-8
8.0000, 14.0000, 2.196e-8
10.0000, 14.0000, 2.156e-8
12.0000, 14.0000, 2.121e-8
14.0000, 14.0000, 2.097e-8
16.0000, 14.0000, 2.087e-8
18.0000, 14.0000, 2.083e-8
20.0000, 14.0000, 2.075e-8
22.0000, 14.0000, 2.076e-8
24.0000, 14.0000, 2.092e-8
26.0000, 14.0000, 2.089e-8
28.0000, 14.0000, 2.076e-8
30.0000, 14.0000, 2.093e-8
32.0000, 14.0000, 2.095e-8
34.0000, 14.0000, 2.070e-8
36.0000, 14.0000, 2.060e-8
38.0000, 14.0000, 2.059e-8
40.0000, 14.0000, 2.022e-8
42.0000, 14.0000, 1.976e-8
44.0000, 14.0000, 1.942e-8
46.0000, 14.0000, 1.890e-8
48.0000, 14.0000, 1.805e-8
50.0000, 14.0000, 1.721e-8
52.0000, 14.0000, 1.641e-8
54.0000, 14.0000, 1.557e-8
56.0000, 14.0000, 1.475e-8
58.0000, 14.0000, 1.397e-8
60.0000, 14.0000, 1.331e-8
62.0000, 14.0000, 1.265e-8
64.0000, 14.0000, 1.199e-8
66.0000, 14.0000, 1.148e-8
68.0000, 14.0000, 1.106e-8
70.0000, 14.0000, 1.081e-8
72.0000, 14.0000, 1.059e-8
74.0000, 14.0000, 1.021e-8
76.0000, 14.0000, 9.983e-9
78.0000, 14.0000, 1.029e-8
80.0000, 14.0000, 1.019e-8
82.0000, 14.0000, 9.958e-9
84.0000, 14.0000, 9.789e-9
86.0000, 14.0000, 9.929e-9
88.0000, 14.0000, 1.018e-8
90.0000, 14.0000, 1.023e-8
92.0000, 14.0000, 9.986e-9
94.0000, 14.0000, 1.001e-8
96.0000, 14.0000, 1.018e-8
98.0000, 14.0000, 1.016e-8
100.0000, 14.0000, 1.037e-8
102.0000, 14.0000, 1.026e-8
104.0000, 14.0000, 1.004e-8
106.0000, 14.0000, 1.001e-8
108.0000, 14.0000, 1.026e-8
110.0000, 14.0000, 1.056e-8
112.0000, 14.0000, 1.035e-8
114.0000, 14.0000, 1.018e-8
116.0000, 14.0000, 1.029e-8
118.0000, 14.0000, 1.047e-8
120.0000, 14.0000, 1.036e-8
122.0000, 14.0000, 1.026e-8
124.0000, 14.0000, 1.031e-8
126.0000, 14.0000, 1.024e-8
128.0000, 14.0000, 1.012e-8
130.0000, 14.0000, 9.882e-9
132.0000, 14.0000, 9.794e-9
134.0000, 14.0000, 9.844e-9
136.0000, 14.0000, 9.754e-9
138.0000, 14.0000, 9.653e-9
140.0000, 14.0000, 9.750e-9
142.0000, 14.0000, 9.921e-9
144.0000, 14.0000, 9.866e-9
146.0000, 14.0000, 9.625e-9
148.0000, 14.0000, 9.674e-9
150.0000, 14.0000, 9.925e-9
152.0000, 14.0000, 1.013e-8
154.0000, 14.0000, 9.970e-9
156.0000, 14.0000, 9.914e-9
158.0000, 14.0000, 9.856e-9
160.0000, 14.0000, 9.908e-9
162.0000, 14.0000, 9.689e-9
164.0000, 14.0000, 9.727e-9
166.0000, 14.0000, 9.850e-9
168.0000, 14.0000, 9.602e-9
170.0000, 14.0000, 9.538e-9
172.0000, 14.0000, 9.504e-9
174.0000, 14.0000, 9.433e-9
176.0000, 14.0000, 9.412e-9
178.0000, 14.0000, 9.317e-9
180.0000, 14.0000, 9.572e-9
182.0000, 14.0000, 9.625e-9
184.0000, 14.0000, 9.405e-9
186.0000, 14.0000, 9.453e-9
188.0000, 14.0000, 9.578e-9
190.0000, 14.0000, 9.725e-9
192.0000, 14.0000, 9.585e-9
194.0000, 14.0000, 9.418e-9
196.0000, 14.0000, 9.510e-9
198.0000, 14.0000, 9.590e-9
200.0000, 14.0000, 9.575e-9
202.0000, 14.0000, 9.549e-9
204.0000, 14.0000, 9.568e-9
206.0000, 14.0000, 9.871e-9
208.0000, 14.0000, 1.008e-8
210.0000, 14.0000, 9.842e-9
212.0000, 14.0000, 9.749e-9
214.0000, 14.0000, 1.003e-8
216.0000, 14.0000, 1.073e-8
218.0000, 14.0000, 1.111e-8
220.0000, 14.0000, 1.060e-8
222.0000, 14.0000, 1.113e-8
224.0000, 14.0000, 1.131e-8
226.0000, 14.0000, 1.083e-8
228.0000, 14.0000, 1.078e-8
230.0000, 14.0000, 1.115e-8
232.0000, 14.0000, 1.182e-8
234.0000, 14.0000, 1.199e-8
236.0000, 14.0000, 1.197e-8
238.0000, 14.0000, 1.257e-8
240.0000, 14.0000, 1.404e-8
242.0000, 14.0000, 1.358e-8
244.0000, 14.0000, 1.327e-8
246.0000, 14.0000, 1.477e-8
248.0000, 14.0000, 1.489e-8
0.0000, 16.0000, 2.166e-8
2.0000, 16.0000, 2.127e-8
4.0000, 16.0000, 2.146e-8
6.0000, 16.0000, 2.234e-8
8.0000, 16.0000, 2.229e-8
10.0000, 16.0000, 2.181e-8
12.0000, 16.0000, 2.139e-8
14.0000, 16.0000, 2.109e-8
16.0000, 16.0000, 2.102e-8
18.0000, 16.0000, 2.104e-8
20.0000, 16.0000, 2.086e-8
22.0000, 16.0000, 2.078e-8
24.0000, 16.0000, 2.083e-8
26.0000, 16.0000, 2.073e-8
28.0000, 16.0000, 2.066e-8
30.0000, 16.0000, 2.085e-8
32.0000, 16.0000, 2.081e-8
34.0000, 16.0000, 2.063e-8
36.0000, 16.0000, 2.047e-8
38.0000, 16.0000, 2.043e-8
40.0000, 16.0000, 2.034e-8
42.0000, 16.0000, 1.993e-8
44.0000, 16.0000, 1.959e-8
46.0000, 16.0000, 1.909e-8
48.0000, 16.0000, 1.825e-8
50.0000, 16.0000, 1.741e-8
52.0000, 16.0000, 1.661e-8
54.0000, 16.0000, 1.574e-8
56.0000, 16.0000, 1.490e-8
58.0000, 16.0000, 1.409e-8
60.0000, 16.0000, 1.336e-8
62.0000, 16.0000, 1.282e-8
64.0000, 16.0000, 1.220e-8
66.0000, 16.0000, 1.162e-8
68.0000, 16.0000, 1.131e-8
70.0000, 16.0000, 1.084e-8
72.0000, 16.0000, 1.048e-8
74.0000, 16.0000, 1.038e-8
76.0000, 16.0000, 1.028e-8
78.0000, 16.0000, 1.014e-8
80.0000, 16.0000, 1.010e-8
82.0000, 16.0000, 1.009e-8
84.0000, 16.0000, 1.001e-8
86.0000, 16.0000, 1.000e-8
88.0000, 16.0000, 1.025e-8
90.0000, 16.0000, 1.055e-8
92.0000, 16.0000, 1.031e-8
94.0000, 16.0000, 9.920e-9
96.0000, 16.0000, 1.016e-8
98.0000, 16.0000, 1.032e-8
100.0000, 16.0000, 1.023e-8
102.0000, 16.0000, 9.934e-9
104.0000, 16.0000, 9.982e-9
106.0000, 16.0000, 1.058e-8
108.0000, 16.0000, 1.083e-8
110.0000, 16.0000, 1.044e-8
112.0000, 16.0000, 1.014e-8
114.0000, 16.0000, 1.025e-8
116.0000, 16.0000, 1.048e-8
118.0000, 16.0000, 1.037e-8
120.0000, 16.0000, 1.015e-8
122.0000, 16.0000, 1.031e-8
124.0000, 16.0000, 1.026e-8
126.0000, 16.0000, 1.010e-8
128.0000, 16.0000, 1.022e-8
130.0000, 16.0000, 1.024e-8
132.0000, 16.0000, 1.010e-8
134.0000, 16.0000, 9.985e-9
136.0000, 16.0000, 1.006e-8
138.0000, 16.0000, 1.009e-8
140.0000, 16.0000, 9.997e-9
142.0000, 16.0000, 9.836e-9
144.0000, 16.0000, 9.831e-9
146.0000, 16.0000, 9.769e-9
148.0000, 16.0000, 9.896e-9
150.0000, 16.0000, 1.028e-8
152.0000, 16.0000, 1.020e-8
154.0000, 16.0000, 9.802e-9
156.0000, 16.0000, 9.761e-9
158.0000, 16.0000, 9.916e-9
160.0000, 16.0000, 1.035e-8
162.0000, 16.0000, 1.019e-8
164.0000, 16.0000, 9.861e-9
166.0000, 16.0000, 9.930e-9
168.0000, 16.0000, 9.800e-9
170.0000, 16.0000, 9.701e-9
172.0000, 16.0000, 9.552e-9
174.0000, 16.0000, 9.389e-9
176.0000, 16.0000, 9.538e-9
178.0000, 16.0000, 9.538e-9
180.0000, 16.0000, 9.412e-9
182.0000, 16.0000, 9.802e-9
184.0000, 16.0000, 9.733e-9
186.0000, 16.0000, 9.366e-9
188.0000, 16.0000, 9.434e-9
190.0000, 16.0000, 9.539e-9
192.0000, 16.0000, 9.527e-9
194.0000, 16.0000, 9.450e-9
196.0000, 16.0000, 9.422e-9
198.0000, 16.0000, 9.736e-9
200.0000, 16.0000, 9.733e-9
202.0000, 16.0000, 9.607e-9
204.0000, 16.0000, 1.021e-8
206.0000, 16.0000, 1.027e-8
208.0000, 16.0000, 9.822e-9
210.0000, 16.0000, 9.720e-9
212.0000, 16.0000, 9.988e-9
214.0000, 16.0000, 1.054e-8
216.0000, 16.0000, 1.076e-8
218.0000, 16.0000, 1.044e-8
220.0000, 16.0000, 1.138e-8
222.0000, 16.0000, 1.200e-8
224.0000, 16.0000, 1.133e-8
226.0000, 16.0000, 1.108e-8
228.0000, 16.0000, 1.091e-8
230.0000, 16.0000, 1.082e-8
232.0000, 16.0000, 1.117e-8
234.0000, 16.0000, 1.158e-8
236.0000, 16.0000, 1.344e-8
238.0000, 16.0000, 1.457e-8
240.0000, 16.0000, 1.333e-8
242.0000, 16.0000, 1.321e-8
244.0000, 16.0000, 1.472e-8
246.0000, 16.0000, 1.458e-8
248.0000, 16.0000, 1.411e-8
0.0000, 18.0000, 2.159e-8
2.0000, 18.0000, 2.140e-8
4.0000, 18.0000, 2.163e-8
6.0000, 18.0000, 2.218e-8
8.0000, 18.0000, 2.215e-8
10.0000, 18.0000, 2.178e-8
12.0000, 18.0000, 2.144e-8
14.0000, 18.0000, 2.119e-8
16.0000, 18.0000, 2.138e-8
18.0000, 18.0000, 2.168e-8
20.0000, 18.0000, 2.129e-8
22.0000, 18.0000, 2.096e-8
24.0000, 18.0000, 2.106e-8
26.0000, 18.0000, 2.099e-8
28.0000, 18.0000, 2.082e-8
30.0000, 18.0000, 2.086e-8
32.0000, 18.0000, 2.076e-8
34.0000, 18.0000, 2.058e-8
36.0000, 18.0000, 2.045e-8
38.0000, 18.0000, 2.030e-8
40.0000, 18.0000, 2.006e-8
42.0000, 18.0000, 1.966e-8
44.0000, 18.0000, 1.921e-8
46.0000, 18.0000, 1.869e-8
48.0000, 18.0000, 1.804e-8
50.0000, 18.0000, 1.737e-8
52.0000, 18.0000, 1.655e-8
54.0000, 18.0000, 1.559e-8
56.0000, 18.0000, 1.473e-8
58.0000, 18.0000, 1.399e-8
60.0000, 18.0000, 1.325e-8
62.0000, 18.0000, 1.251e-8
64.0000, 18.0000, 1.188e-8
66.0000, 18.0000, 1.149e-8
68.0000, 18.0000, 1.116e-8
70.0000, 18.0000, 1.068e-8
72.0000, 18.0000, 1.040e-8
74.0000, 18.0000, 1.030e-8
76.0000, 18.0000, 1.011e-8
78.0000, 18.0000, 9.883e-9
80.0000, 18.0000, 1.004e-8
82.0000, 18.0000, 1.013e-8
84.0000, 18.0000, 1.025e-8
86.0000, 18.0000, 1.028e-8
88.0000, 18.0000, 9.966e-9
90.0000, 18.0000, 9.970e-9
92.0000, 18.0000, 1.005e-8
94.0000, 18.0000, 1.004e-8
96.0000, 18.0000, 1.008e-8
98.0000, 18.0000, 9.959e-9
100.0000, 18.0000, 1.009e-8
102.0000, 18.0000, 1.046e-8
104.0000, 18.0000, 1.031e-8
106.0000, 18.0000, 1.016e-8
108.0000, 18.0000, 1.019e-8
110.0000, 18.0000, 1.002e-8
112.0000, 18.0000, 1.011e-8
114.0000, 18.0000, 1.028e-8
116.0000, 18.0000, 1.048e-8
118.0000, 18.0000, 1.048e-8
120.0000, 18.0000, 1.024e-8
122.0000, 18.0000, 1.027e-8
124.0000, 18.0000, 1.035e-8
126.0000, 18.0000, 1.040e-8
128.0000, 18.0000, 1.030e-8
130.0000, 18.0000, 1.005e-8
132.0000, 18.0000, 1.014e-8
134.0000, 18.0000, 1.016e-8
136.0000, 18.0000, 9.979e-9
138.0000, 18.0000, 9.899e-9
140.0000, 18.0000, 9.862e-9
142.0000, 18.0000, 1.003e-8
144.0000, 18.0000, 9.993e-9
146.0000, 18.0000, 9.735e-9
148.0000, 18.0000, 1.024e-8
150.0000, 18.0000, 1.051e-8
152.0000, 18.0000, 1.007e-8
154.0000, 18.0000, 9.917e-9
156.0000, 18.0000, 1.004e-8
158.0000, 18.0000, 1.010e-8
160.0000, 18.0000, 1.000e-8
162.0000, 18.0000, 9.847e-9
164.0000, 18.0000, 1.022e-8
166.0000, 18.0000, 1.009e-8
168.0000, 18.0000, 9.644e-9
170.0000, 18.0000, 9.716e-9
172.0000, 18.0000, 9.634e-9
174.0000, 18.0000, 9.320e-9
176.0000, 18.0000, 9.369e-9
178.0000, 18.0000, 9.667e-9
180.0000, 18.0000, 9.602e-9
182.0000, 18.0000, 9.409e-9
184.0000, 18.0000, 9.305e-9
186.0000, 18.0000, 9.608e-9
188.0000, 18.0000, 9.899e-9
190.0000, 18.0000, 9.452e-9
192.0000, 18.0000, 9.569e-9
194.0000, 18.0000, 9.833e-9
196.0000, 18.0000, 9.778e-9
198.0000, 18.0000, 9.702e-9
200.0000, 18.0000, 1.008e-8
202.0000, 18.0000, 1.009e-8
204.0000, 18.0000, 1.021e-8
206.0000, 18.0000, 1.019e-8
208.0000, 18.0000, 9.877e-9
210.0000, 18.0000, 9.878e-9
212.0000, 18.0000, 1.012e-8
214.0000, 18.0000, 1.065e-8
216.0000, 18.0000, 1.111e-8
218.0000, 18.0000, 1.092e-8
220.0000, 18.0000, 1.138e-8
222.0000, 18.0000, 1.164e-8
224.0000, 18.0000, 1.127e-8
226.0000, 18.0000, 1.121e-8
228.0000, 18.0000, 1.197e-8
230.0000, 18.0000, 1.221e-8
232.0000, 18.0000, 1.163e-8
234.0000, 18.0000, 1.322e-8
236.0000, 18.0000, 1.726e-8
238.0000, 18.0000, 1.671e-8
240.0000, 18.0000, 1.432e-8
242.0000, 18.0000, 1.491e-8
244.0000, 18.0000, 1.615e-8
246.0000, 18.0000, 1.510e-8
248.0000, 18.0000, 1.411e-8
0.0000, 20.0000, 2.553e-8
2.0000, 20.0000, 2.687e-8
4.0000, 20.0000, 2.523e-8
6.0000, 20.0000, 2.388e-8
8.0000, 20.0000, 2.294e-8
10.0000, 20.0000, 2.213e-8
12.0000, 20.0000, 2.157e-8
14.0000, 20.0000, 2.121e-8
16.0000, 20.0000, 2.119e-8
18.0000, 20.0000, 2.134e-8
20.0000, 20.0000, 2.103e-8
22.0000, 20.0000, 2.104e-8
24.0000, 20.0000, 2.241e-8
26.0000, 20.0000, 2.248e-8
28.0000, 20.0000, 2.178e-8
30.0000, 20.0000, 2.171e-8
32.0000, 20.0000, 2.157e-8
34.0000, 20.0000, 2.118e-8
36.0000, 20.0000, 2.097e-8
38.0000, 20.0000, 2.095e-8
40.0000, 20.0000, 2.059e-8
42.0000, 20.0000, 2.010e-8
44.0000, 20.0000, 1.964e-8
46.0000, 20.0000, 1.914e-8
48.0000, 20.0000, 1.847e-8
50.0000, 20.0000, 1.770e-8
52.0000, 20.0000, 1.717e-8
54.0000, 20.0000, 1.635e-8
56.0000, 20.0000, 1.534e-8
58.0000, 20.0000, 1.444e-8
60.0000, 20.0000, 1.360e-8
62.0000, 20.0000, 1.278e-8
64.0000, 20.0000, 1.221e-8
66.0000, 20.0000, 1.176e-8
68.0000, 20.0000, 1.119e-8
70.0000, 20.0000, 1.076e-8
72.0000, 20.0000, 1.057e-8
74.0000, 20.0000, 1.074e-8
76.0000, 20.0000, 1.057e-8
78.0000, 20.0000, 1.018e-8
80.0000, 20.0000, 1.056e-8
82.0000, 20.0000, 1.051e-8
84.0000, 20.0000, 1.001e-8
86.0000, 20.0000, 9.886e-9
88.0000, 20.0000, 9.955e-9
90.0000, 20.0000, 9.962e-9
92.0000, 20.0000, 9.911e-9
94.0000, 20.0000, 9.812e-9
96.0000, 20.0000, 1.017e-8
98.0000, 20.0000, 1.041e-8
100.0000, 20.0000, 1.028e-8
102.0000, 20.0000, 1.026e-8
104.0000, 20.0000, 1.016e-8
106.0000, 20.0000, 1.033e-8
108.0000, 20.0000, 1.056e-8
110.0000, 20.0000, 1.035e-8
112.0000, 20.0000, 1.021e-8
114.0000, 20.0000, 1.033e-8
116.0000, 20.0000, 1.057e-8
118.0000, 20.0000, 1.059e-8
120.0000, 20.0000, 1.040e-8
122.0000, 20.0000, 1.023e-8
124.0000, 20.0000, 1.038e-8
126.0000, 20.0000, 1.041e-8
128.0000, 20.0000, 1.008e-8
130.0000, 20.0000, 9.966e-9
132.0000, 20.0000, 9.949e-9
134.0000, 20.0000, 1.004e-8
136.0000, 20.0000, 1.000e-8
138.0000, 20.0000, 9.737e-9
140.0000, 20.0000, 1.012e-8
142.0000, 20.0000, 1.076e-8
144.0000, 20.0000, 1.032e-8
146.0000, 20.0000, 9.777e-9
148.0000, 20.0000, 9.867e-9
150.0000, 20.0000, 1.201e-8
152.0000, 20.0000, 1.154e-8
154.0000, 20.0000, 1.055e-8
156.0000, 20.0000, 1.022e-8
158.0000, 20.0000, 1.004e-8
160.0000, 20.0000, 9.945e-9
162.0000, 20.0000, 9.948e-9
164.0000, 20.0000, 9.980e-9
166.0000, 20.0000, 9.753e-9
168.0000, 20.0000, 9.448e-9
170.0000, 20.0000, 9.563e-9
172.0000, 20.0000, 9.590e-9
174.0000, 20.0000, 9.342e-9
176.0000, 20.0000, 9.821e-9
178.0000, 20.0000, 1.010e-8
180.0000, 20.0000, 9.581e-9
182.0000, 20.0000, 9.446e-9
184.0000, 20.0000, 9.429e-9
186.0000, 20.0000, 9.491e-9
188.0000, 20.0000, 9.468e-9
190.0000, 20.0000, 9.440e-9
192.0000, 20.0000, 1.017e-8
194.0000, 20.0000, 1.001e-8
196.0000, 20.0000, 9.959e-9
198.0000, 20.0000, 1.037e-8
200.0000, 20.0000, 9.953e-9
202.0000, 20.0000, 1.011e-8
204.0000, 20.0000, 1.040e-8
206.0000, 20.0000, 1.064e-8
208.0000, 20.0000, 1.077e-8
210.0000, 20.0000, 1.031e-8
212.0000, 20.0000, 1.015e-8
214.0000, 20.0000, 1.091e-8
216.0000, 20.0000, 1.123e-8
218.0000, 20.0000, 1.109e-8
220.0000, 20.0000, 1.120e-8
222.0000, 20.0000, 1.195e-8
224.0000, 20.0000, 1.174e-8
226.0000, 20.0000, 1.117e-8
228.0000, 20.0000, 1.222e-8
230.0000, 20.0000, 1.401e-8
232.0000, 20.0000, 1.484e-8
234.0000, 20.0000, 1.377e-8
236.0000, 20.0000, 1.368e-8
238.0000, 20.0000, 1.503e-8
240.0000, 20.0000, 1.518e-8
242.0000, 20.0000, 1.419e-8
244.0000, 20.0000, 1.429e-8
246.0000, 20.0000, 1.554e-8
248.0000, 20.0000, 1.610e-8
0.0000, 22.0000, 2.447e-8
2.0000, 22.0000, 2.655e-8
4.0000, 22.0000, 2.692e-8
6.0000, 22.0000, 2.545e-8
8.0000, 22.0000, 2.644e-8
10.0000, 22.0000, 2.570e-8
12.0000, 22.0000, 2.361e-8
14.0000, 22.0000, 2.214e-8
16.0000, 22.0000, 2.139e-8
18.0000, 22.0000, 2.114e-8
20.0000, 22.0000, 2.121e-8
22.0000, 22.0000, 2.098e-8
24.0000, 22.0000, 2.228e-8
26.0000, 22.0000, 2.330e-8
28.0000, 22.0000, 2.252e-8
30.0000, 22.0000, 2.199e-8
32.0000, 22.0000, 2.191e-8
34.0000, 22.0000, 2.155e-8
36.0000, 22.0000, 2.122e-8
38.0000, 22.0000, 2.113e-8
40.0000, 22.0000, 2.080e-8
42.0000, 22.0000, 2.040e-8
44.0000, 22.0000, 1.994e-8
46.0000, 22.0000, 1.940e-8
48.0000, 22.0000, 1.883e-8
50.0000, 22.0000, 1.814e-8
52.0000, 22.0000, 1.735e-8
54.0000, 22.0000, 1.653e-8
56.0000, 22.0000, 1.560e-8
58.0000, 22.0000, 1.471e-8
60.0000, 22.0000, 1.402e-8
62.0000, 22.0000, 1.316e-8
64.0000, 22.0000, 1.245e-8
66.0000, 22.0000, 1.190e-8
68.0000, 22.0000, 1.135e-8
70.0000, 22.0000, 1.099e-8
72.0000, 22.0000, 1.063e-8
74.0000, 22.0000, 1.042e-8
76.0000, 22.0000, 1.048e-8
78.0000, 22.0000, 1.012e-8
80.0000, 22.0000, 1.006e-8
82.0000, 22.0000, 1.050e-8
84.0000, 22.0000, 1.038e-8
86.0000, 22.0000, 1.011e-8
88.0000, 22.0000, 9.972e-9
90.0000, 22.0000, 9.947e-9
92.0000, 22.0000, 1.005e-8
94.0000, 22.0000, 9.931e-9
96.0000, 22.0000, 9.901e-9
98.0000, 22.0000, 1.019e-8
100.0000, 22.0000, 1.033e-8
102.0000, 22.0000, 1.034e-8
104.0000, 22.0000, 1.031e-8
106.0000, 22.0000, 1.023e-8
108.0000, 22.0000, 1.026e-8
110.0000, 22.0000, 1.047e-8
112.0000, 22.0000, 1.044e-8
114.0000, 22.0000, 1.026e-8
116.0000, 22.0000, 1.019e-8
118.0000, 22.0000, 1.047e-8
120.0000, 22.0000, 1.059e-8
122.0000, 22.0000, 1.040e-8
124.0000, 22.0000, 1.026e-8
126.0000, 22.0000, 1.039e-8
128.0000, 22.0000, 1.032e-8
130.0000, 22.0000, 1.007e-8
132.0000, 22.0000, 1.015e-8
134.0000, 22.0000, 1.009e-8
136.0000, 22.0000, 9.809e-9
138.0000, 22.0000, 9.692e-9
140.0000, 22.0000, 9.855e-9
142.0000, 22.0000, 9.801e-9
144.0000, 22.0000, 9.657e-9
146.0000, 22.0000, 1.040e-8
148.0000, 22.0000, 1.090e-8
150.0000, 22.0000, 1.014e-8
152.0000, 22.0000, 9.694e-9
154.0000, 22.0000, 1.029e-8
156.0000, 22.0000, 1.053e-8
158.0000, 22.0000, 9.903e-9
160.0000, 22.0000, 1.006e-8
162.0000, 22.0000, 1.092e-8
164.0000, 22.0000, 1.032e-8
166.0000, 22.0000, 9.541e-9
168.0000, 22.0000, 9.926e-9
170.0000, 22.0000, 1.090e-8
172.0000, 22.0000, 1.010e-8
174.0000, 22.0000, 9.660e-9
176.0000, 22.0000, 1.073e-8
178.0000, 22.0000, 1.081e-8
180.0000, 22.0000, 9.816e-9
182.0000, 22.0000, 9.373e-9
184.0000, 22.0000, 1.037e-8
186.0000, 22.0000, 1.096e-8
188.0000, 22.0000, 1.006e-8
190.0000, 22.0000, 9.652e-9
192.0000, 22.0000, 1.061e-8
194.0000, 22.0000, 1.043e-8
196.0000, 22.0000, 1.033e-8
198.0000, 22.0000, 1.111e-8
200.0000, 22.0000, 1.151e-8
202.0000, 22.0000, 1.087e-8
204.0000, 22.0000, 1.138e-8
206.0000, 22.0000, 1.261e-8
208.0000, 22.0000, 1.231e-8
210.0000, 22.0000, 1.165e-8
212.0000, 22.0000, 1.237e-8
214.0000, 22.0000, 1.340e-8
216.0000, 22.0000, 1.264e-8
218.0000, 22.0000, 1.146e-8
220.0000, 22.0000, 1.269e-8
222.0000, 22.0000, 1.398e-8
224.0000, 22.0000, 1.326e-8
226.0000, 22.0000, 1.291e-8
228.0000, 22.0000, 1.483e-8
230.0000, 22.0000, 1.560e-8
232.0000, 22.0000, 1.417e-8
234.0000, 22.0000, 1.388e-8
236.0000, 22.0000, 1.586e-8
238.0000, 22.0000, 1.640e-8
240.0000, 22.0000, 1.506e-8
242.0000, 22.0000, 1.495e-8
244.0000, 22.0000, 1.612e-8
246.0000, 22.0000, 1.691e-8
248.0000, 22.0000, 1.646e-8
0.0000, 24.0000, 2.252e-8
2.0000, 24.0000, 2.193e-8
4.0000, 24.0000, 2.177e-8
6.0000, 24.0000, 2.179e-8
8.0000, 24.0000, 2.164e-8
10.0000, 24.0000, 2.139e-8
12.0000, 24.0000, 2.117e-8
14.0000, 24.0000, 2.101e-8
16.0000, 24.0000, 2.116e-8
18.0000, 24.0000, 2.142e-8
20.0000, 24.0000, 2.121e-8
22.0000, 24.0000, 2.119e-8
24.0000, 24.0000, 2.211e-8
26.0000, 24.0000, 2.237e-8
28.0000, 24.0000, 2.198e-8
30.0000, 24.0000, 2.199e-8
32.0000, 24.0000, 2.201e-8
34.0000, 24.0000, 2.184e-8
36.0000, 24.0000, 2.172e-8
38.0000, 24.0000, 2.171e-8
40.0000, 24.0000, 2.158e-8
42.0000, 24.0000, 2.125e-8
44.0000, 24.0000, 2.079e-8
46.0000, 24.0000, 2.026e-8
48.0000, 24.0000, 1.960e-8
50.0000, 24.0000, 1.876e-8
52.0000, 24.0000, 1.793e-8
54.0000, 24.0000, 1.712e-8
56.0000, 24.0000, 1.625e-8
58.0000, 24.0000, 1.516e-8
60.0000, 24.0000, 1.406e-8
62.0000, 24.0000, 1.319e-8
64.0000, 24.0000, 1.271e-8
66.0000, 24.0000, 1.214e-8
68.0000, 24.0000, 1.137e-8
70.0000, 24.0000, 1.101e-8
72.0000, 24.0000, 1.090e-8
74.0000, 24.0000, 1.053e-8
76.0000, 24.0000, 1.010e-8
78.0000, 24.0000, 1.008e-8
80.0000, 24.0000, 1.045e-8
82.0000, 24.0000, 1.036e-8
84.0000, 24.0000, 1.007e-8
86.0000, 24.0000, 1.009e-8
88.0000, 24.0000, 1.022e-8
90.0000, 24.0000, 1.030e-8
92.0000, 24.0000, 1.028e-8
94.0000, 24.0000, 1.006e-8
96.0000, 24.0000, 1.003e-8
98.0000, 24.0000, 1.030e-8
100.0000, 24.0000, 1.025e-8
102.0000, 24.0000, 1.019e-8
104.0000, 24.0000, 1.006e-8
106.0000, 24.0000, 1.005e-8
108.0000, 24.0000, 1.040e-8
110.0000, 24.0000, 1.041e-8
112.0000, 24.0000, 1.031e-8
114.0000, 24.0000, 1.025e-8
116.0000, 24.0000, 1.022e-8
118.0000, 24.0000, 1.053e-8
120.0000, 24.0000, 1.067e-8
122.0000, 24.0000, 1.053e-8
124.0000, 24.0000, 1.034e-8
126.0000, 24.0000, 1.013e-8
128.0000, 24.0000, 1.010e-8
130.0000, 24.0000, 1.026e-8
132.0000, 24.0000, 1.003e-8
134.0000, 24.0000, 9.807e-9
136.0000, 24.0000, 9.851e-9
138.0000, 24.0000, 1.006e-8
140.0000, 24.0000, 1.050e-8
142.0000, 24.0000, 9.986e-9
144.0000, 24.0000, 9.814e-9
146.0000, 24.0000, 1.041e-8
148.0000, 24.0000, 1.060e-8
150.0000, 24.0000, 1.002e-8
152.0000, 24.0000, 9.822e-9
154.0000, 24.0000, 1.035e-8
156.0000, 24.0000, 1.078e-8
158.0000, 24.0000, 1.137e-8
160.0000, 24.0000, 1.135e-8
162.0000, 24.0000, 1.066e-8
164.0000, 24.0000, 9.969e-9
166.0000, 24.0000, 9.787e-9
168.0000, 24.0000, 9.845e-9
170.0000, 24.0000, 9.926e-9
172.0000, 24.0000, 9.773e-9
174.0000, 24.0000, 1.036e-8
176.0000, 24.0000, 1.018e-8
178.0000, 24.0000, 9.465e-9
180.0000, 24.0000, 9.548e-9
182.0000, 24.0000, 1.002e-8
184.0000, 24.0000, 1.015e-8
186.0000, 24.0000, 9.876e-9
188.0000, 24.0000, 1.012e-8
190.0000, 24.0000, 1.119e-8
192.0000, 24.0000, 1.082e-8
194.0000, 24.0000, 1.086e-8
196.0000, 24.0000, 1.134e-8
198.0000, 24.0000, 1.097e-8
200.0000, 24.0000, 1.135e-8
202.0000, 24.0000, 1.176e-8
204.0000, 24.0000, 1.099e-8
206.0000, 24.0000, 1.088e-8
208.0000, 24.0000, 1.223e-8
210.0000, 24.0000, 1.300e-8
212.0000, 24.0000, 1.252e-8
214.0000, 24.0000, 1.242e-8
216.0000, 24.0000, 1.288e-8
218.0000, 24.0000, 1.313e-8
220.0000, 24.0000, 1.269e-8
222.0000, 24.0000, 1.212e-8
224.0000, 24.0000, 1.364e-8
226.0000, 24.0000, 1.480e-8
228.0000, 24.0000, 1.449e-8
230.0000, 24.0000, 1.423e-8
232.0000, 24.0000, 1.569e-8
234.0000, 24.0000, 1.561e-8
236.0000, 24.0000, 1.495e-8
238.0000, 24.0000, 1.530e-8
240.0000, 24.0000, 1.627e-8
242.0000, 24.0000, 1.594e-8
244.0000, 24.0000, 1.627e-8
246.0000, 24.0000, 1.665e-8
248.0000, 24.0000, 1.647e-8
0.0000, 26.0000, 2.174e-8
2.0000, 26.0000, 2.142e-8
4.0000, 26.0000, 2.156e-8
6.0000, 26.0000, 2.167e-8
8.0000, 26.0000, 2.160e-8
10.0000, 26.0000, 2.144e-8
12.0000, 26.0000, 2.124e-8
14.0000, 26.0000, 2.108e-8
16.0000, 26.0000, 2.113e-8
18.0000, 26.0000, 2.129e-8
20.0000, 26.0000, 2.125e-8
22.0000, 26.0000, 2.123e-8
24.0000, 26.0000, 2.181e-8
26.0000, 26.0000, 2.238e-8
28.0000, 26.0000, 2.234e-8
30.0000, 26.0000, 2.239e-8
32.0000, 26.0000, 2.258e-8
34.0000, 26.0000, 2.256e-8
36.0000, 26.0000, 2.262e-8
38.0000, 26.0000, 2.284e-8
40.0000, 26.0000, 2.268e-8
42.0000, 26.0000, 2.234e-8
44.0000, 26.0000, 2.197e-8
46.0000, 26.0000, 2.149e-8
48.0000, 26.0000, 2.087e-8
50.0000, 26.0000, 2.009e-8
52.0000, 26.0000, 1.921e-8
54.0000, 26.0000, 1.813e-8
56.0000, 26.0000, 1.703e-8
58.0000, 26.0000, 1.595e-8
60.0000, 26.0000, 1.488e-8
62.0000, 26.0000, 1.381e-8
64.0000, 26.0000, 1.290e-8
66.0000, 26.0000, 1.236e-8
68.0000, 26.0000, 1.198e-8
70.0000, 26.0000, 1.131e-8
72.0000, 26.0000, 1.087e-8
74.0000, 26.0000, 1.086e-8
76.0000, 26.0000, 1.059e-8
78.0000, 26.0000, 1.031e-8
80.0000, 26.0000, 1.022e-8
82.0000, 26.0000, 1.017e-8
84.0000, 26.0000, 1.032e-8
86.0000, 26.0000, 1.033e-8
88.0000, 26.0000, 1.016e-8
90.0000, 26.0000, 1.018e-8
92.0000, 26.0000, 1.008e-8
94.0000, 26.0000, 1.033e-8
96.0000, 26.0000, 1.039e-8
98.0000, 26.0000, 9.958e-9
100.0000, 26.0000, 1.015e-8
102.0000, 26.0000, 1.042e-8
104.0000, 26.0000, 1.031e-8
106.0000, 26.0000, 1.041e-8
108.0000, 26.0000, 1.043e-8
110.0000, 26.0000, 1.054e-8
112.0000, 26.0000, 1.051e-8
114.0000, 26.0000, 1.047e-8
116.0000, 26.0000, 1.038e-8
118.0000, 26.0000, 1.028e-8
120.0000, 26.0000, 1.039e-8
122.0000, 26.0000, 1.042e-8
124.0000, 26.0000, 1.020e-8
126.0000, 26.0000, 1.015e-8
128.0000, 26.0000, 1.022e-8
130.0000, 26.0000, 1.002e-8
132.0000, 26.0000, 9.667e-9
134.0000, 26.0000, 9.893e-9
136.0000, 26.0000, 1.019e-8
138.0000, 26.0000, 9.857e-9
140.0000, 26.0000, 9.641e-9
142.0000, 26.0000, 9.717e-9
144.0000, 26.0000, 9.817e-9
146.0000, 26.0000, 9.749e-9
148.0000, 26.0000, 9.446e-9
150.0000, 26.0000, 1.021e-8
152.0000, 26.0000, 1.116e-8
154.0000, 26.0000, 1.042e-8
156.0000, 26.0000, 1.013e-8
158.0000, 26.0000, 1.050e-8
160.0000, 26.0000, 1.030e-8
162.0000, 26.0000, 9.661e-9
164.0000, 26.0000, 9.398e-9
166.0000, 26.0000, 9.935e-9
168.0000, 26.0000, 1.005e-8
170.0000, 26.0000, 9.545e-9
172.0000, 26.0000, 9.338e-9
174.0000, 26.0000, 9.976e-9
176.0000, 26.0000, 1.000e-8
178.0000, 26.0000, 9.523e-9
180.0000, 26.0000, 1.078e-8
182.0000, 26.0000, 1.107e-8
184.0000, 26.0000, 1.001e-8
186.0000, 26.0000, 1.047e-8
188.0000, 26.0000, 1.069e-8
190.0000, 26.0000, 1.010e-8
192.0000, 26.0000, 1.066e-8
194.0000, 26.0000, 1.083e-8
196.0000, 26.0000, 1.084e-8
198.0000, 26.0000, 1.094e-8
200.0000, 26.0000, 1.087e-8
202.0000, 26.0000, 1.064e-8
204.0000, 26.0000, 1.058e-8
206.0000, 26.0000, 1.056e-8
208.0000, 26.0000, 1.109e-8
210.0000, 26.0000, 1.290e-8
212.0000, 26.0000, 1.181e-8
214.0000, 26.0000, 1.222e-8
216.0000, 26.0000, 1.510e-8
218.0000, 26.0000, 1.488e-8
220.0000, 26.0000, 1.262e-8
222.0000, 26.0000, 1.412e-8
224.0000, 26.0000, 1.551e-8
226.0000, 26.0000, 1.400e-8
228.0000, 26.0000, 1.273e-8
230.0000, 26.0000, 1.384e-8
232.0000, 26.0000, 1.529e-8
234.0000, 26.0000, 1.464e-8
236.0000, 26.0000, 1.387e-8
238.0000, 26.0000, 1.521e-8
240.0000, 26.0000, 1.724e-8
242.0000, 26.0000, 1.600e-8
244.0000, 26.0000, 1.525e-8
246.0000, 26.0000, 1.795e-8
248.0000, 26.0000, 1.906e-8
0.0000, 28.0000, 2.245e-8
2.0000, 28.0000, 2.224e-8
4.0000, 28.0000, 2.210e-8
6.0000, 28.0000, 2.219e-8
8.0000, 28.0000, 2.199e-8
10.0000, 28.0000, 2.169e-8
12.0000, 28.0000, 2.140e-8
14.0000, 28.0000, 2.118e-8
16.0000, 28.0000, 2.145e-8
18.0000, 28.0000, 2.206e-8
20.0000, 28.0000, 2.204e-8
22.0000, 28.0000, 2.188e-8
24.0000, 28.0000, 2.211e-8
26.0000, 28.0000, 2.242e-8
28.0000, 28.0000, 2.253e-8
30.0000, 28.0000, 2.282e-8
32.0000, 28.0000, 2.313e-8
34.0000, 28.0000, 2.332e-8
36.0000, 28.0000, 2.357e-8
38.0000, 28.0000, 2.391e-8
40.0000, 28.0000, 2.396e-8
42.0000, 28.0000, 2.373e-8
44.0000, 28.0000, 2.339e-8
46.0000, 28.0000, 2.292e-8
48.0000, 28.0000, 2.229e-8
50.0000, 28.0000, 2.151e-8
52.0000, 28.0000, 2.046e-8
54.0000, 28.0000, 1.921e-8
56.0000, 28.0000, 1.800e-8
58.0000, 28.0000, 1.678e-8
60.0000, 28.0000, 1.558e-8
62.0000, 28.0000, 1.436e-8
64.0000, 28.0000, 1.333e-8
66.0000, 28.0000, 1.269e-8
68.0000, 28.0000, 1.222e-8
70.0000, 28.0000, 1.151e-8
72.0000, 28.0000, 1.103e-8
74.0000, 28.0000, 1.083e-8
76.0000, 28.0000, 1.065e-8
78.0000, 28.0000, 1.037e-8
80.0000, 28.0000, 1.027e-8
82.0000, 28.0000, 1.038e-8
84.0000, 28.0000, 1.047e-8
86.0000, 28.0000, 1.035e-8
88.0000, 28.0000, 1.013e-8
90.0000, 28.0000, 1.006e-8
92.0000, 28.0000, 1.007e-8
94.0000, 28.0000, 1.025e-8
96.0000, 28.0000, 1.021e-8
98.0000, 28.0000, 9.947e-9
100.0000, 28.0000, 1.005e-8
102.0000, 28.0000, 1.011e-8
104.0000, 28.0000, 1.004e-8
106.0000, 28.0000, 1.002e-8
108.0000, 28.0000, 1.009e-8
110.0000, 28.0000, 1.051e-8
112.0000, 28.0000, 1.120e-8
114.0000, 28.0000, 1.091e-8
116.0000, 28.0000, 1.029e-8
118.0000, 28.0000, 1.005e-8
120.0000, 28.0000, 1.001e-8
122.0000, 28.0000, 1.019e-8
124.0000, 28.0000, 1.020e-8
126.0000, 28.0000, 1.048e-8
128.0000, 28.0000, 1.112e-8
130.0000, 28.0000, 1.055e-8
132.0000, 28.0000, 9.949e-9
134.0000, 28.0000, 9.916e-9
136.0000, 28.0000, 9.925e-9
138.0000, 28.0000, 9.712e-9
140.0000, 28.0000, 9.701e-9
142.0000, 28.0000, 1.077e-8
144.0000, 28.0000, 1.064e-8
146.0000, 28.0000, 1.000e-8
148.0000, 28.0000, 1.017e-8
150.0000, 28.0000, 1.081e-8
152.0000, 28.0000, 1.040e-8
154.0000, 28.0000, 9.831e-9
156.0000, 28.0000, 1.089e-8
158.0000, 28.0000, 1.147e-8
160.0000, 28.0000, 1.052e-8
162.0000, 28.0000, 1.025e-8
164.0000, 28.0000, 1.101e-8
166.0000, 28.0000, 1.080e-8
168.0000, 28.0000, 1.019e-8
170.0000, 28.0000, 9.759e-9
172.0000, 28.0000, 9.529e-9
174.0000, 28.0000, 9.558e-9
176.0000, 28.0000, 9.468e-9
178.0000, 28.0000, 9.834e-9
180.0000, 28.0000, 1.072e-8
182.0000, 28.0000, 1.007e-8
184.0000, 28.0000, 9.636e-9
186.0000, 28.0000, 1.078e-8
188.0000, 28.0000, 1.086e-8
190.0000, 28.0000, 1.019e-8
192.0000, 28.0000, 1.146e-8
194.0000, 28.0000, 1.185e-8
196.0000, 28.0000, 1.107e-8
198.0000, 28.0000, 1.081e-8
200.0000, 28.0000, 1.111e-8
202.0000, 28.0000, 1.174e-8
204.0000, 28.0000, 1.145e-8
206.0000, 28.0000, 1.091e-8
208.0000, 28.0000, 1.173e-8
210.0000, 28.0000, 1.355e-8
212.0000, 28.0000, 1.297e-8
214.0000, 28.0000, 1.220e-8
216.0000, 28.0000, 1.359e-8
218.0000, 28.0000, 1.467e-8
220.0000, 28.0000, 1.396e-8
222.0000, 28.0000, 1.323e-8
224.0000, 28.0000, 1.408e-8
226.0000, 28.0000, 1.516e-8
228.0000, 28.0000, 1.442e-8
230.0000, 28.0000, 1.373e-8
232.0000, 28.0000, 1.505e-8
234.0000, 28.0000, 1.631e-8
236.0000, 28.0000, 1.607e-8
238.0000, 28.0000, 1.598e-8
240.0000, 28.0000, 1.690e-8
242.0000, 28.0000, 1.702e-8
244.0000, 28.0000, 1.667e-8
246.0000, 28.0000, 1.737e-8
248.0000, 28.0000, 1.811e-8
0.0000, 30.0000, 2.246e-8
2.0000, 30.0000, 2.219e-8
4.0000, 30.0000, 2.228e-8
6.0000, 30.0000, 2.234e-8
8.0000, 30.0000, 2.207e-8
10.0000, 30.0000, 2.185e-8
12.0000, 30.0000, 2.168e-8
14.0000, 30.0000, 2.154e-8
16.0000, 30.0000, 2.184e-8
18.0000, 30.0000, 2.235e-8
20.0000, 30.0000, 2.238e-8
22.0000, 30.0000, 2.229e-8
24.0000, 30.0000, 2.271e-8
26.0000, 30.0000, 2.327e-8
28.0000, 30.0000, 2.348e-8
30.0000, 30.0000, 2.398e-8
32.0000, 30.0000, 2.429e-8
34.0000, 30.0000, 2.429e-8
36.0000, 30.0000, 2.436e-8
38.0000, 30.0000, 2.485e-8
40.0000, 30.0000, 2.525e-8
42.0000, 30.0000, 2.504e-8
44.0000, 30.0000, 2.472e-8
46.0000, 30.0000, 2.434e-8
48.0000, 30.0000, 2.343e-8
50.0000, 30.0000, 2.230e-8
52.0000, 30.0000, 2.105e-8
54.0000, 30.0000, 1.971e-8
56.0000, 30.0000, 1.847e-8
58.0000, 30.0000, 1.737e-8
60.0000, 30.0000, 1.619e-8
62.0000, 30.0000, 1.492e-8
64.0000, 30.0000, 1.380e-8
66.0000, 30.0000, 1.294e-8
68.0000, 30.0000, 1.223e-8
70.0000, 30.0000, 1.175e-8
72.0000, 30.0000, 1.123e-8
74.0000, 30.0000, 1.104e-8
76.0000, 30.0000, 1.092e-8
78.0000, 30.0000, 1.065e-8
80.0000, 30.0000, 1.074e-8
82.0000, 30.0000, 1.052e-8
84.0000, 30.0000, 1.029e-8
86.0000, 30.0000, 1.041e-8
88.0000, 30.0000, 1.050e-8
90.0000, 30.0000, 1.030e-8
92.0000, 30.0000, 1.017e-8
94.0000, 30.0000, 1.034e-8
96.0000, 30.0000, 1.040e-8
98.0000, 30.0000, 1.021e-8
100.0000, 30.0000, 1.015e-8
102.0000, 30.0000, 1.024e-8
104.0000, 30.0000, 1.003e-8
106.0000, 30.0000, 9.907e-9
108.0000, 30.0000, 1.014e-8
110.0000, 30.0000, 1.030e-8
112.0000, 30.0000, 1.032e-8
114.0000, 30.0000, 1.063e-8
116.0000, 30.0000, 1.076e-8
118.0000, 30.0000, 1.046e-8
120.0000, 30.0000, 1.033e-8
122.0000, 30.0000, 1.051e-8
124.0000, 30.0000, 1.051e-8
126.0000, 30.0000, 1.017e-8
128.0000, 30.0000, 1.016e-8
130.0000, 30.0000, 1.057e-8
132.0000, 30.0000, 1.020e-8
134.0000, 30.0000, 1.031e-8
136.0000, 30.0000, 1.070e-8
138.0000, 30.0000, 9.978e-9
140.0000, 30.0000, 9.728e-9
142.0000, 30.0000, 9.864e-9
144.0000, 30.0000, 1.023e-8
146.0000, 30.0000, 1.030e-8
148.0000, 30.0000, 1.019e-8
150.0000, 30.0000, 1.153e-8
152.0000, 30.0000, 1.142e-8
154.0000, 30.0000, 1.061e-8
156.0000, 30.0000, 1.034e-8
158.0000, 30.0000, 1.019e-8
160.0000, 30.0000, 1.025e-8
162.0000, 30.0000, 1.070e-8
164.0000, 30.0000, 1.105e-8
166.0000, 30.0000, 1.099e-8
168.0000, 30.0000, 1.038e-8
170.0000, 30.0000, 1.050e-8
172.0000, 30.0000, 1.048e-8
174.0000, 30.0000, 1.017e-8
176.0000, 30.0000, 1.069e-8
178.0000, 30.0000, 1.086e-8
180.0000, 30.0000, 1.097e-8
182.0000, 30.0000, 1.132e-8
184.0000, 30.0000, 1.090e-8
186.0000, 30.0000, 1.096e-8
188.0000, 30.0000, 1.111e-8
190.0000, 30.0000, 1.183e-8
192.0000, 30.0000, 1.187e-8
194.0000, 30.0000, 1.187e-8
196.0000, 30.0000, 1.229e-8
198.0000, 30.0000, 1.233e-8
200.0000, 30.0000, 1.277e-8
202.0000, 30.0000, 1.198e-8
204.0000, 30.0000, 1.284e-8
206.0000, 30.0000, 1.446e-8
208.0000, 30.0000, 1.363e-8
210.0000, 30.0000, 1.265e-8
212.0000, 30.0000, 1.366e-8
214.0000, 30.0000, 1.391e-8
216.0000, 30.0000, 1.367e-8
218.0000, 30.0000, 1.444e-8
220.0000, 30.0000, 1.548e-8
222.0000, 30.0000, 1.450e-8
224.0000, 30.0000, 1.336e-8
226.0000, 30.0000, 1.430e-8
228.0000, 30.0000, 1.585e-8
230.0000, 30.0000, 1.583e-8
232.0000, 30.0000, 1.526e-8
234.0000, 30.0000, 1.584e-8
236.0000, 30.0000, 1.706e-8
238.0000, 30.0000, 1.740e-8
240.0000, 30.0000, 1.694e-8
242.0000, 30.0000, 1.763e-8
244.0000, 30.0000, 1.834e-8
246.0000, 30.0000, 1.806e-8
248.0000, 30.0000, 1.788e-8
0.0000, 32.0000, 2.603e-8
2.0000, 32.0000, 2.665e-8
4.0000, 32.0000, 2.520e-8
6.0000, 32.0000, 2.374e-8
8.0000, 32.0000, 2.271e-8
10.0000, 32.0000, 2.209e-8
12.0000, 32.0000, 2.193e-8
14.0000, 32.0000, 2.179e-8
16.0000, 32.0000, 2.230e-8
18.0000, 32.0000, 2.379e-8
20.0000, 32.0000, 2.376e-8
22.0000, 32.0000, 2.335e-8
24.0000, 32.0000, 2.449e-8
26.0000, 32.0000, 2.516e-8
28.0000, 32.0000, 2.481e-8
30.0000, 32.0000, 2.480e-8
32.0000, 32.0000, 2.492e-8
34.0000, 32.0000, 2.503e-8
36.0000, 32.0000, 2.511e-8
38.0000, 32.0000, 2.528e-8
40.0000, 32.0000, 2.573e-8
42.0000, 32.0000, 2.566e-8
44.0000, 32.0000, 2.522e-8
46.0000, 32.0000, 2.456e-8
48.0000, 32.0000, 2.363e-8
50.0000, 32.0000, 2.251e-8
52.0000, 32.0000, 2.124e-8
54.0000, 32.0000, 1.998e-8
56.0000, 32.0000, 1.868e-8
58.0000, 32.0000, 1.727e-8
60.0000, 32.0000, 1.589e-8
62.0000, 32.0000, 1.467e-8
64.0000, 32.0000, 1.370e-8
66.0000, 32.0000, 1.295e-8
68.0000, 32.0000, 1.225e-8
70.0000, 32.0000, 1.161e-8
72.0000, 32.0000, 1.123e-8
74.0000, 32.0000, 1.152e-8
76.0000, 32.0000, 1.130e-8
78.0000, 32.0000, 1.100e-8
80.0000, 32.0000, 1.159e-8
82.0000, 32.0000, 1.095e-8
84.0000, 32.0000, 1.049e-8
86.0000, 32.0000, 1.040e-8
88.0000, 32.0000, 1.016e-8
90.0000, 32.0000, 1.017e-8
92.0000, 32.0000, 1.016e-8
94.0000, 32.0000, 1.022e-8
96.0000, 32.0000, 1.032e-8
98.0000, 32.0000, 1.015e-8
100.0000, 32.0000, 1.020e-8
102.0000, 32.0000, 1.025e-8
104.0000, 32.0000, 1.006e-8
106.0000, 32.0000, 1.041e-8
108.0000, 32.0000, 1.079e-8
110.0000, 32.0000, 1.040e-8
112.0000, 32.0000, 1.061e-8
114.0000, 32.0000, 1.049e-8
116.0000, 32.0000, 1.020e-8
118.0000, 32.0000, 1.061e-8
120.0000, 32.0000, 1.119e-8
122.0000, 32.0000, 1.083e-8
124.0000, 32.0000, 1.008e-8
126.0000, 32.0000, 1.089e-8
128.0000, 32.0000, 1.417e-8
130.0000, 32.0000, 1.446e-8
132.0000, 32.0000, 1.226e-8
134.0000, 32.0000, 1.208e-8
136.0000, 32.0000, 1.127e-8
138.0000, 32.0000, 9.932e-9
140.0000, 32.0000, 9.332e-9
142.0000, 32.0000, 9.753e-9
144.0000, 32.0000, 9.784e-9
146.0000, 32.0000, 9.570e-9
148.0000, 32.0000, 9.882e-9
150.0000, 32.0000, 1.127e-8
152.0000, 32.0000, 1.084e-8
154.0000, 32.0000, 1.044e-8
156.0000, 32.0000, 1.279e-8
158.0000, 32.0000, 1.437e-8
160.0000, 32.0000, 1.218e-8
162.0000, 32.0000, 1.239e-8
164.0000, 32.0000, 1.549e-8
166.0000, 32.0000, 1.466e-8
168.0000, 32.0000, 1.222e-8
170.0000, 32.0000, 1.331e-8
172.0000, 32.0000, 1.413e-8
174.0000, 32.0000, 1.223e-8
176.0000, 32.0000, 1.077e-8
178.0000, 32.0000, 1.166e-8
180.0000, 32.0000, 1.325e-8
182.0000, 32.0000, 1.195e-8
184.0000, 32.0000, 1.091e-8
186.0000, 32.0000, 1.338e-8
188.0000, 32.0000, 1.434e-8
190.0000, 32.0000, 1.232e-8
192.0000, 32.0000, 1.199e-8
194.0000, 32.0000, 1.421e-8
196.0000, 32.0000, 1.396e-8
198.0000, 32.0000, 1.226e-8
200.0000, 32.0000, 1.339e-8
202.0000, 32.0000, 1.479e-8
204.0000, 32.0000, 1.359e-8
206.0000, 32.0000, 1.331e-8
208.0000, 32.0000, 1.450e-8
210.0000, 32.0000, 1.433e-8
212.0000, 32.0000, 1.378e-8
214.0000, 32.0000, 1.336e-8
216.0000, 32.0000, 1.364e-8
218.0000, 32.0000, 1.452e-8
220.0000, 32.0000, 1.424e-8
222.0000, 32.0000, 1.391e-8
224.0000, 32.0000, 1.583e-8
226.0000, 32.0000, 1.671e-8
228.0000, 32.0000, 1.559e-8
230.0000, 32.0000, 1.582e-8
232.0000, 32.0000, 1.761e-8
234.0000, 32.0000, 1.714e-8
236.0000, 32.0000, 1.662e-8
238.0000, 32.0000, 1.758e-8
240.0000, 32.0000, 1.865e-8
242.0000, 32.0000, 1.798e-8
244.0000, 32.0000, 1.765e-8
246.0000, 32.0000, 1.826e-8
248.0000, 32.0000, 1.865e-8
0.0000, 34.0000, 2.836e-8
2.0000, 34.0000, 2.699e-8
4.0000, 34.0000, 2.602e-8
6.0000, 34.0000, 2.551e-8
8.0000, 34.0000, 2.846e-8
10.0000, 34.0000, 2.783e-8
12.0000, 34.0000, 2.563e-8
14.0000, 34.0000, 2.638e-8
16.0000, 34.0000, 2.597e-8
18.0000, 34.0000, 2.535e-8
20.0000, 34.0000, 2.701e-8
22.0000, 34.0000, 2.635e-8
24.0000, 34.0000, 2.581e-8
26.0000, 34.0000, 2.638e-8
28.0000, 34.0000, 2.593e-8
30.0000, 34.0000, 2.544e-8
32.0000, 34.0000, 2.550e-8
34.0000, 34.0000, 2.556e-8
36.0000, 34.0000, 2.578e-8
38.0000, 34.0000, 2.601e-8
40.0000, 34.0000, 2.608e-8
42.0000, 34.0000, 2.628e-8
44.0000, 34.0000, 2.604e-8
46.0000, 34.0000, 2.535e-8
48.0000, 34.0000, 2.444e-8
50.0000, 34.0000, 2.324e-8
52.0000, 34.0000, 2.189e-8
54.0000, 34.0000, 2.053e-8
56.0000, 34.0000, 1.918e-8
58.0000, 34.0000, 1.777e-8
60.0000, 34.0000, 1.636e-8
62.0000, 34.0000, 1.499e-8
64.0000, 34.0000, 1.384e-8
66.0000, 34.0000, 1.290e-8
68.0000, 34.0000, 1.225e-8
70.0000, 34.0000, 1.194e-8
72.0000, 34.0000, 1.138e-8
74.0000, 34.0000, 1.117e-8
76.0000, 34.0000, 1.118e-8
78.0000, 34.0000, 1.072e-8
80.0000, 34.0000, 1.076e-8
82.0000, 34.0000, 1.057e-8
84.0000, 34.0000, 1.022e-8
86.0000, 34.0000, 1.123e-8
88.0000, 34.0000, 1.148e-8
90.0000, 34.0000, 1.055e-8
92.0000, 34.0000, 1.047e-8
94.0000, 34.0000, 1.046e-8
96.0000, 34.0000, 1.038e-8
98.0000, 34.0000, 1.004e-8
100.0000, 34.0000, 9.954e-9
102.0000, 34.0000, 1.168e-8
104.0000, 34.0000, 1.170e-8
106.0000, 34.0000, 1.056e-8
108.0000, 34.0000, 1.229e-8
110.0000, 34.0000, 1.349e-8
112.0000, 34.0000, 1.158e-8
114.0000, 34.0000, 1.074e-8
116.0000, 34.0000, 1.151e-8
118.0000, 34.0000, 1.141e-8
120.0000, 34.0000, 1.049e-8
122.0000, 34.0000, 1.107e-8
124.0000, 34.0000, 1.119e-8
126.0000, 34.0000, 1.070e-8
128.0000, 34.0000, 1.009e-8
130.0000, 34.0000, 9.994e-9
132.0000, 34.0000, 1.241e-8
134.0000, 34.0000, 1.231e-8
136.0000, 34.0000, 1.036e-8
138.0000, 34.0000, 1.076e-8
140.0000, 34.0000, 1.239e-8
142.0000, 34.0000, 1.129e-8
144.0000, 34.0000, 1.085e-8
146.0000, 34.0000, 1.103e-8
148.0000, 34.0000, 1.153e-8
150.0000, 34.0000, 1.210e-8
152.0000, 34.0000, 1.098e-8
154.0000, 34.0000, 1.049e-8
156.0000, 34.0000, 1.303e-8
158.0000, 34.0000, 1.426e-8
160.0000, 34.0000, 1.212e-8
162.0000, 34.0000, 1.245e-8
164.0000, 34.0000, 1.280e-8
166.0000, 34.0000, 1.173e-8
168.0000, 34.0000, 1.084e-8
170.0000, 34.0000, 1.160e-8
172.0000, 34.0000, 1.227e-8
174.0000, 34.0000, 1.152e-8
176.0000, 34.0000, 1.070e-8
178.0000, 34.0000, 1.120e-8
180.0000, 34.0000, 1.260e-8
182.0000, 34.0000, 1.210e-8
184.0000, 34.0000, 1.103e-8
186.0000, 34.0000, 1.210e-8
188.0000, 34.0000, 1.371e-8
190.0000, 34.0000, 1.275e-8
192.0000, 34.0000, 1.193e-8
194.0000, 34.0000, 1.367e-8
196.0000, 34.0000, 1.400e-8
198.0000, 34.0000, 1.253e-8
200.0000, 34.0000, 1.256e-8
202.0000, 34.0000, 1.437e-8
204.0000, 34.0000, 1.440e-8
206.0000, 34.0000, 1.364e-8
208.0000, 34.0000, 1.324e-8
210.0000, 34.0000, 1.421e-8
212.0000, 34.0000, 1.477e-8
214.0000, 34.0000, 1.443e-8
216.0000, 34.0000, 1.430e-8
218.0000, 34.0000, 1.491e-8
220.0000, 34.0000, 1.499e-8
222.0000, 34.0000, 1.415e-8
224.0000, 34.0000, 1.466e-8
226.0000, 34.0000, 1.600e-8
228.0000, 34.0000, 1.584e-8
230.0000, 34.0000, 1.509e-8
232.0000, 34.0000, 1.549e-8
234.0000, 34.0000, 1.691e-8
236.0000, 34.0000, 1.745e-8
238.0000, 34.0000, 1.709e-8
240.0000, 34.0000, 1.732e-8
242.0000, 34.0000, 1.790e-8
244.0000, 34.0000, 1.771e-8
246.0000, 34.0000, 1.801e-8
248.0000, 34.0000, 1.917e-8
0.0000, 36.0000, 2.436e-8
2.0000, 36.0000, 2.414e-8
4.0000, 36.0000, 2.381e-8
6.0000, 36.0000, 2.359e-8
8.0000, 36.0000, 2.336e-8
10.0000, 36.0000, 2.304e-8
12.0000, 36.0000, 2.296e-8
14.0000, 36.0000, 2.285e-8
16.0000, 36.0000, 2.329e-8
18.0000, 36.0000, 2.482e-8
20.0000, 36.0000, 2.487e-8
22.0000, 36.0000, 2.445e-8
24.0000, 36.0000, 2.561e-8
26.0000, 36.0000, 2.624e-8
28.0000, 36.0000, 2.591e-8
30.0000, 36.0000, 2.627e-8
32.0000, 36.0000, 2.666e-8
34.0000, 36.0000, 2.662e-8
36.0000, 36.0000, 2.656e-8
38.0000, 36.0000, 2.675e-8
40.0000, 36.0000, 2.717e-8
42.0000, 36.0000, 2.727e-8
44.0000, 36.0000, 2.704e-8
46.0000, 36.0000, 2.640e-8
48.0000, 36.0000, 2.539e-8
50.0000, 36.0000, 2.418e-8
52.0000, 36.0000, 2.290e-8
54.0000, 36.0000, 2.144e-8
56.0000, 36.0000, 1.987e-8
58.0000, 36.0000, 1.829e-8
60.0000, 36.0000, 1.684e-8
62.0000, 36.0000, 1.551e-8
64.0000, 36.0000, 1.424e-8
66.0000, 36.0000, 1.324e-8
68.0000, 36.0000, 1.253e-8
70.0000, 36.0000, 1.186e-8
72.0000, 36.0000, 1.160e-8
74.0000, 36.0000, 1.123e-8
76.0000, 36.0000, 1.089e-8
78.0000, 36.0000, 1.079e-8
80.0000, 36.0000, 1.060e-8
82.0000, 36.0000, 1.028e-8
84.0000, 36.0000, 1.013e-8
86.0000, 36.0000, 1.013e-8
88.0000, 36.0000, 1.025e-8
90.0000, 36.0000, 1.099e-8
92.0000, 36.0000, 1.060e-8
94.0000, 36.0000, 1.030e-8
96.0000, 36.0000, 1.045e-8
98.0000, 36.0000, 1.032e-8
100.0000, 36.0000, 1.053e-8
102.0000, 36.0000, 1.033e-8
104.0000, 36.0000, 9.903e-9
106.0000, 36.0000, 1.039e-8
108.0000, 36.0000, 1.030e-8
110.0000, 36.0000, 9.903e-9
112.0000, 36.0000, 1.098e-8
114.0000, 36.0000, 1.097e-8
116.0000, 36.0000, 1.179e-8
118.0000, 36.0000, 1.268e-8
120.0000, 36.0000, 1.118e-8
122.0000, 36.0000, 1.061e-8
124.0000, 36.0000, 1.356e-8
126.0000, 36.0000, 1.323e-8
128.0000, 36.0000, 1.128e-8
130.0000, 36.0000, 1.106e-8
132.0000, 36.0000, 1.134e-8
134.0000, 36.0000, 1.133e-8
136.0000, 36.0000, 1.091e-8
138.0000, 36.0000, 1.044e-8
140.0000, 36.0000, 1.070e-8
142.0000, 36.0000, 1.028e-8
144.0000, 36.0000, 1.039e-8
146.0000, 36.0000, 1.173e-8
148.0000, 36.0000, 1.200e-8
150.0000, 36.0000, 1.173e-8
152.0000, 36.0000, 1.397e-8
154.0000, 36.0000, 1.431e-8
156.0000, 36.0000, 1.198e-8
158.0000, 36.0000, 1.169e-8
160.0000, 36.0000, 1.507e-8
162.0000, 36.0000, 1.436e-8
164.0000, 36.0000, 1.226e-8
166.0000, 36.0000, 1.206e-8
168.0000, 36.0000, 1.312e-8
170.0000, 36.0000, 1.315e-8
172.0000, 36.0000, 1.213e-8
174.0000, 36.0000, 1.118e-8
176.0000, 36.0000, 1.194e-8
178.0000, 36.0000, 1.289e-8
180.0000, 36.0000, 1.221e-8
182.0000, 36.0000, 1.147e-8
184.0000, 36.0000, 1.213e-8
186.0000, 36.0000, 1.278e-8
188.0000, 36.0000, 1.228e-8
190.0000, 36.0000, 1.214e-8
192.0000, 36.0000, 1.216e-8
194.0000, 36.0000, 1.278e-8
196.0000, 36.0000, 1.387e-8
198.0000, 36.0000, 1.375e-8
200.0000, 36.0000, 1.333e-8
202.0000, 36.0000, 1.386e-8
204.0000, 36.0000, 1.434e-8
206.0000, 36.0000, 1.398e-8
208.0000, 36.0000, 1.348e-8
210.0000, 36.0000, 1.366e-8
212.0000, 36.0000, 1.417e-8
214.0000, 36.0000, 1.460e-8
216.0000, 36.0000, 1.508e-8
218.0000, 36.0000, 1.530e-8
220.0000, 36.0000, 1.563e-8
222.0000, 36.0000, 1.618e-8
224.0000, 36.0000, 1.557e-8
226.0000, 36.0000, 1.553e-8
228.0000, 36.0000, 1.706e-8
230.0000, 36.0000, 1.676e-8
232.0000, 36.0000, 1.585e-8
234.0000, 36.0000, 1.671e-8
236.0000, 36.0000, 1.814e-8
238.0000, 36.0000, 1.832e-8
240.0000, 36.0000, 1.783e-8
242.0000, 36.0000, 1.811e-8
244.0000, 36.0000, 1.841e-8
246.0000, 36.0000, 1.816e-8
248.0000, 36.0000, 1.798e-8
0.0000, 38.0000, 2.877e-8
2.0000, 38.0000, 2.889e-8
4.0000, 38.0000, 2.728e-8
6.0000, 38.0000, 2.561e-8
8.0000, 38.0000, 2.439e-8
10.0000, 38.0000, 2.404e-8
12.0000, 38.0000, 2.540e-8
14.0000, 38.0000, 2.507e-8
16.0000, 38.0000, 2.517e-8
18.0000, 38.0000, 2.772e-8
20.0000, 38.0000, 2.756e-8
22.0000, 38.0000, 2.628e-8
24.0000, 38.0000, 2.806e-8
26.0000, 38.0000, 2.890e-8
28.0000, 38.0000, 2.774e-8
30.0000, 38.0000, 2.742e-8
32.0000, 38.0000, 2.740e-8
34.0000, 38.0000, 2.724e-8
36.0000, 38.0000, 2.723e-8
38.0000, 38.0000, 2.737e-8
40.0000, 38.0000, 2.834e-8
42.0000, 38.0000, 2.880e-8
44.0000, 38.0000, 2.825e-8
46.0000, 38.0000, 2.740e-8
48.0000, 38.0000, 2.652e-8
50.0000, 38.0000, 2.530e-8
52.0000, 38.0000, 2.406e-8
54.0000, 38.0000, 2.266e-8
56.0000, 38.0000, 2.109e-8
58.0000, 38.0000, 1.947e-8
60.0000, 38.0000, 1.788e-8
62.0000, 38.0000, 1.645e-8
64.0000, 38.0000, 1.527e-8
66.0000, 38.0000, 1.422e-8
68.0000, 38.0000, 1.319e-8
70.0000, 38.0000, 1.229e-8
72.0000, 38.0000, 1.181e-8
74.0000, 38.0000, 1.228e-8
76.0000, 38.0000, 1.190e-8
78.0000, 38.0000, 1.139e-8
80.0000, 38.0000, 1.272e-8
82.0000, 38.0000, 1.192e-8
84.0000, 38.0000, 1.089e-8
86.0000, 38.0000, 1.060e-8
88.0000, 38.0000, 1.040e-8
90.0000, 38.0000, 1.020e-8
92.0000, 38.0000, 1.048e-8
94.0000, 38.0000, 1.050e-8
96.0000, 38.0000, 1.116e-8
98.0000, 38.0000, 1.148e-8
100.0000, 38.0000, 1.057e-8
102.0000, 38.0000, 1.115e-8
104.0000, 38.0000, 1.067e-8
106.0000, 38.0000, 9.934e-9
108.0000, 38.0000, 1.121e-8
110.0000, 38.0000, 1.331e-8
112.0000, 38.0000, 1.174e-8
114.0000, 38.0000, 1.094e-8
116.0000, 38.0000, 1.153e-8
118.0000, 38.0000, 1.180e-8
120.0000, 38.0000, 1.066e-8
122.0000, 38.0000, 9.806e-9
124.0000, 38.0000, 1.049e-8
126.0000, 38.0000, 1.211e-8
128.0000, 38.0000, 1.242e-8
130.0000, 38.0000, 1.177e-8
132.0000, 38.0000, 1.218e-8
134.0000, 38.0000, 1.154e-8
136.0000, 38.0000, 1.090e-8
138.0000, 38.0000, 1.243e-8
140.0000, 38.0000, 1.339e-8
142.0000, 38.0000, 1.163e-8
144.0000, 38.0000, 1.111e-8
146.0000, 38.0000, 1.098e-8
148.0000, 38.0000, 1.064e-8
150.0000, 38.0000, 1.167e-8
152.0000, 38.0000, 1.140e-8
154.0000, 38.0000, 1.098e-8
156.0000, 38.0000, 1.232e-8
158.0000, 38.0000, 1.320e-8
160.0000, 38.0000, 1.293e-8
162.0000, 38.0000, 1.319e-8
164.0000, 38.0000, 1.334e-8
166.0000, 38.0000, 1.330e-8
168.0000, 38.0000, 1.236e-8
170.0000, 38.0000, 1.168e-8
172.0000, 38.0000, 1.296e-8
174.0000, 38.0000, 1.325e-8
176.0000, 38.0000, 1.232e-8
178.0000, 38.0000, 1.190e-8
180.0000, 38.0000, 1.294e-8
182.0000, 38.0000, 1.317e-8
184.0000, 38.0000, 1.226e-8
186.0000, 38.0000, 1.216e-8
188.0000, 38.0000, 1.277e-8
190.0000, 38.0000, 1.286e-8
192.0000, 38.0000, 1.286e-8
194.0000, 38.0000, 1.314e-8
196.0000, 38.0000, 1.289e-8
198.0000, 38.0000, 1.301e-8
200.0000, 38.0000, 1.460e-8
202.0000, 38.0000, 1.429e-8
204.0000, 38.0000, 1.390e-8
206.0000, 38.0000, 1.431e-8
208.0000, 38.0000, 1.479e-8
210.0000, 38.0000, 1.498e-8
212.0000, 38.0000, 1.426e-8
214.0000, 38.0000, 1.410e-8
216.0000, 38.0000, 1.590e-8
218.0000, 38.0000, 1.679e-8
220.0000, 38.0000, 1.554e-8
222.0000, 38.0000, 1.497e-8
224.0000, 38.0000, 1.652e-8
226.0000, 38.0000, 1.680e-8
228.0000, 38.0000, 1.598e-8
230.0000, 38.0000, 1.699e-8
232.0000, 38.0000, 1.812e-8
234.0000, 38.0000, 1.736e-8
236.0000, 38.0000, 1.699e-8
238.0000, 38.0000, 1.834e-8
240.0000, 38.0000, 1.948e-8
242.0000, 38.0000, 1.849e-8
244.0000, 38.0000, 1.797e-8
246.0000, 38.0000, 1.853e-8
248.0000, 38.0000, 1.913e-8
0.0000, 40.0000, 2.972e-8
2.0000, 40.0000, 3.110e-8
4.0000, 40.0000, 2.914e-8
6.0000, 40.0000, 2.677e-8
8.0000, 40.0000, 2.540e-8
10.0000, 40.0000, 2.456e-8
12.0000, 40.0000, 2.406e-8
14.0000, 40.0000, 2.382e-8
16.0000, 40.0000, 2.482e-8
18.0000, 40.0000, 2.673e-8
20.0000, 40.0000, 2.638e-8
22.0000, 40.0000, 2.593e-8
24.0000, 40.0000, 2.691e-8
26.0000, 40.0000, 2.729e-8
28.0000, 40.0000, 2.721e-8
30.0000, 40.0000, 2.863e-8
32.0000, 40.0000, 2.906e-8
34.0000, 40.0000, 2.869e-8
36.0000, 40.0000, 2.862e-8
38.0000, 40.0000, 2.877e-8
40.0000, 40.0000, 2.937e-8
42.0000, 40.0000, 2.955e-8
44.0000, 40.0000, 2.905e-8
46.0000, 40.0000, 2.824e-8
48.0000, 40.0000, 2.722e-8
50.0000, 40.0000, 2.590e-8
52.0000, 40.0000, 2.518e-8
54.0000, 40.0000, 2.371e-8
56.0000, 40.0000, 2.180e-8
58.0000, 40.0000, 1.995e-8
60.0000, 40.0000, 1.799e-8
62.0000, 40.0000, 1.626e-8
64.0000, 40.0000, 1.485e-8
66.0000, 40.0000, 1.370e-8
68.0000, 40.0000, 1.318e-8
70.0000, 40.0000, 1.388e-8
72.0000, 40.0000, 1.294e-8
74.0000, 40.0000, 1.230e-8
76.0000, 40.0000, 1.174e-8
78.0000, 40.0000, 1.107e-8
80.0000, 40.0000, 1.168e-8
82.0000, 40.0000, 1.137e-8
84.0000, 40.0000, 1.071e-8
86.0000, 40.0000, 1.122e-8
88.0000, 40.0000, 1.124e-8
90.0000, 40.0000, 1.070e-8
92.0000, 40.0000, 1.133e-8
94.0000, 40.0000, 1.108e-8
96.0000, 40.0000, 1.052e-8
98.0000, 40.0000, 1.072e-8
100.0000, 40.0000, 1.090e-8
102.0000, 40.0000, 1.071e-8
104.0000, 40.0000, 1.087e-8
106.0000, 40.0000, 1.054e-8
108.0000, 40.0000, 1.034e-8
110.0000, 40.0000, 1.032e-8
112.0000, 40.0000, 1.012e-8
114.0000, 40.0000, 1.197e-8
116.0000, 40.0000, 1.307e-8
118.0000, 40.0000, 1.174e-8
120.0000, 40.0000, 1.090e-8
122.0000, 40.0000, 1.319e-8
124.0000, 40.0000, 1.300e-8
126.0000, 40.0000, 1.095e-8
128.0000, 40.0000, 1.005e-8
130.0000, 40.0000, 1.000e-8
132.0000, 40.0000, 9.952e-9
134.0000, 40.0000, 1.061e-8
136.0000, 40.0000, 1.051e-8
138.0000, 40.0000, 1.127e-8
140.0000, 40.0000, 1.376e-8
142.0000, 40.0000, 1.306e-8
144.0000, 40.0000, 1.159e-8
146.0000, 40.0000, 1.279e-8
148.0000, 40.0000, 1.394e-8
150.0000, 40.0000, 1.254e-8
152.0000, 40.0000, 1.254e-8
154.0000, 40.0000, 1.335e-8
156.0000, 40.0000, 1.299e-8
158.0000, 40.0000, 1.384e-8
160.0000, 40.0000, 1.496e-8
162.0000, 40.0000, 1.385e-8
164.0000, 40.0000, 1.403e-8
166.0000, 40.0000, 1.333e-8
168.0000, 40.0000, 1.227e-8
170.0000, 40.0000, 1.397e-8
172.0000, 40.0000, 1.523e-8
174.0000, 40.0000, 1.358e-8
176.0000, 40.0000, 1.293e-8
178.0000, 40.0000, 1.401e-8
180.0000, 40.0000, 1.370e-8
182.0000, 40.0000, 1.256e-8
184.0000, 40.0000, 1.228e-8
186.0000, 40.0000, 1.288e-8
188.0000, 40.0000, 1.336e-8
190.0000, 40.0000, 1.329e-8
192.0000, 40.0000, 1.283e-8
194.0000, 40.0000, 1.335e-8
196.0000, 40.0000, 1.467e-8
198.0000, 40.0000, 1.501e-8
200.0000, 40.0000, 1.480e-8
202.0000, 40.0000, 1.427e-8
204.0000, 40.0000, 1.402e-8
206.0000, 40.0000, 1.495e-8
208.0000, 40.0000, 1.558e-8
210.0000, 40.0000, 1.446e-8
212.0000, 40.0000, 1.564e-8
214.0000, 40.0000, 1.735e-8
216.0000, 40.0000, 1.645e-8
218.0000, 40.0000, 1.536e-8
220.0000, 40.0000, 1.652e-8
222.0000, 40.0000, 1.772e-8
224.0000, 40.0000, 1.670e-8
226.0000, 40.0000, 1.618e-8
228.0000, 40.0000, 1.756e-8
230.0000, 40.0000, 1.778e-8
232.0000, 40.0000, 1.679e-8
234.0000, 40.0000, 1.695e-8
236.0000, 40.0000, 1.820e-8
238.0000, 40.0000, 1.860e-8
240.0000, 40.0000, 1.786e-8
242.0000, 40.0000, 1.747e-8
244.0000, 40.0000, 1.802e-8
246.0000, 40.0000, 1.853e-8
248.0000, 40.0000, 1.856e-8
0.0000, 42.0000, 2.966e-8
2.0000, 42.0000, 3.004e-8
4.0000, 42.0000, 2.829e-8
6.0000, 42.0000, 2.641e-8
8.0000, 42.0000, 2.526e-8
10.0000, 42.0000, 2.458e-8
12.0000, 42.0000, 2.489e-8
14.0000, 42.0000, 2.484e-8
16.0000, 42.0000, 2.514e-8
18.0000, 42.0000, 2.743e-8
20.0000, 42.0000, 2.791e-8
22.0000, 42.0000, 2.714e-8
24.0000, 42.0000, 3.034e-8
26.0000, 42.0000, 3.218e-8
28.0000, 42.0000, 3.045e-8
30.0000, 42.0000, 2.957e-8
32.0000, 42.0000, 2.982e-8
34.0000, 42.0000, 2.972e-8
36.0000, 42.0000, 2.942e-8
38.0000, 42.0000, 2.942e-8
40.0000, 42.0000, 2.979e-8
42.0000, 42.0000, 2.995e-8
44.0000, 42.0000, 2.960e-8
46.0000, 42.0000, 2.916e-8
48.0000, 42.0000, 2.869e-8
50.0000, 42.0000, 2.696e-8
52.0000, 42.0000, 2.471e-8
54.0000, 42.0000, 2.266e-8
56.0000, 42.0000, 2.076e-8
58.0000, 42.0000, 1.902e-8
60.0000, 42.0000, 1.758e-8
62.0000, 42.0000, 1.588e-8
64.0000, 42.0000, 1.453e-8
66.0000, 42.0000, 1.361e-8
68.0000, 42.0000, 1.278e-8
70.0000, 42.0000, 1.209e-8
72.0000, 42.0000, 1.148e-8
74.0000, 42.0000, 1.128e-8
76.0000, 42.0000, 1.169e-8
78.0000, 42.0000, 1.150e-8
80.0000, 42.0000, 1.088e-8
82.0000, 42.0000, 1.106e-8
84.0000, 42.0000, 1.077e-8
86.0000, 42.0000, 1.058e-8
88.0000, 42.0000, 1.069e-8
90.0000, 42.0000, 1.077e-8
92.0000, 42.0000, 1.053e-8
94.0000, 42.0000, 1.046e-8
96.0000, 42.0000, 1.069e-8
98.0000, 42.0000, 1.095e-8
100.0000, 42.0000, 1.139e-8
102.0000, 42.0000, 1.063e-8
104.0000, 42.0000, 1.119e-8
106.0000, 42.0000, 1.231e-8
108.0000, 42.0000, 1.113e-8
110.0000, 42.0000, 1.025e-8
112.0000, 42.0000, 1.095e-8
114.0000, 42.0000, 1.111e-8
116.0000, 42.0000, 1.159e-8
118.0000, 42.0000, 1.307e-8
120.0000, 42.0000, 1.224e-8
122.0000, 42.0000, 1.073e-8
124.0000, 42.0000, 1.230e-8
126.0000, 42.0000, 1.392e-8
128.0000, 42.0000, 1.248e-8
130.0000, 42.0000, 1.096e-8
132.0000, 42.0000, 1.299e-8
134.0000, 42.0000, 1.289e-8
136.0000, 42.0000, 1.135e-8
138.0000, 42.0000, 1.113e-8
140.0000, 42.0000, 1.204e-8
142.0000, 42.0000, 1.229e-8
144.0000, 42.0000, 1.241e-8
146.0000, 42.0000, 1.250e-8
148.0000, 42.0000, 1.284e-8
150.0000, 42.0000, 1.318e-8
152.0000, 42.0000, 1.255e-8
154.0000, 42.0000, 1.247e-8
156.0000, 42.0000, 1.229e-8
158.0000, 42.0000, 1.216e-8
160.0000, 42.0000, 1.397e-8
162.0000, 42.0000, 1.481e-8
164.0000, 42.0000, 1.371e-8
166.0000, 42.0000, 1.340e-8
168.0000, 42.0000, 1.294e-8
170.0000, 42.0000, 1.224e-8
172.0000, 42.0000, 1.279e-8
174.0000, 42.0000, 1.444e-8
176.0000, 42.0000, 1.380e-8
178.0000, 42.0000, 1.265e-8
180.0000, 42.0000, 1.385e-8
182.0000, 42.0000, 1.464e-8
184.0000, 42.0000, 1.346e-8
186.0000, 42.0000, 1.327e-8
188.0000, 42.0000, 1.439e-8
190.0000, 42.0000, 1.424e-8
192.0000, 42.0000, 1.326e-8
194.0000, 42.0000, 1.323e-8
196.0000, 42.0000, 1.389e-8
198.0000, 42.0000, 1.415e-8
200.0000, 42.0000, 1.435e-8
202.0000, 42.0000, 1.419e-8
204.0000, 42.0000, 1.497e-8
206.0000, 42.0000, 1.576e-8
208.0000, 42.0000, 1.482e-8
210.0000, 42.0000, 1.421e-8
212.0000, 42.0000, 1.625e-8
214.0000, 42.0000, 1.684e-8
216.0000, 42.0000, 1.594e-8
218.0000, 42.0000, 1.614e-8
220.0000, 42.0000, 1.755e-8
222.0000, 42.0000, 1.697e-8
224.0000, 42.0000, 1.612e-8
226.0000, 42.0000, 1.629e-8
228.0000, 42.0000, 1.746e-8
230.0000, 42.0000, 1.784e-8
232.0000, 42.0000, 1.697e-8
234.0000, 42.0000, 1.731e-8
236.0000, 42.0000, 1.886e-8
238.0000, 42.0000, 1.916e-8
240.0000, 42.0000, 1.855e-8
242.0000, 42.0000, 2.019e-8
244.0000, 42.0000, 2.080e-8
246.0000, 42.0000, 2.015e-8
248.0000, 42.0000, 1.962e-8
0.0000, 44.0000, 2.630e-8
2.0000, 44.0000, 2.579e-8
4.0000, 44.0000, 2.557e-8
6.0000, 44.0000, 2.541e-8
8.0000, 44.0000, 2.510e-8
10.0000, 44.0000, 2.615e-8
12.0000, 44.0000, 2.767e-8
14.0000, 44.0000, 2.682e-8
16.0000, 44.0000, 2.795e-8
18.0000, 44.0000, 3.095e-8
20.0000, 44.0000, 3.001e-8
22.0000, 44.0000, 2.817e-8
24.0000, 44.0000, 2.891e-8
26.0000, 44.0000, 2.976e-8
28.0000, 44.0000, 2.921e-8
30.0000, 44.0000, 2.886e-8
32.0000, 44.0000, 2.954e-8
34.0000, 44.0000, 3.037e-8
36.0000, 44.0000, 3.068e-8
38.0000, 44.0000, 3.084e-8
40.0000, 44.0000, 3.197e-8
42.0000, 44.0000, 3.232e-8
44.0000, 44.0000, 3.158e-8
46.0000, 44.0000, 3.046e-8
48.0000, 44.0000, 2.916e-8
50.0000, 44.0000, 2.733e-8
52.0000, 44.0000, 2.545e-8
54.0000, 44.0000, 2.334e-8
56.0000, 44.0000, 2.122e-8
58.0000, 44.0000, 1.937e-8
60.0000, 44.0000, 1.793e-8
62.0000, 44.0000, 1.673e-8
64.0000, 44.0000, 1.502e-8
66.0000, 44.0000, 1.470e-8
68.0000, 44.0000, 1.494e-8
70.0000, 44.0000, 1.326e-8
72.0000, 44.0000, 1.200e-8
74.0000, 44.0000, 1.184e-8
76.0000, 44.0000, 1.165e-8
78.0000, 44.0000, 1.129e-8
80.0000, 44.0000, 1.078e-8
82.0000, 44.0000, 1.048e-8
84.0000, 44.0000, 1.210e-8
86.0000, 44.0000, 1.223e-8
88.0000, 44.0000, 1.101e-8
90.0000, 44.0000, 1.165e-8
92.0000, 44.0000, 1.158e-8
94.0000, 44.0000, 1.074e-8
96.0000, 44.0000, 1.086e-8
98.0000, 44.0000, 1.122e-8
100.0000, 44.0000, 1.058e-8
102.0000, 44.0000, 1.139e-8
104.0000, 44.0000, 1.185e-8
106.0000, 44.0000, 1.162e-8
108.0000, 44.0000, 1.101e-8
110.0000, 44.0000, 1.023e-8
112.0000, 44.0000, 1.072e-8
114.0000, 44.0000, 1.288e-8
116.0000, 44.0000, 1.216e-8
118.0000, 44.0000, 1.126e-8
120.0000, 44.0000, 1.372e-8
122.0000, 44.0000, 1.278e-8
124.0000, 44.0000, 1.126e-8
126.0000, 44.0000, 1.328e-8
128.0000, 44.0000, 1.398e-8
130.0000, 44.0000, 1.210e-8
132.0000, 44.0000, 1.353e-8
134.0000, 44.0000, 1.419e-8
136.0000, 44.0000, 1.281e-8
138.0000, 44.0000, 1.173e-8
140.0000, 44.0000, 1.152e-8
142.0000, 44.0000, 1.185e-8
144.0000, 44.0000, 1.290e-8
146.0000, 44.0000, 1.244e-8
148.0000, 44.0000, 1.193e-8
150.0000, 44.0000, 1.483e-8
152.0000, 44.0000, 1.501e-8
154.0000, 44.0000, 1.396e-8
156.0000, 44.0000, 1.535e-8
158.0000, 44.0000, 1.622e-8
160.0000, 44.0000, 1.431e-8
162.0000, 44.0000, 1.550e-8
164.0000, 44.0000, 1.774e-8
166.0000, 44.0000, 1.579e-8
168.0000, 44.0000, 1.426e-8
170.0000, 44.0000, 1.675e-8
172.0000, 44.0000, 1.678e-8
174.0000, 44.0000, 1.420e-8
176.0000, 44.0000, 1.250e-8
178.0000, 44.0000, 1.349e-8
180.0000, 44.0000, 1.487e-8
182.0000, 44.0000, 1.353e-8
184.0000, 44.0000, 1.295e-8
186.0000, 44.0000, 1.525e-8
188.0000, 44.0000, 1.613e-8
190.0000, 44.0000, 1.434e-8
192.0000, 44.0000, 1.443e-8
194.0000, 44.0000, 1.593e-8
196.0000, 44.0000, 1.521e-8
198.0000, 44.0000, 1.381e-8
200.0000, 44.0000, 1.519e-8
202.0000, 44.0000, 1.588e-8
204.0000, 44.0000, 1.485e-8
206.0000, 44.0000, 1.455e-8
208.0000, 44.0000, 1.539e-8
210.0000, 44.0000, 1.591e-8
212.0000, 44.0000, 1.526e-8
214.0000, 44.0000, 1.488e-8
216.0000, 44.0000, 1.615e-8
218.0000, 44.0000, 1.688e-8
220.0000, 44.0000, 1.580e-8
222.0000, 44.0000, 1.564e-8
224.0000, 44.0000, 1.754e-8
226.0000, 44.0000, 1.867e-8
228.0000, 44.0000, 1.779e-8
230.0000, 44.0000, 1.759e-8
232.0000, 44.0000, 1.901e-8
234.0000, 44.0000, 1.846e-8
236.0000, 44.0000, 1.799e-8
238.0000, 44.0000, 1.913e-8
240.0000, 44.0000, 1.989e-8
242.0000, 44.0000, 1.922e-8
244.0000, 44.0000, 1.867e-8
246.0000, 44.0000, 1.919e-8
248.0000, 44.0000, 2.024e-8
0.0000, 46.0000, 3.355e-8
2.0000, 46.0000, 3.000e-8
4.0000, 46.0000, 2.749e-8
6.0000, 46.0000, 2.626e-8
8.0000, 46.0000, 2.587e-8
10.0000, 46.0000, 2.545e-8
12.0000, 46.0000, 2.667e-8
14.0000, 46.0000, 2.849e-8
16.0000, 46.0000, 2.786e-8
18.0000, 46.0000, 2.887e-8
20.0000, 46.0000, 3.325e-8
22.0000, 46.0000, 3.265e-8
24.0000, 46.0000, 3.055e-8
26.0000, 46.0000, 3.122e-8
28.0000, 46.0000, 3.290e-8
30.0000, 46.0000, 3.246e-8
32.0000, 46.0000, 3.246e-8
34.0000, 46.0000, 3.306e-8
36.0000, 46.0000, 3.289e-8
38.0000, 46.0000, 3.250e-8
40.0000, 46.0000, 3.248e-8
42.0000, 46.0000, 3.298e-8
44.0000, 46.0000, 3.309e-8
46.0000, 46.0000, 3.182e-8
48.0000, 46.0000, 2.998e-8
50.0000, 46.0000, 2.870e-8
52.0000, 46.0000, 2.659e-8
54.0000, 46.0000, 2.490e-8
56.0000, 46.0000, 2.289e-8
58.0000, 46.0000, 2.023e-8
60.0000, 46.0000, 1.881e-8
62.0000, 46.0000, 1.790e-8
64.0000, 46.0000, 1.571e-8
66.0000, 46.0000, 1.421e-8
68.0000, 46.0000, 1.379e-8
70.0000, 46.0000, 1.276e-8
72.0000, 46.0000, 1.176e-8
74.0000, 46.0000, 1.163e-8
76.0000, 46.0000, 1.170e-8
78.0000, 46.0000, 1.173e-8
80.0000, 46.0000, 1.115e-8
82.0000, 46.0000, 1.119e-8
84.0000, 46.0000, 1.296e-8
86.0000, 46.0000, 1.230e-8
88.0000, 46.0000, 1.106e-8
90.0000, 46.0000, 1.236e-8
92.0000, 46.0000, 1.286e-8
94.0000, 46.0000, 1.190e-8
96.0000, 46.0000, 1.125e-8
98.0000, 46.0000, 1.095e-8
100.0000, 46.0000, 1.117e-8
102.0000, 46.0000, 1.232e-8
104.0000, 46.0000, 1.158e-8
106.0000, 46.0000, 1.096e-8
108.0000, 46.0000, 1.228e-8
110.0000, 46.0000, 1.247e-8
112.0000, 46.0000, 1.148e-8
114.0000, 46.0000, 1.209e-8
116.0000, 46.0000, 1.182e-8
118.0000, 46.0000, 1.198e-8
120.0000, 46.0000, 1.362e-8
122.0000, 46.0000, 1.306e-8
124.0000, 46.0000, 1.147e-8
126.0000, 46.0000, 1.304e-8
128.0000, 46.0000, 1.581e-8
130.0000, 46.0000, 1.429e-8
132.0000, 46.0000, 1.225e-8
134.0000, 46.0000, 1.242e-8
136.0000, 46.0000, 1.243e-8
138.0000, 46.0000, 1.157e-8
140.0000, 46.0000, 1.131e-8
142.0000, 46.0000, 1.271e-8
144.0000, 46.0000, 1.458e-8
146.0000, 46.0000, 1.401e-8
148.0000, 46.0000, 1.290e-8
150.0000, 46.0000, 1.313e-8
152.0000, 46.0000, 1.440e-8
154.0000, 46.0000, 1.410e-8
156.0000, 46.0000, 1.399e-8
158.0000, 46.0000, 1.556e-8
160.0000, 46.0000, 1.488e-8
162.0000, 46.0000, 1.387e-8
164.0000, 46.0000, 1.478e-8
166.0000, 46.0000, 1.504e-8
168.0000, 46.0000, 1.371e-8
170.0000, 46.0000, 1.362e-8
172.0000, 46.0000, 1.406e-8
174.0000, 46.0000, 1.338e-8
176.0000, 46.0000, 1.300e-8
178.0000, 46.0000, 1.319e-8
180.0000, 46.0000, 1.362e-8
182.0000, 46.0000, 1.390e-8
184.0000, 46.0000, 1.352e-8
186.0000, 46.0000, 1.361e-8
188.0000, 46.0000, 1.455e-8
190.0000, 46.0000, 1.471e-8
192.0000, 46.0000, 1.386e-8
194.0000, 46.0000, 1.418e-8
196.0000, 46.0000, 1.530e-8
198.0000, 46.0000, 1.522e-8
200.0000, 46.0000, 1.483e-8
202.0000, 46.0000, 1.548e-8
204.0000, 46.0000, 1.544e-8
206.0000, 46.0000, 1.544e-8
208.0000, 46.0000, 1.580e-8
210.0000, 46.0000, 1.567e-8
212.0000, 46.0000, 1.555e-8
214.0000, 46.0000, 1.620e-8
216.0000, 46.0000, 1.647e-8
218.0000, 46.0000, 1.639e-8
220.0000, 46.0000, 1.694e-8
222.0000, 46.0000, 1.857e-8
224.0000, 46.0000, 1.808e-8
226.0000, 46.0000, 1.744e-8
228.0000, 46.0000, 1.831e-8
230.0000, 46.0000, 1.826e-8
232.0000, 46.0000, 1.763e-8
234.0000, 46.0000, 1.765e-8
236.0000, 46.0000, 1.845e-8
238.0000, 46.0000, 1.920e-8
240.0000, 46.0000, 1.936e-8
242.0000, 46.0000, 1.915e-8
244.0000, 46.0000, 1.990e-8
246.0000, 46.0000, 2.030e-8
248.0000, 46.0000, 1.982e-8
0.0000, 48.0000, 3.371e-8
2.0000, 48.0000, 3.462e-8
4.0000, 48.0000, 3.203e-8
6.0000, 48.0000, 2.874e-8
8.0000, 48.0000, 2.657e-8
10.0000, 48.0000, 2.610e-8
12.0000, 48.0000, 2.680e-8
14.0000, 48.0000, 2.631e-8
16.0000, 48.0000, 2.781e-8
18.0000, 48.0000, 3.130e-8
20.0000, 48.0000, 3.100e-8
22.0000, 48.0000, 2.986e-8
24.0000, 48.0000, 3.360e-8
26.0000, 48.0000, 3.528e-8
28.0000, 48.0000, 3.343e-8
30.0000, 48.0000, 3.283e-8
32.0000, 48.0000, 3.408e-8
34.0000, 48.0000, 3.471e-8
36.0000, 48.0000, 3.393e-8
38.0000, 48.0000, 3.385e-8
40.0000, 48.0000, 3.424e-8
42.0000, 48.0000, 3.413e-8
44.0000, 48.0000, 3.324e-8
46.0000, 48.0000, 3.206e-8
48.0000, 48.0000, 3.111e-8
50.0000, 48.0000, 2.941e-8
52.0000, 48.0000, 2.833e-8
54.0000, 48.0000, 2.650e-8
56.0000, 48.0000, 2.402e-8
58.0000, 48.0000, 2.180e-8
60.0000, 48.0000, 2.134e-8
62.0000, 48.0000, 1.859e-8
64.0000, 48.0000, 1.615e-8
66.0000, 48.0000, 1.672e-8
68.0000, 48.0000, 1.637e-8
70.0000, 48.0000, 1.395e-8
72.0000, 48.0000, 1.279e-8
74.0000, 48.0000, 1.371e-8
76.0000, 48.0000, 1.367e-8
78.0000, 48.0000, 1.243e-8
80.0000, 48.0000, 1.188e-8
82.0000, 48.0000, 1.317e-8
84.0000, 48.0000, 1.274e-8
86.0000, 48.0000, 1.167e-8
88.0000, 48.0000, 1.213e-8
90.0000, 48.0000, 1.321e-8
92.0000, 48.0000, 1.211e-8
94.0000, 48.0000, 1.227e-8
96.0000, 48.0000, 1.332e-8
98.0000, 48.0000, 1.291e-8
100.0000, 48.0000, 1.196e-8
102.0000, 48.0000, 1.164e-8
104.0000, 48.0000, 1.221e-8
106.0000, 48.0000, 1.235e-8
108.0000, 48.0000, 1.209e-8
110.0000, 48.0000, 1.207e-8
112.0000, 48.0000, 1.169e-8
114.0000, 48.0000, 1.226e-8
116.0000, 48.0000, 1.331e-8
118.0000, 48.0000, 1.292e-8
120.0000, 48.0000, 1.189e-8
122.0000, 48.0000, 1.332e-8
124.0000, 48.0000, 1.402e-8
126.0000, 48.0000, 1.385e-8
128.0000, 48.0000, 1.316e-8
130.0000, 48.0000, 1.195e-8
132.0000, 48.0000, 1.276e-8
134.0000, 48.0000, 1.429e-8
136.0000, 48.0000, 1.338e-8
138.0000, 48.0000, 1.226e-8
140.0000, 48.0000, 1.267e-8
142.0000, 48.0000, 1.309e-8
144.0000, 48.0000, 1.448e-8
146.0000, 48.0000, 1.511e-8
148.0000, 48.0000, 1.432e-8
150.0000, 48.0000, 1.390e-8
152.0000, 48.0000, 1.486e-8
154.0000, 48.0000, 1.501e-8
156.0000, 48.0000, 1.398e-8
158.0000, 48.0000, 1.326e-8
160.0000, 48.0000, 1.452e-8
162.0000, 48.0000, 1.542e-8
164.0000, 48.0000, 1.471e-8
166.0000, 48.0000, 1.381e-8
168.0000, 48.0000, 1.382e-8
170.0000, 48.0000, 1.516e-8
172.0000, 48.0000, 1.494e-8
174.0000, 48.0000, 1.388e-8
176.0000, 48.0000, 1.438e-8
178.0000, 48.0000, 1.519e-8
180.0000, 48.0000, 1.443e-8
182.0000, 48.0000, 1.468e-8
184.0000, 48.0000, 1.480e-8
186.0000, 48.0000, 1.416e-8
188.0000, 48.0000, 1.435e-8
190.0000, 48.0000, 1.539e-8
192.0000, 48.0000, 1.512e-8
194.0000, 48.0000, 1.473e-8
196.0000, 48.0000, 1.540e-8
198.0000, 48.0000, 1.599e-8
200.0000, 48.0000, 1.566e-8
202.0000, 48.0000, 1.572e-8
204.0000, 48.0000, 1.612e-8
206.0000, 48.0000, 1.608e-8
208.0000, 48.0000, 1.608e-8
210.0000, 48.0000, 1.651e-8
212.0000, 48.0000, 1.635e-8
214.0000, 48.0000, 1.635e-8
216.0000, 48.0000, 1.717e-8
218.0000, 48.0000, 1.767e-8
220.0000, 48.0000, 1.741e-8
222.0000, 48.0000, 1.709e-8
224.0000, 48.0000, 1.813e-8
226.0000, 48.0000, 1.850e-8
228.0000, 48.0000, 1.795e-8
230.0000, 48.0000, 1.838e-8
232.0000, 48.0000, 1.906e-8
234.0000, 48.0000, 1.870e-8
236.0000, 48.0000, 1.856e-8
238.0000, 48.0000, 1.945e-8
240.0000, 48.0000, 2.037e-8
242.0000, 48.0000, 1.985e-8
244.0000, 48.0000, 1.920e-8
246.0000, 48.0000, 1.968e-8
248.0000, 48.0000, 2.069e-8
0.0000, 50.0000, 3.476e-8
2.0000, 50.0000, 3.657e-8
4.0000, 50.0000, 3.327e-8
6.0000, 50.0000, 2.944e-8
8.0000, 50.0000, 2.720e-8
10.0000, 50.0000, 2.576e-8
12.0000, 50.0000, 2.510e-8
14.0000, 50.0000, 2.487e-8
16.0000, 50.0000, 2.654e-8
18.0000, 50.0000, 2.936e-8
20.0000, 50.0000, 2.901e-8
22.0000, 50.0000, 2.913e-8
24.0000, 50.0000, 3.275e-8
26.0000, 50.0000, 3.410e-8
28.0000, 50.0000, 3.331e-8
30.0000, 50.0000, 3.507e-8
32.0000, 50.0000, 3.565e-8
34.0000, 50.0000, 3.464e-8
36.0000, 50.0000, 3.492e-8
38.0000, 50.0000, 3.605e-8
40.0000, 50.0000, 3.564e-8
42.0000, 50.0000, 3.493e-8
44.0000, 50.0000, 3.403e-8
46.0000, 50.0000, 3.309e-8
48.0000, 50.0000, 3.215e-8
50.0000, 50.0000, 2.977e-8
52.0000, 50.0000, 2.837e-8
54.0000, 50.0000, 2.591e-8
56.0000, 50.0000, 2.290e-8
58.0000, 50.0000, 2.164e-8
60.0000, 50.0000, 2.169e-8
62.0000, 50.0000, 1.847e-8
64.0000, 50.0000, 1.670e-8
66.0000, 50.0000, 1.568e-8
68.0000, 50.0000, 1.450e-8
70.0000, 50.0000, 1.501e-8
72.0000, 50.0000, 1.468e-8
74.0000, 50.0000, 1.307e-8
76.0000, 50.0000, 1.329e-8
78.0000, 50.0000, 1.354e-8
80.0000, 50.0000, 1.231e-8
82.0000, 50.0000, 1.255e-8
84.0000, 50.0000, 1.279e-8
86.0000, 50.0000, 1.223e-8
88.0000, 50.0000, 1.230e-8
90.0000, 50.0000, 1.268e-8
92.0000, 50.0000, 1.209e-8
94.0000, 50.0000, 1.312e-8
96.0000, 50.0000, 1.363e-8
98.0000, 50.0000, 1.255e-8
100.0000, 50.0000, 1.275e-8
102.0000, 50.0000, 1.400e-8
104.0000, 50.0000, 1.333e-8
106.0000, 50.0000, 1.267e-8
108.0000, 50.0000, 1.285e-8
110.0000, 50.0000, 1.216e-8
112.0000, 50.0000, 1.186e-8
114.0000, 50.0000, 1.413e-8
116.0000, 50.0000, 1.443e-8
118.0000, 50.0000, 1.333e-8
120.0000, 50.0000, 1.370e-8
122.0000, 50.0000, 1.308e-8
124.0000, 50.0000, 1.406e-8
126.0000, 50.0000, 1.541e-8
128.0000, 50.0000, 1.387e-8
130.0000, 50.0000, 1.268e-8
132.0000, 50.0000, 1.444e-8
134.0000, 50.0000, 1.395e-8
136.0000, 50.0000, 1.265e-8
138.0000, 50.0000, 1.220e-8
140.0000, 50.0000, 1.252e-8
142.0000, 50.0000, 1.440e-8
144.0000, 50.0000, 1.444e-8
146.0000, 50.0000, 1.360e-8
148.0000, 50.0000, 1.381e-8
150.0000, 50.0000, 1.653e-8
152.0000, 50.0000, 1.669e-8
154.0000, 50.0000, 1.566e-8
156.0000, 50.0000, 1.557e-8
158.0000, 50.0000, 1.622e-8
160.0000, 50.0000, 1.552e-8
162.0000, 50.0000, 1.549e-8
164.0000, 50.0000, 1.634e-8
166.0000, 50.0000, 1.587e-8
168.0000, 50.0000, 1.436e-8
170.0000, 50.0000, 1.457e-8
172.0000, 50.0000, 1.481e-8
174.0000, 50.0000, 1.433e-8
176.0000, 50.0000, 1.407e-8
178.0000, 50.0000, 1.402e-8
180.0000, 50.0000, 1.417e-8
182.0000, 50.0000, 1.429e-8
184.0000, 50.0000, 1.383e-8
186.0000, 50.0000, 1.422e-8
188.0000, 50.0000, 1.490e-8
190.0000, 50.0000, 1.455e-8
192.0000, 50.0000, 1.461e-8
194.0000, 50.0000, 1.606e-8
196.0000, 50.0000, 1.647e-8
198.0000, 50.0000, 1.559e-8
200.0000, 50.0000, 1.568e-8
202.0000, 50.0000, 1.701e-8
204.0000, 50.0000, 1.676e-8
206.0000, 50.0000, 1.643e-8
208.0000, 50.0000, 1.721e-8
210.0000, 50.0000, 1.733e-8
212.0000, 50.0000, 1.664e-8
214.0000, 50.0000, 1.732e-8
216.0000, 50.0000, 1.866e-8
218.0000, 50.0000, 1.840e-8
220.0000, 50.0000, 1.738e-8
222.0000, 50.0000, 1.790e-8
224.0000, 50.0000, 1.895e-8
226.0000, 50.0000, 1.826e-8
228.0000, 50.0000, 1.736e-8
230.0000, 50.0000, 1.778e-8
232.0000, 50.0000, 1.929e-8
234.0000, 50.0000, 1.940e-8
236.0000, 50.0000, 1.908e-8
238.0000, 50.0000, 1.972e-8
240.0000, 50.0000, 2.053e-8
242.0000, 50.0000, 2.023e-8
244.0000, 50.0000, 1.997e-8
246.0000, 50.0000, 2.033e-8
248.0000, 50.0000, 2.066e-8
0.0000, 52.0000, 3.430e-8
2.0000, 52.0000, 3.125e-8
4.0000, 52.0000, 2.951e-8
6.0000, 52.0000, 2.767e-8
8.0000, 52.0000, 2.625e-8
10.0000, 52.0000, 2.543e-8
12.0000, 52.0000, 2.493e-8
14.0000, 52.0000, 2.483e-8
16.0000, 52.0000, 2.489e-8
18.0000, 52.0000, 2.735e-8
20.0000, 52.0000, 3.151e-8
22.0000, 52.0000, 3.090e-8
24.0000, 52.0000, 3.116e-8
26.0000, 52.0000, 3.339e-8
28.0000, 52.0000, 3.403e-8
30.0000, 52.0000, 3.377e-8
32.0000, 52.0000, 3.664e-8
34.0000, 52.0000, 3.775e-8
36.0000, 52.0000, 3.639e-8
38.0000, 52.0000, 3.591e-8
40.0000, 52.0000, 3.571e-8
42.0000, 52.0000, 3.537e-8
44.0000, 52.0000, 3.476e-8
46.0000, 52.0000, 3.353e-8
48.0000, 52.0000, 3.249e-8
50.0000, 52.0000, 3.153e-8
52.0000, 52.0000, 2.901e-8
54.0000, 52.0000, 2.851e-8
56.0000, 52.0000, 2.629e-8
58.0000, 52.0000, 2.249e-8
60.0000, 52.0000, 2.095e-8
62.0000, 52.0000, 1.869e-8
64.0000, 52.0000, 1.609e-8
66.0000, 52.0000, 1.544e-8
68.0000, 52.0000, 1.477e-8
70.0000, 52.0000, 1.336e-8
72.0000, 52.0000, 1.388e-8
74.0000, 52.0000, 1.313e-8
76.0000, 52.0000, 1.233e-8
78.0000, 52.0000, 1.245e-8
80.0000, 52.0000, 1.239e-8
82.0000, 52.0000, 1.193e-8
84.0000, 52.0000, 1.238e-8
86.0000, 52.0000, 1.179e-8
88.0000, 52.0000, 1.156e-8
90.0000, 52.0000, 1.344e-8
92.0000, 52.0000, 1.267e-8
94.0000, 52.0000, 1.196e-8
96.0000, 52.0000, 1.375e-8
98.0000, 52.0000, 1.376e-8
100.0000, 52.0000, 1.212e-8
102.0000, 52.0000, 1.209e-8
104.0000, 52.0000, 1.250e-8
106.0000, 52.0000, 1.193e-8
108.0000, 52.0000, 1.150e-8
110.0000, 52.0000, 1.205e-8
112.0000, 52.0000, 1.199e-8
114.0000, 52.0000, 1.266e-8
116.0000, 52.0000, 1.238e-8
118.0000, 52.0000, 1.150e-8
120.0000, 52.0000, 1.237e-8
122.0000, 52.0000, 1.392e-8
124.0000, 52.0000, 1.273e-8
126.0000, 52.0000, 1.267e-8
128.0000, 52.0000, 1.370e-8
130.0000, 52.0000, 1.373e-8
132.0000, 52.0000, 1.418e-8
134.0000, 52.0000, 1.407e-8
136.0000, 52.0000, 1.251e-8
138.0000, 52.0000, 1.242e-8
140.0000, 52.0000, 1.338e-8
142.0000, 52.0000, 1.233e-8
144.0000, 52.0000, 1.200e-8
146.0000, 52.0000, 1.448e-8
148.0000, 52.0000, 1.679e-8
150.0000, 52.0000, 1.616e-8
152.0000, 52.0000, 1.489e-8
154.0000, 52.0000, 1.400e-8
156.0000, 52.0000, 1.423e-8
158.0000, 52.0000, 1.407e-8
160.0000, 52.0000, 1.433e-8
162.0000, 52.0000, 1.459e-8
164.0000, 52.0000, 1.453e-8
166.0000, 52.0000, 1.445e-8
168.0000, 52.0000, 1.427e-8
170.0000, 52.0000, 1.472e-8
172.0000, 52.0000, 1.480e-8
174.0000, 52.0000, 1.445e-8
176.0000, 52.0000, 1.483e-8
178.0000, 52.0000, 1.452e-8
180.0000, 52.0000, 1.378e-8
182.0000, 52.0000, 1.420e-8
184.0000, 52.0000, 1.463e-8
186.0000, 52.0000, 1.422e-8
188.0000, 52.0000, 1.387e-8
190.0000, 52.0000, 1.435e-8
192.0000, 52.0000, 1.496e-8
194.0000, 52.0000, 1.512e-8
196.0000, 52.0000, 1.465e-8
198.0000, 52.0000, 1.466e-8
200.0000, 52.0000, 1.642e-8
202.0000, 52.0000, 1.722e-8
204.0000, 52.0000, 1.645e-8
206.0000, 52.0000, 1.638e-8
208.0000, 52.0000, 1.722e-8
210.0000, 52.0000, 1.716e-8
212.0000, 52.0000, 1.671e-8
214.0000, 52.0000, 1.699e-8
216.0000, 52.0000, 1.705e-8
218.0000, 52.0000, 1.660e-8
220.0000, 52.0000, 1.705e-8
222.0000, 52.0000, 1.794e-8
224.0000, 52.0000, 1.732e-8
226.0000, 52.0000, 1.710e-8
228.0000, 52.0000, 1.853e-8
230.0000, 52.0000, 1.882e-8
232.0000, 52.0000, 1.810e-8
234.0000, 52.0000, 1.825e-8
236.0000, 52.0000, 1.959e-8
238.0000, 52.0000, 2.024e-8
240.0000, 52.0000, 1.951e-8
242.0000, 52.0000, 1.927e-8
244.0000, 52.0000, 2.000e-8
246.0000, 52.0000, 2.042e-8
248.0000, 52.0000, 2.010e-8
0.0000, 54.0000, 3.348e-8
2.0000, 54.0000, 3.418e-8
4.0000, 54.0000, 3.147e-8
6.0000, 54.0000, 2.824e-8
8.0000, 54.0000, 2.614e-8
10.0000, 54.0000, 2.509e-8
12.0000, 54.0000, 2.463e-8
14.0000, 54.0000, 2.445e-8
16.0000, 54.0000, 2.591e-8
18.0000, 54.0000, 2.814e-8
20.0000, 54.0000, 2.804e-8
22.0000, 54.0000, 2.798e-8
24.0000, 54.0000, 3.149e-8
26.0000, 54.0000, 3.328e-8
28.0000, 54.0000, 3.252e-8
30.0000, 54.0000, 3.256e-8
32.0000, 54.0000, 3.333e-8
34.0000, 54.0000, 3.389e-8
36.0000, 54.0000, 3.424e-8
38.0000, 54.0000, 3.479e-8
40.0000, 54.0000, 3.573e-8
42.0000, 54.0000, 3.572e-8
44.0000, 54.0000, 3.486e-8
46.0000, 54.0000, 3.362e-8
48.0000, 54.0000, 3.200e-8
50.0000, 54.0000, 2.985e-8
52.0000, 54.0000, 2.752e-8
54.0000, 54.0000, 2.510e-8
56.0000, 54.0000, 2.283e-8
58.0000, 54.0000, 2.069e-8
60.0000, 54.0000, 1.864e-8
62.0000, 54.0000, 1.683e-8
64.0000, 54.0000, 1.552e-8
66.0000, 54.0000, 1.445e-8
68.0000, 54.0000, 1.345e-8
70.0000, 54.0000, 1.281e-8
72.0000, 54.0000, 1.251e-8
74.0000, 54.0000, 1.193e-8
76.0000, 54.0000, 1.309e-8
78.0000, 54.0000, 1.337e-8
80.0000, 54.0000, 1.199e-8
82.0000, 54.0000, 1.176e-8
84.0000, 54.0000, 1.135e-8
86.0000, 54.0000, 1.162e-8
88.0000, 54.0000, 1.216e-8
90.0000, 54.0000, 1.163e-8
92.0000, 54.0000, 1.233e-8
94.0000, 54.0000, 1.243e-8
96.0000, 54.0000, 1.152e-8
98.0000, 54.0000, 1.150e-8
100.0000, 54.0000, 1.189e-8
102.0000, 54.0000, 1.122e-8
104.0000, 54.0000, 1.156e-8
106.0000, 54.0000, 1.222e-8
108.0000, 54.0000, 1.177e-8
110.0000, 54.0000, 1.107e-8
112.0000, 54.0000, 1.141e-8
114.0000, 54.0000, 1.114e-8
116.0000, 54.0000, 1.180e-8
118.0000, 54.0000, 1.279e-8
120.0000, 54.0000, 1.203e-8
122.0000, 54.0000, 1.242e-8
124.0000, 54.0000, 1.443e-8
126.0000, 54.0000, 1.352e-8
128.0000, 54.0000, 1.185e-8
130.0000, 54.0000, 1.150e-8
132.0000, 54.0000, 1.290e-8
134.0000, 54.0000, 1.565e-8
136.0000, 54.0000, 1.489e-8
138.0000, 54.0000, 1.246e-8
140.0000, 54.0000, 1.443e-8
142.0000, 54.0000, 1.660e-8
144.0000, 54.0000, 1.464e-8
146.0000, 54.0000, 1.315e-8
148.0000, 54.0000, 1.480e-8
150.0000, 54.0000, 1.549e-8
152.0000, 54.0000, 1.392e-8
154.0000, 54.0000, 1.376e-8
156.0000, 54.0000, 1.469e-8
158.0000, 54.0000, 1.526e-8
160.0000, 54.0000, 1.416e-8
162.0000, 54.0000, 1.498e-8
164.0000, 54.0000, 1.555e-8
166.0000, 54.0000, 1.433e-8
168.0000, 54.0000, 1.356e-8
170.0000, 54.0000, 1.438e-8
172.0000, 54.0000, 1.453e-8
174.0000, 54.0000, 1.332e-8
176.0000, 54.0000, 1.320e-8
178.0000, 54.0000, 1.425e-8
180.0000, 54.0000, 1.404e-8
182.0000, 54.0000, 1.322e-8
184.0000, 54.0000, 1.390e-8
186.0000, 54.0000, 1.468e-8
188.0000, 54.0000, 1.411e-8
190.0000, 54.0000, 1.362e-8
192.0000, 54.0000, 1.405e-8
194.0000, 54.0000, 1.491e-8
196.0000, 54.0000, 1.478e-8
198.0000, 54.0000, 1.410e-8
200.0000, 54.0000, 1.512e-8
202.0000, 54.0000, 1.778e-8
204.0000, 54.0000, 1.695e-8
206.0000, 54.0000, 1.562e-8
208.0000, 54.0000, 1.631e-8
210.0000, 54.0000, 1.725e-8
212.0000, 54.0000, 1.622e-8
214.0000, 54.0000, 1.620e-8
216.0000, 54.0000, 1.738e-8
218.0000, 54.0000, 1.724e-8
220.0000, 54.0000, 1.649e-8
222.0000, 54.0000, 1.700e-8
224.0000, 54.0000, 1.762e-8
226.0000, 54.0000, 1.722e-8
228.0000, 54.0000, 1.675e-8
230.0000, 54.0000, 1.718e-8
232.0000, 54.0000, 1.813e-8
234.0000, 54.0000, 1.804e-8
236.0000, 54.0000, 1.780e-8
238.0000, 54.0000, 1.868e-8
240.0000, 54.0000, 1.947e-8
242.0000, 54.0000, 1.917e-8
244.0000, 54.0000, 1.935e-8
246.0000, 54.0000, 2.000e-8
248.0000, 54.0000, 2.031e-8
0.0000, 56.0000, 3.386e-8
2.0000, 56.0000, 3.458e-8
4.0000, 56.0000, 3.137e-8
6.0000, 56.0000, 2.794e-8
8.0000, 56.0000, 2.577e-8
10.0000, 56.0000, 2.476e-8
12.0000, 56.0000, 2.443e-8
14.0000, 56.0000, 2.426e-8
16.0000, 56.0000, 2.680e-8
18.0000, 56.0000, 2.983e-8
20.0000, 56.0000, 2.912e-8
22.0000, 56.0000, 2.877e-8
24.0000, 56.0000, 3.063e-8
26.0000, 56.0000, 3.150e-8
28.0000, 56.0000, 3.150e-8
30.0000, 56.0000, 3.289e-8
32.0000, 56.0000, 3.401e-8
34.0000, 56.0000, 3.448e-8
36.0000, 56.0000, 3.466e-8
38.0000, 56.0000, 3.530e-8
40.0000, 56.0000, 3.685e-8
42.0000, 56.0000, 3.655e-8
44.0000, 56.0000, 3.519e-8
46.0000, 56.0000, 3.354e-8
48.0000, 56.0000, 3.166e-8
50.0000, 56.0000, 2.951e-8
52.0000, 56.0000, 2.736e-8
54.0000, 56.0000, 2.478e-8
56.0000, 56.0000, 2.288e-8
58.0000, 56.0000, 2.107e-8
60.0000, 56.0000, 1.846e-8
62.0000, 56.0000, 1.640e-8
64.0000, 56.0000, 1.492e-8
66.0000, 56.0000, 1.441e-8
68.0000, 56.0000, 1.409e-8
70.0000, 56.0000, 1.293e-8
72.0000, 56.0000, 1.282e-8
74.0000, 56.0000, 1.284e-8
76.0000, 56.0000, 1.214e-8
78.0000, 56.0000, 1.182e-8
80.0000, 56.0000, 1.261e-8
82.0000, 56.0000, 1.255e-8
84.0000, 56.0000, 1.195e-8
86.0000, 56.0000, 1.113e-8
88.0000, 56.0000, 1.089e-8
90.0000, 56.0000, 1.237e-8
92.0000, 56.0000, 1.248e-8
94.0000, 56.0000, 1.140e-8
96.0000, 56.0000, 1.171e-8
98.0000, 56.0000, 1.218e-8
100.0000, 56.0000, 1.179e-8
102.0000, 56.0000, 1.173e-8
104.0000, 56.0000, 1.155e-8
106.0000, 56.0000, 1.154e-8
108.0000, 56.0000, 1.221e-8
110.0000, 56.0000, 1.238e-8
112.0000, 56.0000, 1.186e-8
114.0000, 56.0000, 1.192e-8
116.0000, 56.0000, 1.175e-8
118.0000, 56.0000, 1.205e-8
120.0000, 56.0000, 1.287e-8
122.0000, 56.0000, 1.309e-8
124.0000, 56.0000, 1.265e-8
126.0000, 56.0000, 1.255e-8
128.0000, 56.0000, 1.308e-8
130.0000, 56.0000, 1.290e-8
132.0000, 56.0000, 1.408e-8
134.0000, 56.0000, 1.429e-8
136.0000, 56.0000, 1.279e-8
138.0000, 56.0000, 1.219e-8
140.0000, 56.0000, 1.386e-8
142.0000, 56.0000, 1.358e-8
144.0000, 56.0000, 1.285e-8
146.0000, 56.0000, 1.319e-8
148.0000, 56.0000, 1.363e-8
150.0000, 56.0000, 1.354e-8
152.0000, 56.0000, 1.401e-8
154.0000, 56.0000, 1.368e-8
156.0000, 56.0000, 1.352e-8
158.0000, 56.0000, 1.383e-8
160.0000, 56.0000, 1.441e-8
162.0000, 56.0000, 1.455e-8
164.0000, 56.0000, 1.434e-8
166.0000, 56.0000, 1.398e-8
168.0000, 56.0000, 1.412e-8
170.0000, 56.0000, 1.523e-8
172.0000, 56.0000, 1.483e-8
174.0000, 56.0000, 1.392e-8
176.0000, 56.0000, 1.467e-8
178.0000, 56.0000, 1.531e-8
180.0000, 56.0000, 1.412e-8
182.0000, 56.0000, 1.391e-8
184.0000, 56.0000, 1.459e-8
186.0000, 56.0000, 1.439e-8
188.0000, 56.0000, 1.403e-8
190.0000, 56.0000, 1.467e-8
192.0000, 56.0000, 1.513e-8
194.0000, 56.0000, 1.527e-8
196.0000, 56.0000, 1.492e-8
198.0000, 56.0000, 1.431e-8
200.0000, 56.0000, 1.484e-8
202.0000, 56.0000, 1.645e-8
204.0000, 56.0000, 1.617e-8
206.0000, 56.0000, 1.558e-8
208.0000, 56.0000, 1.627e-8
210.0000, 56.0000, 1.690e-8
212.0000, 56.0000, 1.613e-8
214.0000, 56.0000, 1.663e-8
216.0000, 56.0000, 1.792e-8
218.0000, 56.0000, 1.747e-8
220.0000, 56.0000, 1.657e-8
222.0000, 56.0000, 1.758e-8
224.0000, 56.0000, 1.829e-8
226.0000, 56.0000, 1.761e-8
228.0000, 56.0000, 1.704e-8
230.0000, 56.0000, 1.766e-8
232.0000, 56.0000, 1.811e-8
234.0000, 56.0000, 1.804e-8
236.0000, 56.0000, 1.827e-8
238.0000, 56.0000, 1.946e-8
240.0000, 56.0000, 2.008e-8
242.0000, 56.0000, 1.925e-8
244.0000, 56.0000, 1.923e-8
246.0000, 56.0000, 2.011e-8
248.0000, 56.0000, 2.024e-8
0.0000, 58.0000, 3.167e-8
2.0000, 58.0000, 3.188e-8
4.0000, 58.0000, 2.941e-8
6.0000, 58.0000, 2.688e-8
8.0000, 58.0000, 2.518e-8
10.0000, 58.0000, 2.441e-8
12.0000, 58.0000, 2.428e-8
14.0000, 58.0000, 2.423e-8
16.0000, 58.0000, 2.568e-8
18.0000, 58.0000, 2.860e-8
20.0000, 58.0000, 2.898e-8
22.0000, 58.0000, 2.860e-8
24.0000, 58.0000, 3.153e-8
26.0000, 58.0000, 3.365e-8
28.0000, 58.0000, 3.308e-8
30.0000, 58.0000, 3.284e-8
32.0000, 58.0000, 3.393e-8
34.0000, 58.0000, 3.470e-8
36.0000, 58.0000, 3.490e-8
38.0000, 58.0000, 3.527e-8
40.0000, 58.0000, 3.565e-8
42.0000, 58.0000, 3.530e-8
44.0000, 58.0000, 3.442e-8
46.0000, 58.0000, 3.334e-8
48.0000, 58.0000, 3.188e-8
50.0000, 58.0000, 2.947e-8
52.0000, 58.0000, 2.690e-8
54.0000, 58.0000, 2.438e-8
56.0000, 58.0000, 2.176e-8
58.0000, 58.0000, 1.971e-8
60.0000, 58.0000, 1.875e-8
62.0000, 58.0000, 1.646e-8
64.0000, 58.0000, 1.497e-8
66.0000, 58.0000, 1.506e-8
68.0000, 58.0000, 1.441e-8
70.0000, 58.0000, 1.289e-8
72.0000, 58.0000, 1.231e-8
74.0000, 58.0000, 1.281e-8
76.0000, 58.0000, 1.237e-8
78.0000, 58.0000, 1.174e-8
80.0000, 58.0000, 1.271e-8
82.0000, 58.0000, 1.274e-8
84.0000, 58.0000, 1.162e-8
86.0000, 58.0000, 1.193e-8
88.0000, 58.0000, 1.329e-8
90.0000, 58.0000, 1.210e-8
92.0000, 58.0000, 1.071e-8
94.0000, 58.0000, 1.225e-8
96.0000, 58.0000, 1.307e-8
98.0000, 58.0000, 1.207e-8
100.0000, 58.0000, 1.150e-8
102.0000, 58.0000, 1.305e-8
104.0000, 58.0000, 1.312e-8
106.0000, 58.0000, 1.173e-8
108.0000, 58.0000, 1.158e-8
110.0000, 58.0000, 1.393e-8
112.0000, 58.0000, 1.316e-8
114.0000, 58.0000, 1.160e-8
116.0000, 58.0000, 1.312e-8
118.0000, 58.0000, 1.498e-8
120.0000, 58.0000, 1.337e-8
122.0000, 58.0000, 1.235e-8
124.0000, 58.0000, 1.247e-8
126.0000, 58.0000, 1.361e-8
128.0000, 58.0000, 1.444e-8
130.0000, 58.0000, 1.293e-8
132.0000, 58.0000, 1.262e-8
134.0000, 58.0000, 1.482e-8
136.0000, 58.0000, 1.437e-8
138.0000, 58.0000, 1.270e-8
140.0000, 58.0000, 1.260e-8
142.0000, 58.0000, 1.304e-8
144.0000, 58.0000, 1.326e-8
146.0000, 58.0000, 1.400e-8
148.0000, 58.0000, 1.426e-8
150.0000, 58.0000, 1.373e-8
152.0000, 58.0000, 1.422e-8
154.0000, 58.0000, 1.395e-8
156.0000, 58.0000, 1.386e-8
158.0000, 58.0000, 1.417e-8
160.0000, 58.0000, 1.416e-8
162.0000, 58.0000, 1.462e-8
164.0000, 58.0000, 1.480e-8
166.0000, 58.0000, 1.441e-8
168.0000, 58.0000, 1.421e-8
170.0000, 58.0000, 1.557e-8
172.0000, 58.0000, 1.614e-8
174.0000, 58.0000, 1.489e-8
176.0000, 58.0000, 1.415e-8
178.0000, 58.0000, 1.457e-8
180.0000, 58.0000, 1.486e-8
182.0000, 58.0000, 1.449e-8
184.0000, 58.0000, 1.391e-8
186.0000, 58.0000, 1.416e-8
188.0000, 58.0000, 1.457e-8
190.0000, 58.0000, 1.434e-8
192.0000, 58.0000, 1.414e-8
194.0000, 58.0000, 1.443e-8
196.0000, 58.0000, 1.487e-8
198.0000, 58.0000, 1.498e-8
200.0000, 58.0000, 1.519e-8
202.0000, 58.0000, 1.550e-8
204.0000, 58.0000, 1.594e-8
206.0000, 58.0000, 1.635e-8
208.0000, 58.0000, 1.623e-8
210.0000, 58.0000, 1.586e-8
212.0000, 58.0000, 1.601e-8
214.0000, 58.0000, 1.663e-8
216.0000, 58.0000, 1.707e-8
218.0000, 58.0000, 1.697e-8
220.0000, 58.0000, 1.707e-8
222.0000, 58.0000, 1.741e-8
224.0000, 58.0000, 1.752e-8
226.0000, 58.0000, 1.734e-8
228.0000, 58.0000, 1.730e-8
230.0000, 58.0000, 1.802e-8
232.0000, 58.0000, 1.907e-8
234.0000, 58.0000, 1.858e-8
236.0000, 58.0000, 1.795e-8
238.0000, 58.0000, 1.884e-8
240.0000, 58.0000, 1.953e-8
242.0000, 58.0000, 1.946e-8
244.0000, 58.0000, 1.948e-8
246.0000, 58.0000, 1.956e-8
248.0000, 58.0000, 2.001e-8
0.0000, 60.0000, 3.225e-8
2.0000, 60.0000, 3.323e-8
4.0000, 60.0000, 3.051e-8
6.0000, 60.0000, 2.748e-8
8.0000, 60.0000, 2.543e-8
10.0000, 60.0000, 2.479e-8
12.0000, 60.0000, 2.526e-8
14.0000, 60.0000, 2.515e-8
16.0000, 60.0000, 2.537e-8
18.0000, 60.0000, 2.680e-8
20.0000, 60.0000, 2.777e-8
22.0000, 60.0000, 2.799e-8
24.0000, 60.0000, 3.028e-8
26.0000, 60.0000, 3.243e-8
28.0000, 60.0000, 3.258e-8
30.0000, 60.0000, 3.285e-8
32.0000, 60.0000, 3.397e-8
34.0000, 60.0000, 3.480e-8
36.0000, 60.0000, 3.507e-8
38.0000, 60.0000, 3.528e-8
40.0000, 60.0000, 3.537e-8
42.0000, 60.0000, 3.510e-8
44.0000, 60.0000, 3.420e-8
46.0000, 60.0000, 3.280e-8
48.0000, 60.0000, 3.100e-8
50.0000, 60.0000, 2.883e-8
52.0000, 60.0000, 2.639e-8
54.0000, 60.0000, 2.450e-8
56.0000, 60.0000, 2.197e-8
58.0000, 60.0000, 1.978e-8
60.0000, 60.0000, 1.888e-8
62.0000, 60.0000, 1.646e-8
64.0000, 60.0000, 1.533e-8
66.0000, 60.0000, 1.662e-8
68.0000, 60.0000, 1.556e-8
70.0000, 60.0000, 1.322e-8
72.0000, 60.0000, 1.224e-8
74.0000, 60.0000, 1.267e-8
76.0000, 60.0000, 1.247e-8
78.0000, 60.0000, 1.170e-8
80.0000, 60.0000, 1.155e-8
82.0000, 60.0000, 1.357e-8
84.0000, 60.0000, 1.268e-8
86.0000, 60.0000, 1.162e-8
88.0000, 60.0000, 1.330e-8
90.0000, 60.0000, 1.414e-8
92.0000, 60.0000, 1.194e-8
94.0000, 60.0000, 1.164e-8
96.0000, 60.0000, 1.431e-8
98.0000, 60.0000, 1.427e-8
100.0000, 60.0000, 1.213e-8
102.0000, 60.0000, 1.203e-8
104.0000, 60.0000, 1.260e-8
106.0000, 60.0000, 1.202e-8
108.0000, 60.0000, 1.166e-8
110.0000, 60.0000, 1.281e-8
112.0000, 60.0000, 1.302e-8
114.0000, 60.0000, 1.190e-8
116.0000, 60.0000, 1.201e-8
118.0000, 60.0000, 1.510e-8
120.0000, 60.0000, 1.571e-8
122.0000, 60.0000, 1.348e-8
124.0000, 60.0000, 1.301e-8
126.0000, 60.0000, 1.431e-8
128.0000, 60.0000, 1.449e-8
130.0000, 60.0000, 1.329e-8
132.0000, 60.0000, 1.224e-8
134.0000, 60.0000, 1.416e-8
136.0000, 60.0000, 1.536e-8
138.0000, 60.0000, 1.361e-8
140.0000, 60.0000, 1.215e-8
142.0000, 60.0000, 1.346e-8
144.0000, 60.0000, 1.410e-8
146.0000, 60.0000, 1.359e-8
148.0000, 60.0000, 1.338e-8
150.0000, 60.0000, 1.417e-8
152.0000, 60.0000, 1.418e-8
154.0000, 60.0000, 1.328e-8
156.0000, 60.0000, 1.307e-8
158.0000, 60.0000, 1.387e-8
160.0000, 60.0000, 1.454e-8
162.0000, 60.0000, 1.566e-8
164.0000, 60.0000, 1.634e-8
166.0000, 60.0000, 1.530e-8
168.0000, 60.0000, 1.373e-8
170.0000, 60.0000, 1.415e-8
172.0000, 60.0000, 1.560e-8
174.0000, 60.0000, 1.448e-8
176.0000, 60.0000, 1.346e-8
178.0000, 60.0000, 1.442e-8
180.0000, 60.0000, 1.585e-8
182.0000, 60.0000, 1.482e-8
184.0000, 60.0000, 1.409e-8
186.0000, 60.0000, 1.511e-8
188.0000, 60.0000, 1.523e-8
190.0000, 60.0000, 1.428e-8
192.0000, 60.0000, 1.478e-8
194.0000, 60.0000, 1.545e-8
196.0000, 60.0000, 1.491e-8
198.0000, 60.0000, 1.476e-8
200.0000, 60.0000, 1.591e-8
202.0000, 60.0000, 1.597e-8
204.0000, 60.0000, 1.591e-8
206.0000, 60.0000, 1.574e-8
208.0000, 60.0000, 1.565e-8
210.0000, 60.0000, 1.657e-8
212.0000, 60.0000, 1.701e-8
214.0000, 60.0000, 1.653e-8
216.0000, 60.0000, 1.668e-8
218.0000, 60.0000, 1.796e-8
220.0000, 60.0000, 1.799e-8
222.0000, 60.0000, 1.697e-8
224.0000, 60.0000, 1.710e-8
226.0000, 60.0000, 1.808e-8
228.0000, 60.0000, 1.816e-8
230.0000, 60.0000, 1.729e-8
232.0000, 60.0000, 1.775e-8
234.0000, 60.0000, 1.898e-8
236.0000, 60.0000, 1.907e-8
238.0000, 60.0000, 1.856e-8
240.0000, 60.0000, 1.865e-8
242.0000, 60.0000, 1.933e-8
244.0000, 60.0000, 1.964e-8
246.0000, 60.0000, 1.976e-8
248.0000, 60.0000, 2.003e-8
0.0000, 62.0000, 3.245e-8
2.0000, 62.0000, 3.323e-8
4.0000, 62.0000, 3.073e-8
6.0000, 62.0000, 2.901e-8
8.0000, 62.0000, 2.744e-8
10.0000, 62.0000, 2.629e-8
12.0000, 62.0000, 2.833e-8
14.0000, 62.0000, 2.845e-8
16.0000, 62.0000, 2.773e-8
18.0000, 62.0000, 2.944e-8
20.0000, 62.0000, 3.092e-8
22.0000, 62.0000, 3.070e-8
24.0000, 62.0000, 3.205e-8
26.0000, 62.0000, 3.343e-8
28.0000, 62.0000, 3.345e-8
30.0000, 62.0000, 3.400e-8
32.0000, 62.0000, 3.447e-8
34.0000, 62.0000, 3.545e-8
36.0000, 62.0000, 3.609e-8
38.0000, 62.0000, 3.580e-8
40.0000, 62.0000, 3.591e-8
42.0000, 62.0000, 3.473e-8
44.0000, 62.0000, 3.289e-8
46.0000, 62.0000, 3.126e-8
48.0000, 62.0000, 2.925e-8
50.0000, 62.0000, 2.653e-8
52.0000, 62.0000, 2.392e-8
54.0000, 62.0000, 2.166e-8
56.0000, 62.0000, 2.005e-8
58.0000, 62.0000, 1.827e-8
60.0000, 62.0000, 1.620e-8
62.0000, 62.0000, 1.540e-8
64.0000, 62.0000, 1.428e-8
66.0000, 62.0000, 1.344e-8
68.0000, 62.0000, 1.338e-8
70.0000, 62.0000, 1.361e-8
72.0000, 62.0000, 1.251e-8
74.0000, 62.0000, 1.227e-8
76.0000, 62.0000, 1.383e-8
78.0000, 62.0000, 1.329e-8
80.0000, 62.0000, 1.170e-8
82.0000, 62.0000, 1.187e-8
84.0000, 62.0000, 1.246e-8
86.0000, 62.0000, 1.281e-8
88.0000, 62.0000, 1.221e-8
90.0000, 62.0000, 1.117e-8
92.0000, 62.0000, 1.269e-8
94.0000, 62.0000, 1.253e-8
96.0000, 62.0000, 1.129e-8
98.0000, 62.0000, 1.118e-8
100.0000, 62.0000, 1.193e-8
102.0000, 62.0000, 1.167e-8
104.0000, 62.0000, 1.129e-8
106.0000, 62.0000, 1.164e-8
108.0000, 62.0000, 1.214e-8
110.0000, 62.0000, 1.239e-8
112.0000, 62.0000, 1.350e-8
114.0000, 62.0000, 1.341e-8
116.0000, 62.0000, 1.294e-8
118.0000, 62.0000, 1.248e-8
120.0000, 62.0000, 1.257e-8
122.0000, 62.0000, 1.347e-8
124.0000, 62.0000, 1.302e-8
126.0000, 62.0000, 1.283e-8
128.0000, 62.0000, 1.519e-8
130.0000, 62.0000, 1.541e-8
132.0000, 62.0000, 1.348e-8
134.0000, 62.0000, 1.345e-8
136.0000, 62.0000, 1.523e-8
138.0000, 62.0000, 1.513e-8
140.0000, 62.0000, 1.292e-8
142.0000, 62.0000, 1.219e-8
144.0000, 62.0000, 1.370e-8
146.0000, 62.0000, 1.386e-8
148.0000, 62.0000, 1.304e-8
150.0000, 62.0000, 1.309e-8
152.0000, 62.0000, 1.337e-8
154.0000, 62.0000, 1.356e-8
156.0000, 62.0000, 1.458e-8
158.0000, 62.0000, 1.558e-8
160.0000, 62.0000, 1.473e-8
162.0000, 62.0000, 1.475e-8
164.0000, 62.0000, 1.651e-8
166.0000, 62.0000, 1.723e-8
168.0000, 62.0000, 1.575e-8
170.0000, 62.0000, 1.408e-8
172.0000, 62.0000, 1.501e-8
174.0000, 62.0000, 1.543e-8
176.0000, 62.0000, 1.433e-8
178.0000, 62.0000, 1.359e-8
180.0000, 62.0000, 1.398e-8
182.0000, 62.0000, 1.455e-8
184.0000, 62.0000, 1.431e-8
186.0000, 62.0000, 1.404e-8
188.0000, 62.0000, 1.428e-8
190.0000, 62.0000, 1.489e-8
192.0000, 62.0000, 1.478e-8
194.0000, 62.0000, 1.465e-8
196.0000, 62.0000, 1.537e-8
198.0000, 62.0000, 1.585e-8
200.0000, 62.0000, 1.560e-8
202.0000, 62.0000, 1.523e-8
204.0000, 62.0000, 1.568e-8
206.0000, 62.0000, 1.596e-8
208.0000, 62.0000, 1.601e-8
210.0000, 62.0000, 1.647e-8
212.0000, 62.0000, 1.659e-8
214.0000, 62.0000, 1.664e-8
216.0000, 62.0000, 1.670e-8
218.0000, 62.0000, 1.688e-8
220.0000, 62.0000, 1.726e-8
222.0000, 62.0000, 1.726e-8
224.0000, 62.0000, 1.731e-8
226.0000, 62.0000, 1.737e-8
228.0000, 62.0000, 1.737e-8
230.0000, 62.0000, 1.794e-8
232.0000, 62.0000, 1.782e-8
234.0000, 62.0000, 1.784e-8
236.0000, 62.0000, 1.914e-8
238.0000, 62.0000, 2.050e-8
240.0000, 62.0000, 2.008e-8
242.0000, 62.0000, 1.970e-8
244.0000, 62.0000, 2.018e-8
246.0000, 62.0000, 2.044e-8
248.0000, 62.0000, 2.003e-8
0.0000, 64.0000, 3.527e-8
2.0000, 64.0000, 3.768e-8
4.0000, 64.0000, 3.469e-8
6.0000, 64.0000, 3.030e-8
8.0000, 64.0000, 2.759e-8
10.0000, 64.0000, 2.572e-8
12.0000, 64.0000, 2.478e-8
14.0000, 64.0000, 2.456e-8
16.0000, 64.0000, 2.504e-8
18.0000, 64.0000, 2.684e-8
20.0000, 64.0000, 2.810e-8
22.0000, 64.0000, 2.867e-8
24.0000, 64.0000, 3.243e-8
26.0000, 64.0000, 3.489e-8
28.0000, 64.0000, 3.434e-8
30.0000, 64.0000, 3.479e-8
32.0000, 64.0000, 3.523e-8
34.0000, 64.0000, 3.510e-8
36.0000, 64.0000, 3.507e-8
38.0000, 64.0000, 3.493e-8
40.0000, 64.0000, 3.438e-8
42.0000, 64.0000, 3.343e-8
44.0000, 64.0000, 3.215e-8
46.0000, 64.0000, 3.101e-8
48.0000, 64.0000, 2.926e-8
50.0000, 64.0000, 2.716e-8
52.0000, 64.0000, 2.551e-8
54.0000, 64.0000, 2.274e-8
56.0000, 64.0000, 2.004e-8
58.0000, 64.0000, 1.793e-8
60.0000, 64.0000, 1.641e-8
62.0000, 64.0000, 1.497e-8
64.0000, 64.0000, 1.380e-8
66.0000, 64.0000, 1.340e-8
68.0000, 64.0000, 1.317e-8
70.0000, 64.0000, 1.233e-8
72.0000, 64.0000, 1.150e-8
74.0000, 64.0000, 1.324e-8
76.0000, 64.0000, 1.382e-8
78.0000, 64.0000, 1.221e-8
80.0000, 64.0000, 1.142e-8
82.0000, 64.0000, 1.215e-8
84.0000, 64.0000, 1.214e-8
86.0000, 64.0000, 1.144e-8
88.0000, 64.0000, 1.134e-8
90.0000, 64.0000, 1.243e-8
92.0000, 64.0000, 1.181e-8
94.0000, 64.0000, 1.088e-8
96.0000, 64.0000, 1.172e-8
98.0000, 64.0000, 1.244e-8
100.0000, 64.0000, 1.138e-8
102.0000, 64.0000, 1.140e-8
104.0000, 64.0000, 1.283e-8
106.0000, 64.0000, 1.251e-8
108.0000, 64.0000, 1.160e-8
110.0000, 64.0000, 1.231e-8
112.0000, 64.0000, 1.347e-8
114.0000, 64.0000, 1.278e-8
116.0000, 64.0000, 1.166e-8
118.0000, 64.0000, 1.141e-8
120.0000, 64.0000, 1.331e-8
122.0000, 64.0000, 1.323e-8
124.0000, 64.0000, 1.215e-8
126.0000, 64.0000, 1.307e-8
128.0000, 64.0000, 1.560e-8
130.0000, 64.0000, 1.779e-8
132.0000, 64.0000, 1.634e-8
134.0000, 64.0000, 1.376e-8
136.0000, 64.0000, 1.238e-8
138.0000, 64.0000, 1.245e-8
140.0000, 64.0000, 1.192e-8
142.0000, 64.0000, 1.185e-8
144.0000, 64.0000, 1.305e-8
146.0000, 64.0000, 1.367e-8
148.0000, 64.0000, 1.374e-8
150.0000, 64.0000, 1.385e-8
152.0000, 64.0000, 1.351e-8
154.0000, 64.0000, 1.363e-8
156.0000, 64.0000, 1.454e-8
158.0000, 64.0000, 1.465e-8
160.0000, 64.0000, 1.419e-8
162.0000, 64.0000, 1.334e-8
164.0000, 64.0000, 1.365e-8
166.0000, 64.0000, 1.517e-8
168.0000, 64.0000, 1.533e-8
170.0000, 64.0000, 1.416e-8
172.0000, 64.0000, 1.359e-8
174.0000, 64.0000, 1.527e-8
176.0000, 64.0000, 1.573e-8
178.0000, 64.0000, 1.441e-8
180.0000, 64.0000, 1.416e-8
182.0000, 64.0000, 1.592e-8
184.0000, 64.0000, 1.546e-8
186.0000, 64.0000, 1.409e-8
188.0000, 64.0000, 1.414e-8
190.0000, 64.0000, 1.519e-8
192.0000, 64.0000, 1.455e-8
194.0000, 64.0000, 1.405e-8
196.0000, 64.0000, 1.477e-8
198.0000, 64.0000, 1.519e-8
200.0000, 64.0000, 1.469e-8
202.0000, 64.0000, 1.486e-8
204.0000, 64.0000, 1.535e-8
206.0000, 64.0000, 1.550e-8
208.0000, 64.0000, 1.536e-8
210.0000, 64.0000, 1.555e-8
212.0000, 64.0000, 1.637e-8
214.0000, 64.0000, 1.651e-8
216.0000, 64.0000, 1.606e-8
218.0000, 64.0000, 1.597e-8
220.0000, 64.0000, 1.661e-8
222.0000, 64.0000, 1.710e-8
224.0000, 64.0000, 1.681e-8
226.0000, 64.0000, 1.651e-8
228.0000, 64.0000, 1.718e-8
230.0000, 64.0000, 1.784e-8
232.0000, 64.0000, 1.723e-8
234.0000, 64.0000, 1.736e-8
236.0000, 64.0000, 1.863e-8
238.0000, 64.0000, 1.926e-8
240.0000, 64.0000, 1.934e-8
242.0000, 64.0000, 1.909e-8
244.0000, 64.0000, 1.925e-8
246.0000, 64.0000, 1.980e-8
248.0000, 64.0000, 2.017e-8
0.0000, 66.0000, 3.600e-8
2.0000, 66.0000, 3.127e-8
4.0000, 66.0000, 2.794e-8
6.0000, 66.0000, 2.640e-8
8.0000, 66.0000, 2.598e-8
10.0000, 66.0000, 2.547e-8
12.0000, 66.0000, 2.588e-8
14.0000, 66.0000, 2.831e-8
16.0000, 66.0000, 2.888e-8
18.0000, 66.0000, 2.922e-8
20.0000, 66.0000, 3.282e-8
22.0000, 66.0000, 3.384e-8
24.0000, 66.0000, 3.294e-8
26.0000, 66.0000, 3.313e-8
28.0000, 66.0000, 3.405e-8
30.0000, 66.0000, 3.435e-8
32.0000, 66.0000, 3.465e-8
34.0000, 66.0000, 3.502e-8
36.0000, 66.0000, 3.518e-8
38.0000, 66.0000, 3.480e-8
40.0000, 66.0000, 3.420e-8
42.0000, 66.0000, 3.478e-8
44.0000, 66.0000, 3.274e-8
46.0000, 66.0000, 3.067e-8
48.0000, 66.0000, 2.897e-8
50.0000, 66.0000, 2.610e-8
52.0000, 66.0000, 2.321e-8
54.0000, 66.0000, 2.220e-8
56.0000, 66.0000, 2.012e-8
58.0000, 66.0000, 1.747e-8
60.0000, 66.0000, 1.576e-8
62.0000, 66.0000, 1.453e-8
64.0000, 66.0000, 1.460e-8
66.0000, 66.0000, 1.418e-8
68.0000, 66.0000, 1.295e-8
70.0000, 66.0000, 1.366e-8
72.0000, 66.0000, 1.502e-8
74.0000, 66.0000, 1.306e-8
76.0000, 66.0000, 1.305e-8
78.0000, 66.0000, 1.409e-8
80.0000, 66.0000, 1.264e-8
82.0000, 66.0000, 1.237e-8
84.0000, 66.0000, 1.252e-8
86.0000, 66.0000, 1.161e-8
88.0000, 66.0000, 1.124e-8
90.0000, 66.0000, 1.220e-8
92.0000, 66.0000, 1.114e-8
94.0000, 66.0000, 1.165e-8
96.0000, 66.0000, 1.232e-8
98.0000, 66.0000, 1.142e-8
100.0000, 66.0000, 1.156e-8
102.0000, 66.0000, 1.143e-8
104.0000, 66.0000, 1.090e-8
106.0000, 66.0000, 1.093e-8
108.0000, 66.0000, 1.113e-8
110.0000, 66.0000, 1.179e-8
112.0000, 66.0000, 1.864e-8
114.0000, 66.0000, 2.171e-8
116.0000, 66.0000, 1.776e-8
118.0000, 66.0000, 1.622e-8
120.0000, 66.0000, 1.650e-8
122.0000, 66.0000, 1.411e-8
124.0000, 66.0000, 1.334e-8
126.0000, 66.0000, 1.552e-8
128.0000, 66.0000, 1.490e-8
130.0000, 66.0000, 1.330e-8
132.0000, 66.0000, 1.616e-8
134.0000, 66.0000, 1.667e-8
136.0000, 66.0000, 1.450e-8
138.0000, 66.0000, 1.266e-8
140.0000, 66.0000, 1.389e-8
142.0000, 66.0000, 1.583e-8
144.0000, 66.0000, 1.433e-8
146.0000, 66.0000, 1.343e-8
148.0000, 66.0000, 1.608e-8
150.0000, 66.0000, 1.757e-8
152.0000, 66.0000, 1.564e-8
154.0000, 66.0000, 1.622e-8
156.0000, 66.0000, 1.804e-8
158.0000, 66.0000, 1.702e-8
160.0000, 66.0000, 1.547e-8
162.0000, 66.0000, 1.662e-8
164.0000, 66.0000, 1.687e-8
166.0000, 66.0000, 1.542e-8
168.0000, 66.0000, 1.442e-8
170.0000, 66.0000, 1.559e-8
172.0000, 66.0000, 1.510e-8
174.0000, 66.0000, 1.401e-8
176.0000, 66.0000, 1.362e-8
178.0000, 66.0000, 1.383e-8
180.0000, 66.0000, 1.423e-8
182.0000, 66.0000, 1.374e-8
184.0000, 66.0000, 1.355e-8
186.0000, 66.0000, 1.433e-8
188.0000, 66.0000, 1.476e-8
190.0000, 66.0000, 1.414e-8
192.0000, 66.0000, 1.477e-8
194.0000, 66.0000, 1.526e-8
196.0000, 66.0000, 1.495e-8
198.0000, 66.0000, 1.476e-8
200.0000, 66.0000, 1.518e-8
202.0000, 66.0000, 1.477e-8
204.0000, 66.0000, 1.451e-8
206.0000, 66.0000, 1.567e-8
208.0000, 66.0000, 1.647e-8
210.0000, 66.0000, 1.596e-8
212.0000, 66.0000, 1.595e-8
214.0000, 66.0000, 1.653e-8
216.0000, 66.0000, 1.729e-8
218.0000, 66.0000, 1.719e-8
220.0000, 66.0000, 1.639e-8
222.0000, 66.0000, 1.670e-8
224.0000, 66.0000, 1.704e-8
226.0000, 66.0000, 1.675e-8
228.0000, 66.0000, 1.645e-8
230.0000, 66.0000, 1.669e-8
232.0000, 66.0000, 1.750e-8
234.0000, 66.0000, 1.812e-8
236.0000, 66.0000, 1.861e-8
238.0000, 66.0000, 1.955e-8
240.0000, 66.0000, 2.010e-8
242.0000, 66.0000, 1.961e-8
244.0000, 66.0000, 1.958e-8
246.0000, 66.0000, 2.036e-8
248.0000, 66.0000, 2.079e-8
0.0000, 68.0000, 3.674e-8
2.0000, 68.0000, 3.660e-8
4.0000, 68.0000, 3.397e-8
6.0000, 68.0000, 2.998e-8
8.0000, 68.0000, 2.716e-8
10.0000, 68.0000, 2.572e-8
12.0000, 68.0000, 2.748e-8
14.0000, 68.0000, 2.900e-8
16.0000, 68.0000, 2.840e-8
18.0000, 68.0000, 3.103e-8
20.0000, 68.0000, 3.509e-8
22.0000, 68.0000, 3.452e-8
24.0000, 68.0000, 3.473e-8
26.0000, 68.0000, 3.641e-8
28.0000, 68.0000, 3.590e-8
30.0000, 68.0000, 3.538e-8
32.0000, 68.0000, 3.580e-8
34.0000, 68.0000, 3.535e-8
36.0000, 68.0000, 3.451e-8
38.0000, 68.0000, 3.376e-8
40.0000, 68.0000, 3.298e-8
42.0000, 68.0000, 3.315e-8
44.0000, 68.0000, 3.116e-8
46.0000, 68.0000, 3.093e-8
48.0000, 68.0000, 2.990e-8
50.0000, 68.0000, 2.563e-8
52.0000, 68.0000, 2.251e-8
54.0000, 68.0000, 2.274e-8
56.0000, 68.0000, 2.032e-8
58.0000, 68.0000, 1.750e-8
60.0000, 68.0000, 1.707e-8
62.0000, 68.0000, 1.574e-8
64.0000, 68.0000, 1.421e-8
66.0000, 68.0000, 1.313e-8
68.0000, 68.0000, 1.257e-8
70.0000, 68.0000, 1.376e-8
72.0000, 68.0000, 1.371e-8
74.0000, 68.0000, 1.212e-8
76.0000, 68.0000, 1.379e-8
78.0000, 68.0000, 1.486e-8
80.0000, 68.0000, 1.271e-8
82.0000, 68.0000, 1.336e-8
84.0000, 68.0000, 1.436e-8
86.0000, 68.0000, 1.305e-8
88.0000, 68.0000, 1.233e-8
90.0000, 68.0000, 1.286e-8
92.0000, 68.0000, 1.155e-8
94.0000, 68.0000, 1.308e-8
96.0000, 68.0000, 1.530e-8
98.0000, 68.0000, 1.408e-8
100.0000, 68.0000, 1.280e-8
102.0000, 68.0000, 1.410e-8
104.0000, 68.0000, 1.357e-8
106.0000, 68.0000, 1.207e-8
108.0000, 68.0000, 1.162e-8
110.0000, 68.0000, 1.250e-8
112.0000, 68.0000, 1.376e-8
114.0000, 68.0000, 1.299e-8
116.0000, 68.0000, 1.239e-8
118.0000, 68.0000, 1.407e-8
120.0000, 68.0000, 1.482e-8
122.0000, 68.0000, 1.304e-8
124.0000, 68.0000, 1.434e-8
126.0000, 68.0000, 1.663e-8
128.0000, 68.0000, 1.575e-8
130.0000, 68.0000, 1.345e-8
132.0000, 68.0000, 1.412e-8
134.0000, 68.0000, 1.463e-8
136.0000, 68.0000, 1.346e-8
138.0000, 68.0000, 1.256e-8
140.0000, 68.0000, 1.332e-8
142.0000, 68.0000, 1.456e-8
144.0000, 68.0000, 1.436e-8
146.0000, 68.0000, 1.377e-8
148.0000, 68.0000, 1.424e-8
150.0000, 68.0000, 1.533e-8
152.0000, 68.0000, 1.494e-8
154.0000, 68.0000, 1.437e-8
156.0000, 68.0000, 1.472e-8
158.0000, 68.0000, 1.548e-8
160.0000, 68.0000, 1.474e-8
162.0000, 68.0000, 1.430e-8
164.0000, 68.0000, 1.527e-8
166.0000, 68.0000, 1.526e-8
168.0000, 68.0000, 1.433e-8
170.0000, 68.0000, 1.384e-8
172.0000, 68.0000, 1.465e-8
174.0000, 68.0000, 1.495e-8
176.0000, 68.0000, 1.420e-8
178.0000, 68.0000, 1.380e-8
180.0000, 68.0000, 1.500e-8
182.0000, 68.0000, 1.540e-8
184.0000, 68.0000, 1.461e-8
186.0000, 68.0000, 1.447e-8
188.0000, 68.0000, 1.483e-8
190.0000, 68.0000, 1.447e-8
192.0000, 68.0000, 1.433e-8
194.0000, 68.0000, 1.522e-8
196.0000, 68.0000, 1.548e-8
198.0000, 68.0000, 1.505e-8
200.0000, 68.0000, 1.560e-8
202.0000, 68.0000, 1.636e-8
204.0000, 68.0000, 1.623e-8
206.0000, 68.0000, 1.576e-8
208.0000, 68.0000, 1.595e-8
210.0000, 68.0000, 1.718e-8
212.0000, 68.0000, 1.727e-8
214.0000, 68.0000, 1.660e-8
216.0000, 68.0000, 1.650e-8
218.0000, 68.0000, 1.760e-8
220.0000, 68.0000, 1.860e-8
222.0000, 68.0000, 1.772e-8
224.0000, 68.0000, 1.703e-8
226.0000, 68.0000, 1.787e-8
228.0000, 68.0000, 1.852e-8
230.0000, 68.0000, 1.786e-8
232.0000, 68.0000, 1.819e-8
234.0000, 68.0000, 1.896e-8
236.0000, 68.0000, 1.901e-8
238.0000, 68.0000, 1.887e-8
240.0000, 68.0000, 1.914e-8
242.0000, 68.0000, 1.907e-8
244.0000, 68.0000, 1.907e-8
246.0000, 68.0000, 1.970e-8
248.0000, 68.0000, 2.052e-8
0.0000, 70.0000, 3.602e-8
2.0000, 70.0000, 3.315e-8
4.0000, 70.0000, 3.065e-8
6.0000, 70.0000, 2.931e-8
8.0000, 70.0000, 2.984e-8
10.0000, 70.0000, 2.934e-8
12.0000, 70.0000, 3.139e-8
14.0000, 70.0000, 3.368e-8
16.0000, 70.0000, 3.388e-8
18.0000, 70.0000, 3.527e-8
20.0000, 70.0000, 3.885e-8
22.0000, 70.0000, 3.826e-8
24.0000, 70.0000, 3.737e-8
26.0000, 70.0000, 3.702e-8
28.0000, 70.0000, 3.510e-8
30.0000, 70.0000, 3.367e-8
32.0000, 70.0000, 3.279e-8
34.0000, 70.0000, 3.071e-8
36.0000, 70.0000, 3.018e-8
38.0000, 70.0000, 2.898e-8
40.0000, 70.0000, 2.573e-8
42.0000, 70.0000, 2.442e-8
44.0000, 70.0000, 2.178e-8
46.0000, 70.0000, 2.039e-8
48.0000, 70.0000, 2.097e-8
50.0000, 70.0000, 1.900e-8
52.0000, 70.0000, 1.594e-8
54.0000, 70.0000, 1.777e-8
56.0000, 70.0000, 1.782e-8
58.0000, 70.0000, 1.493e-8
60.0000, 70.0000, 1.504e-8
62.0000, 70.0000, 1.534e-8
64.0000, 70.0000, 1.362e-8
66.0000, 70.0000, 1.266e-8
68.0000, 70.0000, 1.220e-8
70.0000, 70.0000, 1.223e-8
72.0000, 70.0000, 1.412e-8
74.0000, 70.0000, 1.301e-8
76.0000, 70.0000, 1.235e-8
78.0000, 70.0000, 1.453e-8
80.0000, 70.0000, 1.475e-8
82.0000, 70.0000, 1.322e-8
84.0000, 70.0000, 1.279e-8
86.0000, 70.0000, 1.213e-8
88.0000, 70.0000, 1.170e-8
90.0000, 70.0000, 1.341e-8
92.0000, 70.0000, 1.353e-8
94.0000, 70.0000, 1.334e-8
96.0000, 70.0000, 1.462e-8
98.0000, 70.0000, 1.450e-8
100.0000, 70.0000, 1.322e-8
102.0000, 70.0000, 1.485e-8
104.0000, 70.0000, 1.579e-8
106.0000, 70.0000, 1.440e-8
108.0000, 70.0000, 1.313e-8
110.0000, 70.0000, 1.332e-8
112.0000, 70.0000, 1.422e-8
114.0000, 70.0000, 1.348e-8
116.0000, 70.0000, 1.309e-8
118.0000, 70.0000, 1.425e-8
120.0000, 70.0000, 1.477e-8
122.0000, 70.0000, 1.380e-8
124.0000, 70.0000, 1.317e-8
126.0000, 70.0000, 1.370e-8
128.0000, 70.0000, 1.426e-8
130.0000, 70.0000, 1.378e-8
132.0000, 70.0000, 1.403e-8
134.0000, 70.0000, 1.482e-8
136.0000, 70.0000, 1.466e-8
138.0000, 70.0000, 1.404e-8
140.0000, 70.0000, 1.532e-8
142.0000, 70.0000, 1.607e-8
144.0000, 70.0000, 1.489e-8
146.0000, 70.0000, 1.426e-8
148.0000, 70.0000, 1.507e-8
150.0000, 70.0000, 1.562e-8
152.0000, 70.0000, 1.543e-8
154.0000, 70.0000, 1.497e-8
156.0000, 70.0000, 1.551e-8
158.0000, 70.0000, 1.654e-8
160.0000, 70.0000, 1.604e-8
162.0000, 70.0000, 1.533e-8
164.0000, 70.0000, 1.608e-8
166.0000, 70.0000, 1.650e-8
168.0000, 70.0000, 1.565e-8
170.0000, 70.0000, 1.497e-8
172.0000, 70.0000, 1.585e-8
174.0000, 70.0000, 1.621e-8
176.0000, 70.0000, 1.560e-8
178.0000, 70.0000, 1.527e-8
180.0000, 70.0000, 1.548e-8
182.0000, 70.0000, 1.556e-8
184.0000, 70.0000, 1.551e-8
186.0000, 70.0000, 1.569e-8
188.0000, 70.0000, 1.592e-8
190.0000, 70.0000, 1.603e-8
192.0000, 70.0000, 1.573e-8
194.0000, 70.0000, 1.589e-8
196.0000, 70.0000, 1.703e-8
198.0000, 70.0000, 1.722e-8
200.0000, 70.0000, 1.647e-8
202.0000, 70.0000, 1.705e-8
204.0000, 70.0000, 1.769e-8
206.0000, 70.0000, 1.733e-8
208.0000, 70.0000, 1.674e-8
210.0000, 70.0000, 1.684e-8
212.0000, 70.0000, 1.713e-8
214.0000, 70.0000, 1.714e-8
216.0000, 70.0000, 1.731e-8
218.0000, 70.0000, 1.747e-8
220.0000, 70.0000, 1.757e-8
222.0000, 70.0000, 1.795e-8
224.0000, 70.0000, 1.772e-8
226.0000, 70.0000, 1.753e-8
228.0000, 70.0000, 1.797e-8
230.0000, 70.0000, 1.834e-8
232.0000, 70.0000, 1.840e-8
234.0000, 70.0000, 1.882e-8
236.0000, 70.0000, 1.932e-8
238.0000, 70.0000, 1.969e-8
240.0000, 70.0000, 2.003e-8
242.0000, 70.0000, 2.011e-8
244.0000, 70.0000, 1.992e-8
246.0000, 70.0000, 2.025e-8
248.0000, 70.0000, 2.074e-8
0.0000, 72.0000, 3.669e-8
2.0000, 72.0000, 3.299e-8
4.0000, 72.0000, 3.009e-8
6.0000, 72.0000, 3.046e-8
8.0000, 72.0000, 3.194e-8
10.0000, 72.0000, 3.123e-8
12.0000, 72.0000, 3.383e-8
14.0000, 72.0000, 3.613e-8
16.0000, 72.0000, 3.615e-8
18.0000, 72.0000, 3.688e-8
20.0000, 72.0000, 4.031e-8
22.0000, 72.0000, 3.938e-8
24.0000, 72.0000, 3.694e-8
26.0000, 72.0000, 3.575e-8
28.0000, 72.0000, 3.454e-8
30.0000, 72.0000, 3.231e-8
32.0000, 72.0000, 3.040e-8
34.0000, 72.0000, 2.841e-8
36.0000, 72.0000, 2.686e-8
38.0000, 72.0000, 2.525e-8
40.0000, 72.0000, 2.328e-8
42.0000, 72.0000, 2.341e-8
44.0000, 72.0000, 2.082e-8
46.0000, 72.0000, 1.849e-8
48.0000, 72.0000, 1.789e-8
50.0000, 72.0000, 1.657e-8
52.0000, 72.0000, 1.449e-8
54.0000, 72.0000, 1.483e-8
56.0000, 72.0000, 1.439e-8
58.0000, 72.0000, 1.261e-8
60.0000, 72.0000, 1.317e-8
62.0000, 72.0000, 1.404e-8
64.0000, 72.0000, 1.265e-8
66.0000, 72.0000, 1.218e-8
68.0000, 72.0000, 1.331e-8
70.0000, 72.0000, 1.414e-8
72.0000, 72.0000, 1.305e-8
74.0000, 72.0000, 1.282e-8
76.0000, 72.0000, 1.388e-8
78.0000, 72.0000, 1.382e-8
80.0000, 72.0000, 1.229e-8
82.0000, 72.0000, 1.145e-8
84.0000, 72.0000, 1.483e-8
86.0000, 72.0000, 1.549e-8
88.0000, 72.0000, 1.342e-8
90.0000, 72.0000, 1.321e-8
92.0000, 72.0000, 1.442e-8
94.0000, 72.0000, 1.348e-8
96.0000, 72.0000, 1.267e-8
98.0000, 72.0000, 1.308e-8
100.0000, 72.0000, 1.348e-8
102.0000, 72.0000, 1.267e-8
104.0000, 72.0000, 1.331e-8
106.0000, 72.0000, 1.410e-8
108.0000, 72.0000, 1.400e-8
110.0000, 72.0000, 1.379e-8
112.0000, 72.0000, 1.393e-8
114.0000, 72.0000, 1.332e-8
116.0000, 72.0000, 1.296e-8
118.0000, 72.0000, 1.361e-8
120.0000, 72.0000, 1.526e-8
122.0000, 72.0000, 1.498e-8
124.0000, 72.0000, 1.373e-8
126.0000, 72.0000, 1.400e-8
128.0000, 72.0000, 1.597e-8
130.0000, 72.0000, 1.596e-8
132.0000, 72.0000, 1.414e-8
134.0000, 72.0000, 1.351e-8
136.0000, 72.0000, 1.476e-8
138.0000, 72.0000, 1.524e-8
140.0000, 72.0000, 1.438e-8
142.0000, 72.0000, 1.473e-8
144.0000, 72.0000, 1.632e-8
146.0000, 72.0000, 1.632e-8
148.0000, 72.0000, 1.543e-8
150.0000, 72.0000, 1.530e-8
152.0000, 72.0000, 1.558e-8
154.0000, 72.0000, 1.524e-8
156.0000, 72.0000, 1.503e-8
158.0000, 72.0000, 1.547e-8
160.0000, 72.0000, 1.613e-8
162.0000, 72.0000, 1.555e-8
164.0000, 72.0000, 1.605e-8
166.0000, 72.0000, 1.730e-8
168.0000, 72.0000, 1.688e-8
170.0000, 72.0000, 1.553e-8
172.0000, 72.0000, 1.558e-8
174.0000, 72.0000, 1.634e-8
176.0000, 72.0000, 1.609e-8
178.0000, 72.0000, 1.539e-8
180.0000, 72.0000, 1.564e-8
182.0000, 72.0000, 1.597e-8
184.0000, 72.0000, 1.570e-8
186.0000, 72.0000, 1.538e-8
188.0000, 72.0000, 1.573e-8
190.0000, 72.0000, 1.645e-8
192.0000, 72.0000, 1.595e-8
194.0000, 72.0000, 1.551e-8
196.0000, 72.0000, 1.608e-8
198.0000, 72.0000, 1.678e-8
200.0000, 72.0000, 1.642e-8
202.0000, 72.0000, 1.638e-8
204.0000, 72.0000, 1.767e-8
206.0000, 72.0000, 1.797e-8
208.0000, 72.0000, 1.729e-8
210.0000, 72.0000, 1.725e-8
212.0000, 72.0000, 1.776e-8
214.0000, 72.0000, 1.764e-8
216.0000, 72.0000, 1.710e-8
218.0000, 72.0000, 1.704e-8
220.0000, 72.0000, 1.760e-8
222.0000, 72.0000, 1.786e-8
224.0000, 72.0000, 1.804e-8
226.0000, 72.0000, 1.811e-8
228.0000, 72.0000, 1.790e-8
230.0000, 72.0000, 1.796e-8
232.0000, 72.0000, 1.823e-8
234.0000, 72.0000, 1.861e-8
236.0000, 72.0000, 1.959e-8
238.0000, 72.0000, 2.081e-8
240.0000, 72.0000, 2.069e-8
242.0000, 72.0000, 2.079e-8
244.0000, 72.0000, 2.142e-8
246.0000, 72.0000, 2.166e-8
248.0000, 72.0000, 2.159e-8
0.0000, 74.0000, 3.663e-8
2.0000, 74.0000, 3.707e-8
4.0000, 74.0000, 3.478e-8
6.0000, 74.0000, 3.590e-8
8.0000, 74.0000, 3.540e-8
10.0000, 74.0000, 3.273e-8
12.0000, 74.0000, 3.537e-8
14.0000, 74.0000, 3.582e-8
16.0000, 74.0000, 3.327e-8
18.0000, 74.0000, 3.401e-8
20.0000, 74.0000, 3.613e-8
22.0000, 74.0000, 3.533e-8
24.0000, 74.0000, 3.639e-8
26.0000, 74.0000, 3.784e-8
28.0000, 74.0000, 3.692e-8
30.0000, 74.0000, 3.809e-8
32.0000, 74.0000, 3.805e-8
34.0000, 74.0000, 3.686e-8
36.0000, 74.0000, 3.661e-8
38.0000, 74.0000, 3.611e-8
40.0000, 74.0000, 3.404e-8
42.0000, 74.0000, 3.393e-8
44.0000, 74.0000, 3.142e-8
46.0000, 74.0000, 3.040e-8
48.0000, 74.0000, 3.038e-8
50.0000, 74.0000, 2.663e-8
52.0000, 74.0000, 2.311e-8
54.0000, 74.0000, 2.416e-8
56.0000, 74.0000, 2.195e-8
58.0000, 74.0000, 1.872e-8
60.0000, 74.0000, 1.860e-8
62.0000, 74.0000, 1.750e-8
64.0000, 74.0000, 1.582e-8
66.0000, 74.0000, 1.455e-8
68.0000, 74.0000, 1.383e-8
70.0000, 74.0000, 1.515e-8
72.0000, 74.0000, 1.578e-8
74.0000, 74.0000, 1.386e-8
76.0000, 74.0000, 1.374e-8
78.0000, 74.0000, 1.590e-8
80.0000, 74.0000, 1.549e-8
82.0000, 74.0000, 1.346e-8
84.0000, 74.0000, 1.461e-8
86.0000, 74.0000, 1.551e-8
88.0000, 74.0000, 1.388e-8
90.0000, 74.0000, 1.337e-8
92.0000, 74.0000, 1.450e-8
94.0000, 74.0000, 1.359e-8
96.0000, 74.0000, 1.264e-8
98.0000, 74.0000, 1.279e-8
100.0000, 74.0000, 1.384e-8
102.0000, 74.0000, 1.439e-8
104.0000, 74.0000, 1.358e-8
106.0000, 74.0000, 1.376e-8
108.0000, 74.0000, 1.479e-8
110.0000, 74.0000, 1.401e-8
112.0000, 74.0000, 1.305e-8
114.0000, 74.0000, 1.558e-8
116.0000, 74.0000, 1.637e-8
118.0000, 74.0000, 1.495e-8
120.0000, 74.0000, 1.563e-8
122.0000, 74.0000, 1.707e-8
124.0000, 74.0000, 1.537e-8
126.0000, 74.0000, 1.410e-8
128.0000, 74.0000, 1.554e-8
130.0000, 74.0000, 1.670e-8
132.0000, 74.0000, 1.478e-8
134.0000, 74.0000, 1.350e-8
136.0000, 74.0000, 1.426e-8
138.0000, 74.0000, 1.507e-8
140.0000, 74.0000, 1.454e-8
142.0000, 74.0000, 1.439e-8
144.0000, 74.0000, 1.564e-8
146.0000, 74.0000, 1.595e-8
148.0000, 74.0000, 1.548e-8
150.0000, 74.0000, 1.549e-8
152.0000, 74.0000, 1.646e-8
154.0000, 74.0000, 1.586e-8
156.0000, 74.0000, 1.484e-8
158.0000, 74.0000, 1.542e-8
160.0000, 74.0000, 1.701e-8
162.0000, 74.0000, 1.601e-8
164.0000, 74.0000, 1.596e-8
166.0000, 74.0000, 1.665e-8
168.0000, 74.0000, 1.613e-8
170.0000, 74.0000, 1.522e-8
172.0000, 74.0000, 1.547e-8
174.0000, 74.0000, 1.586e-8
176.0000, 74.0000, 1.537e-8
178.0000, 74.0000, 1.480e-8
180.0000, 74.0000, 1.506e-8
182.0000, 74.0000, 1.539e-8
184.0000, 74.0000, 1.523e-8
186.0000, 74.0000, 1.506e-8
188.0000, 74.0000, 1.521e-8
190.0000, 74.0000, 1.565e-8
192.0000, 74.0000, 1.566e-8
194.0000, 74.0000, 1.562e-8
196.0000, 74.0000, 1.595e-8
198.0000, 74.0000, 1.605e-8
200.0000, 74.0000, 1.569e-8
202.0000, 74.0000, 1.625e-8
204.0000, 74.0000, 1.720e-8
206.0000, 74.0000, 1.713e-8
208.0000, 74.0000, 1.655e-8
210.0000, 74.0000, 1.653e-8
212.0000, 74.0000, 1.746e-8
214.0000, 74.0000, 1.762e-8
216.0000, 74.0000, 1.696e-8
218.0000, 74.0000, 1.697e-8
220.0000, 74.0000, 1.774e-8
222.0000, 74.0000, 1.768e-8
224.0000, 74.0000, 1.715e-8
226.0000, 74.0000, 1.736e-8
228.0000, 74.0000, 1.830e-8
230.0000, 74.0000, 1.838e-8
232.0000, 74.0000, 1.846e-8
234.0000, 74.0000, 1.901e-8
236.0000, 74.0000, 1.916e-8
238.0000, 74.0000, 1.911e-8
240.0000, 74.0000, 1.970e-8
242.0000, 74.0000, 2.052e-8
244.0000, 74.0000, 2.076e-8
246.0000, 74.0000, 2.081e-8
248.0000, 74.0000, 2.125e-8
0.0000, 76.0000, 4.184e-8
2.0000, 76.0000, 3.645e-8
4.0000, 76.0000, 3.177e-8
6.0000, 76.0000, 3.122e-8
8.0000, 76.0000, 3.194e-8
10.0000, 76.0000, 3.020e-8
12.0000, 76.0000, 3.125e-8
14.0000, 76.0000, 3.592e-8
16.0000, 76.0000, 3.609e-8
18.0000, 76.0000, 3.478e-8
20.0000, 76.0000, 3.768e-8
22.0000, 76.0000, 3.875e-8
24.0000, 76.0000, 3.730e-8
26.0000, 76.0000, 3.701e-8
28.0000, 76.0000, 3.877e-8
30.0000, 76.0000, 3.769e-8
32.0000, 76.0000, 3.600e-8
34.0000, 76.0000, 3.533e-8
36.0000, 76.0000, 3.461e-8
38.0000, 76.0000, 3.333e-8
40.0000, 76.0000, 3.131e-8
42.0000, 76.0000, 3.012e-8
44.0000, 76.0000, 2.832e-8
46.0000, 76.0000, 2.595e-8
48.0000, 76.0000, 2.567e-8
50.0000, 76.0000, 2.723e-8
52.0000, 76.0000, 2.312e-8
54.0000, 76.0000, 2.238e-8
56.0000, 76.0000, 2.420e-8
58.0000, 76.0000, 2.146e-8
60.0000, 76.0000, 1.770e-8
62.0000, 76.0000, 1.718e-8
64.0000, 76.0000, 1.627e-8
66.0000, 76.0000, 1.490e-8
68.0000, 76.0000, 1.415e-8
70.0000, 76.0000, 1.430e-8
72.0000, 76.0000, 1.414e-8
74.0000, 76.0000, 1.351e-8
76.0000, 76.0000, 1.288e-8
78.0000, 76.0000, 1.323e-8
80.0000, 76.0000, 1.497e-8
82.0000, 76.0000, 1.447e-8
84.0000, 76.0000, 1.320e-8
86.0000, 76.0000, 1.330e-8
88.0000, 76.0000, 1.451e-8
90.0000, 76.0000, 1.393e-8
92.0000, 76.0000, 1.257e-8
94.0000, 76.0000, 1.358e-8
96.0000, 76.0000, 1.549e-8
98.0000, 76.0000, 1.497e-8
100.0000, 76.0000, 1.340e-8
102.0000, 76.0000, 1.360e-8
104.0000, 76.0000, 1.472e-8
106.0000, 76.0000, 1.438e-8
108.0000, 76.0000, 1.348e-8
110.0000, 76.0000, 1.421e-8
112.0000, 76.0000, 1.462e-8
114.0000, 76.0000, 1.374e-8
116.0000, 76.0000, 1.421e-8
118.0000, 76.0000, 1.560e-8
120.0000, 76.0000, 1.499e-8
122.0000, 76.0000, 1.417e-8
124.0000, 76.0000, 1.559e-8
126.0000, 76.0000, 1.651e-8
128.0000, 76.0000, 1.522e-8
130.0000, 76.0000, 1.391e-8
132.0000, 76.0000, 1.443e-8
134.0000, 76.0000, 1.499e-8
136.0000, 76.0000, 1.441e-8
138.0000, 76.0000, 1.407e-8
140.0000, 76.0000, 1.523e-8
142.0000, 76.0000, 1.624e-8
144.0000, 76.0000, 1.566e-8
146.0000, 76.0000, 1.570e-8
148.0000, 76.0000, 1.685e-8
150.0000, 76.0000, 1.615e-8
152.0000, 76.0000, 1.471e-8
154.0000, 76.0000, 1.499e-8
156.0000, 76.0000, 1.643e-8
158.0000, 76.0000, 1.662e-8
160.0000, 76.0000, 1.556e-8
162.0000, 76.0000, 1.600e-8
164.0000, 76.0000, 1.701e-8
166.0000, 76.0000, 1.628e-8
168.0000, 76.0000, 1.519e-8
170.0000, 76.0000, 1.585e-8
172.0000, 76.0000, 1.691e-8
174.0000, 76.0000, 1.617e-8
176.0000, 76.0000, 1.513e-8
178.0000, 76.0000, 1.549e-8
180.0000, 76.0000, 1.676e-8
182.0000, 76.0000, 1.632e-8
184.0000, 76.0000, 1.577e-8
186.0000, 76.0000, 1.631e-8
188.0000, 76.0000, 1.666e-8
190.0000, 76.0000, 1.607e-8
192.0000, 76.0000, 1.580e-8
194.0000, 76.0000, 1.598e-8
196.0000, 76.0000, 1.641e-8
198.0000, 76.0000, 1.644e-8
200.0000, 76.0000, 1.652e-8
202.0000, 76.0000, 1.702e-8
204.0000, 76.0000, 1.685e-8
206.0000, 76.0000, 1.643e-8
208.0000, 76.0000, 1.678e-8
210.0000, 76.0000, 1.828e-8
212.0000, 76.0000, 1.815e-8
214.0000, 76.0000, 1.743e-8
216.0000, 76.0000, 1.760e-8
218.0000, 76.0000, 1.810e-8
220.0000, 76.0000, 1.773e-8
222.0000, 76.0000, 1.724e-8
224.0000, 76.0000, 1.785e-8
226.0000, 76.0000, 1.886e-8
228.0000, 76.0000, 1.883e-8
230.0000, 76.0000, 1.852e-8
232.0000, 76.0000, 1.881e-8
234.0000, 76.0000, 1.946e-8
236.0000, 76.0000, 1.970e-8
238.0000, 76.0000, 1.961e-8
240.0000, 76.0000, 2.028e-8
242.0000, 76.0000, 2.085e-8
244.0000, 76.0000, 2.074e-8
246.0000, 76.0000, 2.081e-8
248.0000, 76.0000, 2.164e-8
0.0000, 78.0000, 3.883e-8
2.0000, 78.0000, 4.039e-8
4.0000, 78.0000, 3.822e-8
6.0000, 78.0000, 3.518e-8
8.0000, 78.0000, 3.439e-8
10.0000, 78.0000, 3.401e-8
12.0000, 78.0000, 3.425e-8
14.0000, 78.0000, 3.360e-8
16.0000, 78.0000, 3.389e-8
18.0000, 78.0000, 3.709e-8
20.0000, 78.0000, 3.797e-8
22.0000, 78.0000, 3.703e-8
24.0000, 78.0000, 4.078e-8
26.0000, 78.0000, 4.236e-8
28.0000, 78.0000, 3.993e-8
30.0000, 78.0000, 4.007e-8
32.0000, 78.0000, 3.991e-8
34.0000, 78.0000, 3.800e-8
36.0000, 78.0000, 3.590e-8
38.0000, 78.0000, 3.406e-8
40.0000, 78.0000, 3.018e-8
42.0000, 78.0000, 2.753e-8
44.0000, 78.0000, 2.507e-8
46.0000, 78.0000, 2.354e-8
48.0000, 78.0000, 2.250e-8
50.0000, 78.0000, 2.032e-8
52.0000, 78.0000, 1.869e-8
54.0000, 78.0000, 2.047e-8
56.0000, 78.0000, 1.882e-8
58.0000, 78.0000, 1.662e-8
60.0000, 78.0000, 1.913e-8
62.0000, 78.0000, 1.822e-8
64.0000, 78.0000, 1.531e-8
66.0000, 78.0000, 1.566e-8
68.0000, 78.0000, 1.590e-8
70.0000, 78.0000, 1.394e-8
72.0000, 78.0000, 1.434e-8
74.0000, 78.0000, 1.572e-8
76.0000, 78.0000, 1.462e-8
78.0000, 78.0000, 1.372e-8
80.0000, 78.0000, 1.557e-8
82.0000, 78.0000, 1.499e-8
84.0000, 78.0000, 1.375e-8
86.0000, 78.0000, 1.399e-8
88.0000, 78.0000, 1.425e-8
90.0000, 78.0000, 1.335e-8
92.0000, 78.0000, 1.265e-8
94.0000, 78.0000, 1.351e-8
96.0000, 78.0000, 1.462e-8
98.0000, 78.0000, 1.425e-8
100.0000, 78.0000, 1.350e-8
102.0000, 78.0000, 1.528e-8
104.0000, 78.0000, 1.672e-8
106.0000, 78.0000, 1.556e-8
108.0000, 78.0000, 1.463e-8
110.0000, 78.0000, 1.696e-8
112.0000, 78.0000, 1.700e-8
114.0000, 78.0000, 1.528e-8
116.0000, 78.0000, 1.474e-8
118.0000, 78.0000, 1.541e-8
120.0000, 78.0000, 1.441e-8
122.0000, 78.0000, 1.453e-8
124.0000, 78.0000, 1.511e-8
126.0000, 78.0000, 1.428e-8
128.0000, 78.0000, 1.386e-8
130.0000, 78.0000, 1.533e-8
132.0000, 78.0000, 1.495e-8
134.0000, 78.0000, 1.444e-8
136.0000, 78.0000, 1.486e-8
138.0000, 78.0000, 1.531e-8
140.0000, 78.0000, 1.525e-8
142.0000, 78.0000, 1.588e-8
144.0000, 78.0000, 1.515e-8
146.0000, 78.0000, 1.474e-8
148.0000, 78.0000, 1.561e-8
150.0000, 78.0000, 1.628e-8
152.0000, 78.0000, 1.582e-8
154.0000, 78.0000, 1.572e-8
156.0000, 78.0000, 1.517e-8
158.0000, 78.0000, 1.500e-8
160.0000, 78.0000, 1.663e-8
162.0000, 78.0000, 1.675e-8
164.0000, 78.0000, 1.596e-8
166.0000, 78.0000, 1.654e-8
168.0000, 78.0000, 1.805e-8
170.0000, 78.0000, 1.707e-8
172.0000, 78.0000, 1.564e-8
174.0000, 78.0000, 1.623e-8
176.0000, 78.0000, 1.723e-8
178.0000, 78.0000, 1.650e-8
180.0000, 78.0000, 1.543e-8
182.0000, 78.0000, 1.547e-8
184.0000, 78.0000, 1.623e-8
186.0000, 78.0000, 1.615e-8
188.0000, 78.0000, 1.565e-8
190.0000, 78.0000, 1.573e-8
192.0000, 78.0000, 1.683e-8
194.0000, 78.0000, 1.664e-8
196.0000, 78.0000, 1.650e-8
198.0000, 78.0000, 1.775e-8
200.0000, 78.0000, 1.794e-8
202.0000, 78.0000, 1.686e-8
204.0000, 78.0000, 1.711e-8
206.0000, 78.0000, 1.882e-8
208.0000, 78.0000, 1.858e-8
210.0000, 78.0000, 1.732e-8
212.0000, 78.0000, 1.762e-8
214.0000, 78.0000, 1.841e-8
216.0000, 78.0000, 1.794e-8
218.0000, 78.0000, 1.708e-8
220.0000, 78.0000, 1.720e-8
222.0000, 78.0000, 1.896e-8
224.0000, 78.0000, 1.936e-8
226.0000, 78.0000, 1.886e-8
228.0000, 78.0000, 1.893e-8
230.0000, 78.0000, 1.988e-8
232.0000, 78.0000, 1.984e-8
234.0000, 78.0000, 1.928e-8
236.0000, 78.0000, 1.953e-8
238.0000, 78.0000, 2.032e-8
240.0000, 78.0000, 2.088e-8
242.0000, 78.0000, 2.088e-8
244.0000, 78.0000, 2.073e-8
246.0000, 78.0000, 2.121e-8
248.0000, 78.0000, 2.215e-8
0.0000, 80.0000, 3.600e-8
2.0000, 80.0000, 3.656e-8
4.0000, 80.0000, 3.456e-8
6.0000, 80.0000, 3.366e-8
8.0000, 80.0000, 3.433e-8
10.0000, 80.0000, 3.280e-8
12.0000, 80.0000, 3.093e-8
14.0000, 80.0000, 2.983e-8
16.0000, 80.0000, 3.121e-8
18.0000, 80.0000, 3.413e-8
20.0000, 80.0000, 3.422e-8
22.0000, 80.0000, 3.471e-8
24.0000, 80.0000, 3.852e-8
26.0000, 80.0000, 3.967e-8
28.0000, 80.0000, 3.892e-8
30.0000, 80.0000, 4.131e-8
32.0000, 80.0000, 4.021e-8
34.0000, 80.0000, 3.673e-8
36.0000, 80.0000, 3.513e-8
38.0000, 80.0000, 3.380e-8
40.0000, 80.0000, 3.028e-8
42.0000, 80.0000, 2.804e-8
44.0000, 80.0000, 2.537e-8
46.0000, 80.0000, 2.331e-8
48.0000, 80.0000, 2.164e-8
50.0000, 80.0000, 1.943e-8
52.0000, 80.0000, 1.884e-8
54.0000, 80.0000, 1.893e-8
56.0000, 80.0000, 1.700e-8
58.0000, 80.0000, 1.616e-8
60.0000, 80.0000, 1.767e-8
62.0000, 80.0000, 1.528e-8
64.0000, 80.0000, 1.495e-8
66.0000, 80.0000, 1.731e-8
68.0000, 80.0000, 1.620e-8
70.0000, 80.0000, 1.386e-8
72.0000, 80.0000, 1.476e-8
74.0000, 80.0000, 1.448e-8
76.0000, 80.0000, 1.318e-8
78.0000, 80.0000, 1.303e-8
80.0000, 80.0000, 1.441e-8
82.0000, 80.0000, 1.433e-8
84.0000, 80.0000, 1.312e-8
86.0000, 80.0000, 1.266e-8
88.0000, 80.0000, 1.388e-8
90.0000, 80.0000, 1.557e-8
92.0000, 80.0000, 1.407e-8
94.0000, 80.0000, 1.345e-8
96.0000, 80.0000, 1.490e-8
98.0000, 80.0000, 1.516e-8
100.0000, 80.0000, 1.373e-8
102.0000, 80.0000, 1.356e-8
104.0000, 80.0000, 1.435e-8
106.0000, 80.0000, 1.378e-8
108.0000, 80.0000, 1.348e-8
110.0000, 80.0000, 1.499e-8
112.0000, 80.0000, 1.496e-8
114.0000, 80.0000, 1.374e-8
116.0000, 80.0000, 1.345e-8
118.0000, 80.0000, 1.442e-8
120.0000, 80.0000, 1.473e-8
122.0000, 80.0000, 1.346e-8
124.0000, 80.0000, 1.290e-8
126.0000, 80.0000, 1.386e-8
128.0000, 80.0000, 1.451e-8
130.0000, 80.0000, 1.379e-8
132.0000, 80.0000, 1.361e-8
134.0000, 80.0000, 1.543e-8
136.0000, 80.0000, 1.579e-8
138.0000, 80.0000, 1.493e-8
140.0000, 80.0000, 1.491e-8
142.0000, 80.0000, 1.570e-8
144.0000, 80.0000, 1.534e-8
146.0000, 80.0000, 1.476e-8
148.0000, 80.0000, 1.490e-8
150.0000, 80.0000, 1.581e-8
152.0000, 80.0000, 1.567e-8
154.0000, 80.0000, 1.459e-8
156.0000, 80.0000, 1.455e-8
158.0000, 80.0000, 1.640e-8
160.0000, 80.0000, 1.736e-8
162.0000, 80.0000, 1.607e-8
164.0000, 80.0000, 1.628e-8
166.0000, 80.0000, 1.809e-8
168.0000, 80.0000, 1.770e-8
170.0000, 80.0000, 1.573e-8
172.0000, 80.0000, 1.589e-8
174.0000, 80.0000, 1.688e-8
176.0000, 80.0000, 1.643e-8
178.0000, 80.0000, 1.531e-8
180.0000, 80.0000, 1.506e-8
182.0000, 80.0000, 1.604e-8
184.0000, 80.0000, 1.611e-8
186.0000, 80.0000, 1.546e-8
188.0000, 80.0000, 1.533e-8
190.0000, 80.0000, 1.600e-8
192.0000, 80.0000, 1.616e-8
194.0000, 80.0000, 1.620e-8
196.0000, 80.0000, 1.725e-8
198.0000, 80.0000, 1.748e-8
200.0000, 80.0000, 1.642e-8
202.0000, 80.0000, 1.669e-8
204.0000, 80.0000, 1.780e-8
206.0000, 80.0000, 1.749e-8
208.0000, 80.0000, 1.680e-8
210.0000, 80.0000, 1.732e-8
212.0000, 80.0000, 1.780e-8
214.0000, 80.0000, 1.730e-8
216.0000, 80.0000, 1.674e-8
218.0000, 80.0000, 1.680e-8
220.0000, 80.0000, 1.736e-8
222.0000, 80.0000, 1.817e-8
224.0000, 80.0000, 1.827e-8
226.0000, 80.0000, 1.875e-8
228.0000, 80.0000, 2.002e-8
230.0000, 80.0000, 2.015e-8
232.0000, 80.0000, 1.908e-8
234.0000, 80.0000, 1.925e-8
236.0000, 80.0000, 2.037e-8
238.0000, 80.0000, 2.032e-8
240.0000, 80.0000, 1.963e-8
242.0000, 80.0000, 2.039e-8
244.0000, 80.0000, 2.120e-8
246.0000, 80.0000, 2.095e-8
248.0000, 80.0000, 2.033e-8
0.0000, 82.0000, 3.878e-8
2.0000, 82.0000, 3.435e-8
4.0000, 82.0000, 3.149e-8
6.0000, 82.0000, 3.149e-8
8.0000, 82.0000, 3.122e-8
10.0000, 82.0000, 3.007e-8
12.0000, 82.0000, 3.205e-8
14.0000, 82.0000, 3.315e-8
16.0000, 82.0000, 3.225e-8
18.0000, 82.0000, 3.369e-8
20.0000, 82.0000, 3.759e-8
22.0000, 82.0000, 3.703e-8
24.0000, 82.0000, 3.550e-8
26.0000, 82.0000, 3.615e-8
28.0000, 82.0000, 3.734e-8
30.0000, 82.0000, 3.633e-8
32.0000, 82.0000, 3.542e-8
34.0000, 82.0000, 3.422e-8
36.0000, 82.0000, 3.238e-8
38.0000, 82.0000, 3.040e-8
40.0000, 82.0000, 2.798e-8
42.0000, 82.0000, 2.635e-8
44.0000, 82.0000, 2.436e-8
46.0000, 82.0000, 2.332e-8
48.0000, 82.0000, 2.332e-8
50.0000, 82.0000, 2.174e-8
52.0000, 82.0000, 1.874e-8
54.0000, 82.0000, 1.919e-8
56.0000, 82.0000, 1.868e-8
58.0000, 82.0000, 1.611e-8
60.0000, 82.0000, 1.514e-8
62.0000, 82.0000, 1.511e-8
64.0000, 82.0000, 1.390e-8
66.0000, 82.0000, 1.335e-8
68.0000, 82.0000, 1.336e-8
70.0000, 82.0000, 1.330e-8
72.0000, 82.0000, 1.350e-8
74.0000, 82.0000, 1.284e-8
76.0000, 82.0000, 1.229e-8
78.0000, 82.0000, 1.263e-8
80.0000, 82.0000, 1.333e-8
82.0000, 82.0000, 1.329e-8
84.0000, 82.0000, 1.311e-8
86.0000, 82.0000, 1.250e-8
88.0000, 82.0000, 1.243e-8
90.0000, 82.0000, 1.432e-8
92.0000, 82.0000, 1.460e-8
94.0000, 82.0000, 1.312e-8
96.0000, 82.0000, 1.362e-8
98.0000, 82.0000, 1.613e-8
100.0000, 82.0000, 1.484e-8
102.0000, 82.0000, 1.282e-8
104.0000, 82.0000, 1.434e-8
106.0000, 82.0000, 1.531e-8
108.0000, 82.0000, 1.403e-8
110.0000, 82.0000, 1.381e-8
112.0000, 82.0000, 1.473e-8
114.0000, 82.0000, 1.388e-8
116.0000, 82.0000, 1.316e-8
118.0000, 82.0000, 1.382e-8
120.0000, 82.0000, 1.482e-8
122.0000, 82.0000, 1.342e-8
124.0000, 82.0000, 1.262e-8
126.0000, 82.0000, 1.370e-8
128.0000, 82.0000, 1.436e-8
130.0000, 82.0000, 1.324e-8
132.0000, 82.0000, 1.377e-8
134.0000, 82.0000, 1.597e-8
136.0000, 82.0000, 1.563e-8
138.0000, 82.0000, 1.424e-8
140.0000, 82.0000, 1.553e-8
142.0000, 82.0000, 1.661e-8
144.0000, 82.0000, 1.494e-8
146.0000, 82.0000, 1.463e-8
148.0000, 82.0000, 1.621e-8
150.0000, 82.0000, 1.618e-8
152.0000, 82.0000, 1.477e-8
154.0000, 82.0000, 1.434e-8
156.0000, 82.0000, 1.545e-8
158.0000, 82.0000, 1.592e-8
160.0000, 82.0000, 1.512e-8
162.0000, 82.0000, 1.433e-8
164.0000, 82.0000, 1.538e-8
166.0000, 82.0000, 1.671e-8
168.0000, 82.0000, 1.597e-8
170.0000, 82.0000, 1.462e-8
172.0000, 82.0000, 1.540e-8
174.0000, 82.0000, 1.620e-8
176.0000, 82.0000, 1.558e-8
178.0000, 82.0000, 1.493e-8
180.0000, 82.0000, 1.495e-8
182.0000, 82.0000, 1.512e-8
184.0000, 82.0000, 1.532e-8
186.0000, 82.0000, 1.533e-8
188.0000, 82.0000, 1.502e-8
190.0000, 82.0000, 1.501e-8
192.0000, 82.0000, 1.536e-8
194.0000, 82.0000, 1.556e-8
196.0000, 82.0000, 1.603e-8
198.0000, 82.0000, 1.634e-8
200.0000, 82.0000, 1.582e-8
202.0000, 82.0000, 1.634e-8
204.0000, 82.0000, 1.714e-8
206.0000, 82.0000, 1.692e-8
208.0000, 82.0000, 1.655e-8
210.0000, 82.0000, 1.656e-8
212.0000, 82.0000, 1.752e-8
214.0000, 82.0000, 1.760e-8
216.0000, 82.0000, 1.685e-8
218.0000, 82.0000, 1.629e-8
220.0000, 82.0000, 1.712e-8
222.0000, 82.0000, 1.867e-8
224.0000, 82.0000, 1.854e-8
226.0000, 82.0000, 1.830e-8
228.0000, 82.0000, 1.926e-8
230.0000, 82.0000, 2.023e-8
232.0000, 82.0000, 1.918e-8
234.0000, 82.0000, 1.904e-8
236.0000, 82.0000, 2.051e-8
238.0000, 82.0000, 2.069e-8
240.0000, 82.0000, 1.978e-8
242.0000, 82.0000, 2.031e-8
244.0000, 82.0000, 2.129e-8
246.0000, 82.0000, 2.108e-8
248.0000, 82.0000, 2.043e-8
0.0000, 84.0000, 3.766e-8
2.0000, 84.0000, 3.782e-8
4.0000, 84.0000, 3.560e-8
6.0000, 84.0000, 3.399e-8
8.0000, 84.0000, 3.424e-8
10.0000, 84.0000, 3.334e-8
12.0000, 84.0000, 3.481e-8
14.0000, 84.0000, 3.556e-8
16.0000, 84.0000, 3.534e-8
18.0000, 84.0000, 3.869e-8
20.0000, 84.0000, 4.099e-8
22.0000, 84.0000, 3.933e-8
24.0000, 84.0000, 4.007e-8
26.0000, 84.0000, 3.976e-8
28.0000, 84.0000, 3.589e-8
30.0000, 84.0000, 3.357e-8
32.0000, 84.0000, 3.110e-8
34.0000, 84.0000, 2.747e-8
36.0000, 84.0000, 2.500e-8
38.0000, 84.0000, 2.284e-8
40.0000, 84.0000, 2.036e-8
42.0000, 84.0000, 2.090e-8
44.0000, 84.0000, 1.872e-8
46.0000, 84.0000, 1.630e-8
48.0000, 84.0000, 1.620e-8
50.0000, 84.0000, 1.554e-8
52.0000, 84.0000, 1.368e-8
54.0000, 84.0000, 1.558e-8
56.0000, 84.0000, 1.512e-8
58.0000, 84.0000, 1.323e-8
60.0000, 84.0000, 1.409e-8
62.0000, 84.0000, 1.370e-8
64.0000, 84.0000, 1.259e-8
66.0000, 84.0000, 1.284e-8
68.0000, 84.0000, 1.271e-8
70.0000, 84.0000, 1.211e-8
72.0000, 84.0000, 1.315e-8
74.0000, 84.0000, 1.249e-8
76.0000, 84.0000, 1.225e-8
78.0000, 84.0000, 1.297e-8
80.0000, 84.0000, 1.254e-8
82.0000, 84.0000, 1.197e-8
84.0000, 84.0000, 1.311e-8
86.0000, 84.0000, 1.302e-8
88.0000, 84.0000, 1.278e-8
90.0000, 84.0000, 1.512e-8
92.0000, 84.0000, 1.451e-8
94.0000, 84.0000, 1.300e-8
96.0000, 84.0000, 1.501e-8
98.0000, 84.0000, 1.582e-8
100.0000, 84.0000, 1.385e-8
102.0000, 84.0000, 1.458e-8
104.0000, 84.0000, 1.639e-8
106.0000, 84.0000, 1.516e-8
108.0000, 84.0000, 1.363e-8
110.0000, 84.0000, 1.525e-8
112.0000, 84.0000, 1.633e-8
114.0000, 84.0000, 1.443e-8
116.0000, 84.0000, 1.368e-8
118.0000, 84.0000, 1.551e-8
120.0000, 84.0000, 1.613e-8
122.0000, 84.0000, 1.420e-8
124.0000, 84.0000, 1.368e-8
126.0000, 84.0000, 1.537e-8
128.0000, 84.0000, 1.540e-8
130.0000, 84.0000, 1.401e-8
132.0000, 84.0000, 1.543e-8
134.0000, 84.0000, 1.857e-8
136.0000, 84.0000, 1.742e-8
138.0000, 84.0000, 1.541e-8
140.0000, 84.0000, 1.702e-8
142.0000, 84.0000, 1.801e-8
144.0000, 84.0000, 1.579e-8
146.0000, 84.0000, 1.483e-8
148.0000, 84.0000, 1.687e-8
150.0000, 84.0000, 1.701e-8
152.0000, 84.0000, 1.530e-8
154.0000, 84.0000, 1.488e-8
156.0000, 84.0000, 1.657e-8
158.0000, 84.0000, 1.757e-8
160.0000, 84.0000, 1.618e-8
162.0000, 84.0000, 1.521e-8
164.0000, 84.0000, 1.613e-8
166.0000, 84.0000, 1.712e-8
168.0000, 84.0000, 1.612e-8
170.0000, 84.0000, 1.497e-8
172.0000, 84.0000, 1.619e-8
174.0000, 84.0000, 1.622e-8
176.0000, 84.0000, 1.559e-8
178.0000, 84.0000, 1.568e-8
180.0000, 84.0000, 1.546e-8
182.0000, 84.0000, 1.523e-8
184.0000, 84.0000, 1.614e-8
186.0000, 84.0000, 1.644e-8
188.0000, 84.0000, 1.577e-8
190.0000, 84.0000, 1.575e-8
192.0000, 84.0000, 1.631e-8
194.0000, 84.0000, 1.620e-8
196.0000, 84.0000, 1.626e-8
198.0000, 84.0000, 1.633e-8
200.0000, 84.0000, 1.580e-8
202.0000, 84.0000, 1.615e-8
204.0000, 84.0000, 1.651e-8
206.0000, 84.0000, 1.634e-8
208.0000, 84.0000, 1.645e-8
210.0000, 84.0000, 1.698e-8
212.0000, 84.0000, 1.683e-8
214.0000, 84.0000, 1.688e-8
216.0000, 84.0000, 1.711e-8
218.0000, 84.0000, 1.702e-8
220.0000, 84.0000, 1.716e-8
222.0000, 84.0000, 1.814e-8
224.0000, 84.0000, 1.819e-8
226.0000, 84.0000, 1.801e-8
228.0000, 84.0000, 1.889e-8
230.0000, 84.0000, 1.990e-8
232.0000, 84.0000, 1.944e-8
234.0000, 84.0000, 1.958e-8
236.0000, 84.0000, 2.049e-8
238.0000, 84.0000, 2.043e-8
240.0000, 84.0000, 2.005e-8
242.0000, 84.0000, 2.073e-8
244.0000, 84.0000, 2.175e-8
246.0000, 84.0000, 2.166e-8
248.0000, 84.0000, 2.112e-8
0.0000, 86.0000, 3.610e-8
2.0000, 86.0000, 3.546e-8
4.0000, 86.0000, 3.315e-8
6.0000, 86.0000, 3.251e-8
8.0000, 86.0000, 3.235e-8
10.0000, 86.0000, 3.286e-8
12.0000, 86.0000, 3.661e-8
14.0000, 86.0000, 3.646e-8
16.0000, 86.0000, 3.698e-8
18.0000, 86.0000, 4.038e-8
20.0000, 86.0000, 4.050e-8
22.0000, 86.0000, 3.862e-8
24.0000, 86.0000, 4.045e-8
26.0000, 86.0000, 3.946e-8
28.0000, 86.0000, 3.580e-8
30.0000, 86.0000, 3.489e-8
32.0000, 86.0000, 3.107e-8
34.0000, 86.0000, 2.787e-8
36.0000, 86.0000, 2.772e-8
38.0000, 86.0000, 2.482e-8
40.0000, 86.0000, 2.163e-8
42.0000, 86.0000, 2.270e-8
44.0000, 86.0000, 1.977e-8
46.0000, 86.0000, 1.720e-8
48.0000, 86.0000, 1.661e-8
50.0000, 86.0000, 1.476e-8
52.0000, 86.0000, 1.446e-8
54.0000, 86.0000, 1.619e-8
56.0000, 86.0000, 1.469e-8
58.0000, 86.0000, 1.377e-8
60.0000, 86.0000, 1.646e-8
62.0000, 86.0000, 1.457e-8
64.0000, 86.0000, 1.352e-8
66.0000, 86.0000, 1.553e-8
68.0000, 86.0000, 1.502e-8
70.0000, 86.0000, 1.331e-8
72.0000, 86.0000, 1.408e-8
74.0000, 86.0000, 1.306e-8
76.0000, 86.0000, 1.296e-8
78.0000, 86.0000, 1.444e-8
80.0000, 86.0000, 1.408e-8
82.0000, 86.0000, 1.274e-8
84.0000, 86.0000, 1.382e-8
86.0000, 86.0000, 1.355e-8
88.0000, 86.0000, 1.274e-8
90.0000, 86.0000, 1.455e-8
92.0000, 86.0000, 1.413e-8
94.0000, 86.0000, 1.308e-8
96.0000, 86.0000, 1.452e-8
98.0000, 86.0000, 1.539e-8
100.0000, 86.0000, 1.370e-8
102.0000, 86.0000, 1.422e-8
104.0000, 86.0000, 1.622e-8
106.0000, 86.0000, 1.558e-8
108.0000, 86.0000, 1.421e-8
110.0000, 86.0000, 1.449e-8
112.0000, 86.0000, 1.407e-8
114.0000, 86.0000, 1.343e-8
116.0000, 86.0000, 1.386e-8
118.0000, 86.0000, 1.426e-8
120.0000, 86.0000, 1.378e-8
122.0000, 86.0000, 1.378e-8
124.0000, 86.0000, 1.407e-8
126.0000, 86.0000, 1.504e-8
128.0000, 86.0000, 1.518e-8
130.0000, 86.0000, 1.417e-8
132.0000, 86.0000, 1.427e-8
134.0000, 86.0000, 1.623e-8
136.0000, 86.0000, 1.700e-8
138.0000, 86.0000, 1.624e-8
140.0000, 86.0000, 1.665e-8
142.0000, 86.0000, 1.610e-8
144.0000, 86.0000, 1.496e-8
146.0000, 86.0000, 1.483e-8
148.0000, 86.0000, 1.518e-8
150.0000, 86.0000, 1.446e-8
152.0000, 86.0000, 1.476e-8
154.0000, 86.0000, 1.623e-8
156.0000, 86.0000, 1.623e-8
158.0000, 86.0000, 1.540e-8
160.0000, 86.0000, 1.573e-8
162.0000, 86.0000, 1.671e-8
164.0000, 86.0000, 1.661e-8
166.0000, 86.0000, 1.548e-8
168.0000, 86.0000, 1.499e-8
170.0000, 86.0000, 1.671e-8
172.0000, 86.0000, 1.769e-8
174.0000, 86.0000, 1.647e-8
176.0000, 86.0000, 1.603e-8
178.0000, 86.0000, 1.795e-8
180.0000, 86.0000, 1.800e-8
182.0000, 86.0000, 1.631e-8
184.0000, 86.0000, 1.596e-8
186.0000, 86.0000, 1.707e-8
188.0000, 86.0000, 1.685e-8
190.0000, 86.0000, 1.606e-8
192.0000, 86.0000, 1.616e-8
194.0000, 86.0000, 1.626e-8
196.0000, 86.0000, 1.621e-8
198.0000, 86.0000, 1.620e-8
200.0000, 86.0000, 1.663e-8
202.0000, 86.0000, 1.702e-8
204.0000, 86.0000, 1.653e-8
206.0000, 86.0000, 1.618e-8
208.0000, 86.0000, 1.699e-8
210.0000, 86.0000, 1.782e-8
212.0000, 86.0000, 1.716e-8
214.0000, 86.0000, 1.711e-8
216.0000, 86.0000, 1.789e-8
218.0000, 86.0000, 1.793e-8
220.0000, 86.0000, 1.726e-8
222.0000, 86.0000, 1.716e-8
224.0000, 86.0000, 1.762e-8
226.0000, 86.0000, 1.838e-8
228.0000, 86.0000, 1.876e-8
230.0000, 86.0000, 1.871e-8
232.0000, 86.0000, 1.961e-8
234.0000, 86.0000, 2.064e-8
236.0000, 86.0000, 2.044e-8
238.0000, 86.0000, 2.002e-8
240.0000, 86.0000, 2.103e-8
242.0000, 86.0000, 2.180e-8
244.0000, 86.0000, 2.142e-8
246.0000, 86.0000, 2.131e-8
248.0000, 86.0000, 2.195e-8
0.0000, 88.0000, 3.541e-8
2.0000, 88.0000, 3.523e-8
4.0000, 88.0000, 3.284e-8
6.0000, 88.0000, 3.259e-8
8.0000, 88.0000, 3.338e-8
10.0000, 88.0000, 3.337e-8
12.0000, 88.0000, 3.587e-8
14.0000, 88.0000, 3.590e-8
16.0000, 88.0000, 3.616e-8
18.0000, 88.0000, 3.809e-8
20.0000, 88.0000, 3.795e-8
22.0000, 88.0000, 3.637e-8
24.0000, 88.0000, 3.656e-8
26.0000, 88.0000, 3.535e-8
28.0000, 88.0000, 3.268e-8
30.0000, 88.0000, 3.123e-8
32.0000, 88.0000, 2.834e-8
34.0000, 88.0000, 2.489e-8
36.0000, 88.0000, 2.293e-8
38.0000, 88.0000, 2.111e-8
40.0000, 88.0000, 1.876e-8
42.0000, 88.0000, 1.873e-8
44.0000, 88.0000, 1.693e-8
46.0000, 88.0000, 1.514e-8
48.0000, 88.0000, 1.462e-8
50.0000, 88.0000, 1.444e-8
52.0000, 88.0000, 1.377e-8
54.0000, 88.0000, 1.429e-8
56.0000, 88.0000, 1.402e-8
58.0000, 88.0000, 1.336e-8
60.0000, 88.0000, 1.350e-8
62.0000, 88.0000, 1.250e-8
64.0000, 88.0000, 1.216e-8
66.0000, 88.0000, 1.328e-8
68.0000, 88.0000, 1.318e-8
70.0000, 88.0000, 1.224e-8
72.0000, 88.0000, 1.372e-8
74.0000, 88.0000, 1.388e-8
76.0000, 88.0000, 1.258e-8
78.0000, 88.0000, 1.247e-8
80.0000, 88.0000, 1.444e-8
82.0000, 88.0000, 1.412e-8
84.0000, 88.0000, 1.290e-8
86.0000, 88.0000, 1.271e-8
88.0000, 88.0000, 1.366e-8
90.0000, 88.0000, 1.434e-8
92.0000, 88.0000, 1.317e-8
94.0000, 88.0000, 1.343e-8
96.0000, 88.0000, 1.517e-8
98.0000, 88.0000, 1.483e-8
100.0000, 88.0000, 1.345e-8
102.0000, 88.0000, 1.429e-8
104.0000, 88.0000, 1.536e-8
106.0000, 88.0000, 1.451e-8
108.0000, 88.0000, 1.373e-8
110.0000, 88.0000, 1.508e-8
112.0000, 88.0000, 1.461e-8
114.0000, 88.0000, 1.389e-8
116.0000, 88.0000, 1.409e-8
118.0000, 88.0000, 1.405e-8
120.0000, 88.0000, 1.374e-8
122.0000, 88.0000, 1.479e-8
124.0000, 88.0000, 1.443e-8
126.0000, 88.0000, 1.472e-8
128.0000, 88.0000, 1.740e-8
130.0000, 88.0000, 1.919e-8
132.0000, 88.0000, 1.698e-8
134.0000, 88.0000, 1.555e-8
136.0000, 88.0000, 1.698e-8
138.0000, 88.0000, 1.694e-8
140.0000, 88.0000, 1.509e-8
142.0000, 88.0000, 1.555e-8
144.0000, 88.0000, 1.751e-8
146.0000, 88.0000, 1.670e-8
148.0000, 88.0000, 1.556e-8
150.0000, 88.0000, 1.677e-8
152.0000, 88.0000, 1.894e-8
154.0000, 88.0000, 1.761e-8
156.0000, 88.0000, 1.630e-8
158.0000, 88.0000, 1.757e-8
160.0000, 88.0000, 1.887e-8
162.0000, 88.0000, 1.725e-8
164.0000, 88.0000, 1.646e-8
166.0000, 88.0000, 1.835e-8
168.0000, 88.0000, 1.897e-8
170.0000, 88.0000, 1.735e-8
172.0000, 88.0000, 1.702e-8
174.0000, 88.0000, 1.826e-8
176.0000, 88.0000, 1.768e-8
178.0000, 88.0000, 1.631e-8
180.0000, 88.0000, 1.671e-8
182.0000, 88.0000, 1.734e-8
184.0000, 88.0000, 1.662e-8
186.0000, 88.0000, 1.588e-8
188.0000, 88.0000, 1.624e-8
190.0000, 88.0000, 1.693e-8
192.0000, 88.0000, 1.641e-8
194.0000, 88.0000, 1.658e-8
196.0000, 88.0000, 1.810e-8
198.0000, 88.0000, 1.839e-8
200.0000, 88.0000, 1.728e-8
202.0000, 88.0000, 1.683e-8
204.0000, 88.0000, 1.787e-8
206.0000, 88.0000, 1.800e-8
208.0000, 88.0000, 1.719e-8
210.0000, 88.0000, 1.729e-8
212.0000, 88.0000, 1.781e-8
214.0000, 88.0000, 1.741e-8
216.0000, 88.0000, 1.713e-8
218.0000, 88.0000, 1.782e-8
220.0000, 88.0000, 1.836e-8
222.0000, 88.0000, 1.797e-8
224.0000, 88.0000, 1.817e-8
226.0000, 88.0000, 1.960e-8
228.0000, 88.0000, 2.023e-8
230.0000, 88.0000, 1.940e-8
232.0000, 88.0000, 1.909e-8
234.0000, 88.0000, 2.039e-8
236.0000, 88.0000, 2.104e-8
238.0000, 88.0000, 2.063e-8
240.0000, 88.0000, 2.073e-8
242.0000, 88.0000, 2.181e-8
244.0000, 88.0000, 2.192e-8
246.0000, 88.0000, 2.168e-8
248.0000, 88.0000, 2.195e-8
0.0000, 90.0000, 3.654e-8
2.0000, 90.0000, 3.704e-8
4.0000, 90.0000, 3.433e-8
6.0000, 90.0000, 3.313e-8
8.0000, 90.0000, 3.345e-8
10.0000, 90.0000, 3.252e-8
12.0000, 90.0000, 3.182e-8
14.0000, 90.0000, 3.110e-8
16.0000, 90.0000, 3.202e-8
18.0000, 90.0000, 3.388e-8
20.0000, 90.0000, 3.347e-8
22.0000, 90.0000, 3.400e-8
24.0000, 90.0000, 3.792e-8
26.0000, 90.0000, 3.848e-8
28.0000, 90.0000, 3.697e-8
30.0000, 90.0000, 3.784e-8
32.0000, 90.0000, 3.709e-8
34.0000, 90.0000, 3.522e-8
36.0000, 90.0000, 3.484e-8
38.0000, 90.0000, 3.349e-8
40.0000, 90.0000, 2.911e-8
42.0000, 90.0000, 2.573e-8
44.0000, 90.0000, 2.423e-8
46.0000, 90.0000, 2.183e-8
48.0000, 90.0000, 1.921e-8
50.0000, 90.0000, 1.759e-8
52.0000, 90.0000, 1.700e-8
54.0000, 90.0000, 1.770e-8
56.0000, 90.0000, 1.642e-8
58.0000, 90.0000, 1.503e-8
60.0000, 90.0000, 1.685e-8
62.0000, 90.0000, 1.597e-8
64.0000, 90.0000, 1.397e-8
66.0000, 90.0000, 1.487e-8
68.0000, 90.0000, 1.553e-8
70.0000, 90.0000, 1.381e-8
72.0000, 90.0000, 1.432e-8
74.0000, 90.0000, 1.481e-8
76.0000, 90.0000, 1.374e-8
78.0000, 90.0000, 1.324e-8
80.0000, 90.0000, 1.453e-8
82.0000, 90.0000, 1.397e-8
84.0000, 90.0000, 1.384e-8
86.0000, 90.0000, 1.409e-8
88.0000, 90.0000, 1.380e-8
90.0000, 90.0000, 1.396e-8
92.0000, 90.0000, 1.424e-8
94.0000, 90.0000, 1.324e-8
96.0000, 90.0000, 1.301e-8
98.0000, 90.0000, 1.401e-8
100.0000, 90.0000, 1.406e-8
102.0000, 90.0000, 1.338e-8
104.0000, 90.0000, 1.440e-8
106.0000, 90.0000, 1.496e-8
108.0000, 90.0000, 1.432e-8
110.0000, 90.0000, 1.435e-8
112.0000, 90.0000, 1.438e-8
114.0000, 90.0000, 1.410e-8
116.0000, 90.0000, 1.405e-8
118.0000, 90.0000, 1.387e-8
120.0000, 90.0000, 1.388e-8
122.0000, 90.0000, 1.578e-8
124.0000, 90.0000, 1.546e-8
126.0000, 90.0000, 1.504e-8
128.0000, 90.0000, 1.615e-8
130.0000, 90.0000, 1.702e-8
132.0000, 90.0000, 1.530e-8
134.0000, 90.0000, 1.452e-8
136.0000, 90.0000, 1.600e-8
138.0000, 90.0000, 1.661e-8
140.0000, 90.0000, 1.526e-8
142.0000, 90.0000, 1.517e-8
144.0000, 90.0000, 1.656e-8
146.0000, 90.0000, 1.623e-8
148.0000, 90.0000, 1.541e-8
150.0000, 90.0000, 1.614e-8
152.0000, 90.0000, 1.736e-8
154.0000, 90.0000, 1.647e-8
156.0000, 90.0000, 1.547e-8
158.0000, 90.0000, 1.646e-8
160.0000, 90.0000, 1.795e-8
162.0000, 90.0000, 1.690e-8
164.0000, 90.0000, 1.619e-8
166.0000, 90.0000, 1.778e-8
168.0000, 90.0000, 1.846e-8
170.0000, 90.0000, 1.677e-8
172.0000, 90.0000, 1.631e-8
174.0000, 90.0000, 1.775e-8
176.0000, 90.0000, 1.773e-8
178.0000, 90.0000, 1.654e-8
180.0000, 90.0000, 1.610e-8
182.0000, 90.0000, 1.784e-8
184.0000, 90.0000, 1.777e-8
186.0000, 90.0000, 1.633e-8
188.0000, 90.0000, 1.623e-8
190.0000, 90.0000, 1.791e-8
192.0000, 90.0000, 1.764e-8
194.0000, 90.0000, 1.668e-8
196.0000, 90.0000, 1.674e-8
198.0000, 90.0000, 1.746e-8
200.0000, 90.0000, 1.722e-8
202.0000, 90.0000, 1.677e-8
204.0000, 90.0000, 1.732e-8
206.0000, 90.0000, 1.753e-8
208.0000, 90.0000, 1.699e-8
210.0000, 90.0000, 1.686e-8
212.0000, 90.0000, 1.830e-8
214.0000, 90.0000, 1.857e-8
216.0000, 90.0000, 1.780e-8
218.0000, 90.0000, 1.749e-8
220.0000, 90.0000, 1.832e-8
222.0000, 90.0000, 1.830e-8
224.0000, 90.0000, 1.748e-8
226.0000, 90.0000, 1.751e-8
228.0000, 90.0000, 1.891e-8
230.0000, 90.0000, 1.953e-8
232.0000, 90.0000, 1.893e-8
234.0000, 90.0000, 1.959e-8
236.0000, 90.0000, 2.099e-8
238.0000, 90.0000, 2.088e-8
240.0000, 90.0000, 2.019e-8
242.0000, 90.0000, 2.089e-8
244.0000, 90.0000, 2.178e-8
246.0000, 90.0000, 2.164e-8
248.0000, 90.0000, 2.142e-8
0.0000, 92.0000, 3.631e-8
2.0000, 92.0000, 3.651e-8
4.0000, 92.0000, 3.386e-8
6.0000, 92.0000, 3.245e-8
8.0000, 92.0000, 3.253e-8
10.0000, 92.0000, 3.205e-8
12.0000, 92.0000, 3.510e-8
14.0000, 92.0000, 3.518e-8
16.0000, 92.0000, 3.474e-8
18.0000, 92.0000, 3.793e-8
20.0000, 92.0000, 3.899e-8
22.0000, 92.0000, 3.726e-8
24.0000, 92.0000, 3.848e-8
26.0000, 92.0000, 3.765e-8
28.0000, 92.0000, 3.449e-8
30.0000, 92.0000, 3.368e-8
32.0000, 92.0000, 3.124e-8
34.0000, 92.0000, 2.747e-8
36.0000, 92.0000, 2.554e-8
38.0000, 92.0000, 2.350e-8
40.0000, 92.0000, 2.020e-8
42.0000, 92.0000, 1.867e-8
44.0000, 92.0000, 1.724e-8
46.0000, 92.0000, 1.710e-8
48.0000, 92.0000, 1.813e-8
50.0000, 92.0000, 1.675e-8
52.0000, 92.0000, 1.433e-8
54.0000, 92.0000, 1.618e-8
56.0000, 92.0000, 1.599e-8
58.0000, 92.0000, 1.383e-8
60.0000, 92.0000, 1.483e-8
62.0000, 92.0000, 1.625e-8
64.0000, 92.0000, 1.439e-8
66.0000, 92.0000, 1.349e-8
68.0000, 92.0000, 1.392e-8
70.0000, 92.0000, 1.346e-8
72.0000, 92.0000, 1.337e-8
74.0000, 92.0000, 1.358e-8
76.0000, 92.0000, 1.317e-8
78.0000, 92.0000, 1.309e-8
80.0000, 92.0000, 1.416e-8
82.0000, 92.0000, 1.372e-8
84.0000, 92.0000, 1.334e-8
86.0000, 92.0000, 1.339e-8
88.0000, 92.0000, 1.360e-8
90.0000, 92.0000, 1.380e-8
92.0000, 92.0000, 1.372e-8
94.0000, 92.0000, 1.302e-8
96.0000, 92.0000, 1.348e-8
98.0000, 92.0000, 1.438e-8
100.0000, 92.0000, 1.388e-8
102.0000, 92.0000, 1.415e-8
104.0000, 92.0000, 1.611e-8
106.0000, 92.0000, 1.575e-8
108.0000, 92.0000, 1.451e-8
110.0000, 92.0000, 1.479e-8
112.0000, 92.0000, 1.537e-8
114.0000, 92.0000, 1.492e-8
116.0000, 92.0000, 1.426e-8
118.0000, 92.0000, 1.435e-8
120.0000, 92.0000, 1.518e-8
122.0000, 92.0000, 1.502e-8
124.0000, 92.0000, 1.513e-8
126.0000, 92.0000, 1.575e-8
128.0000, 92.0000, 1.558e-8
130.0000, 92.0000, 1.485e-8
132.0000, 92.0000, 1.392e-8
134.0000, 92.0000, 1.361e-8
136.0000, 92.0000, 1.385e-8
138.0000, 92.0000, 1.445e-8
140.0000, 92.0000, 1.528e-8
142.0000, 92.0000, 1.539e-8
144.0000, 92.0000, 1.505e-8
146.0000, 92.0000, 1.567e-8
148.0000, 92.0000, 1.652e-8
150.0000, 92.0000, 1.621e-8
152.0000, 92.0000, 1.578e-8
154.0000, 92.0000, 1.636e-8
156.0000, 92.0000, 1.676e-8
158.0000, 92.0000, 1.625e-8
160.0000, 92.0000, 1.568e-8
162.0000, 92.0000, 1.602e-8
164.0000, 92.0000, 1.645e-8
166.0000, 92.0000, 1.638e-8
168.0000, 92.0000, 1.602e-8
170.0000, 92.0000, 1.571e-8
172.0000, 92.0000, 1.639e-8
174.0000, 92.0000, 1.744e-8
176.0000, 92.0000, 1.702e-8
178.0000, 92.0000, 1.618e-8
180.0000, 92.0000, 1.687e-8
182.0000, 92.0000, 1.741e-8
184.0000, 92.0000, 1.666e-8
186.0000, 92.0000, 1.597e-8
188.0000, 92.0000, 1.639e-8
190.0000, 92.0000, 1.732e-8
192.0000, 92.0000, 1.716e-8
194.0000, 92.0000, 1.677e-8
196.0000, 92.0000, 1.726e-8
198.0000, 92.0000, 1.762e-8
200.0000, 92.0000, 1.717e-8
202.0000, 92.0000, 1.710e-8
204.0000, 92.0000, 1.757e-8
206.0000, 92.0000, 1.745e-8
208.0000, 92.0000, 1.712e-8
210.0000, 92.0000, 1.754e-8
212.0000, 92.0000, 1.836e-8
214.0000, 92.0000, 1.810e-8
216.0000, 92.0000, 1.779e-8
218.0000, 92.0000, 1.858e-8
220.0000, 92.0000, 1.925e-8
222.0000, 92.0000, 1.847e-8
224.0000, 92.0000, 1.802e-8
226.0000, 92.0000, 1.888e-8
228.0000, 92.0000, 1.962e-8
230.0000, 92.0000, 1.916e-8
232.0000, 92.0000, 1.947e-8
234.0000, 92.0000, 2.091e-8
236.0000, 92.0000, 2.142e-8
238.0000, 92.0000, 2.083e-8
240.0000, 92.0000, 2.077e-8
242.0000, 92.0000, 2.192e-8
244.0000, 92.0000, 2.203e-8
246.0000, 92.0000, 2.166e-8
248.0000, 92.0000, 2.236e-8
0.0000, 94.0000, 3.986e-8
2.0000, 94.0000, 3.473e-8
4.0000, 94.0000, 3.178e-8
6.0000, 94.0000, 3.128e-8
8.0000, 94.0000, 3.142e-8
10.0000, 94.0000, 3.135e-8
12.0000, 94.0000, 3.113e-8
14.0000, 94.0000, 3.424e-8
16.0000, 94.0000, 3.522e-8
18.0000, 94.0000, 3.406e-8
20.0000, 94.0000, 3.650e-8
22.0000, 94.0000, 3.807e-8
24.0000, 94.0000, 3.539e-8
26.0000, 94.0000, 3.458e-8
28.0000, 94.0000, 3.454e-8
30.0000, 94.0000, 3.037e-8
32.0000, 94.0000, 2.665e-8
34.0000, 94.0000, 2.662e-8
36.0000, 94.0000, 2.377e-8
38.0000, 94.0000, 2.022e-8
40.0000, 94.0000, 1.962e-8
42.0000, 94.0000, 1.773e-8
44.0000, 94.0000, 1.642e-8
46.0000, 94.0000, 1.592e-8
48.0000, 94.0000, 1.473e-8
50.0000, 94.0000, 1.366e-8
52.0000, 94.0000, 1.394e-8
54.0000, 94.0000, 1.285e-8
56.0000, 94.0000, 1.367e-8
58.0000, 94.0000, 1.477e-8
60.0000, 94.0000, 1.332e-8
62.0000, 94.0000, 1.319e-8
64.0000, 94.0000, 1.442e-8
66.0000, 94.0000, 1.362e-8
68.0000, 94.0000, 1.271e-8
70.0000, 94.0000, 1.549e-8
72.0000, 94.0000, 1.625e-8
74.0000, 94.0000, 1.423e-8
76.0000, 94.0000, 1.329e-8
78.0000, 94.0000, 1.393e-8
80.0000, 94.0000, 1.380e-8
82.0000, 94.0000, 1.305e-8
84.0000, 94.0000, 1.251e-8
86.0000, 94.0000, 1.341e-8
88.0000, 94.0000, 1.481e-8
90.0000, 94.0000, 1.422e-8
92.0000, 94.0000, 1.306e-8
94.0000, 94.0000, 1.519e-8
96.0000, 94.0000, 1.563e-8
98.0000, 94.0000, 1.424e-8
100.0000, 94.0000, 1.450e-8
102.0000, 94.0000, 1.569e-8
104.0000, 94.0000, 1.440e-8
106.0000, 94.0000, 1.337e-8
108.0000, 94.0000, 1.457e-8
110.0000, 94.0000, 1.539e-8
112.0000, 94.0000, 1.448e-8
114.0000, 94.0000, 1.458e-8
116.0000, 94.0000, 1.596e-8
118.0000, 94.0000, 1.692e-8
120.0000, 94.0000, 1.616e-8
122.0000, 94.0000, 1.564e-8
124.0000, 94.0000, 1.659e-8
126.0000, 94.0000, 1.657e-8
128.0000, 94.0000, 1.535e-8
130.0000, 94.0000, 1.481e-8
132.0000, 94.0000, 1.597e-8
134.0000, 94.0000, 1.534e-8
136.0000, 94.0000, 1.461e-8
138.0000, 94.0000, 1.578e-8
140.0000, 94.0000, 1.689e-8
142.0000, 94.0000, 1.558e-8
144.0000, 94.0000, 1.537e-8
146.0000, 94.0000, 1.618e-8
148.0000, 94.0000, 1.630e-8
150.0000, 94.0000, 1.590e-8
152.0000, 94.0000, 1.617e-8
154.0000, 94.0000, 1.664e-8
156.0000, 94.0000, 1.707e-8
158.0000, 94.0000, 1.694e-8
160.0000, 94.0000, 1.620e-8
162.0000, 94.0000, 1.640e-8
164.0000, 94.0000, 1.703e-8
166.0000, 94.0000, 1.699e-8
168.0000, 94.0000, 1.661e-8
170.0000, 94.0000, 1.636e-8
172.0000, 94.0000, 1.620e-8
174.0000, 94.0000, 1.659e-8
176.0000, 94.0000, 1.683e-8
178.0000, 94.0000, 1.648e-8
180.0000, 94.0000, 1.624e-8
182.0000, 94.0000, 1.721e-8
184.0000, 94.0000, 1.729e-8
186.0000, 94.0000, 1.662e-8
188.0000, 94.0000, 1.661e-8
190.0000, 94.0000, 1.776e-8
192.0000, 94.0000, 1.734e-8
194.0000, 94.0000, 1.669e-8
196.0000, 94.0000, 1.709e-8
198.0000, 94.0000, 1.760e-8
200.0000, 94.0000, 1.729e-8
202.0000, 94.0000, 1.700e-8
204.0000, 94.0000, 1.764e-8
206.0000, 94.0000, 1.798e-8
208.0000, 94.0000, 1.764e-8
210.0000, 94.0000, 1.783e-8
212.0000, 94.0000, 1.848e-8
214.0000, 94.0000, 1.817e-8
216.0000, 94.0000, 1.761e-8
218.0000, 94.0000, 1.804e-8
220.0000, 94.0000, 1.953e-8
222.0000, 94.0000, 1.923e-8
224.0000, 94.0000, 1.858e-8
226.0000, 94.0000, 1.923e-8
228.0000, 94.0000, 2.009e-8
230.0000, 94.0000, 1.973e-8
232.0000, 94.0000, 1.935e-8
234.0000, 94.0000, 2.006e-8
236.0000, 94.0000, 2.077e-8
238.0000, 94.0000, 2.057e-8
240.0000, 94.0000, 2.038e-8
242.0000, 94.0000, 2.136e-8
244.0000, 94.0000, 2.205e-8
246.0000, 94.0000, 2.173e-8
248.0000, 94.0000, 2.128e-8
0.0000, 96.0000, 3.364e-8
2.0000, 96.0000, 3.304e-8
4.0000, 96.0000, 3.094e-8
6.0000, 96.0000, 3.017e-8
8.0000, 96.0000, 3.027e-8
10.0000, 96.0000, 3.067e-8
12.0000, 96.0000, 3.450e-8
14.0000, 96.0000, 3.424e-8
16.0000, 96.0000, 3.345e-8
18.0000, 96.0000, 3.599e-8
20.0000, 96.0000, 3.614e-8
22.0000, 96.0000, 3.387e-8
24.0000, 96.0000, 3.565e-8
26.0000, 96.0000, 3.405e-8
28.0000, 96.0000, 2.981e-8
30.0000, 96.0000, 2.924e-8
32.0000, 96.0000, 2.734e-8
34.0000, 96.0000, 2.312e-8
36.0000, 96.0000, 2.140e-8
38.0000, 96.0000, 1.994e-8
40.0000, 96.0000, 1.726e-8
42.0000, 96.0000, 1.837e-8
44.0000, 96.0000, 1.698e-8
46.0000, 96.0000, 1.497e-8
48.0000, 96.0000, 1.595e-8
50.0000, 96.0000, 1.680e-8
52.0000, 96.0000, 1.429e-8
54.0000, 96.0000, 1.506e-8
56.0000, 96.0000, 1.539e-8
58.0000, 96.0000, 1.370e-8
60.0000, 96.0000, 1.363e-8
62.0000, 96.0000, 1.408e-8
64.0000, 96.0000, 1.346e-8
66.0000, 96.0000, 1.398e-8
68.0000, 96.0000, 1.409e-8
70.0000, 96.0000, 1.314e-8
72.0000, 96.0000, 1.344e-8
74.0000, 96.0000, 1.391e-8
76.0000, 96.0000, 1.347e-8
78.0000, 96.0000, 1.346e-8
80.0000, 96.0000, 1.448e-8
82.0000, 96.0000, 1.337e-8
84.0000, 96.0000, 1.399e-8
86.0000, 96.0000, 1.533e-8
88.0000, 96.0000, 1.471e-8
90.0000, 96.0000, 1.365e-8
92.0000, 96.0000, 1.550e-8
94.0000, 96.0000, 1.526e-8
96.0000, 96.0000, 1.435e-8
98.0000, 96.0000, 1.440e-8
100.0000, 96.0000, 1.508e-8
102.0000, 96.0000, 1.423e-8
104.0000, 96.0000, 1.456e-8
106.0000, 96.0000, 1.487e-8
108.0000, 96.0000, 1.457e-8
110.0000, 96.0000, 1.509e-8
112.0000, 96.0000, 1.517e-8
114.0000, 96.0000, 1.456e-8
116.0000, 96.0000, 1.465e-8
118.0000, 96.0000, 1.499e-8
120.0000, 96.0000, 1.457e-8
122.0000, 96.0000, 1.505e-8
124.0000, 96.0000, 1.548e-8
126.0000, 96.0000, 1.504e-8
128.0000, 96.0000, 1.503e-8
130.0000, 96.0000, 1.564e-8
132.0000, 96.0000, 1.495e-8
134.0000, 96.0000, 1.504e-8
136.0000, 96.0000, 1.597e-8
138.0000, 96.0000, 1.587e-8
140.0000, 96.0000, 1.520e-8
142.0000, 96.0000, 1.565e-8
144.0000, 96.0000, 1.608e-8
146.0000, 96.0000, 1.606e-8
148.0000, 96.0000, 1.586e-8
150.0000, 96.0000, 1.569e-8
152.0000, 96.0000, 1.592e-8
154.0000, 96.0000, 1.673e-8
156.0000, 96.0000, 1.653e-8
158.0000, 96.0000, 1.613e-8
160.0000, 96.0000, 1.700e-8
162.0000, 96.0000, 1.735e-8
164.0000, 96.0000, 1.672e-8
166.0000, 96.0000, 1.654e-8
168.0000, 96.0000, 1.691e-8
170.0000, 96.0000, 1.698e-8
172.0000, 96.0000, 1.654e-8
174.0000, 96.0000, 1.641e-8
176.0000, 96.0000, 1.682e-8
178.0000, 96.0000, 1.712e-8
180.0000, 96.0000, 1.694e-8
182.0000, 96.0000, 1.662e-8
184.0000, 96.0000, 1.690e-8
186.0000, 96.0000, 1.696e-8
188.0000, 96.0000, 1.656e-8
190.0000, 96.0000, 1.654e-8
192.0000, 96.0000, 1.720e-8
194.0000, 96.0000, 1.714e-8
196.0000, 96.0000, 1.692e-8
198.0000, 96.0000, 1.745e-8
200.0000, 96.0000, 1.800e-8
202.0000, 96.0000, 1.759e-8
204.0000, 96.0000, 1.726e-8
206.0000, 96.0000, 1.758e-8
208.0000, 96.0000, 1.788e-8
210.0000, 96.0000, 1.776e-8
212.0000, 96.0000, 1.740e-8
214.0000, 96.0000, 1.748e-8
216.0000, 96.0000, 1.802e-8
218.0000, 96.0000, 1.812e-8
220.0000, 96.0000, 1.816e-8
222.0000, 96.0000, 1.916e-8
224.0000, 96.0000, 1.958e-8
226.0000, 96.0000, 1.915e-8
228.0000, 96.0000, 1.919e-8
230.0000, 96.0000, 2.022e-8
232.0000, 96.0000, 2.023e-8
234.0000, 96.0000, 1.997e-8
236.0000, 96.0000, 2.041e-8
238.0000, 96.0000, 2.102e-8
240.0000, 96.0000, 2.112e-8
242.0000, 96.0000, 2.117e-8
244.0000, 96.0000, 2.127e-8
246.0000, 96.0000, 2.122e-8
248.0000, 96.0000, 2.117e-8
0.0000, 98.0000, 3.447e-8
2.0000, 98.0000, 3.405e-8
4.0000, 98.0000, 3.152e-8
6.0000, 98.0000, 2.932e-8
8.0000, 98.0000, 2.897e-8
10.0000, 98.0000, 2.951e-8
12.0000, 98.0000, 3.019e-8
14.0000, 98.0000, 3.041e-8
16.0000, 98.0000, 3.376e-8
18.0000, 98.0000, 3.550e-8
20.0000, 98.0000, 3.271e-8
22.0000, 98.0000, 3.320e-8
24.0000, 98.0000, 3.398e-8
26.0000, 98.0000, 3.072e-8
28.0000, 98.0000, 2.895e-8
30.0000, 98.0000, 3.090e-8
32.0000, 98.0000, 2.676e-8
34.0000, 98.0000, 2.200e-8
36.0000, 98.0000, 2.057e-8
38.0000, 98.0000, 1.931e-8
40.0000, 98.0000, 1.658e-8
42.0000, 98.0000, 1.517e-8
44.0000, 98.0000, 1.553e-8
46.0000, 98.0000, 1.499e-8
48.0000, 98.0000, 1.364e-8
50.0000, 98.0000, 1.329e-8
52.0000, 98.0000, 1.483e-8
54.0000, 98.0000, 1.417e-8
56.0000, 98.0000, 1.266e-8
58.0000, 98.0000, 1.312e-8
60.0000, 98.0000, 1.484e-8
62.0000, 98.0000, 1.314e-8
64.0000, 98.0000, 1.303e-8
66.0000, 98.0000, 1.522e-8
68.0000, 98.0000, 1.511e-8
70.0000, 98.0000, 1.350e-8
72.0000, 98.0000, 1.415e-8
74.0000, 98.0000, 1.462e-8
76.0000, 98.0000, 1.357e-8
78.0000, 98.0000, 1.285e-8
80.0000, 98.0000, 1.396e-8
82.0000, 98.0000, 1.403e-8
84.0000, 98.0000, 1.312e-8
86.0000, 98.0000, 1.317e-8
88.0000, 98.0000, 1.424e-8
90.0000, 98.0000, 1.367e-8
92.0000, 98.0000, 1.262e-8
94.0000, 98.0000, 1.340e-8
96.0000, 98.0000, 1.454e-8
98.0000, 98.0000, 1.398e-8
100.0000, 98.0000, 1.307e-8
102.0000, 98.0000, 1.466e-8
104.0000, 98.0000, 1.496e-8
106.0000, 98.0000, 1.453e-8
108.0000, 98.0000, 1.517e-8
110.0000, 98.0000, 1.656e-8
112.0000, 98.0000, 1.555e-8
114.0000, 98.0000, 1.489e-8
116.0000, 98.0000, 1.528e-8
118.0000, 98.0000, 1.597e-8
120.0000, 98.0000, 1.556e-8
122.0000, 98.0000, 1.493e-8
124.0000, 98.0000, 1.507e-8
126.0000, 98.0000, 1.517e-8
128.0000, 98.0000, 1.491e-8
130.0000, 98.0000, 1.489e-8
132.0000, 98.0000, 1.624e-8
134.0000, 98.0000, 1.613e-8
136.0000, 98.0000, 1.488e-8
138.0000, 98.0000, 1.425e-8
140.0000, 98.0000, 1.497e-8
142.0000, 98.0000, 1.540e-8
144.0000, 98.0000, 1.493e-8
146.0000, 98.0000, 1.524e-8
148.0000, 98.0000, 1.680e-8
150.0000, 98.0000, 1.704e-8
152.0000, 98.0000, 1.632e-8
154.0000, 98.0000, 1.615e-8
156.0000, 98.0000, 1.635e-8
158.0000, 98.0000, 1.607e-8
160.0000, 98.0000, 1.617e-8
162.0000, 98.0000, 1.698e-8
164.0000, 98.0000, 1.692e-8
166.0000, 98.0000, 1.643e-8
168.0000, 98.0000, 1.643e-8
170.0000, 98.0000, 1.703e-8
172.0000, 98.0000, 1.699e-8
174.0000, 98.0000, 1.639e-8
176.0000, 98.0000, 1.659e-8
178.0000, 98.0000, 1.753e-8
180.0000, 98.0000, 1.739e-8
182.0000, 98.0000, 1.668e-8
184.0000, 98.0000, 1.686e-8
186.0000, 98.0000, 1.729e-8
188.0000, 98.0000, 1.687e-8
190.0000, 98.0000, 1.645e-8
192.0000, 98.0000, 1.650e-8
194.0000, 98.0000, 1.662e-8
196.0000, 98.0000, 1.705e-8
198.0000, 98.0000, 1.737e-8
200.0000, 98.0000, 1.724e-8
202.0000, 98.0000, 1.724e-8
204.0000, 98.0000, 1.753e-8
206.0000, 98.0000, 1.790e-8
208.0000, 98.0000, 1.779e-8
210.0000, 98.0000, 1.756e-8
212.0000, 98.0000, 1.769e-8
214.0000, 98.0000, 1.775e-8
216.0000, 98.0000, 1.798e-8
218.0000, 98.0000, 1.842e-8
220.0000, 98.0000, 1.853e-8
222.0000, 98.0000, 1.837e-8
224.0000, 98.0000, 1.849e-8
226.0000, 98.0000, 1.879e-8
228.0000, 98.0000, 1.889e-8
230.0000, 98.0000, 1.901e-8
232.0000, 98.0000, 1.955e-8
234.0000, 98.0000, 1.984e-8
236.0000, 98.0000, 2.003e-8
238.0000, 98.0000, 2.071e-8
240.0000, 98.0000, 2.158e-8
242.0000, 98.0000, 2.165e-8
244.0000, 98.0000, 2.124e-8
246.0000, 98.0000, 2.145e-8
248.0000, 98.0000, 2.216e-8
0.0000, 100.0000, 3.590e-8
2.0000, 100.0000, 3.635e-8
4.0000, 100.0000, 3.312e-8
6.0000, 100.0000, 3.128e-8
8.0000, 100.0000, 3.064e-8
10.0000, 100.0000, 3.023e-8
12.0000, 100.0000, 3.257e-8
14.0000, 100.0000, 3.136e-8
16.0000, 100.0000, 3.295e-8
18.0000, 100.0000, 3.614e-8
20.0000, 100.0000, 3.305e-8
22.0000, 100.0000, 3.163e-8
24.0000, 100.0000, 3.569e-8
26.0000, 100.0000, 3.261e-8
28.0000, 100.0000, 2.896e-8
30.0000, 100.0000, 3.109e-8
32.0000, 100.0000, 2.731e-8
34.0000, 100.0000, 2.262e-8
36.0000, 100.0000, 2.296e-8
38.0000, 100.0000, 2.123e-8
40.0000, 100.0000, 1.748e-8
42.0000, 100.0000, 1.644e-8
44.0000, 100.0000, 1.501e-8
46.0000, 100.0000, 1.487e-8
48.0000, 100.0000, 1.490e-8
50.0000, 100.0000, 1.294e-8
52.0000, 100.0000, 1.297e-8
54.0000, 100.0000, 1.535e-8
56.0000, 100.0000, 1.405e-8
58.0000, 100.0000, 1.305e-8
60.0000, 100.0000, 1.622e-8
62.0000, 100.0000, 1.519e-8
64.0000, 100.0000, 1.301e-8
66.0000, 100.0000, 1.399e-8
68.0000, 100.0000, 1.452e-8
70.0000, 100.0000, 1.317e-8
72.0000, 100.0000, 1.305e-8
74.0000, 100.0000, 1.287e-8
76.0000, 100.0000, 1.288e-8
78.0000, 100.0000, 1.324e-8
80.0000, 100.0000, 1.336e-8
82.0000, 100.0000, 1.288e-8
84.0000, 100.0000, 1.352e-8
86.0000, 100.0000, 1.333e-8
88.0000, 100.0000, 1.266e-8
90.0000, 100.0000, 1.363e-8
92.0000, 100.0000, 1.404e-8
94.0000, 100.0000, 1.353e-8
96.0000, 100.0000, 1.409e-8
98.0000, 100.0000, 1.459e-8
100.0000, 100.0000, 1.373e-8
102.0000, 100.0000, 1.492e-8
104.0000, 100.0000, 1.595e-8
106.0000, 100.0000, 1.513e-8
108.0000, 100.0000, 1.471e-8
110.0000, 100.0000, 1.695e-8
112.0000, 100.0000, 1.612e-8
114.0000, 100.0000, 1.516e-8
116.0000, 100.0000, 1.574e-8
118.0000, 100.0000, 1.632e-8
120.0000, 100.0000, 1.548e-8
122.0000, 100.0000, 1.552e-8
124.0000, 100.0000, 1.600e-8
126.0000, 100.0000, 1.534e-8
128.0000, 100.0000, 1.446e-8
130.0000, 100.0000, 1.500e-8
132.0000, 100.0000, 1.510e-8
134.0000, 100.0000, 1.509e-8
136.0000, 100.0000, 1.467e-8
138.0000, 100.0000, 1.443e-8
140.0000, 100.0000, 1.547e-8
142.0000, 100.0000, 1.547e-8
144.0000, 100.0000, 1.510e-8
146.0000, 100.0000, 1.585e-8
148.0000, 100.0000, 1.679e-8
150.0000, 100.0000, 1.618e-8
152.0000, 100.0000, 1.594e-8
154.0000, 100.0000, 1.627e-8
156.0000, 100.0000, 1.613e-8
158.0000, 100.0000, 1.584e-8
160.0000, 100.0000, 1.609e-8
162.0000, 100.0000, 1.636e-8
164.0000, 100.0000, 1.677e-8
166.0000, 100.0000, 1.685e-8
168.0000, 100.0000, 1.664e-8
170.0000, 100.0000, 1.655e-8
172.0000, 100.0000, 1.733e-8
174.0000, 100.0000, 1.712e-8
176.0000, 100.0000, 1.661e-8
178.0000, 100.0000, 1.707e-8
180.0000, 100.0000, 1.760e-8
182.0000, 100.0000, 1.683e-8
184.0000, 100.0000, 1.681e-8
186.0000, 100.0000, 1.737e-8
188.0000, 100.0000, 1.724e-8
190.0000, 100.0000, 1.688e-8
192.0000, 100.0000, 1.649e-8
194.0000, 100.0000, 1.649e-8
196.0000, 100.0000, 1.744e-8
198.0000, 100.0000, 1.797e-8
200.0000, 100.0000, 1.736e-8
202.0000, 100.0000, 1.742e-8
204.0000, 100.0000, 1.830e-8
206.0000, 100.0000, 1.824e-8
208.0000, 100.0000, 1.774e-8
210.0000, 100.0000, 1.807e-8
212.0000, 100.0000, 1.792e-8
214.0000, 100.0000, 1.774e-8
216.0000, 100.0000, 1.822e-8
218.0000, 100.0000, 1.853e-8
220.0000, 100.0000, 1.830e-8
222.0000, 100.0000, 1.824e-8
224.0000, 100.0000, 1.874e-8
226.0000, 100.0000, 1.915e-8
228.0000, 100.0000, 1.893e-8
230.0000, 100.0000, 1.871e-8
232.0000, 100.0000, 1.949e-8
234.0000, 100.0000, 2.049e-8
236.0000, 100.0000, 2.058e-8
238.0000, 100.0000, 2.036e-8
240.0000, 100.0000, 2.165e-8
242.0000, 100.0000, 2.268e-8
244.0000, 100.0000, 2.207e-8
246.0000, 100.0000, 2.178e-8
248.0000, 100.0000, 2.321e-8
0.0000, 102.0000, 3.153e-8
2.0000, 102.0000, 2.964e-8
4.0000, 102.0000, 2.807e-8
6.0000, 102.0000, 2.753e-8
8.0000, 102.0000, 2.763e-8
10.0000, 102.0000, 2.931e-8
12.0000, 102.0000, 3.307e-8
14.0000, 102.0000, 3.178e-8
16.0000, 102.0000, 3.243e-8
18.0000, 102.0000, 3.491e-8
20.0000, 102.0000, 3.204e-8
22.0000, 102.0000, 2.924e-8
24.0000, 102.0000, 3.442e-8
26.0000, 102.0000, 3.343e-8
28.0000, 102.0000, 2.711e-8
30.0000, 102.0000, 2.618e-8
32.0000, 102.0000, 2.588e-8
34.0000, 102.0000, 2.148e-8
36.0000, 102.0000, 1.881e-8
38.0000, 102.0000, 1.780e-8
40.0000, 102.0000, 1.645e-8
42.0000, 102.0000, 1.557e-8
44.0000, 102.0000, 1.388e-8
46.0000, 102.0000, 1.522e-8
48.0000, 102.0000, 1.732e-8
50.0000, 102.0000, 1.521e-8
52.0000, 102.0000, 1.334e-8
54.0000, 102.0000, 1.659e-8
56.0000, 102.0000, 1.628e-8
58.0000, 102.0000, 1.385e-8
60.0000, 102.0000, 1.651e-8
62.0000, 102.0000, 1.732e-8
64.0000, 102.0000, 1.464e-8
66.0000, 102.0000, 1.439e-8
68.0000, 102.0000, 1.523e-8
70.0000, 102.0000, 1.387e-8
72.0000, 102.0000, 1.321e-8
74.0000, 102.0000, 1.322e-8
76.0000, 102.0000, 1.303e-8
78.0000, 102.0000, 1.298e-8
80.0000, 102.0000, 1.275e-8
82.0000, 102.0000, 1.227e-8
84.0000, 102.0000, 1.299e-8
86.0000, 102.0000, 1.311e-8
88.0000, 102.0000, 1.324e-8
90.0000, 102.0000, 1.437e-8
92.0000, 102.0000, 1.490e-8
94.0000, 102.0000, 1.392e-8
96.0000, 102.0000, 1.370e-8
98.0000, 102.0000, 1.477e-8
100.0000, 102.0000, 1.475e-8
102.0000, 102.0000, 1.414e-8
104.0000, 102.0000, 1.519e-8
106.0000, 102.0000, 1.530e-8
108.0000, 102.0000, 1.449e-8
110.0000, 102.0000, 1.476e-8
112.0000, 102.0000, 1.486e-8
114.0000, 102.0000, 1.469e-8
116.0000, 102.0000, 1.527e-8
118.0000, 102.0000, 1.549e-8
120.0000, 102.0000, 1.465e-8
122.0000, 102.0000, 1.584e-8
124.0000, 102.0000, 1.640e-8
126.0000, 102.0000, 1.573e-8
128.0000, 102.0000, 1.575e-8
130.0000, 102.0000, 1.688e-8
132.0000, 102.0000, 1.604e-8
134.0000, 102.0000, 1.523e-8
136.0000, 102.0000, 1.556e-8
138.0000, 102.0000, 1.601e-8
140.0000, 102.0000, 1.548e-8
142.0000, 102.0000, 1.522e-8
144.0000, 102.0000, 1.605e-8
146.0000, 102.0000, 1.657e-8
148.0000, 102.0000, 1.603e-8
150.0000, 102.0000, 1.556e-8
152.0000, 102.0000, 1.676e-8
154.0000, 102.0000, 1.704e-8
156.0000, 102.0000, 1.639e-8
158.0000, 102.0000, 1.661e-8
160.0000, 102.0000, 1.808e-8
162.0000, 102.0000, 1.775e-8
164.0000, 102.0000, 1.730e-8
166.0000, 102.0000, 1.796e-8
168.0000, 102.0000, 1.825e-8
170.0000, 102.0000, 1.722e-8
172.0000, 102.0000, 1.657e-8
174.0000, 102.0000, 1.731e-8
176.0000, 102.0000, 1.799e-8
178.0000, 102.0000, 1.738e-8
180.0000, 102.0000, 1.674e-8
182.0000, 102.0000, 1.713e-8
184.0000, 102.0000, 1.740e-8
186.0000, 102.0000, 1.722e-8
188.0000, 102.0000, 1.710e-8
190.0000, 102.0000, 1.723e-8
192.0000, 102.0000, 1.676e-8
194.0000, 102.0000, 1.669e-8
196.0000, 102.0000, 1.721e-8
198.0000, 102.0000, 1.741e-8
200.0000, 102.0000, 1.739e-8
202.0000, 102.0000, 1.743e-8
204.0000, 102.0000, 1.758e-8
206.0000, 102.0000, 1.778e-8
208.0000, 102.0000, 1.815e-8
210.0000, 102.0000, 1.821e-8
212.0000, 102.0000, 1.786e-8
214.0000, 102.0000, 1.829e-8
216.0000, 102.0000, 1.900e-8
218.0000, 102.0000, 1.895e-8
220.0000, 102.0000, 1.850e-8
222.0000, 102.0000, 1.908e-8
224.0000, 102.0000, 1.998e-8
226.0000, 102.0000, 1.976e-8
228.0000, 102.0000, 1.902e-8
230.0000, 102.0000, 1.953e-8
232.0000, 102.0000, 2.064e-8
234.0000, 102.0000, 2.096e-8
236.0000, 102.0000, 2.085e-8
238.0000, 102.0000, 2.109e-8
240.0000, 102.0000, 2.154e-8
242.0000, 102.0000, 2.146e-8
244.0000, 102.0000, 2.149e-8
246.0000, 102.0000, 2.189e-8
248.0000, 102.0000, 2.211e-8
0.0000, 104.0000, 3.323e-8
2.0000, 104.0000, 3.264e-8
4.0000, 104.0000, 3.019e-8
6.0000, 104.0000, 2.966e-8
8.0000, 104.0000, 3.000e-8
10.0000, 104.0000, 2.906e-8
12.0000, 104.0000, 3.086e-8
14.0000, 104.0000, 2.989e-8
16.0000, 104.0000, 2.937e-8
18.0000, 104.0000, 3.293e-8
20.0000, 104.0000, 3.218e-8
22.0000, 104.0000, 2.876e-8
24.0000, 104.0000, 3.254e-8
26.0000, 104.0000, 3.124e-8
28.0000, 104.0000, 2.577e-8
30.0000, 104.0000, 2.594e-8
32.0000, 104.0000, 2.619e-8
34.0000, 104.0000, 2.173e-8
36.0000, 104.0000, 1.985e-8
38.0000, 104.0000, 1.921e-8
40.0000, 104.0000, 1.678e-8
42.0000, 104.0000, 1.656e-8
44.0000, 104.0000, 1.510e-8
46.0000, 104.0000, 1.457e-8
48.0000, 104.0000, 1.702e-8
50.0000, 104.0000, 1.695e-8
52.0000, 104.0000, 1.436e-8
54.0000, 104.0000, 1.655e-8
56.0000, 104.0000, 1.753e-8
58.0000, 104.0000, 1.531e-8
60.0000, 104.0000, 1.541e-8
62.0000, 104.0000, 1.669e-8
64.0000, 104.0000, 1.512e-8
66.0000, 104.0000, 1.458e-8
68.0000, 104.0000, 1.517e-8
70.0000, 104.0000, 1.440e-8
72.0000, 104.0000, 1.440e-8
74.0000, 104.0000, 1.373e-8
76.0000, 104.0000, 1.342e-8
78.0000, 104.0000, 1.460e-8
80.0000, 104.0000, 1.570e-8
82.0000, 104.0000, 1.424e-8
84.0000, 104.0000, 1.449e-8
86.0000, 104.0000, 1.592e-8
88.0000, 104.0000, 1.575e-8
90.0000, 104.0000, 1.445e-8
92.0000, 104.0000, 1.576e-8
94.0000, 104.0000, 1.559e-8
96.0000, 104.0000, 1.494e-8
98.0000, 104.0000, 1.519e-8
100.0000, 104.0000, 1.564e-8
102.0000, 104.0000, 1.482e-8
104.0000, 104.0000, 1.514e-8
106.0000, 104.0000, 1.543e-8
108.0000, 104.0000, 1.480e-8
110.0000, 104.0000, 1.474e-8
112.0000, 104.0000, 1.502e-8
114.0000, 104.0000, 1.512e-8
116.0000, 104.0000, 1.582e-8
118.0000, 104.0000, 1.608e-8
120.0000, 104.0000, 1.533e-8
122.0000, 104.0000, 1.638e-8
124.0000, 104.0000, 1.690e-8
126.0000, 104.0000, 1.613e-8
128.0000, 104.0000, 1.590e-8
130.0000, 104.0000, 1.685e-8
132.0000, 104.0000, 1.636e-8
134.0000, 104.0000, 1.563e-8
136.0000, 104.0000, 1.617e-8
138.0000, 104.0000, 1.710e-8
140.0000, 104.0000, 1.659e-8
142.0000, 104.0000, 1.617e-8
144.0000, 104.0000, 1.654e-8
146.0000, 104.0000, 1.683e-8
148.0000, 104.0000, 1.654e-8
150.0000, 104.0000, 1.601e-8
152.0000, 104.0000, 1.702e-8
154.0000, 104.0000, 1.807e-8
156.0000, 104.0000, 1.756e-8
158.0000, 104.0000, 1.700e-8
160.0000, 104.0000, 1.828e-8
162.0000, 104.0000, 1.861e-8
164.0000, 104.0000, 1.804e-8
166.0000, 104.0000, 1.837e-8
168.0000, 104.0000, 1.906e-8
170.0000, 104.0000, 1.818e-8
172.0000, 104.0000, 1.739e-8
174.0000, 104.0000, 1.784e-8
176.0000, 104.0000, 1.826e-8
178.0000, 104.0000, 1.765e-8
180.0000, 104.0000, 1.721e-8
182.0000, 104.0000, 1.788e-8
184.0000, 104.0000, 1.793e-8
186.0000, 104.0000, 1.753e-8
188.0000, 104.0000, 1.736e-8
190.0000, 104.0000, 1.736e-8
192.0000, 104.0000, 1.735e-8
194.0000, 104.0000, 1.755e-8
196.0000, 104.0000, 1.789e-8
198.0000, 104.0000, 1.795e-8
200.0000, 104.0000, 1.788e-8
202.0000, 104.0000, 1.780e-8
204.0000, 104.0000, 1.792e-8
206.0000, 104.0000, 1.842e-8
208.0000, 104.0000, 1.877e-8
210.0000, 104.0000, 1.859e-8
212.0000, 104.0000, 1.828e-8
214.0000, 104.0000, 1.868e-8
216.0000, 104.0000, 1.937e-8
218.0000, 104.0000, 1.930e-8
220.0000, 104.0000, 1.881e-8
222.0000, 104.0000, 1.944e-8
224.0000, 104.0000, 1.990e-8
226.0000, 104.0000, 1.969e-8
228.0000, 104.0000, 1.955e-8
230.0000, 104.0000, 1.982e-8
232.0000, 104.0000, 1.983e-8
234.0000, 104.0000, 2.052e-8
236.0000, 104.0000, 2.146e-8
238.0000, 104.0000, 2.157e-8
240.0000, 104.0000, 2.126e-8
242.0000, 104.0000, 2.131e-8
244.0000, 104.0000, 2.145e-8
246.0000, 104.0000, 2.144e-8
248.0000, 104.0000, 2.137e-8
0.0000, 106.0000, 3.262e-8
2.0000, 106.0000, 3.266e-8
4.0000, 106.0000, 3.014e-8
6.0000, 106.0000, 2.936e-8
8.0000, 106.0000, 2.947e-8
10.0000, 106.0000, 2.878e-8
12.0000, 106.0000, 3.051e-8
14.0000, 106.0000, 2.926e-8
16.0000, 106.0000, 2.895e-8
18.0000, 106.0000, 3.198e-8
20.0000, 106.0000, 3.039e-8
22.0000, 106.0000, 2.689e-8
24.0000, 106.0000, 2.865e-8
26.0000, 106.0000, 2.646e-8
28.0000, 106.0000, 2.295e-8
30.0000, 106.0000, 2.457e-8
32.0000, 106.0000, 2.322e-8
34.0000, 106.0000, 1.944e-8
36.0000, 106.0000, 1.816e-8
38.0000, 106.0000, 1.746e-8
40.0000, 106.0000, 1.550e-8
42.0000, 106.0000, 1.548e-8
44.0000, 106.0000, 1.472e-8
46.0000, 106.0000, 1.472e-8
48.0000, 106.0000, 1.571e-8
50.0000, 106.0000, 1.519e-8
52.0000, 106.0000, 1.369e-8
54.0000, 106.0000, 1.611e-8
56.0000, 106.0000, 1.652e-8
58.0000, 106.0000, 1.464e-8
60.0000, 106.0000, 1.518e-8
62.0000, 106.0000, 1.635e-8
64.0000, 106.0000, 1.491e-8
66.0000, 106.0000, 1.449e-8
68.0000, 106.0000, 1.548e-8
70.0000, 106.0000, 1.520e-8
72.0000, 106.0000, 1.467e-8
74.0000, 106.0000, 1.387e-8
76.0000, 106.0000, 1.354e-8
78.0000, 106.0000, 1.430e-8
80.0000, 106.0000, 1.554e-8
82.0000, 106.0000, 1.475e-8
84.0000, 106.0000, 1.490e-8
86.0000, 106.0000, 1.554e-8
88.0000, 106.0000, 1.497e-8
90.0000, 106.0000, 1.421e-8
92.0000, 106.0000, 1.522e-8
94.0000, 106.0000, 1.540e-8
96.0000, 106.0000, 1.514e-8
98.0000, 106.0000, 1.520e-8
100.0000, 106.0000, 1.504e-8
102.0000, 106.0000, 1.442e-8
104.0000, 106.0000, 1.541e-8
106.0000, 106.0000, 1.592e-8
108.0000, 106.0000, 1.534e-8
110.0000, 106.0000, 1.549e-8
112.0000, 106.0000, 1.638e-8
114.0000, 106.0000, 1.565e-8
116.0000, 106.0000, 1.559e-8
118.0000, 106.0000, 1.768e-8
120.0000, 106.0000, 1.837e-8
122.0000, 106.0000, 1.665e-8
124.0000, 106.0000, 1.608e-8
126.0000, 106.0000, 1.708e-8
128.0000, 106.0000, 1.738e-8
130.0000, 106.0000, 1.610e-8
132.0000, 106.0000, 1.554e-8
134.0000, 106.0000, 1.656e-8
136.0000, 106.0000, 1.686e-8
138.0000, 106.0000, 1.629e-8
140.0000, 106.0000, 1.619e-8
142.0000, 106.0000, 1.741e-8
144.0000, 106.0000, 1.722e-8
146.0000, 106.0000, 1.684e-8
148.0000, 106.0000, 1.743e-8
150.0000, 106.0000, 1.762e-8
152.0000, 106.0000, 1.670e-8
154.0000, 106.0000, 1.670e-8
156.0000, 106.0000, 1.749e-8
158.0000, 106.0000, 1.752e-8
160.0000, 106.0000, 1.667e-8
162.0000, 106.0000, 1.627e-8
164.0000, 106.0000, 1.700e-8
166.0000, 106.0000, 1.872e-8
168.0000, 106.0000, 1.986e-8
170.0000, 106.0000, 1.913e-8
172.0000, 106.0000, 1.831e-8
174.0000, 106.0000, 1.836e-8
176.0000, 106.0000, 1.817e-8
178.0000, 106.0000, 1.755e-8
180.0000, 106.0000, 1.746e-8
182.0000, 106.0000, 1.759e-8
184.0000, 106.0000, 1.779e-8
186.0000, 106.0000, 1.769e-8
188.0000, 106.0000, 1.736e-8
190.0000, 106.0000, 1.773e-8
192.0000, 106.0000, 1.836e-8
194.0000, 106.0000, 1.796e-8
196.0000, 106.0000, 1.763e-8
198.0000, 106.0000, 1.819e-8
200.0000, 106.0000, 1.860e-8
202.0000, 106.0000, 1.818e-8
204.0000, 106.0000, 1.818e-8
206.0000, 106.0000, 1.866e-8
208.0000, 106.0000, 1.862e-8
210.0000, 106.0000, 1.849e-8
212.0000, 106.0000, 1.844e-8
214.0000, 106.0000, 1.866e-8
216.0000, 106.0000, 1.914e-8
218.0000, 106.0000, 1.919e-8
220.0000, 106.0000, 1.894e-8
222.0000, 106.0000, 1.934e-8
224.0000, 106.0000, 1.974e-8
226.0000, 106.0000, 1.968e-8
228.0000, 106.0000, 1.966e-8
230.0000, 106.0000, 1.969e-8
232.0000, 106.0000, 1.958e-8
234.0000, 106.0000, 2.019e-8
236.0000, 106.0000, 2.124e-8
238.0000, 106.0000, 2.113e-8
240.0000, 106.0000, 2.049e-8
242.0000, 106.0000, 2.127e-8
244.0000, 106.0000, 2.188e-8
246.0000, 106.0000, 2.143e-8
248.0000, 106.0000, 2.111e-8
0.0000, 108.0000, 3.732e-8
2.0000, 108.0000, 3.213e-8
4.0000, 108.0000, 2.950e-8
6.0000, 108.0000, 2.976e-8
8.0000, 108.0000, 2.979e-8
10.0000, 108.0000, 2.820e-8
12.0000, 108.0000, 2.785e-8
14.0000, 108.0000, 3.002e-8
16.0000, 108.0000, 2.939e-8
18.0000, 108.0000, 2.826e-8
20.0000, 108.0000, 3.227e-8
22.0000, 108.0000, 3.118e-8
24.0000, 108.0000, 2.642e-8
26.0000, 108.0000, 2.663e-8
28.0000, 108.0000, 2.664e-8
30.0000, 108.0000, 2.175e-8
32.0000, 108.0000, 1.979e-8
34.0000, 108.0000, 2.044e-8
36.0000, 108.0000, 1.799e-8
38.0000, 108.0000, 1.592e-8
40.0000, 108.0000, 1.697e-8
42.0000, 108.0000, 1.600e-8
44.0000, 108.0000, 1.428e-8
46.0000, 108.0000, 1.304e-8
48.0000, 108.0000, 1.328e-8
50.0000, 108.0000, 1.518e-8
52.0000, 108.0000, 1.474e-8
54.0000, 108.0000, 1.334e-8
56.0000, 108.0000, 1.504e-8
58.0000, 108.0000, 1.636e-8
60.0000, 108.0000, 1.434e-8
62.0000, 108.0000, 1.396e-8
64.0000, 108.0000, 1.561e-8
66.0000, 108.0000, 1.504e-8
68.0000, 108.0000, 1.408e-8
70.0000, 108.0000, 1.536e-8
72.0000, 108.0000, 1.510e-8
74.0000, 108.0000, 1.433e-8
76.0000, 108.0000, 1.408e-8
78.0000, 108.0000, 1.378e-8
80.0000, 108.0000, 1.315e-8
82.0000, 108.0000, 1.366e-8
84.0000, 108.0000, 1.432e-8
86.0000, 108.0000, 1.439e-8
88.0000, 108.0000, 1.408e-8
90.0000, 108.0000, 1.370e-8
92.0000, 108.0000, 1.432e-8
94.0000, 108.0000, 1.502e-8
96.0000, 108.0000, 1.489e-8
98.0000, 108.0000, 1.474e-8
100.0000, 108.0000, 1.553e-8
102.0000, 108.0000, 1.540e-8
104.0000, 108.0000, 1.463e-8
106.0000, 108.0000, 1.497e-8
108.0000, 108.0000, 1.535e-8
110.0000, 108.0000, 1.474e-8
112.0000, 108.0000, 1.531e-8
114.0000, 108.0000, 1.511e-8
116.0000, 108.0000, 1.491e-8
118.0000, 108.0000, 1.546e-8
120.0000, 108.0000, 1.604e-8
122.0000, 108.0000, 1.548e-8
124.0000, 108.0000, 1.556e-8
126.0000, 108.0000, 1.610e-8
128.0000, 108.0000, 1.601e-8
130.0000, 108.0000, 1.562e-8
132.0000, 108.0000, 1.635e-8
134.0000, 108.0000, 1.645e-8
136.0000, 108.0000, 1.616e-8
138.0000, 108.0000, 1.640e-8
140.0000, 108.0000, 1.680e-8
142.0000, 108.0000, 1.627e-8
144.0000, 108.0000, 1.565e-8
146.0000, 108.0000, 1.542e-8
148.0000, 108.0000, 1.568e-8
150.0000, 108.0000, 1.684e-8
152.0000, 108.0000, 2.046e-8
154.0000, 108.0000, 2.179e-8
156.0000, 108.0000, 2.053e-8
158.0000, 108.0000, 1.846e-8
160.0000, 108.0000, 1.931e-8
162.0000, 108.0000, 1.961e-8
164.0000, 108.0000, 1.785e-8
166.0000, 108.0000, 1.731e-8
168.0000, 108.0000, 1.900e-8
170.0000, 108.0000, 1.912e-8
172.0000, 108.0000, 1.776e-8
174.0000, 108.0000, 1.808e-8
176.0000, 108.0000, 1.923e-8
178.0000, 108.0000, 1.894e-8
180.0000, 108.0000, 1.794e-8
182.0000, 108.0000, 1.897e-8
184.0000, 108.0000, 1.927e-8
186.0000, 108.0000, 1.825e-8
188.0000, 108.0000, 1.769e-8
190.0000, 108.0000, 1.901e-8
192.0000, 108.0000, 1.902e-8
194.0000, 108.0000, 1.793e-8
196.0000, 108.0000, 1.760e-8
198.0000, 108.0000, 1.822e-8
200.0000, 108.0000, 1.835e-8
202.0000, 108.0000, 1.803e-8
204.0000, 108.0000, 1.806e-8
206.0000, 108.0000, 1.845e-8
208.0000, 108.0000, 1.864e-8
210.0000, 108.0000, 1.847e-8
212.0000, 108.0000, 1.876e-8
214.0000, 108.0000, 1.905e-8
216.0000, 108.0000, 1.885e-8
218.0000, 108.0000, 1.896e-8
220.0000, 108.0000, 1.972e-8
222.0000, 108.0000, 1.975e-8
224.0000, 108.0000, 1.952e-8
226.0000, 108.0000, 2.012e-8
228.0000, 108.0000, 2.078e-8
230.0000, 108.0000, 2.010e-8
232.0000, 108.0000, 1.930e-8
234.0000, 108.0000, 1.953e-8
236.0000, 108.0000, 2.032e-8
238.0000, 108.0000, 2.056e-8
240.0000, 108.0000, 2.072e-8
242.0000, 108.0000, 2.126e-8
244.0000, 108.0000, 2.144e-8
246.0000, 108.0000, 2.128e-8
248.0000, 108.0000, 2.125e-8
0.0000, 110.0000, 3.467e-8
2.0000, 110.0000, 3.370e-8
4.0000, 110.0000, 3.126e-8
6.0000, 110.0000, 2.876e-8
8.0000, 110.0000, 2.709e-8
10.0000, 110.0000, 2.772e-8
12.0000, 110.0000, 3.196e-8
14.0000, 110.0000, 3.039e-8
16.0000, 110.0000, 3.028e-8
18.0000, 110.0000, 3.488e-8
20.0000, 110.0000, 3.245e-8
22.0000, 110.0000, 2.786e-8
24.0000, 110.0000, 3.064e-8
26.0000, 110.0000, 2.885e-8
28.0000, 110.0000, 2.373e-8
30.0000, 110.0000, 2.499e-8
32.0000, 110.0000, 2.510e-8
34.0000, 110.0000, 2.062e-8
36.0000, 110.0000, 1.845e-8
38.0000, 110.0000, 1.786e-8
40.0000, 110.0000, 1.527e-8
42.0000, 110.0000, 1.413e-8
44.0000, 110.0000, 1.397e-8
46.0000, 110.0000, 1.385e-8
48.0000, 110.0000, 1.386e-8
50.0000, 110.0000, 1.361e-8
52.0000, 110.0000, 1.280e-8
54.0000, 110.0000, 1.423e-8
56.0000, 110.0000, 1.427e-8
58.0000, 110.0000, 1.352e-8
60.0000, 110.0000, 1.540e-8
62.0000, 110.0000, 1.593e-8
64.0000, 110.0000, 1.436e-8
66.0000, 110.0000, 1.498e-8
68.0000, 110.0000, 1.605e-8
70.0000, 110.0000, 1.463e-8
72.0000, 110.0000, 1.392e-8
74.0000, 110.0000, 1.487e-8
76.0000, 110.0000, 1.437e-8
78.0000, 110.0000, 1.373e-8
80.0000, 110.0000, 1.458e-8
82.0000, 110.0000, 1.412e-8
84.0000, 110.0000, 1.356e-8
86.0000, 110.0000, 1.349e-8
88.0000, 110.0000, 1.325e-8
90.0000, 110.0000, 1.313e-8
92.0000, 110.0000, 1.424e-8
94.0000, 110.0000, 1.435e-8
96.0000, 110.0000, 1.419e-8
98.0000, 110.0000, 1.433e-8
100.0000, 110.0000, 1.468e-8
102.0000, 110.0000, 1.449e-8
104.0000, 110.0000, 1.482e-8
106.0000, 110.0000, 1.452e-8
108.0000, 110.0000, 1.436e-8
110.0000, 110.0000, 1.543e-8
112.0000, 110.0000, 1.624e-8
114.0000, 110.0000, 1.538e-8
116.0000, 110.0000, 1.519e-8
118.0000, 110.0000, 1.671e-8
120.0000, 110.0000, 1.695e-8
122.0000, 110.0000, 1.638e-8
124.0000, 110.0000, 1.710e-8
126.0000, 110.0000, 1.706e-8
128.0000, 110.0000, 1.612e-8
130.0000, 110.0000, 1.587e-8
132.0000, 110.0000, 1.595e-8
134.0000, 110.0000, 1.582e-8
136.0000, 110.0000, 1.578e-8
138.0000, 110.0000, 1.581e-8
140.0000, 110.0000, 1.579e-8
142.0000, 110.0000, 1.640e-8
144.0000, 110.0000, 1.669e-8
146.0000, 110.0000, 1.656e-8
148.0000, 110.0000, 1.667e-8
150.0000, 110.0000, 1.715e-8
152.0000, 110.0000, 1.679e-8
154.0000, 110.0000, 1.698e-8
156.0000, 110.0000, 1.743e-8
158.0000, 110.0000, 1.714e-8
160.0000, 110.0000, 1.672e-8
162.0000, 110.0000, 1.701e-8
164.0000, 110.0000, 1.759e-8
166.0000, 110.0000, 1.771e-8
168.0000, 110.0000, 1.756e-8
170.0000, 110.0000, 1.779e-8
172.0000, 110.0000, 1.810e-8
174.0000, 110.0000, 1.774e-8
176.0000, 110.0000, 1.777e-8
178.0000, 110.0000, 1.849e-8
180.0000, 110.0000, 1.847e-8
182.0000, 110.0000, 1.762e-8
184.0000, 110.0000, 1.762e-8
186.0000, 110.0000, 1.833e-8
188.0000, 110.0000, 1.822e-8
190.0000, 110.0000, 1.776e-8
192.0000, 110.0000, 1.768e-8
194.0000, 110.0000, 1.781e-8
196.0000, 110.0000, 1.778e-8
198.0000, 110.0000, 1.760e-8
200.0000, 110.0000, 1.765e-8
202.0000, 110.0000, 1.839e-8
204.0000, 110.0000, 1.863e-8
206.0000, 110.0000, 1.837e-8
208.0000, 110.0000, 1.850e-8
210.0000, 110.0000, 1.929e-8
212.0000, 110.0000, 1.924e-8
214.0000, 110.0000, 1.897e-8
216.0000, 110.0000, 1.948e-8
218.0000, 110.0000, 1.965e-8
220.0000, 110.0000, 1.924e-8
222.0000, 110.0000, 1.934e-8
224.0000, 110.0000, 1.983e-8
226.0000, 110.0000, 1.991e-8
228.0000, 110.0000, 1.980e-8
230.0000, 110.0000, 2.044e-8
232.0000, 110.0000, 2.090e-8
234.0000, 110.0000, 2.058e-8
236.0000, 110.0000, 2.050e-8
238.0000, 110.0000, 2.149e-8
240.0000, 110.0000, 2.227e-8
242.0000, 110.0000, 2.207e-8
244.0000, 110.0000, 2.174e-8
246.0000, 110.0000, 2.224e-8
248.0000, 110.0000, 2.276e-8
0.0000, 112.0000, 3.525e-8
2.0000, 112.0000, 3.025e-8
4.0000, 112.0000, 2.737e-8
6.0000, 112.0000, 2.693e-8
8.0000, 112.0000, 2.709e-8
10.0000, 112.0000, 2.647e-8
12.0000, 112.0000, 2.707e-8
14.0000, 112.0000, 2.810e-8
16.0000, 112.0000, 2.686e-8
18.0000, 112.0000, 2.623e-8
20.0000, 112.0000, 2.783e-8
22.0000, 112.0000, 2.474e-8
24.0000, 112.0000, 2.278e-8
26.0000, 112.0000, 2.522e-8
28.0000, 112.0000, 2.388e-8
30.0000, 112.0000, 1.973e-8
32.0000, 112.0000, 1.957e-8
34.0000, 112.0000, 1.846e-8
36.0000, 112.0000, 1.652e-8
38.0000, 112.0000, 1.547e-8
40.0000, 112.0000, 1.493e-8
42.0000, 112.0000, 1.401e-8
44.0000, 112.0000, 1.390e-8
46.0000, 112.0000, 1.326e-8
48.0000, 112.0000, 1.325e-8
50.0000, 112.0000, 1.436e-8
52.0000, 112.0000, 1.320e-8
54.0000, 112.0000, 1.375e-8
56.0000, 112.0000, 1.516e-8
58.0000, 112.0000, 1.449e-8
60.0000, 112.0000, 1.310e-8
62.0000, 112.0000, 1.461e-8
64.0000, 112.0000, 1.478e-8
66.0000, 112.0000, 1.327e-8
68.0000, 112.0000, 1.274e-8
70.0000, 112.0000, 1.454e-8
72.0000, 112.0000, 1.375e-8
74.0000, 112.0000, 1.288e-8
76.0000, 112.0000, 1.340e-8
78.0000, 112.0000, 1.413e-8
80.0000, 112.0000, 1.391e-8
82.0000, 112.0000, 1.291e-8
84.0000, 112.0000, 1.314e-8
86.0000, 112.0000, 1.437e-8
88.0000, 112.0000, 1.453e-8
90.0000, 112.0000, 1.339e-8
92.0000, 112.0000, 1.390e-8
94.0000, 112.0000, 1.453e-8
96.0000, 112.0000, 1.379e-8
98.0000, 112.0000, 1.334e-8
100.0000, 112.0000, 1.486e-8
102.0000, 112.0000, 1.483e-8
104.0000, 112.0000, 1.431e-8
106.0000, 112.0000, 1.478e-8
108.0000, 112.0000, 1.667e-8
110.0000, 112.0000, 1.811e-8
112.0000, 112.0000, 1.651e-8
114.0000, 112.0000, 1.529e-8
116.0000, 112.0000, 1.583e-8
118.0000, 112.0000, 1.594e-8
120.0000, 112.0000, 1.489e-8
122.0000, 112.0000, 1.394e-8
124.0000, 112.0000, 1.500e-8
126.0000, 112.0000, 1.644e-8
128.0000, 112.0000, 1.614e-8
130.0000, 112.0000, 1.538e-8
132.0000, 112.0000, 1.642e-8
134.0000, 112.0000, 1.681e-8
136.0000, 112.0000, 1.594e-8
138.0000, 112.0000, 1.529e-8
140.0000, 112.0000, 1.619e-8
142.0000, 112.0000, 1.647e-8
144.0000, 112.0000, 1.600e-8
146.0000, 112.0000, 1.633e-8
148.0000, 112.0000, 1.704e-8
150.0000, 112.0000, 1.673e-8
152.0000, 112.0000, 1.662e-8
154.0000, 112.0000, 1.712e-8
156.0000, 112.0000, 1.700e-8
158.0000, 112.0000, 1.657e-8
160.0000, 112.0000, 1.703e-8
162.0000, 112.0000, 1.734e-8
164.0000, 112.0000, 1.724e-8
166.0000, 112.0000, 1.746e-8
168.0000, 112.0000, 1.758e-8
170.0000, 112.0000, 1.725e-8
172.0000, 112.0000, 1.767e-8
174.0000, 112.0000, 1.828e-8
176.0000, 112.0000, 1.791e-8
178.0000, 112.0000, 1.734e-8
180.0000, 112.0000, 1.801e-8
182.0000, 112.0000, 1.822e-8
184.0000, 112.0000, 1.755e-8
186.0000, 112.0000, 1.746e-8
188.0000, 112.0000, 1.789e-8
190.0000, 112.0000, 1.784e-8
192.0000, 112.0000, 1.734e-8
194.0000, 112.0000, 1.697e-8
196.0000, 112.0000, 1.712e-8
198.0000, 112.0000, 1.750e-8
200.0000, 112.0000, 1.774e-8
202.0000, 112.0000, 1.816e-8
204.0000, 112.0000, 1.864e-8
206.0000, 112.0000, 1.860e-8
208.0000, 112.0000, 1.836e-8
210.0000, 112.0000, 1.878e-8
212.0000, 112.0000, 1.916e-8
214.0000, 112.0000, 1.877e-8
216.0000, 112.0000, 1.857e-8
218.0000, 112.0000, 1.889e-8
220.0000, 112.0000, 1.907e-8
222.0000, 112.0000, 1.930e-8
224.0000, 112.0000, 1.930e-8
226.0000, 112.0000, 1.932e-8
228.0000, 112.0000, 1.978e-8
230.0000, 112.0000, 2.029e-8
232.0000, 112.0000, 2.010e-8
234.0000, 112.0000, 1.993e-8
236.0000, 112.0000, 2.048e-8
238.0000, 112.0000, 2.130e-8
240.0000, 112.0000, 2.152e-8
242.0000, 112.0000, 2.156e-8
244.0000, 112.0000, 2.166e-8
246.0000, 112.0000, 2.180e-8
248.0000, 112.0000, 2.211e-8
0.0000, 114.0000, 3.181e-8
2.0000, 114.0000, 3.175e-8
4.0000, 114.0000, 2.916e-8
6.0000, 114.0000, 2.835e-8
8.0000, 114.0000, 2.824e-8
10.0000, 114.0000, 2.697e-8
12.0000, 114.0000, 2.855e-8
14.0000, 114.0000, 2.696e-8
16.0000, 114.0000, 2.624e-8
18.0000, 114.0000, 2.973e-8
20.0000, 114.0000, 2.857e-8
22.0000, 114.0000, 2.433e-8
24.0000, 114.0000, 2.680e-8
26.0000, 114.0000, 2.549e-8
28.0000, 114.0000, 2.088e-8
30.0000, 114.0000, 2.204e-8
32.0000, 114.0000, 2.218e-8
34.0000, 114.0000, 1.811e-8
36.0000, 114.0000, 1.686e-8
38.0000, 114.0000, 1.662e-8
40.0000, 114.0000, 1.453e-8
42.0000, 114.0000, 1.490e-8
44.0000, 114.0000, 1.465e-8
46.0000, 114.0000, 1.367e-8
48.0000, 114.0000, 1.368e-8
50.0000, 114.0000, 1.393e-8
52.0000, 114.0000, 1.291e-8
54.0000, 114.0000, 1.486e-8
56.0000, 114.0000, 1.505e-8
58.0000, 114.0000, 1.366e-8
60.0000, 114.0000, 1.515e-8
62.0000, 114.0000, 1.654e-8
64.0000, 114.0000, 1.492e-8
66.0000, 114.0000, 1.432e-8
68.0000, 114.0000, 1.537e-8
70.0000, 114.0000, 1.448e-8
72.0000, 114.0000, 1.286e-8
74.0000, 114.0000, 1.297e-8
76.0000, 114.0000, 1.331e-8
78.0000, 114.0000, 1.318e-8
80.0000, 114.0000, 1.320e-8
82.0000, 114.0000, 1.258e-8
84.0000, 114.0000, 1.292e-8
86.0000, 114.0000, 1.357e-8
88.0000, 114.0000, 1.320e-8
90.0000, 114.0000, 1.255e-8
92.0000, 114.0000, 1.407e-8
94.0000, 114.0000, 1.645e-8
96.0000, 114.0000, 1.649e-8
98.0000, 114.0000, 1.505e-8
100.0000, 114.0000, 1.453e-8
102.0000, 114.0000, 1.524e-8
104.0000, 114.0000, 1.476e-8
106.0000, 114.0000, 1.371e-8
108.0000, 114.0000, 1.335e-8
110.0000, 114.0000, 1.490e-8
112.0000, 114.0000, 1.555e-8
114.0000, 114.0000, 1.473e-8
116.0000, 114.0000, 1.551e-8
118.0000, 114.0000, 1.721e-8
120.0000, 114.0000, 1.666e-8
122.0000, 114.0000, 1.584e-8
124.0000, 114.0000, 1.598e-8
126.0000, 114.0000, 1.636e-8
128.0000, 114.0000, 1.621e-8
130.0000, 114.0000, 1.588e-8
132.0000, 114.0000, 1.579e-8
134.0000, 114.0000, 1.621e-8
136.0000, 114.0000, 1.600e-8
138.0000, 114.0000, 1.554e-8
140.0000, 114.0000, 1.568e-8
142.0000, 114.0000, 1.666e-8
144.0000, 114.0000, 1.668e-8
146.0000, 114.0000, 1.638e-8
148.0000, 114.0000, 1.638e-8
150.0000, 114.0000, 1.659e-8
152.0000, 114.0000, 1.678e-8
154.0000, 114.0000, 1.675e-8
156.0000, 114.0000, 1.679e-8
158.0000, 114.0000, 1.705e-8
160.0000, 114.0000, 1.699e-8
162.0000, 114.0000, 1.685e-8
164.0000, 114.0000, 1.724e-8
166.0000, 114.0000, 1.801e-8
168.0000, 114.0000, 1.790e-8
170.0000, 114.0000, 1.728e-8
172.0000, 114.0000, 1.799e-8
174.0000, 114.0000, 1.891e-8
176.0000, 114.0000, 1.850e-8
178.0000, 114.0000, 1.773e-8
180.0000, 114.0000, 1.838e-8
182.0000, 114.0000, 1.876e-8
184.0000, 114.0000, 1.783e-8
186.0000, 114.0000, 1.735e-8
188.0000, 114.0000, 1.835e-8
190.0000, 114.0000, 1.861e-8
192.0000, 114.0000, 1.774e-8
194.0000, 114.0000, 1.745e-8
196.0000, 114.0000, 1.783e-8
198.0000, 114.0000, 1.792e-8
200.0000, 114.0000, 1.784e-8
202.0000, 114.0000, 1.821e-8
204.0000, 114.0000, 1.852e-8
206.0000, 114.0000, 1.844e-8
208.0000, 114.0000, 1.836e-8
210.0000, 114.0000, 1.901e-8
212.0000, 114.0000, 1.938e-8
214.0000, 114.0000, 1.892e-8
216.0000, 114.0000, 1.874e-8
218.0000, 114.0000, 1.912e-8
220.0000, 114.0000, 1.946e-8
222.0000, 114.0000, 1.941e-8
224.0000, 114.0000, 1.946e-8
226.0000, 114.0000, 1.968e-8
228.0000, 114.0000, 1.999e-8
230.0000, 114.0000, 2.007e-8
232.0000, 114.0000, 1.981e-8
234.0000, 114.0000, 1.995e-8
236.0000, 114.0000, 2.061e-8
238.0000, 114.0000, 2.124e-8
240.0000, 114.0000, 2.157e-8
242.0000, 114.0000, 2.193e-8
244.0000, 114.0000, 2.193e-8
246.0000, 114.0000, 2.176e-8
248.0000, 114.0000, 2.188e-8
0.0000, 116.0000, 3.460e-8
2.0000, 116.0000, 3.071e-8
4.0000, 116.0000, 2.765e-8
6.0000, 116.0000, 2.883e-8
8.0000, 116.0000, 2.931e-8
10.0000, 116.0000, 2.669e-8
12.0000, 116.0000, 2.772e-8
14.0000, 116.0000, 3.123e-8
16.0000, 116.0000, 2.845e-8
18.0000, 116.0000, 2.653e-8
20.0000, 116.0000, 3.070e-8
22.0000, 116.0000, 2.829e-8
24.0000, 116.0000, 2.355e-8
26.0000, 116.0000, 2.322e-8
28.0000, 116.0000, 2.258e-8
30.0000, 116.0000, 1.860e-8
32.0000, 116.0000, 1.737e-8
34.0000, 116.0000, 1.709e-8
36.0000, 116.0000, 1.559e-8
38.0000, 116.0000, 1.383e-8
40.0000, 116.0000, 1.287e-8
42.0000, 116.0000, 1.286e-8
44.0000, 116.0000, 1.346e-8
46.0000, 116.0000, 1.273e-8
48.0000, 116.0000, 1.323e-8
50.0000, 116.0000, 1.650e-8
52.0000, 116.0000, 1.533e-8
54.0000, 116.0000, 1.350e-8
56.0000, 116.0000, 1.522e-8
58.0000, 116.0000, 1.589e-8
60.0000, 116.0000, 1.399e-8
62.0000, 116.0000, 1.465e-8
64.0000, 116.0000, 1.577e-8
66.0000, 116.0000, 1.467e-8
68.0000, 116.0000, 1.359e-8
70.0000, 116.0000, 1.435e-8
72.0000, 116.0000, 1.357e-8
74.0000, 116.0000, 1.374e-8
76.0000, 116.0000, 1.401e-8
78.0000, 116.0000, 1.343e-8
80.0000, 116.0000, 1.323e-8
82.0000, 116.0000, 1.365e-8
84.0000, 116.0000, 1.289e-8
86.0000, 116.0000, 1.272e-8
88.0000, 116.0000, 1.341e-8
90.0000, 116.0000, 1.335e-8
92.0000, 116.0000, 1.314e-8
94.0000, 116.0000, 1.396e-8
96.0000, 116.0000, 1.398e-8
98.0000, 116.0000, 1.427e-8
100.0000, 116.0000, 1.697e-8
102.0000, 116.0000, 1.715e-8
104.0000, 116.0000, 1.591e-8
106.0000, 116.0000, 1.577e-8
108.0000, 116.0000, 1.689e-8
110.0000, 116.0000, 1.618e-8
112.0000, 116.0000, 1.521e-8
114.0000, 116.0000, 1.527e-8
116.0000, 116.0000, 1.566e-8
118.0000, 116.0000, 1.620e-8
120.0000, 116.0000, 1.627e-8
122.0000, 116.0000, 1.578e-8
124.0000, 116.0000, 1.682e-8
126.0000, 116.0000, 1.729e-8
128.0000, 116.0000, 1.650e-8
130.0000, 116.0000, 1.610e-8
132.0000, 116.0000, 1.707e-8
134.0000, 116.0000, 1.664e-8
136.0000, 116.0000, 1.636e-8
138.0000, 116.0000, 1.719e-8
140.0000, 116.0000, 1.757e-8
142.0000, 116.0000, 1.663e-8
144.0000, 116.0000, 1.622e-8
146.0000, 116.0000, 1.659e-8
148.0000, 116.0000, 1.698e-8
150.0000, 116.0000, 1.697e-8
152.0000, 116.0000, 1.671e-8
154.0000, 116.0000, 1.710e-8
156.0000, 116.0000, 1.723e-8
158.0000, 116.0000, 1.716e-8
160.0000, 116.0000, 1.790e-8
162.0000, 116.0000, 1.882e-8
164.0000, 116.0000, 1.804e-8
166.0000, 116.0000, 1.776e-8
168.0000, 116.0000, 1.867e-8
170.0000, 116.0000, 1.890e-8
172.0000, 116.0000, 1.801e-8
174.0000, 116.0000, 1.829e-8
176.0000, 116.0000, 1.886e-8
178.0000, 116.0000, 1.824e-8
180.0000, 116.0000, 1.763e-8
182.0000, 116.0000, 1.816e-8
184.0000, 116.0000, 1.814e-8
186.0000, 116.0000, 1.770e-8
188.0000, 116.0000, 1.784e-8
190.0000, 116.0000, 1.851e-8
192.0000, 116.0000, 1.819e-8
194.0000, 116.0000, 1.752e-8
196.0000, 116.0000, 1.776e-8
198.0000, 116.0000, 1.867e-8
200.0000, 116.0000, 1.863e-8
202.0000, 116.0000, 1.819e-8
204.0000, 116.0000, 1.899e-8
206.0000, 116.0000, 1.990e-8
208.0000, 116.0000, 1.942e-8
210.0000, 116.0000, 1.859e-8
212.0000, 116.0000, 1.909e-8
214.0000, 116.0000, 1.937e-8
216.0000, 116.0000, 1.917e-8
218.0000, 116.0000, 1.939e-8
220.0000, 116.0000, 1.970e-8
222.0000, 116.0000, 1.959e-8
224.0000, 116.0000, 1.978e-8
226.0000, 116.0000, 2.032e-8
228.0000, 116.0000, 2.038e-8
230.0000, 116.0000, 2.004e-8
232.0000, 116.0000, 2.018e-8
234.0000, 116.0000, 2.123e-8
236.0000, 116.0000, 2.184e-8
238.0000, 116.0000, 2.155e-8
240.0000, 116.0000, 2.141e-8
242.0000, 116.0000, 2.203e-8
244.0000, 116.0000, 2.228e-8
246.0000, 116.0000, 2.221e-8
248.0000, 116.0000, 2.250e-8
0.0000, 118.0000, 3.161e-8
2.0000, 118.0000, 3.081e-8
4.0000, 118.0000, 2.780e-8
6.0000, 118.0000, 2.664e-8
8.0000, 118.0000, 2.575e-8
10.0000, 118.0000, 2.538e-8
12.0000, 118.0000, 2.859e-8
14.0000, 118.0000, 2.611e-8
16.0000, 118.0000, 2.564e-8
18.0000, 118.0000, 2.844e-8
20.0000, 118.0000, 2.520e-8
22.0000, 118.0000, 2.168e-8
24.0000, 118.0000, 2.411e-8
26.0000, 118.0000, 2.227e-8
28.0000, 118.0000, 1.888e-8
30.0000, 118.0000, 2.065e-8
32.0000, 118.0000, 1.993e-8
34.0000, 118.0000, 1.695e-8
36.0000, 118.0000, 1.552e-8
38.0000, 118.0000, 1.506e-8
40.0000, 118.0000, 1.387e-8
42.0000, 118.0000, 1.502e-8
44.0000, 118.0000, 1.412e-8
46.0000, 118.0000, 1.369e-8
48.0000, 118.0000, 1.567e-8
50.0000, 118.0000, 1.610e-8
52.0000, 118.0000, 1.423e-8
54.0000, 118.0000, 1.530e-8
56.0000, 118.0000, 1.536e-8
58.0000, 118.0000, 1.423e-8
60.0000, 118.0000, 1.521e-8
62.0000, 118.0000, 1.586e-8
64.0000, 118.0000, 1.464e-8
66.0000, 118.0000, 1.532e-8
68.0000, 118.0000, 1.661e-8
70.0000, 118.0000, 1.548e-8
72.0000, 118.0000, 1.508e-8
74.0000, 118.0000, 1.610e-8
76.0000, 118.0000, 1.539e-8
78.0000, 118.0000, 1.430e-8
80.0000, 118.0000, 1.511e-8
82.0000, 118.0000, 1.517e-8
84.0000, 118.0000, 1.459e-8
86.0000, 118.0000, 1.406e-8
88.0000, 118.0000, 1.402e-8
90.0000, 118.0000, 1.495e-8
92.0000, 118.0000, 1.564e-8
94.0000, 118.0000, 1.487e-8
96.0000, 118.0000, 1.481e-8
98.0000, 118.0000, 1.593e-8
100.0000, 118.0000, 1.601e-8
102.0000, 118.0000, 1.521e-8
104.0000, 118.0000, 1.613e-8
106.0000, 118.0000, 1.654e-8
108.0000, 118.0000, 1.557e-8
110.0000, 118.0000, 1.510e-8
112.0000, 118.0000, 1.633e-8
114.0000, 118.0000, 1.616e-8
116.0000, 118.0000, 1.537e-8
118.0000, 118.0000, 1.530e-8
120.0000, 118.0000, 1.638e-8
122.0000, 118.0000, 1.656e-8
124.0000, 118.0000, 1.602e-8
126.0000, 118.0000, 1.603e-8
128.0000, 118.0000, 1.687e-8
130.0000, 118.0000, 1.703e-8
132.0000, 118.0000, 1.646e-8
134.0000, 118.0000, 1.706e-8
136.0000, 118.0000, 1.770e-8
138.0000, 118.0000, 1.729e-8
140.0000, 118.0000, 1.671e-8
142.0000, 118.0000, 1.726e-8
144.0000, 118.0000, 1.725e-8
146.0000, 118.0000, 1.705e-8
148.0000, 118.0000, 1.734e-8
150.0000, 118.0000, 1.787e-8
152.0000, 118.0000, 1.764e-8
154.0000, 118.0000, 1.779e-8
156.0000, 118.0000, 1.774e-8
158.0000, 118.0000, 1.759e-8
160.0000, 118.0000, 1.833e-8
162.0000, 118.0000, 1.859e-8
164.0000, 118.0000, 1.808e-8
166.0000, 118.0000, 1.819e-8
168.0000, 118.0000, 1.886e-8
170.0000, 118.0000, 1.835e-8
172.0000, 118.0000, 1.764e-8
174.0000, 118.0000, 1.783e-8
176.0000, 118.0000, 1.819e-8
178.0000, 118.0000, 1.832e-8
180.0000, 118.0000, 1.843e-8
182.0000, 118.0000, 1.798e-8
184.0000, 118.0000, 1.787e-8
186.0000, 118.0000, 1.832e-8
188.0000, 118.0000, 1.832e-8
190.0000, 118.0000, 1.799e-8
192.0000, 118.0000, 1.847e-8
194.0000, 118.0000, 1.861e-8
196.0000, 118.0000, 1.847e-8
198.0000, 118.0000, 1.871e-8
200.0000, 118.0000, 1.862e-8
202.0000, 118.0000, 1.833e-8
204.0000, 118.0000, 1.872e-8
206.0000, 118.0000, 1.913e-8
208.0000, 118.0000, 1.898e-8
210.0000, 118.0000, 1.909e-8
212.0000, 118.0000, 1.912e-8
214.0000, 118.0000, 1.883e-8
216.0000, 118.0000, 1.924e-8
218.0000, 118.0000, 1.983e-8
220.0000, 118.0000, 1.949e-8
222.0000, 118.0000, 1.962e-8
224.0000, 118.0000, 2.011e-8
226.0000, 118.0000, 2.019e-8
228.0000, 118.0000, 2.021e-8
230.0000, 118.0000, 2.044e-8
232.0000, 118.0000, 2.048e-8
234.0000, 118.0000, 2.061e-8
236.0000, 118.0000, 2.095e-8
238.0000, 118.0000, 2.120e-8
240.0000, 118.0000, 2.110e-8
242.0000, 118.0000, 2.117e-8
244.0000, 118.0000, 2.162e-8
246.0000, 118.0000, 2.199e-8
248.0000, 118.0000, 2.208e-8
0.0000, 120.0000, 2.843e-8
2.0000, 120.0000, 2.723e-8
4.0000, 120.0000, 2.550e-8
6.0000, 120.0000, 2.442e-8
8.0000, 120.0000, 2.357e-8
10.0000, 120.0000, 2.406e-8
12.0000, 120.0000, 2.780e-8
14.0000, 120.0000, 2.472e-8
16.0000, 120.0000, 2.357e-8
18.0000, 120.0000, 2.765e-8
20.0000, 120.0000, 2.539e-8
22.0000, 120.0000, 2.041e-8
24.0000, 120.0000, 2.200e-8
26.0000, 120.0000, 2.098e-8
28.0000, 120.0000, 1.719e-8
30.0000, 120.0000, 1.688e-8
32.0000, 120.0000, 1.756e-8
34.0000, 120.0000, 1.536e-8
36.0000, 120.0000, 1.490e-8
38.0000, 120.0000, 1.540e-8
40.0000, 120.0000, 1.393e-8
42.0000, 120.0000, 1.303e-8
44.0000, 120.0000, 1.264e-8
46.0000, 120.0000, 1.283e-8
48.0000, 120.0000, 1.380e-8
50.0000, 120.0000, 1.448e-8
52.0000, 120.0000, 1.297e-8
54.0000, 120.0000, 1.405e-8
56.0000, 120.0000, 1.524e-8
58.0000, 120.0000, 1.410e-8
60.0000, 120.0000, 1.290e-8
62.0000, 120.0000, 1.299e-8
64.0000, 120.0000, 1.188e-8
66.0000, 120.0000, 1.181e-8
68.0000, 120.0000, 1.304e-8
70.0000, 120.0000, 1.333e-8
72.0000, 120.0000, 1.260e-8
74.0000, 120.0000, 1.374e-8
76.0000, 120.0000, 1.399e-8
78.0000, 120.0000, 1.343e-8
80.0000, 120.0000, 1.425e-8
82.0000, 120.0000, 1.466e-8
84.0000, 120.0000, 1.426e-8
86.0000, 120.0000, 1.468e-8
88.0000, 120.0000, 1.496e-8
90.0000, 120.0000, 1.439e-8
92.0000, 120.0000, 1.536e-8
94.0000, 120.0000, 1.563e-8
96.0000, 120.0000, 1.513e-8
98.0000, 120.0000, 1.535e-8
100.0000, 120.0000, 1.568e-8
102.0000, 120.0000, 1.485e-8
104.0000, 120.0000, 1.522e-8
106.0000, 120.0000, 1.603e-8
108.0000, 120.0000, 1.586e-8
110.0000, 120.0000, 1.542e-8
112.0000, 120.0000, 1.712e-8
114.0000, 120.0000, 1.690e-8
116.0000, 120.0000, 1.668e-8
118.0000, 120.0000, 1.741e-8
120.0000, 120.0000, 1.816e-8
122.0000, 120.0000, 1.675e-8
124.0000, 120.0000, 1.593e-8
126.0000, 120.0000, 1.631e-8
128.0000, 120.0000, 1.648e-8
130.0000, 120.0000, 1.592e-8
132.0000, 120.0000, 1.553e-8
134.0000, 120.0000, 1.601e-8
136.0000, 120.0000, 1.674e-8
138.0000, 120.0000, 1.659e-8
140.0000, 120.0000, 1.619e-8
142.0000, 120.0000, 1.706e-8
144.0000, 120.0000, 1.740e-8
146.0000, 120.0000, 1.706e-8
148.0000, 120.0000, 1.703e-8
150.0000, 120.0000, 1.899e-8
152.0000, 120.0000, 1.903e-8
154.0000, 120.0000, 1.839e-8
156.0000, 120.0000, 1.842e-8
158.0000, 120.0000, 1.861e-8
160.0000, 120.0000, 1.783e-8
162.0000, 120.0000, 1.728e-8
164.0000, 120.0000, 1.769e-8
166.0000, 120.0000, 1.823e-8
168.0000, 120.0000, 1.793e-8
170.0000, 120.0000, 1.733e-8
172.0000, 120.0000, 1.771e-8
174.0000, 120.0000, 1.886e-8
176.0000, 120.0000, 1.877e-8
178.0000, 120.0000, 1.816e-8
180.0000, 120.0000, 1.927e-8
182.0000, 120.0000, 1.965e-8
184.0000, 120.0000, 1.881e-8
186.0000, 120.0000, 1.867e-8
188.0000, 120.0000, 1.946e-8
190.0000, 120.0000, 1.911e-8
192.0000, 120.0000, 1.835e-8
194.0000, 120.0000, 1.863e-8
196.0000, 120.0000, 1.919e-8
198.0000, 120.0000, 1.875e-8
200.0000, 120.0000, 1.818e-8
202.0000, 120.0000, 1.854e-8
204.0000, 120.0000, 1.925e-8
206.0000, 120.0000, 1.920e-8
208.0000, 120.0000, 1.898e-8
210.0000, 120.0000, 1.926e-8
212.0000, 120.0000, 1.966e-8
214.0000, 120.0000, 1.992e-8
216.0000, 120.0000, 2.051e-8
218.0000, 120.0000, 2.112e-8
220.0000, 120.0000, 2.073e-8
222.0000, 120.0000, 2.026e-8
224.0000, 120.0000, 2.044e-8
226.0000, 120.0000, 2.059e-8
228.0000, 120.0000, 2.042e-8
230.0000, 120.0000, 2.070e-8
232.0000, 120.0000, 2.083e-8
234.0000, 120.0000, 2.056e-8
236.0000, 120.0000, 2.070e-8
238.0000, 120.0000, 2.144e-8
240.0000, 120.0000, 2.210e-8
242.0000, 120.0000, 2.221e-8
244.0000, 120.0000, 2.199e-8
246.0000, 120.0000, 2.208e-8
248.0000, 120.0000, 2.276e-8
0.0000, 122.0000, 3.157e-8
2.0000, 122.0000, 2.735e-8
4.0000, 122.0000, 2.561e-8
6.0000, 122.0000, 2.596e-8
8.0000, 122.0000, 2.521e-8
10.0000, 122.0000, 2.329e-8
12.0000, 122.0000, 2.268e-8
14.0000, 122.0000, 2.561e-8
16.0000, 122.0000, 2.380e-8
18.0000, 122.0000, 2.072e-8
20.0000, 122.0000, 2.342e-8
22.0000, 122.0000, 2.476e-8
24.0000, 122.0000, 2.051e-8
26.0000, 122.0000, 1.930e-8
28.0000, 122.0000, 2.147e-8
30.0000, 122.0000, 1.917e-8
32.0000, 122.0000, 1.593e-8
34.0000, 122.0000, 1.604e-8
36.0000, 122.0000, 1.523e-8
38.0000, 122.0000, 1.371e-8
40.0000, 122.0000, 1.323e-8
42.0000, 122.0000, 1.364e-8
44.0000, 122.0000, 1.385e-8
46.0000, 122.0000, 1.318e-8
48.0000, 122.0000, 1.293e-8
50.0000, 122.0000, 1.406e-8
52.0000, 122.0000, 1.436e-8
54.0000, 122.0000, 1.330e-8
56.0000, 122.0000, 1.375e-8
58.0000, 122.0000, 1.489e-8
60.0000, 122.0000, 1.448e-8
62.0000, 122.0000, 1.369e-8
64.0000, 122.0000, 1.424e-8
66.0000, 122.0000, 1.374e-8
68.0000, 122.0000, 1.252e-8
70.0000, 122.0000, 1.249e-8
72.0000, 122.0000, 1.272e-8
74.0000, 122.0000, 1.273e-8
76.0000, 122.0000, 1.414e-8
78.0000, 122.0000, 1.473e-8
80.0000, 122.0000, 1.368e-8
82.0000, 122.0000, 1.388e-8
84.0000, 122.0000, 1.426e-8
86.0000, 122.0000, 1.405e-8
88.0000, 122.0000, 1.417e-8
90.0000, 122.0000, 1.486e-8
92.0000, 122.0000, 1.465e-8
94.0000, 122.0000, 1.499e-8
96.0000, 122.0000, 1.563e-8
98.0000, 122.0000, 1.573e-8
100.0000, 122.0000, 1.543e-8
102.0000, 122.0000, 1.551e-8
104.0000, 122.0000, 1.536e-8
106.0000, 122.0000, 1.569e-8
108.0000, 122.0000, 1.600e-8
110.0000, 122.0000, 1.558e-8
112.0000, 122.0000, 1.611e-8
114.0000, 122.0000, 1.761e-8
116.0000, 122.0000, 1.731e-8
118.0000, 122.0000, 1.674e-8
120.0000, 122.0000, 1.701e-8
122.0000, 122.0000, 1.794e-8
124.0000, 122.0000, 1.735e-8
126.0000, 122.0000, 1.653e-8
128.0000, 122.0000, 1.690e-8
130.0000, 122.0000, 1.751e-8
132.0000, 122.0000, 1.695e-8
134.0000, 122.0000, 1.604e-8
136.0000, 122.0000, 1.580e-8
138.0000, 122.0000, 1.637e-8
140.0000, 122.0000, 1.662e-8
142.0000, 122.0000, 1.644e-8
144.0000, 122.0000, 1.679e-8
146.0000, 122.0000, 1.716e-8
148.0000, 122.0000, 1.722e-8
150.0000, 122.0000, 1.730e-8
152.0000, 122.0000, 1.844e-8
154.0000, 122.0000, 1.834e-8
156.0000, 122.0000, 1.775e-8
158.0000, 122.0000, 1.787e-8
160.0000, 122.0000, 1.835e-8
162.0000, 122.0000, 1.788e-8
164.0000, 122.0000, 1.779e-8
166.0000, 122.0000, 1.821e-8
168.0000, 122.0000, 1.808e-8
170.0000, 122.0000, 1.766e-8
172.0000, 122.0000, 1.772e-8
174.0000, 122.0000, 1.812e-8
176.0000, 122.0000, 1.849e-8
178.0000, 122.0000, 1.817e-8
180.0000, 122.0000, 1.749e-8
182.0000, 122.0000, 1.797e-8
184.0000, 122.0000, 1.872e-8
186.0000, 122.0000, 1.844e-8
188.0000, 122.0000, 1.791e-8
190.0000, 122.0000, 1.799e-8
192.0000, 122.0000, 1.803e-8
194.0000, 122.0000, 1.808e-8
196.0000, 122.0000, 1.832e-8
198.0000, 122.0000, 1.848e-8
200.0000, 122.0000, 1.856e-8
202.0000, 122.0000, 1.839e-8
204.0000, 122.0000, 1.833e-8
206.0000, 122.0000, 1.873e-8
208.0000, 122.0000, 1.897e-8
210.0000, 122.0000, 1.887e-8
212.0000, 122.0000, 1.912e-8
214.0000, 122.0000, 1.963e-8
216.0000, 122.0000, 1.960e-8
218.0000, 122.0000, 1.937e-8
220.0000, 122.0000, 1.991e-8
222.0000, 122.0000, 2.029e-8
224.0000, 122.0000, 1.994e-8
226.0000, 122.0000, 1.982e-8
228.0000, 122.0000, 2.059e-8
230.0000, 122.0000, 2.125e-8
232.0000, 122.0000, 2.107e-8
234.0000, 122.0000, 2.087e-8
236.0000, 122.0000, 2.133e-8
238.0000, 122.0000, 2.209e-8
240.0000, 122.0000, 2.227e-8
242.0000, 122.0000, 2.186e-8
244.0000, 122.0000, 2.210e-8
246.0000, 122.0000, 2.278e-8
248.0000, 122.0000, 2.281e-8
0.0000, 124.0000, 2.883e-8
2.0000, 124.0000, 2.792e-8
4.0000, 124.0000, 2.563e-8
6.0000, 124.0000, 2.576e-8
8.0000, 124.0000, 2.556e-8
10.0000, 124.0000, 2.278e-8
12.0000, 124.0000, 2.536e-8
14.0000, 124.0000, 2.639e-8
16.0000, 124.0000, 2.256e-8
18.0000, 124.0000, 2.167e-8
20.0000, 124.0000, 2.393e-8
22.0000, 124.0000, 1.991e-8
24.0000, 124.0000, 1.815e-8
26.0000, 124.0000, 1.992e-8
28.0000, 124.0000, 1.893e-8
30.0000, 124.0000, 1.606e-8
32.0000, 124.0000, 1.629e-8
34.0000, 124.0000, 1.536e-8
36.0000, 124.0000, 1.417e-8
38.0000, 124.0000, 1.349e-8
40.0000, 124.0000, 1.351e-8
42.0000, 124.0000, 1.515e-8
44.0000, 124.0000, 1.565e-8
46.0000, 124.0000, 1.423e-8
48.0000, 124.0000, 1.400e-8
50.0000, 124.0000, 1.691e-8
52.0000, 124.0000, 1.590e-8
54.0000, 124.0000, 1.462e-8
56.0000, 124.0000, 1.662e-8
58.0000, 124.0000, 1.666e-8
60.0000, 124.0000, 1.467e-8
62.0000, 124.0000, 1.541e-8
64.0000, 124.0000, 1.619e-8
66.0000, 124.0000, 1.514e-8
68.0000, 124.0000, 1.412e-8
70.0000, 124.0000, 1.480e-8
72.0000, 124.0000, 1.435e-8
74.0000, 124.0000, 1.365e-8
76.0000, 124.0000, 1.315e-8
78.0000, 124.0000, 1.304e-8
80.0000, 124.0000, 1.363e-8
82.0000, 124.0000, 1.357e-8
84.0000, 124.0000, 1.343e-8
86.0000, 124.0000, 1.536e-8
88.0000, 124.0000, 1.650e-8
90.0000, 124.0000, 1.569e-8
92.0000, 124.0000, 1.573e-8
94.0000, 124.0000, 1.720e-8
96.0000, 124.0000, 1.671e-8
98.0000, 124.0000, 1.529e-8
100.0000, 124.0000, 1.569e-8
102.0000, 124.0000, 1.583e-8
104.0000, 124.0000, 1.561e-8
106.0000, 124.0000, 1.551e-8
108.0000, 124.0000, 1.524e-8
110.0000, 124.0000, 1.504e-8
112.0000, 124.0000, 1.680e-8
114.0000, 124.0000, 1.688e-8
116.0000, 124.0000, 1.636e-8
118.0000, 124.0000, 1.671e-8
120.0000, 124.0000, 1.841e-8
122.0000, 124.0000, 1.750e-8
124.0000, 124.0000, 1.697e-8
126.0000, 124.0000, 1.801e-8
128.0000, 124.0000, 1.832e-8
130.0000, 124.0000, 1.712e-8
132.0000, 124.0000, 1.678e-8
134.0000, 124.0000, 1.765e-8
136.0000, 124.0000, 1.753e-8
138.0000, 124.0000, 1.657e-8
140.0000, 124.0000, 1.625e-8
142.0000, 124.0000, 1.748e-8
144.0000, 124.0000, 1.793e-8
146.0000, 124.0000, 1.747e-8
148.0000, 124.0000, 1.737e-8
150.0000, 124.0000, 1.850e-8
152.0000, 124.0000, 1.813e-8
154.0000, 124.0000, 1.809e-8
156.0000, 124.0000, 1.906e-8
158.0000, 124.0000, 1.908e-8
160.0000, 124.0000, 1.793e-8
162.0000, 124.0000, 1.772e-8
164.0000, 124.0000, 1.793e-8
166.0000, 124.0000, 1.781e-8
168.0000, 124.0000, 1.772e-8
170.0000, 124.0000, 1.785e-8
172.0000, 124.0000, 1.762e-8
174.0000, 124.0000, 1.761e-8
176.0000, 124.0000, 1.775e-8
178.0000, 124.0000, 1.790e-8
180.0000, 124.0000, 1.814e-8
182.0000, 124.0000, 1.790e-8
184.0000, 124.0000, 1.796e-8
186.0000, 124.0000, 1.867e-8
188.0000, 124.0000, 1.875e-8
190.0000, 124.0000, 1.805e-8
192.0000, 124.0000, 1.805e-8
194.0000, 124.0000, 1.853e-8
196.0000, 124.0000, 1.856e-8
198.0000, 124.0000, 1.848e-8
200.0000, 124.0000, 1.883e-8
202.0000, 124.0000, 1.874e-8
204.0000, 124.0000, 1.855e-8
206.0000, 124.0000, 1.892e-8
208.0000, 124.0000, 1.934e-8
210.0000, 124.0000, 1.916e-8
212.0000, 124.0000, 1.925e-8
214.0000, 124.0000, 1.945e-8
216.0000, 124.0000, 1.923e-8
218.0000, 124.0000, 1.902e-8
220.0000, 124.0000, 1.964e-8
222.0000, 124.0000, 2.003e-8
224.0000, 124.0000, 1.984e-8
226.0000, 124.0000, 1.981e-8
228.0000, 124.0000, 2.040e-8
230.0000, 124.0000, 2.116e-8
232.0000, 124.0000, 2.122e-8
234.0000, 124.0000, 2.092e-8
236.0000, 124.0000, 2.149e-8
238.0000, 124.0000, 2.259e-8
240.0000, 124.0000, 2.253e-8
242.0000, 124.0000, 2.208e-8
244.0000, 124.0000, 2.256e-8
246.0000, 124.0000, 2.310e-8
248.0000, 124.0000, 2.281e-8
0.0000, 126.0000, 2.770e-8
2.0000, 126.0000, 2.520e-8
4.0000, 126.0000, 2.371e-8
6.0000, 126.0000, 2.506e-8
8.0000, 126.0000, 2.511e-8
10.0000, 126.0000, 2.193e-8
12.0000, 126.0000, 2.324e-8
14.0000, 126.0000, 2.528e-8
16.0000, 126.0000, 2.198e-8
18.0000, 126.0000, 2.021e-8
20.0000, 126.0000, 2.305e-8
22.0000, 126.0000, 2.052e-8
24.0000, 126.0000, 1.711e-8
26.0000, 126.0000, 1.706e-8
28.0000, 126.0000, 1.715e-8
30.0000, 126.0000, 1.504e-8
32.0000, 126.0000, 1.425e-8
34.0000, 126.0000, 1.452e-8
36.0000, 126.0000, 1.438e-8
38.0000, 126.0000, 1.358e-8
40.0000, 126.0000, 1.259e-8
42.0000, 126.0000, 1.382e-8
44.0000, 126.0000, 1.563e-8
46.0000, 126.0000, 1.453e-8
48.0000, 126.0000, 1.355e-8
50.0000, 126.0000, 1.616e-8
52.0000, 126.0000, 1.621e-8
54.0000, 126.0000, 1.438e-8
56.0000, 126.0000, 1.484e-8
58.0000, 126.0000, 1.557e-8
60.0000, 126.0000, 1.443e-8
62.0000, 126.0000, 1.392e-8
64.0000, 126.0000, 1.451e-8
66.0000, 126.0000, 1.433e-8
68.0000, 126.0000, 1.386e-8
70.0000, 126.0000, 1.453e-8
72.0000, 126.0000, 1.447e-8
74.0000, 126.0000, 1.415e-8
76.0000, 126.0000, 1.392e-8
78.0000, 126.0000, 1.384e-8
80.0000, 126.0000, 1.419e-8
82.0000, 126.0000, 1.413e-8
84.0000, 126.0000, 1.364e-8
86.0000, 126.0000, 1.440e-8
88.0000, 126.0000, 1.539e-8
90.0000, 126.0000, 1.484e-8
92.0000, 126.0000, 1.461e-8
94.0000, 126.0000, 1.600e-8
96.0000, 126.0000, 1.587e-8
98.0000, 126.0000, 1.495e-8
100.0000, 126.0000, 1.530e-8
102.0000, 126.0000, 1.538e-8
104.0000, 126.0000, 1.497e-8
106.0000, 126.0000, 1.502e-8
108.0000, 126.0000, 1.537e-8
110.0000, 126.0000, 1.523e-8
112.0000, 126.0000, 1.555e-8
114.0000, 126.0000, 1.578e-8
116.0000, 126.0000, 1.587e-8
118.0000, 126.0000, 1.639e-8
120.0000, 126.0000, 1.680e-8
122.0000, 126.0000, 1.609e-8
124.0000, 126.0000, 1.606e-8
126.0000, 126.0000, 1.676e-8
128.0000, 126.0000, 1.672e-8
130.0000, 126.0000, 1.616e-8
132.0000, 126.0000, 1.703e-8
134.0000, 126.0000, 1.753e-8
136.0000, 126.0000, 1.696e-8
138.0000, 126.0000, 1.634e-8
140.0000, 126.0000, 1.667e-8
142.0000, 126.0000, 1.745e-8
144.0000, 126.0000, 1.743e-8
146.0000, 126.0000, 1.712e-8
148.0000, 126.0000, 1.741e-8
150.0000, 126.0000, 1.815e-8
152.0000, 126.0000, 1.767e-8
154.0000, 126.0000, 1.785e-8
156.0000, 126.0000, 1.901e-8
158.0000, 126.0000, 1.896e-8
160.0000, 126.0000, 1.792e-8
162.0000, 126.0000, 1.803e-8
164.0000, 126.0000, 1.819e-8
166.0000, 126.0000, 1.787e-8
168.0000, 126.0000, 1.780e-8
170.0000, 126.0000, 1.806e-8
172.0000, 126.0000, 1.771e-8
174.0000, 126.0000, 1.752e-8
176.0000, 126.0000, 1.803e-8
178.0000, 126.0000, 1.853e-8
180.0000, 126.0000, 1.839e-8
182.0000, 126.0000, 1.794e-8
184.0000, 126.0000, 1.792e-8
186.0000, 126.0000, 1.846e-8
188.0000, 126.0000, 1.847e-8
190.0000, 126.0000, 1.780e-8
192.0000, 126.0000, 1.791e-8
194.0000, 126.0000, 1.846e-8
196.0000, 126.0000, 1.843e-8
198.0000, 126.0000, 1.832e-8
200.0000, 126.0000, 1.853e-8
202.0000, 126.0000, 1.832e-8
204.0000, 126.0000, 1.819e-8
206.0000, 126.0000, 1.883e-8
208.0000, 126.0000, 1.963e-8
210.0000, 126.0000, 1.943e-8
212.0000, 126.0000, 1.896e-8
214.0000, 126.0000, 1.946e-8
216.0000, 126.0000, 1.991e-8
218.0000, 126.0000, 1.969e-8
220.0000, 126.0000, 1.986e-8
222.0000, 126.0000, 2.014e-8
224.0000, 126.0000, 1.979e-8
226.0000, 126.0000, 1.942e-8
228.0000, 126.0000, 1.984e-8
230.0000, 126.0000, 2.102e-8
232.0000, 126.0000, 2.145e-8
234.0000, 126.0000, 2.097e-8
236.0000, 126.0000, 2.115e-8
238.0000, 126.0000, 2.247e-8
240.0000, 126.0000, 2.234e-8
242.0000, 126.0000, 2.127e-8
244.0000, 126.0000, 2.135e-8
246.0000, 126.0000, 2.223e-8
248.0000, 126.0000, 2.212e-8
0.0000, 128.0000, 2.641e-8
2.0000, 128.0000, 2.385e-8
4.0000, 128.0000, 2.211e-8
6.0000, 128.0000, 2.277e-8
8.0000, 128.0000, 2.292e-8
10.0000, 128.0000, 2.060e-8
12.0000, 128.0000, 2.225e-8
14.0000, 128.0000, 2.345e-8
16.0000, 128.0000, 2.015e-8
18.0000, 128.0000, 1.877e-8
20.0000, 128.0000, 2.086e-8
22.0000, 128.0000, 1.774e-8
24.0000, 128.0000, 1.630e-8
26.0000, 128.0000, 1.779e-8
28.0000, 128.0000, 1.720e-8
30.0000, 128.0000, 1.468e-8
32.0000, 128.0000, 1.459e-8
34.0000, 128.0000, 1.364e-8
36.0000, 128.0000, 1.293e-8
38.0000, 128.0000, 1.299e-8
40.0000, 128.0000, 1.283e-8
42.0000, 128.0000, 1.266e-8
44.0000, 128.0000, 1.393e-8
46.0000, 128.0000, 1.374e-8
48.0000, 128.0000, 1.299e-8
50.0000, 128.0000, 1.327e-8
52.0000, 128.0000, 1.262e-8
54.0000, 128.0000, 1.244e-8
56.0000, 128.0000, 1.315e-8
58.0000, 128.0000, 1.292e-8
60.0000, 128.0000, 1.208e-8
62.0000, 128.0000, 1.239e-8
64.0000, 128.0000, 1.173e-8
66.0000, 128.0000, 1.158e-8
68.0000, 128.0000, 1.278e-8
70.0000, 128.0000, 1.361e-8
72.0000, 128.0000, 1.255e-8
74.0000, 128.0000, 1.367e-8
76.0000, 128.0000, 1.438e-8
78.0000, 128.0000, 1.365e-8
80.0000, 128.0000, 1.415e-8
82.0000, 128.0000, 1.476e-8
84.0000, 128.0000, 1.355e-8
86.0000, 128.0000, 1.335e-8
88.0000, 128.0000, 1.457e-8
90.0000, 128.0000, 1.523e-8
92.0000, 128.0000, 1.446e-8
94.0000, 128.0000, 1.482e-8
96.0000, 128.0000, 1.530e-8
98.0000, 128.0000, 1.497e-8
100.0000, 128.0000, 1.455e-8
102.0000, 128.0000, 1.393e-8
104.0000, 128.0000, 1.437e-8
106.0000, 128.0000, 1.568e-8
108.0000, 128.0000, 1.575e-8
110.0000, 128.0000, 1.507e-8
112.0000, 128.0000, 1.644e-8
114.0000, 128.0000, 1.732e-8
116.0000, 128.0000, 1.692e-8
118.0000, 128.0000, 1.627e-8
120.0000, 128.0000, 1.754e-8
122.0000, 128.0000, 1.716e-8
124.0000, 128.0000, 1.598e-8
126.0000, 128.0000, 1.562e-8
128.0000, 128.0000, 1.618e-8
130.0000, 128.0000, 1.634e-8
132.0000, 128.0000, 1.585e-8
134.0000, 128.0000, 1.559e-8
136.0000, 128.0000, 1.618e-8
138.0000, 128.0000, 1.683e-8
140.0000, 128.0000, 1.666e-8
142.0000, 128.0000, 1.675e-8
144.0000, 128.0000, 1.787e-8
146.0000, 128.0000, 1.777e-8
148.0000, 128.0000, 1.717e-8
150.0000, 128.0000, 1.782e-8
152.0000, 128.0000, 1.838e-8
154.0000, 128.0000, 1.764e-8
156.0000, 128.0000, 1.730e-8
158.0000, 128.0000, 1.813e-8
160.0000, 128.0000, 1.831e-8
162.0000, 128.0000, 1.770e-8
164.0000, 128.0000, 1.733e-8
166.0000, 128.0000, 1.764e-8
168.0000, 128.0000, 1.806e-8
170.0000, 128.0000, 1.789e-8
172.0000, 128.0000, 1.741e-8
174.0000, 128.0000, 1.814e-8
176.0000, 128.0000, 1.874e-8
178.0000, 128.0000, 1.809e-8
180.0000, 128.0000, 1.758e-8
182.0000, 128.0000, 1.821e-8
184.0000, 128.0000, 1.806e-8
186.0000, 128.0000, 1.747e-8
188.0000, 128.0000, 1.753e-8
190.0000, 128.0000, 1.822e-8
192.0000, 128.0000, 1.847e-8
194.0000, 128.0000, 1.804e-8
196.0000, 128.0000, 1.764e-8
198.0000, 128.0000, 1.774e-8
200.0000, 128.0000, 1.809e-8
202.0000, 128.0000, 1.797e-8
204.0000, 128.0000, 1.804e-8
206.0000, 128.0000, 1.823e-8
208.0000, 128.0000, 1.825e-8
210.0000, 128.0000, 1.833e-8
212.0000, 128.0000, 1.915e-8
214.0000, 128.0000, 1.928e-8
216.0000, 128.0000, 1.894e-8
218.0000, 128.0000, 1.900e-8
220.0000, 128.0000, 1.945e-8
222.0000, 128.0000, 1.932e-8
224.0000, 128.0000, 1.906e-8
226.0000, 128.0000, 1.920e-8
228.0000, 128.0000, 1.970e-8
230.0000, 128.0000, 2.009e-8
232.0000, 128.0000, 2.010e-8
234.0000, 128.0000, 2.048e-8
236.0000, 128.0000, 2.130e-8
238.0000, 128.0000, 2.166e-8
240.0000, 128.0000, 2.124e-8
242.0000, 128.0000, 2.172e-8
244.0000, 128.0000, 2.270e-8
246.0000, 128.0000, 2.269e-8
248.0000, 128.0000, 2.221e-8
0.0000, 130.0000, 3.096e-8
2.0000, 130.0000, 2.675e-8
4.0000, 130.0000, 2.480e-8
6.0000, 130.0000, 2.594e-8
8.0000, 130.0000, 2.478e-8
10.0000, 130.0000, 2.151e-8
12.0000, 130.0000, 2.245e-8
14.0000, 130.0000, 2.467e-8
16.0000, 130.0000, 2.160e-8
18.0000, 130.0000, 1.973e-8
20.0000, 130.0000, 2.390e-8
22.0000, 130.0000, 2.281e-8
24.0000, 130.0000, 1.865e-8
26.0000, 130.0000, 1.834e-8
28.0000, 130.0000, 1.952e-8
30.0000, 130.0000, 1.662e-8
32.0000, 130.0000, 1.403e-8
34.0000, 130.0000, 1.493e-8
36.0000, 130.0000, 1.467e-8
38.0000, 130.0000, 1.304e-8
40.0000, 130.0000, 1.216e-8
42.0000, 130.0000, 1.390e-8
44.0000, 130.0000, 1.408e-8
46.0000, 130.0000, 1.269e-8
48.0000, 130.0000, 1.296e-8
50.0000, 130.0000, 1.641e-8
52.0000, 130.0000, 1.561e-8
54.0000, 130.0000, 1.351e-8
56.0000, 130.0000, 1.415e-8
58.0000, 130.0000, 1.492e-8
60.0000, 130.0000, 1.369e-8
62.0000, 130.0000, 1.352e-8
64.0000, 130.0000, 1.443e-8
66.0000, 130.0000, 1.403e-8
68.0000, 130.0000, 1.323e-8
70.0000, 130.0000, 1.342e-8
72.0000, 130.0000, 1.381e-8
74.0000, 130.0000, 1.379e-8
76.0000, 130.0000, 1.311e-8
78.0000, 130.0000, 1.262e-8
80.0000, 130.0000, 1.310e-8
82.0000, 130.0000, 1.344e-8
84.0000, 130.0000, 1.319e-8
86.0000, 130.0000, 1.329e-8
88.0000, 130.0000, 1.372e-8
90.0000, 130.0000, 1.363e-8
92.0000, 130.0000, 1.306e-8
94.0000, 130.0000, 1.315e-8
96.0000, 130.0000, 1.351e-8
98.0000, 130.0000, 1.395e-8
100.0000, 130.0000, 1.453e-8
102.0000, 130.0000, 1.478e-8
104.0000, 130.0000, 1.501e-8
106.0000, 130.0000, 1.557e-8
108.0000, 130.0000, 1.598e-8
110.0000, 130.0000, 1.589e-8
112.0000, 130.0000, 1.632e-8
114.0000, 130.0000, 1.608e-8
116.0000, 130.0000, 1.601e-8
118.0000, 130.0000, 1.653e-8
120.0000, 130.0000, 1.654e-8
122.0000, 130.0000, 1.632e-8
124.0000, 130.0000, 1.702e-8
126.0000, 130.0000, 1.703e-8
128.0000, 130.0000, 1.636e-8
130.0000, 130.0000, 1.606e-8
132.0000, 130.0000, 1.750e-8
134.0000, 130.0000, 1.769e-8
136.0000, 130.0000, 1.721e-8
138.0000, 130.0000, 1.732e-8
140.0000, 130.0000, 1.813e-8
142.0000, 130.0000, 1.759e-8
144.0000, 130.0000, 1.672e-8
146.0000, 130.0000, 1.691e-8
148.0000, 130.0000, 1.773e-8
150.0000, 130.0000, 1.742e-8
152.0000, 130.0000, 1.712e-8
154.0000, 130.0000, 1.797e-8
156.0000, 130.0000, 1.834e-8
158.0000, 130.0000, 1.781e-8
160.0000, 130.0000, 1.776e-8
162.0000, 130.0000, 1.874e-8
164.0000, 130.0000, 1.839e-8
166.0000, 130.0000, 1.757e-8
168.0000, 130.0000, 1.799e-8
170.0000, 130.0000, 1.913e-8
172.0000, 130.0000, 1.869e-8
174.0000, 130.0000, 1.809e-8
176.0000, 130.0000, 1.820e-8
178.0000, 130.0000, 1.830e-8
180.0000, 130.0000, 1.785e-8
182.0000, 130.0000, 1.756e-8
184.0000, 130.0000, 1.809e-8
186.0000, 130.0000, 1.830e-8
188.0000, 130.0000, 1.786e-8
190.0000, 130.0000, 1.788e-8
192.0000, 130.0000, 1.894e-8
194.0000, 130.0000, 1.885e-8
196.0000, 130.0000, 1.822e-8
198.0000, 130.0000, 1.829e-8
200.0000, 130.0000, 1.895e-8
202.0000, 130.0000, 1.873e-8
204.0000, 130.0000, 1.827e-8
206.0000, 130.0000, 1.879e-8
208.0000, 130.0000, 1.923e-8
210.0000, 130.0000, 1.874e-8
212.0000, 130.0000, 1.854e-8
214.0000, 130.0000, 1.916e-8
216.0000, 130.0000, 1.941e-8
218.0000, 130.0000, 1.891e-8
220.0000, 130.0000, 1.901e-8
222.0000, 130.0000, 1.984e-8
224.0000, 130.0000, 2.012e-8
226.0000, 130.0000, 1.977e-8
228.0000, 130.0000, 1.994e-8
230.0000, 130.0000, 2.053e-8
232.0000, 130.0000, 2.029e-8
234.0000, 130.0000, 2.015e-8
236.0000, 130.0000, 2.086e-8
238.0000, 130.0000, 2.124e-8
240.0000, 130.0000, 2.083e-8
242.0000, 130.0000, 2.082e-8
244.0000, 130.0000, 2.089e-8
246.0000, 130.0000, 2.069e-8
248.0000, 130.0000, 2.070e-8
0.0000, 132.0000, 2.729e-8
2.0000, 132.0000, 2.676e-8
4.0000, 132.0000, 2.339e-8
6.0000, 132.0000, 2.083e-8
8.0000, 132.0000, 1.941e-8
10.0000, 132.0000, 1.960e-8
12.0000, 132.0000, 2.081e-8
14.0000, 132.0000, 1.861e-8
16.0000, 132.0000, 1.966e-8
18.0000, 132.0000, 2.258e-8
20.0000, 132.0000, 1.942e-8
22.0000, 132.0000, 1.661e-8
24.0000, 132.0000, 1.951e-8
26.0000, 132.0000, 1.847e-8
28.0000, 132.0000, 1.594e-8
30.0000, 132.0000, 1.799e-8
32.0000, 132.0000, 1.730e-8
34.0000, 132.0000, 1.509e-8
36.0000, 132.0000, 1.422e-8
38.0000, 132.0000, 1.403e-8
40.0000, 132.0000, 1.286e-8
42.0000, 132.0000, 1.294e-8
44.0000, 132.0000, 1.221e-8
46.0000, 132.0000, 1.244e-8
48.0000, 132.0000, 1.392e-8
50.0000, 132.0000, 1.395e-8
52.0000, 132.0000, 1.266e-8
54.0000, 132.0000, 1.337e-8
56.0000, 132.0000, 1.362e-8
58.0000, 132.0000, 1.346e-8
60.0000, 132.0000, 1.462e-8
62.0000, 132.0000, 1.434e-8
64.0000, 132.0000, 1.378e-8
66.0000, 132.0000, 1.491e-8
68.0000, 132.0000, 1.490e-8
70.0000, 132.0000, 1.325e-8
72.0000, 132.0000, 1.410e-8
74.0000, 132.0000, 1.503e-8
76.0000, 132.0000, 1.411e-8
78.0000, 132.0000, 1.349e-8
80.0000, 132.0000, 1.399e-8
82.0000, 132.0000, 1.311e-8
84.0000, 132.0000, 1.360e-8
86.0000, 132.0000, 1.373e-8
88.0000, 132.0000, 1.350e-8
90.0000, 132.0000, 1.436e-8
92.0000, 132.0000, 1.582e-8
94.0000, 132.0000, 1.468e-8
96.0000, 132.0000, 1.400e-8
98.0000, 132.0000, 1.489e-8
100.0000, 132.0000, 1.482e-8
102.0000, 132.0000, 1.389e-8
104.0000, 132.0000, 1.403e-8
106.0000, 132.0000, 1.460e-8
108.0000, 132.0000, 1.482e-8
110.0000, 132.0000, 1.507e-8
112.0000, 132.0000, 1.535e-8
114.0000, 132.0000, 1.554e-8
116.0000, 132.0000, 1.616e-8
118.0000, 132.0000, 1.669e-8
120.0000, 132.0000, 1.632e-8
122.0000, 132.0000, 1.637e-8
124.0000, 132.0000, 1.669e-8
126.0000, 132.0000, 1.692e-8
128.0000, 132.0000, 1.699e-8
130.0000, 132.0000, 1.707e-8
132.0000, 132.0000, 1.697e-8
134.0000, 132.0000, 1.714e-8
136.0000, 132.0000, 1.713e-8
138.0000, 132.0000, 1.678e-8
140.0000, 132.0000, 1.680e-8
142.0000, 132.0000, 1.802e-8
144.0000, 132.0000, 1.775e-8
146.0000, 132.0000, 1.773e-8
148.0000, 132.0000, 1.876e-8
150.0000, 132.0000, 1.902e-8
152.0000, 132.0000, 1.772e-8
154.0000, 132.0000, 1.773e-8
156.0000, 132.0000, 1.878e-8
158.0000, 132.0000, 1.859e-8
160.0000, 132.0000, 1.771e-8
162.0000, 132.0000, 1.795e-8
164.0000, 132.0000, 1.819e-8
166.0000, 132.0000, 1.794e-8
168.0000, 132.0000, 1.774e-8
170.0000, 132.0000, 1.807e-8
172.0000, 132.0000, 1.824e-8
174.0000, 132.0000, 1.747e-8
176.0000, 132.0000, 1.705e-8
178.0000, 132.0000, 1.803e-8
180.0000, 132.0000, 1.829e-8
182.0000, 132.0000, 1.734e-8
184.0000, 132.0000, 1.702e-8
186.0000, 132.0000, 1.789e-8
188.0000, 132.0000, 1.820e-8
190.0000, 132.0000, 1.765e-8
192.0000, 132.0000, 1.790e-8
194.0000, 132.0000, 1.792e-8
196.0000, 132.0000, 1.752e-8
198.0000, 132.0000, 1.747e-8
200.0000, 132.0000, 1.802e-8
202.0000, 132.0000, 1.826e-8
204.0000, 132.0000, 1.776e-8
206.0000, 132.0000, 1.765e-8
208.0000, 132.0000, 1.845e-8
210.0000, 132.0000, 1.891e-8
212.0000, 132.0000, 1.844e-8
214.0000, 132.0000, 1.865e-8
216.0000, 132.0000, 1.943e-8
218.0000, 132.0000, 1.924e-8
220.0000, 132.0000, 1.883e-8
222.0000, 132.0000, 1.967e-8
224.0000, 132.0000, 2.027e-8
226.0000, 132.0000, 1.987e-8
228.0000, 132.0000, 1.956e-8
230.0000, 132.0000, 2.022e-8
232.0000, 132.0000, 2.012e-8
234.0000, 132.0000, 1.958e-8
236.0000, 132.0000, 1.969e-8
238.0000, 132.0000, 2.039e-8
240.0000, 132.0000, 2.056e-8
242.0000, 132.0000, 2.011e-8
244.0000, 132.0000, 2.035e-8
246.0000, 132.0000, 2.141e-8
248.0000, 132.0000, 2.172e-8
0.0000, 134.0000, 2.438e-8
2.0000, 134.0000, 2.342e-8
4.0000, 134.0000, 2.077e-8
6.0000, 134.0000, 2.028e-8
8.0000, 134.0000, 1.961e-8
10.0000, 134.0000, 1.842e-8
12.0000, 134.0000, 1.853e-8
14.0000, 134.0000, 1.685e-8
16.0000, 134.0000, 1.799e-8
18.0000, 134.0000, 1.972e-8
20.0000, 134.0000, 1.668e-8
22.0000, 134.0000, 1.516e-8
24.0000, 134.0000, 1.906e-8
26.0000, 134.0000, 1.799e-8
28.0000, 134.0000, 1.497e-8
30.0000, 134.0000, 1.679e-8
32.0000, 134.0000, 1.689e-8
34.0000, 134.0000, 1.455e-8
36.0000, 134.0000, 1.426e-8
38.0000, 134.0000, 1.472e-8
40.0000, 134.0000, 1.333e-8
42.0000, 134.0000, 1.262e-8
44.0000, 134.0000, 1.308e-8
46.0000, 134.0000, 1.315e-8
48.0000, 134.0000, 1.254e-8
50.0000, 134.0000, 1.204e-8
52.0000, 134.0000, 1.331e-8
54.0000, 134.0000, 1.534e-8
56.0000, 134.0000, 1.468e-8
58.0000, 134.0000, 1.365e-8
60.0000, 134.0000, 1.589e-8
62.0000, 134.0000, 1.622e-8
64.0000, 134.0000, 1.445e-8
66.0000, 134.0000, 1.477e-8
68.0000, 134.0000, 1.612e-8
70.0000, 134.0000, 1.527e-8
72.0000, 134.0000, 1.397e-8
74.0000, 134.0000, 1.404e-8
76.0000, 134.0000, 1.377e-8
78.0000, 134.0000, 1.303e-8
80.0000, 134.0000, 1.340e-8
82.0000, 134.0000, 1.384e-8
84.0000, 134.0000, 1.379e-8
86.0000, 134.0000, 1.326e-8
88.0000, 134.0000, 1.300e-8
90.0000, 134.0000, 1.406e-8
92.0000, 134.0000, 1.516e-8
94.0000, 134.0000, 1.435e-8
96.0000, 134.0000, 1.405e-8
98.0000, 134.0000, 1.506e-8
100.0000, 134.0000, 1.603e-8
102.0000, 134.0000, 1.525e-8
104.0000, 134.0000, 1.512e-8
106.0000, 134.0000, 1.558e-8
108.0000, 134.0000, 1.600e-8
110.0000, 134.0000, 1.627e-8
112.0000, 134.0000, 1.584e-8
114.0000, 134.0000, 1.564e-8
116.0000, 134.0000, 1.605e-8
118.0000, 134.0000, 1.642e-8
120.0000, 134.0000, 1.627e-8
122.0000, 134.0000, 1.702e-8
124.0000, 134.0000, 1.726e-8
126.0000, 134.0000, 1.680e-8
128.0000, 134.0000, 1.659e-8
130.0000, 134.0000, 1.765e-8
132.0000, 134.0000, 1.751e-8
134.0000, 134.0000, 1.682e-8
136.0000, 134.0000, 1.696e-8
138.0000, 134.0000, 1.750e-8
140.0000, 134.0000, 1.716e-8
142.0000, 134.0000, 1.692e-8
144.0000, 134.0000, 1.719e-8
146.0000, 134.0000, 1.740e-8
148.0000, 134.0000, 1.727e-8
150.0000, 134.0000, 1.714e-8
152.0000, 134.0000, 1.767e-8
154.0000, 134.0000, 1.800e-8
156.0000, 134.0000, 1.768e-8
158.0000, 134.0000, 1.742e-8
160.0000, 134.0000, 1.783e-8
162.0000, 134.0000, 1.807e-8
164.0000, 134.0000, 1.801e-8
166.0000, 134.0000, 1.806e-8
168.0000, 134.0000, 1.805e-8
170.0000, 134.0000, 1.796e-8
172.0000, 134.0000, 1.839e-8
174.0000, 134.0000, 1.824e-8
176.0000, 134.0000, 1.803e-8
178.0000, 134.0000, 1.889e-8
180.0000, 134.0000, 1.931e-8
182.0000, 134.0000, 1.824e-8
184.0000, 134.0000, 1.788e-8
186.0000, 134.0000, 1.859e-8
188.0000, 134.0000, 1.832e-8
190.0000, 134.0000, 1.756e-8
192.0000, 134.0000, 1.756e-8
194.0000, 134.0000, 1.796e-8
196.0000, 134.0000, 1.794e-8
198.0000, 134.0000, 1.761e-8
200.0000, 134.0000, 1.761e-8
202.0000, 134.0000, 1.814e-8
204.0000, 134.0000, 1.819e-8
206.0000, 134.0000, 1.794e-8
208.0000, 134.0000, 1.828e-8
210.0000, 134.0000, 1.910e-8
212.0000, 134.0000, 1.894e-8
214.0000, 134.0000, 1.875e-8
216.0000, 134.0000, 1.905e-8
218.0000, 134.0000, 1.915e-8
220.0000, 134.0000, 1.907e-8
222.0000, 134.0000, 1.943e-8
224.0000, 134.0000, 1.993e-8
226.0000, 134.0000, 1.991e-8
228.0000, 134.0000, 1.969e-8
230.0000, 134.0000, 1.985e-8
232.0000, 134.0000, 2.014e-8
234.0000, 134.0000, 1.990e-8
236.0000, 134.0000, 1.974e-8
238.0000, 134.0000, 2.019e-8
240.0000, 134.0000, 2.077e-8
242.0000, 134.0000, 2.080e-8
244.0000, 134.0000, 2.057e-8
246.0000, 134.0000, 2.102e-8
248.0000, 134.0000, 2.195e-8
0.0000, 136.0000, 2.391e-8
2.0000, 136.0000, 2.305e-8
4.0000, 136.0000, 2.036e-8
6.0000, 136.0000, 2.012e-8
8.0000, 136.0000, 1.910e-8
10.0000, 136.0000, 1.821e-8
12.0000, 136.0000, 2.178e-8
14.0000, 136.0000, 1.945e-8
16.0000, 136.0000, 1.897e-8
18.0000, 136.0000, 2.314e-8
20.0000, 136.0000, 2.129e-8
22.0000, 136.0000, 1.752e-8
24.0000, 136.0000, 1.950e-8
26.0000, 136.0000, 1.879e-8
28.0000, 136.0000, 1.580e-8
30.0000, 136.0000, 1.594e-8
32.0000, 136.0000, 1.606e-8
34.0000, 136.0000, 1.448e-8
36.0000, 136.0000, 1.360e-8
38.0000, 136.0000, 1.347e-8
40.0000, 136.0000, 1.311e-8
42.0000, 136.0000, 1.323e-8
44.0000, 136.0000, 1.248e-8
46.0000, 136.0000, 1.317e-8
48.0000, 136.0000, 1.539e-8
50.0000, 136.0000, 1.489e-8
52.0000, 136.0000, 1.348e-8
54.0000, 136.0000, 1.640e-8
56.0000, 136.0000, 1.640e-8
58.0000, 136.0000, 1.425e-8
60.0000, 136.0000, 1.596e-8
62.0000, 136.0000, 1.818e-8
64.0000, 136.0000, 1.628e-8
66.0000, 136.0000, 1.517e-8
68.0000, 136.0000, 1.664e-8
70.0000, 136.0000, 1.597e-8
72.0000, 136.0000, 1.382e-8
74.0000, 136.0000, 1.265e-8
76.0000, 136.0000, 1.322e-8
78.0000, 136.0000, 1.370e-8
80.0000, 136.0000, 1.313e-8
82.0000, 136.0000, 1.262e-8
84.0000, 136.0000, 1.496e-8
86.0000, 136.0000, 1.581e-8
88.0000, 136.0000, 1.472e-8
90.0000, 136.0000, 1.478e-8
92.0000, 136.0000, 1.707e-8
94.0000, 136.0000, 1.604e-8
96.0000, 136.0000, 1.502e-8
98.0000, 136.0000, 1.547e-8
100.0000, 136.0000, 1.580e-8
102.0000, 136.0000, 1.475e-8
104.0000, 136.0000, 1.529e-8
106.0000, 136.0000, 1.616e-8
108.0000, 136.0000, 1.580e-8
110.0000, 136.0000, 1.531e-8
112.0000, 136.0000, 1.598e-8
114.0000, 136.0000, 1.664e-8
116.0000, 136.0000, 1.650e-8
118.0000, 136.0000, 1.630e-8
120.0000, 136.0000, 1.698e-8
122.0000, 136.0000, 1.764e-8
124.0000, 136.0000, 1.691e-8
126.0000, 136.0000, 1.651e-8
128.0000, 136.0000, 1.766e-8
130.0000, 136.0000, 1.813e-8
132.0000, 136.0000, 1.700e-8
134.0000, 136.0000, 1.739e-8
136.0000, 136.0000, 1.871e-8
138.0000, 136.0000, 1.842e-8
140.0000, 136.0000, 1.733e-8
142.0000, 136.0000, 1.756e-8
144.0000, 136.0000, 1.743e-8
146.0000, 136.0000, 1.678e-8
148.0000, 136.0000, 1.659e-8
150.0000, 136.0000, 1.709e-8
152.0000, 136.0000, 1.771e-8
154.0000, 136.0000, 1.820e-8
156.0000, 136.0000, 1.779e-8
158.0000, 136.0000, 1.728e-8
160.0000, 136.0000, 1.848e-8
162.0000, 136.0000, 1.902e-8
164.0000, 136.0000, 1.827e-8
166.0000, 136.0000, 1.829e-8
168.0000, 136.0000, 1.901e-8
170.0000, 136.0000, 1.857e-8
172.0000, 136.0000, 1.795e-8
174.0000, 136.0000, 1.814e-8
176.0000, 136.0000, 1.837e-8
178.0000, 136.0000, 1.772e-8
180.0000, 136.0000, 1.734e-8
182.0000, 136.0000, 1.824e-8
184.0000, 136.0000, 1.858e-8
186.0000, 136.0000, 1.792e-8
188.0000, 136.0000, 1.739e-8
190.0000, 136.0000, 1.821e-8
192.0000, 136.0000, 1.850e-8
194.0000, 136.0000, 1.773e-8
196.0000, 136.0000, 1.791e-8
198.0000, 136.0000, 1.917e-8
200.0000, 136.0000, 1.903e-8
202.0000, 136.0000, 1.819e-8
204.0000, 136.0000, 1.857e-8
206.0000, 136.0000, 1.924e-8
208.0000, 136.0000, 1.883e-8
210.0000, 136.0000, 1.856e-8
212.0000, 136.0000, 1.904e-8
214.0000, 136.0000, 1.919e-8
216.0000, 136.0000, 1.912e-8
218.0000, 136.0000, 1.933e-8
220.0000, 136.0000, 1.941e-8
222.0000, 136.0000, 1.945e-8
224.0000, 136.0000, 1.956e-8
226.0000, 136.0000, 1.997e-8
228.0000, 136.0000, 2.051e-8
230.0000, 136.0000, 2.062e-8
232.0000, 136.0000, 2.044e-8
234.0000, 136.0000, 2.063e-8
236.0000, 136.0000, 2.114e-8
238.0000, 136.0000, 2.121e-8
240.0000, 136.0000, 2.104e-8
242.0000, 136.0000, 2.168e-8
244.0000, 136.0000, 2.229e-8
246.0000, 136.0000, 2.201e-8
248.0000, 136.0000, 2.177e-8
0.0000, 138.0000, 3.001e-8
2.0000, 138.0000, 2.453e-8
4.0000, 138.0000, 2.220e-8
6.0000, 138.0000, 2.065e-8
8.0000, 138.0000, 1.932e-8
10.0000, 138.0000, 1.779e-8
12.0000, 138.0000, 1.732e-8
14.0000, 138.0000, 2.252e-8
16.0000, 138.0000, 2.152e-8
18.0000, 138.0000, 1.857e-8
20.0000, 138.0000, 2.305e-8
22.0000, 138.0000, 2.335e-8
24.0000, 138.0000, 1.919e-8
26.0000, 138.0000, 1.986e-8
28.0000, 138.0000, 2.150e-8
30.0000, 138.0000, 1.820e-8
32.0000, 138.0000, 1.627e-8
34.0000, 138.0000, 1.727e-8
36.0000, 138.0000, 1.635e-8
38.0000, 138.0000, 1.441e-8
40.0000, 138.0000, 1.438e-8
42.0000, 138.0000, 1.404e-8
44.0000, 138.0000, 1.388e-8
46.0000, 138.0000, 1.320e-8
48.0000, 138.0000, 1.324e-8
50.0000, 138.0000, 1.570e-8
52.0000, 138.0000, 1.535e-8
54.0000, 138.0000, 1.380e-8
56.0000, 138.0000, 1.547e-8
58.0000, 138.0000, 1.646e-8
60.0000, 138.0000, 1.450e-8
62.0000, 138.0000, 1.495e-8
64.0000, 138.0000, 1.753e-8
66.0000, 138.0000, 1.669e-8
68.0000, 138.0000, 1.514e-8
70.0000, 138.0000, 1.739e-8
72.0000, 138.0000, 1.754e-8
74.0000, 138.0000, 1.552e-8
76.0000, 138.0000, 1.444e-8
78.0000, 138.0000, 1.487e-8
80.0000, 138.0000, 1.418e-8
82.0000, 138.0000, 1.292e-8
84.0000, 138.0000, 1.233e-8
86.0000, 138.0000, 1.339e-8
88.0000, 138.0000, 1.431e-8
90.0000, 138.0000, 1.379e-8
92.0000, 138.0000, 1.375e-8
94.0000, 138.0000, 1.523e-8
96.0000, 138.0000, 1.539e-8
98.0000, 138.0000, 1.479e-8
100.0000, 138.0000, 1.538e-8
102.0000, 138.0000, 1.629e-8
104.0000, 138.0000, 1.567e-8
106.0000, 138.0000, 1.572e-8
108.0000, 138.0000, 1.701e-8
110.0000, 138.0000, 1.671e-8
112.0000, 138.0000, 1.613e-8
114.0000, 138.0000, 1.695e-8
116.0000, 138.0000, 1.733e-8
118.0000, 138.0000, 1.701e-8
120.0000, 138.0000, 1.709e-8
122.0000, 138.0000, 1.723e-8
124.0000, 138.0000, 1.723e-8
126.0000, 138.0000, 1.725e-8
128.0000, 138.0000, 1.722e-8
130.0000, 138.0000, 1.719e-8
132.0000, 138.0000, 1.782e-8
134.0000, 138.0000, 1.745e-8
136.0000, 138.0000, 1.783e-8
138.0000, 138.0000, 1.931e-8
140.0000, 138.0000, 1.944e-8
142.0000, 138.0000, 1.804e-8
144.0000, 138.0000, 1.847e-8
146.0000, 138.0000, 1.914e-8
148.0000, 138.0000, 1.838e-8
150.0000, 138.0000, 1.767e-8
152.0000, 138.0000, 1.835e-8
154.0000, 138.0000, 1.836e-8
156.0000, 138.0000, 1.766e-8
158.0000, 138.0000, 1.749e-8
160.0000, 138.0000, 1.820e-8
162.0000, 138.0000, 1.839e-8
164.0000, 138.0000, 1.780e-8
166.0000, 138.0000, 1.771e-8
168.0000, 138.0000, 1.871e-8
170.0000, 138.0000, 1.881e-8
172.0000, 138.0000, 1.781e-8
174.0000, 138.0000, 1.802e-8
176.0000, 138.0000, 1.906e-8
178.0000, 138.0000, 1.858e-8
180.0000, 138.0000, 1.762e-8
182.0000, 138.0000, 1.833e-8
184.0000, 138.0000, 1.884e-8
186.0000, 138.0000, 1.809e-8
188.0000, 138.0000, 1.736e-8
190.0000, 138.0000, 1.796e-8
192.0000, 138.0000, 1.832e-8
194.0000, 138.0000, 1.774e-8
196.0000, 138.0000, 1.752e-8
198.0000, 138.0000, 1.816e-8
200.0000, 138.0000, 1.833e-8
202.0000, 138.0000, 1.783e-8
204.0000, 138.0000, 1.809e-8
206.0000, 138.0000, 1.890e-8
208.0000, 138.0000, 1.875e-8
210.0000, 138.0000, 1.823e-8
212.0000, 138.0000, 1.855e-8
214.0000, 138.0000, 1.912e-8
216.0000, 138.0000, 1.891e-8
218.0000, 138.0000, 1.865e-8
220.0000, 138.0000, 1.988e-8
222.0000, 138.0000, 2.036e-8
224.0000, 138.0000, 1.971e-8
226.0000, 138.0000, 1.960e-8
228.0000, 138.0000, 2.043e-8
230.0000, 138.0000, 2.053e-8
232.0000, 138.0000, 1.983e-8
234.0000, 138.0000, 2.003e-8
236.0000, 138.0000, 2.113e-8
238.0000, 138.0000, 2.131e-8
240.0000, 138.0000, 2.065e-8
242.0000, 138.0000, 2.083e-8
244.0000, 138.0000, 2.128e-8
246.0000, 138.0000, 2.113e-8
248.0000, 138.0000, 2.102e-8
0.0000, 140.0000, 2.541e-8
2.0000, 140.0000, 2.145e-8
4.0000, 140.0000, 1.929e-8
6.0000, 140.0000, 1.828e-8
8.0000, 140.0000, 1.845e-8
10.0000, 140.0000, 1.807e-8
12.0000, 140.0000, 1.596e-8
14.0000, 140.0000, 1.786e-8
16.0000, 140.0000, 1.755e-8
18.0000, 140.0000, 1.525e-8
20.0000, 140.0000, 1.663e-8
22.0000, 140.0000, 1.826e-8
24.0000, 140.0000, 1.590e-8
26.0000, 140.0000, 1.569e-8
28.0000, 140.0000, 1.703e-8
30.0000, 140.0000, 1.509e-8
32.0000, 140.0000, 1.414e-8
34.0000, 140.0000, 1.519e-8
36.0000, 140.0000, 1.448e-8
38.0000, 140.0000, 1.347e-8
40.0000, 140.0000, 1.450e-8
42.0000, 140.0000, 1.411e-8
44.0000, 140.0000, 1.346e-8
46.0000, 140.0000, 1.286e-8
48.0000, 140.0000, 1.278e-8
50.0000, 140.0000, 1.330e-8
52.0000, 140.0000, 1.373e-8
54.0000, 140.0000, 1.333e-8
56.0000, 140.0000, 1.428e-8
58.0000, 140.0000, 1.543e-8
60.0000, 140.0000, 1.441e-8
62.0000, 140.0000, 1.365e-8
64.0000, 140.0000, 1.487e-8
66.0000, 140.0000, 1.468e-8
68.0000, 140.0000, 1.401e-8
70.0000, 140.0000, 1.468e-8
72.0000, 140.0000, 1.463e-8
74.0000, 140.0000, 1.398e-8
76.0000, 140.0000, 1.434e-8
78.0000, 140.0000, 1.451e-8
80.0000, 140.0000, 1.333e-8
82.0000, 140.0000, 1.286e-8
84.0000, 140.0000, 1.346e-8
86.0000, 140.0000, 1.339e-8
88.0000, 140.0000, 1.292e-8
90.0000, 140.0000, 1.288e-8
92.0000, 140.0000, 1.307e-8
94.0000, 140.0000, 1.383e-8
96.0000, 140.0000, 1.418e-8
98.0000, 140.0000, 1.417e-8
100.0000, 140.0000, 1.441e-8
102.0000, 140.0000, 1.498e-8
104.0000, 140.0000, 1.495e-8
106.0000, 140.0000, 1.505e-8
108.0000, 140.0000, 1.534e-8
110.0000, 140.0000, 1.544e-8
112.0000, 140.0000, 1.701e-8
114.0000, 140.0000, 1.833e-8
116.0000, 140.0000, 1.802e-8
118.0000, 140.0000, 1.757e-8
120.0000, 140.0000, 1.903e-8
122.0000, 140.0000, 1.881e-8
124.0000, 140.0000, 1.760e-8
126.0000, 140.0000, 1.753e-8
128.0000, 140.0000, 1.933e-8
130.0000, 140.0000, 1.918e-8
132.0000, 140.0000, 1.762e-8
134.0000, 140.0000, 1.744e-8
136.0000, 140.0000, 1.770e-8
138.0000, 140.0000, 1.752e-8
140.0000, 140.0000, 1.772e-8
142.0000, 140.0000, 1.749e-8
144.0000, 140.0000, 1.751e-8
146.0000, 140.0000, 1.767e-8
148.0000, 140.0000, 1.764e-8
150.0000, 140.0000, 1.776e-8
152.0000, 140.0000, 1.803e-8
154.0000, 140.0000, 1.778e-8
156.0000, 140.0000, 1.750e-8
158.0000, 140.0000, 1.775e-8
160.0000, 140.0000, 1.819e-8
162.0000, 140.0000, 1.814e-8
164.0000, 140.0000, 1.809e-8
166.0000, 140.0000, 1.818e-8
168.0000, 140.0000, 1.826e-8
170.0000, 140.0000, 1.844e-8
172.0000, 140.0000, 1.824e-8
174.0000, 140.0000, 1.802e-8
176.0000, 140.0000, 1.806e-8
178.0000, 140.0000, 1.782e-8
180.0000, 140.0000, 1.764e-8
182.0000, 140.0000, 1.832e-8
184.0000, 140.0000, 1.860e-8
186.0000, 140.0000, 1.810e-8
188.0000, 140.0000, 1.758e-8
190.0000, 140.0000, 1.792e-8
192.0000, 140.0000, 1.808e-8
194.0000, 140.0000, 1.784e-8
196.0000, 140.0000, 1.785e-8
198.0000, 140.0000, 1.794e-8
200.0000, 140.0000, 1.780e-8
202.0000, 140.0000, 1.794e-8
204.0000, 140.0000, 1.822e-8
206.0000, 140.0000, 1.839e-8
208.0000, 140.0000, 1.835e-8
210.0000, 140.0000, 1.875e-8
212.0000, 140.0000, 1.890e-8
214.0000, 140.0000, 1.874e-8
216.0000, 140.0000, 1.882e-8
218.0000, 140.0000, 1.926e-8
220.0000, 140.0000, 1.961e-8
222.0000, 140.0000, 1.956e-8
224.0000, 140.0000, 1.956e-8
226.0000, 140.0000, 1.994e-8
228.0000, 140.0000, 2.023e-8
230.0000, 140.0000, 2.024e-8
232.0000, 140.0000, 2.015e-8
234.0000, 140.0000, 2.011e-8
236.0000, 140.0000, 2.064e-8
238.0000, 140.0000, 2.113e-8
240.0000, 140.0000, 2.092e-8
242.0000, 140.0000, 2.077e-8
244.0000, 140.0000, 2.104e-8
246.0000, 140.0000, 2.132e-8
248.0000, 140.0000, 2.144e-8
0.0000, 142.0000, 2.319e-8
2.0000, 142.0000, 2.308e-8
4.0000, 142.0000, 2.012e-8
6.0000, 142.0000, 2.095e-8
8.0000, 142.0000, 2.087e-8
10.0000, 142.0000, 1.790e-8
12.0000, 142.0000, 2.037e-8
14.0000, 142.0000, 1.959e-8
16.0000, 142.0000, 1.676e-8
18.0000, 142.0000, 1.741e-8
20.0000, 142.0000, 1.881e-8
22.0000, 142.0000, 1.628e-8
24.0000, 142.0000, 1.676e-8
26.0000, 142.0000, 1.696e-8
28.0000, 142.0000, 1.518e-8
30.0000, 142.0000, 1.542e-8
32.0000, 142.0000, 1.608e-8
34.0000, 142.0000, 1.469e-8
36.0000, 142.0000, 1.449e-8
38.0000, 142.0000, 1.462e-8
40.0000, 142.0000, 1.320e-8
42.0000, 142.0000, 1.433e-8
44.0000, 142.0000, 1.509e-8
46.0000, 142.0000, 1.424e-8
48.0000, 142.0000, 1.416e-8
50.0000, 142.0000, 1.519e-8
52.0000, 142.0000, 1.371e-8
54.0000, 142.0000, 1.375e-8
56.0000, 142.0000, 1.497e-8
58.0000, 142.0000, 1.474e-8
60.0000, 142.0000, 1.386e-8
62.0000, 142.0000, 1.429e-8
64.0000, 142.0000, 1.394e-8
66.0000, 142.0000, 1.367e-8
68.0000, 142.0000, 1.356e-8
70.0000, 142.0000, 1.313e-8
72.0000, 142.0000, 1.424e-8
74.0000, 142.0000, 1.533e-8
76.0000, 142.0000, 1.466e-8
78.0000, 142.0000, 1.405e-8
80.0000, 142.0000, 1.689e-8
82.0000, 142.0000, 1.680e-8
84.0000, 142.0000, 1.511e-8
86.0000, 142.0000, 1.570e-8
88.0000, 142.0000, 1.640e-8
90.0000, 142.0000, 1.498e-8
92.0000, 142.0000, 1.461e-8
94.0000, 142.0000, 1.533e-8
96.0000, 142.0000, 1.517e-8
98.0000, 142.0000, 1.451e-8
100.0000, 142.0000, 1.490e-8
102.0000, 142.0000, 1.620e-8
104.0000, 142.0000, 1.706e-8
106.0000, 142.0000, 1.654e-8
108.0000, 142.0000, 1.594e-8
110.0000, 142.0000, 1.737e-8
112.0000, 142.0000, 1.820e-8
114.0000, 142.0000, 1.709e-8
116.0000, 142.0000, 1.688e-8
118.0000, 142.0000, 1.771e-8
120.0000, 142.0000, 1.716e-8
122.0000, 142.0000, 1.697e-8
124.0000, 142.0000, 1.771e-8
126.0000, 142.0000, 1.734e-8
128.0000, 142.0000, 1.701e-8
130.0000, 142.0000, 1.886e-8
132.0000, 142.0000, 1.936e-8
134.0000, 142.0000, 1.794e-8
136.0000, 142.0000, 1.709e-8
138.0000, 142.0000, 1.752e-8
140.0000, 142.0000, 1.767e-8
142.0000, 142.0000, 1.737e-8
144.0000, 142.0000, 1.696e-8
146.0000, 142.0000, 1.725e-8
148.0000, 142.0000, 1.791e-8
150.0000, 142.0000, 1.786e-8
152.0000, 142.0000, 1.742e-8
154.0000, 142.0000, 1.783e-8
156.0000, 142.0000, 1.827e-8
158.0000, 142.0000, 1.805e-8
160.0000, 142.0000, 1.785e-8
162.0000, 142.0000, 1.815e-8
164.0000, 142.0000, 1.808e-8
166.0000, 142.0000, 1.818e-8
168.0000, 142.0000, 1.835e-8
170.0000, 142.0000, 1.799e-8
172.0000, 142.0000, 1.786e-8
174.0000, 142.0000, 1.817e-8
176.0000, 142.0000, 1.816e-8
178.0000, 142.0000, 1.772e-8
180.0000, 142.0000, 1.756e-8
182.0000, 142.0000, 1.793e-8
184.0000, 142.0000, 1.822e-8
186.0000, 142.0000, 1.801e-8
188.0000, 142.0000, 1.751e-8
190.0000, 142.0000, 1.756e-8
192.0000, 142.0000, 1.852e-8
194.0000, 142.0000, 1.839e-8
196.0000, 142.0000, 1.790e-8
198.0000, 142.0000, 1.868e-8
200.0000, 142.0000, 1.918e-8
202.0000, 142.0000, 1.837e-8
204.0000, 142.0000, 1.835e-8
206.0000, 142.0000, 1.921e-8
208.0000, 142.0000, 1.911e-8
210.0000, 142.0000, 1.847e-8
212.0000, 142.0000, 1.859e-8
214.0000, 142.0000, 1.893e-8
216.0000, 142.0000, 1.891e-8
218.0000, 142.0000, 1.874e-8
220.0000, 142.0000, 1.891e-8
222.0000, 142.0000, 1.909e-8
224.0000, 142.0000, 1.920e-8
226.0000, 142.0000, 1.936e-8
228.0000, 142.0000, 1.980e-8
230.0000, 142.0000, 2.003e-8
232.0000, 142.0000, 1.976e-8
234.0000, 142.0000, 1.966e-8
236.0000, 142.0000, 2.005e-8
238.0000, 142.0000, 2.050e-8
240.0000, 142.0000, 2.060e-8
242.0000, 142.0000, 2.083e-8
244.0000, 142.0000, 2.098e-8
246.0000, 142.0000, 2.094e-8
248.0000, 142.0000, 2.112e-8
0.0000, 144.0000, 2.365e-8
2.0000, 144.0000, 2.338e-8
4.0000, 144.0000, 1.953e-8
6.0000, 144.0000, 1.998e-8
8.0000, 144.0000, 1.920e-8
10.0000, 144.0000, 1.670e-8
12.0000, 144.0000, 1.780e-8
14.0000, 144.0000, 1.611e-8
16.0000, 144.0000, 1.577e-8
18.0000, 144.0000, 1.788e-8
20.0000, 144.0000, 1.663e-8
22.0000, 144.0000, 1.473e-8
24.0000, 144.0000, 1.710e-8
26.0000, 144.0000, 1.656e-8
28.0000, 144.0000, 1.499e-8
30.0000, 144.0000, 1.760e-8
32.0000, 144.0000, 1.703e-8
34.0000, 144.0000, 1.481e-8
36.0000, 144.0000, 1.515e-8
38.0000, 144.0000, 1.525e-8
40.0000, 144.0000, 1.374e-8
42.0000, 144.0000, 1.505e-8
44.0000, 144.0000, 1.495e-8
46.0000, 144.0000, 1.403e-8
48.0000, 144.0000, 1.400e-8
50.0000, 144.0000, 1.435e-8
52.0000, 144.0000, 1.323e-8
54.0000, 144.0000, 1.419e-8
56.0000, 144.0000, 1.509e-8
58.0000, 144.0000, 1.454e-8
60.0000, 144.0000, 1.376e-8
62.0000, 144.0000, 1.357e-8
64.0000, 144.0000, 1.369e-8
66.0000, 144.0000, 1.419e-8
68.0000, 144.0000, 1.408e-8
70.0000, 144.0000, 1.356e-8
72.0000, 144.0000, 1.505e-8
74.0000, 144.0000, 1.559e-8
76.0000, 144.0000, 1.438e-8
78.0000, 144.0000, 1.352e-8
80.0000, 144.0000, 1.521e-8
82.0000, 144.0000, 1.508e-8
84.0000, 144.0000, 1.415e-8
86.0000, 144.0000, 1.459e-8
88.0000, 144.0000, 1.527e-8
90.0000, 144.0000, 1.433e-8
92.0000, 144.0000, 1.437e-8
94.0000, 144.0000, 1.443e-8
96.0000, 144.0000, 1.423e-8
98.0000, 144.0000, 1.453e-8
100.0000, 144.0000, 1.538e-8
102.0000, 144.0000, 1.522e-8
104.0000, 144.0000, 1.632e-8
106.0000, 144.0000, 1.743e-8
108.0000, 144.0000, 1.702e-8
110.0000, 144.0000, 1.634e-8
112.0000, 144.0000, 1.665e-8
114.0000, 144.0000, 1.718e-8
116.0000, 144.0000, 1.719e-8
118.0000, 144.0000, 1.681e-8
120.0000, 144.0000, 1.674e-8
122.0000, 144.0000, 1.824e-8
124.0000, 144.0000, 1.812e-8
126.0000, 144.0000, 1.746e-8
128.0000, 144.0000, 1.791e-8
130.0000, 144.0000, 1.945e-8
132.0000, 144.0000, 1.874e-8
134.0000, 144.0000, 1.798e-8
136.0000, 144.0000, 1.857e-8
138.0000, 144.0000, 1.926e-8
140.0000, 144.0000, 1.847e-8
142.0000, 144.0000, 1.870e-8
144.0000, 144.0000, 1.977e-8
146.0000, 144.0000, 1.930e-8
148.0000, 144.0000, 1.816e-8
150.0000, 144.0000, 1.821e-8
152.0000, 144.0000, 1.851e-8
154.0000, 144.0000, 1.816e-8
156.0000, 144.0000, 1.769e-8
158.0000, 144.0000, 1.807e-8
160.0000, 144.0000, 1.896e-8
162.0000, 144.0000, 1.841e-8
164.0000, 144.0000, 1.827e-8
166.0000, 144.0000, 1.949e-8
168.0000, 144.0000, 1.999e-8
170.0000, 144.0000, 1.877e-8
172.0000, 144.0000, 1.855e-8
174.0000, 144.0000, 1.950e-8
176.0000, 144.0000, 1.913e-8
178.0000, 144.0000, 1.793e-8
180.0000, 144.0000, 1.793e-8
182.0000, 144.0000, 1.892e-8
184.0000, 144.0000, 1.853e-8
186.0000, 144.0000, 1.769e-8
188.0000, 144.0000, 1.760e-8
190.0000, 144.0000, 1.796e-8
192.0000, 144.0000, 1.783e-8
194.0000, 144.0000, 1.737e-8
196.0000, 144.0000, 1.771e-8
198.0000, 144.0000, 1.853e-8
200.0000, 144.0000, 1.830e-8
202.0000, 144.0000, 1.779e-8
204.0000, 144.0000, 1.852e-8
206.0000, 144.0000, 1.896e-8
208.0000, 144.0000, 1.855e-8
210.0000, 144.0000, 1.872e-8
212.0000, 144.0000, 1.915e-8
214.0000, 144.0000, 1.888e-8
216.0000, 144.0000, 1.871e-8
218.0000, 144.0000, 1.914e-8
220.0000, 144.0000, 1.933e-8
222.0000, 144.0000, 1.902e-8
224.0000, 144.0000, 1.917e-8
226.0000, 144.0000, 1.971e-8
228.0000, 144.0000, 1.975e-8
230.0000, 144.0000, 1.956e-8
232.0000, 144.0000, 1.964e-8
234.0000, 144.0000, 1.986e-8
236.0000, 144.0000, 2.020e-8
238.0000, 144.0000, 2.048e-8
240.0000, 144.0000, 2.051e-8
242.0000, 144.0000, 2.045e-8
244.0000, 144.0000, 2.072e-8
246.0000, 144.0000, 2.129e-8
248.0000, 144.0000, 2.134e-8
0.0000, 146.0000, 2.837e-8
2.0000, 146.0000, 2.389e-8
4.0000, 146.0000, 2.223e-8
6.0000, 146.0000, 2.470e-8
8.0000, 146.0000, 2.311e-8
10.0000, 146.0000, 1.858e-8
12.0000, 146.0000, 1.989e-8
14.0000, 146.0000, 2.397e-8
16.0000, 146.0000, 2.101e-8
18.0000, 146.0000, 1.856e-8
20.0000, 146.0000, 2.291e-8
22.0000, 146.0000, 2.231e-8
24.0000, 146.0000, 1.849e-8
26.0000, 146.0000, 1.836e-8
28.0000, 146.0000, 1.903e-8
30.0000, 146.0000, 1.632e-8
32.0000, 146.0000, 1.465e-8
34.0000, 146.0000, 1.568e-8
36.0000, 146.0000, 1.505e-8
38.0000, 146.0000, 1.366e-8
40.0000, 146.0000, 1.273e-8
42.0000, 146.0000, 1.334e-8
44.0000, 146.0000, 1.329e-8
46.0000, 146.0000, 1.275e-8
48.0000, 146.0000, 1.322e-8
50.0000, 146.0000, 1.561e-8
52.0000, 146.0000, 1.517e-8
54.0000, 146.0000, 1.417e-8
56.0000, 146.0000, 1.477e-8
58.0000, 146.0000, 1.494e-8
60.0000, 146.0000, 1.362e-8
62.0000, 146.0000, 1.475e-8
64.0000, 146.0000, 1.578e-8
66.0000, 146.0000, 1.478e-8
68.0000, 146.0000, 1.389e-8
70.0000, 146.0000, 1.514e-8
72.0000, 146.0000, 1.500e-8
74.0000, 146.0000, 1.404e-8
76.0000, 146.0000, 1.420e-8
78.0000, 146.0000, 1.434e-8
80.0000, 146.0000, 1.339e-8
82.0000, 146.0000, 1.351e-8
84.0000, 146.0000, 1.375e-8
86.0000, 146.0000, 1.353e-8
88.0000, 146.0000, 1.343e-8
90.0000, 146.0000, 1.369e-8
92.0000, 146.0000, 1.422e-8
94.0000, 146.0000, 1.450e-8
96.0000, 146.0000, 1.458e-8
98.0000, 146.0000, 1.505e-8
100.0000, 146.0000, 1.655e-8
102.0000, 146.0000, 1.655e-8
104.0000, 146.0000, 1.619e-8
106.0000, 146.0000, 1.659e-8
108.0000, 146.0000, 1.739e-8
110.0000, 146.0000, 1.737e-8
112.0000, 146.0000, 1.693e-8
114.0000, 146.0000, 1.754e-8
116.0000, 146.0000, 1.793e-8
118.0000, 146.0000, 1.747e-8
120.0000, 146.0000, 1.733e-8
122.0000, 146.0000, 1.779e-8
124.0000, 146.0000, 1.767e-8
126.0000, 146.0000, 1.730e-8
128.0000, 146.0000, 1.734e-8
130.0000, 146.0000, 1.781e-8
132.0000, 146.0000, 1.777e-8
134.0000, 146.0000, 1.706e-8
136.0000, 146.0000, 1.705e-8
138.0000, 146.0000, 1.787e-8
140.0000, 146.0000, 1.797e-8
142.0000, 146.0000, 1.752e-8
144.0000, 146.0000, 1.837e-8
146.0000, 146.0000, 1.922e-8
148.0000, 146.0000, 1.877e-8
150.0000, 146.0000, 1.807e-8
152.0000, 146.0000, 1.886e-8
154.0000, 146.0000, 1.929e-8
156.0000, 146.0000, 1.853e-8
158.0000, 146.0000, 1.779e-8
160.0000, 146.0000, 1.865e-8
162.0000, 146.0000, 1.930e-8
164.0000, 146.0000, 1.864e-8
166.0000, 146.0000, 1.836e-8
168.0000, 146.0000, 1.909e-8
170.0000, 146.0000, 1.916e-8
172.0000, 146.0000, 1.834e-8
174.0000, 146.0000, 1.854e-8
176.0000, 146.0000, 1.938e-8
178.0000, 146.0000, 1.893e-8
180.0000, 146.0000, 1.794e-8
182.0000, 146.0000, 1.842e-8
184.0000, 146.0000, 1.914e-8
186.0000, 146.0000, 1.873e-8
188.0000, 146.0000, 1.812e-8
190.0000, 146.0000, 1.835e-8
192.0000, 146.0000, 1.840e-8
194.0000, 146.0000, 1.795e-8
196.0000, 146.0000, 1.799e-8
198.0000, 146.0000, 1.871e-8
200.0000, 146.0000, 1.874e-8
202.0000, 146.0000, 1.825e-8
204.0000, 146.0000, 1.843e-8
206.0000, 146.0000, 1.899e-8
208.0000, 146.0000, 1.892e-8
210.0000, 146.0000, 1.852e-8
212.0000, 146.0000, 1.880e-8
214.0000, 146.0000, 1.918e-8
216.0000, 146.0000, 1.912e-8
218.0000, 146.0000, 1.918e-8
220.0000, 146.0000, 1.976e-8
222.0000, 146.0000, 1.965e-8
224.0000, 146.0000, 1.939e-8
226.0000, 146.0000, 1.960e-8
228.0000, 146.0000, 1.994e-8
230.0000, 146.0000, 1.989e-8
232.0000, 146.0000, 2.001e-8
234.0000, 146.0000, 2.046e-8
236.0000, 146.0000, 2.077e-8
238.0000, 146.0000, 2.070e-8
240.0000, 146.0000, 2.053e-8
242.0000, 146.0000, 2.064e-8
244.0000, 146.0000, 2.118e-8
246.0000, 146.0000, 2.153e-8
248.0000, 146.0000, 2.142e-8
0.0000, 148.0000, 2.899e-8
2.0000, 148.0000, 2.286e-8
4.0000, 148.0000, 2.136e-8
6.0000, 148.0000, 2.137e-8
8.0000, 148.0000, 1.943e-8
10.0000, 148.0000, 1.655e-8
12.0000, 148.0000, 1.748e-8
14.0000, 148.0000, 2.079e-8
16.0000, 148.0000, 1.894e-8
18.0000, 148.0000, 1.700e-8
20.0000, 148.0000, 2.145e-8
22.0000, 148.0000, 2.162e-8
24.0000, 148.0000, 1.808e-8
26.0000, 148.0000, 1.798e-8
28.0000, 148.0000, 1.868e-8
30.0000, 148.0000, 1.633e-8
32.0000, 148.0000, 1.436e-8
34.0000, 148.0000, 1.411e-8
36.0000, 148.0000, 1.377e-8
38.0000, 148.0000, 1.318e-8
40.0000, 148.0000, 1.316e-8
42.0000, 148.0000, 1.317e-8
44.0000, 148.0000, 1.429e-8
46.0000, 148.0000, 1.414e-8
48.0000, 148.0000, 1.332e-8
50.0000, 148.0000, 1.472e-8
52.0000, 148.0000, 1.603e-8
54.0000, 148.0000, 1.472e-8
56.0000, 148.0000, 1.450e-8
58.0000, 148.0000, 1.577e-8
60.0000, 148.0000, 1.484e-8
62.0000, 148.0000, 1.310e-8
64.0000, 148.0000, 1.331e-8
66.0000, 148.0000, 1.427e-8
68.0000, 148.0000, 1.447e-8
70.0000, 148.0000, 1.486e-8
72.0000, 148.0000, 1.436e-8
74.0000, 148.0000, 1.431e-8
76.0000, 148.0000, 1.462e-8
78.0000, 148.0000, 1.412e-8
80.0000, 148.0000, 1.340e-8
82.0000, 148.0000, 1.482e-8
84.0000, 148.0000, 1.450e-8
86.0000, 148.0000, 1.375e-8
88.0000, 148.0000, 1.465e-8
90.0000, 148.0000, 1.568e-8
92.0000, 148.0000, 1.468e-8
94.0000, 148.0000, 1.445e-8
96.0000, 148.0000, 1.517e-8
98.0000, 148.0000, 1.552e-8
100.0000, 148.0000, 1.542e-8
102.0000, 148.0000, 1.551e-8
104.0000, 148.0000, 1.572e-8
106.0000, 148.0000, 1.621e-8
108.0000, 148.0000, 1.698e-8
110.0000, 148.0000, 1.718e-8
112.0000, 148.0000, 1.665e-8
114.0000, 148.0000, 1.711e-8
116.0000, 148.0000, 1.747e-8
118.0000, 148.0000, 1.713e-8
120.0000, 148.0000, 1.697e-8
122.0000, 148.0000, 1.805e-8
124.0000, 148.0000, 1.820e-8
126.0000, 148.0000, 1.753e-8
128.0000, 148.0000, 1.717e-8
130.0000, 148.0000, 1.775e-8
132.0000, 148.0000, 1.803e-8
134.0000, 148.0000, 1.729e-8
136.0000, 148.0000, 1.748e-8
138.0000, 148.0000, 1.914e-8
140.0000, 148.0000, 1.939e-8
142.0000, 148.0000, 1.834e-8
144.0000, 148.0000, 1.891e-8
146.0000, 148.0000, 1.970e-8
148.0000, 148.0000, 1.895e-8
150.0000, 148.0000, 1.788e-8
152.0000, 148.0000, 1.854e-8
154.0000, 148.0000, 1.908e-8
156.0000, 148.0000, 1.873e-8
158.0000, 148.0000, 1.844e-8
160.0000, 148.0000, 1.855e-8
162.0000, 148.0000, 1.828e-8
164.0000, 148.0000, 1.820e-8
166.0000, 148.0000, 1.861e-8
168.0000, 148.0000, 1.892e-8
170.0000, 148.0000, 1.869e-8
172.0000, 148.0000, 1.831e-8
174.0000, 148.0000, 1.835e-8
176.0000, 148.0000, 1.857e-8
178.0000, 148.0000, 1.824e-8
180.0000, 148.0000, 1.783e-8
182.0000, 148.0000, 1.827e-8
184.0000, 148.0000, 1.823e-8
186.0000, 148.0000, 1.816e-8
188.0000, 148.0000, 1.850e-8
190.0000, 148.0000, 1.855e-8
192.0000, 148.0000, 1.800e-8
194.0000, 148.0000, 1.792e-8
196.0000, 148.0000, 1.838e-8
198.0000, 148.0000, 1.851e-8
200.0000, 148.0000, 1.838e-8
202.0000, 148.0000, 1.831e-8
204.0000, 148.0000, 1.848e-8
206.0000, 148.0000, 1.880e-8
208.0000, 148.0000, 1.890e-8
210.0000, 148.0000, 1.867e-8
212.0000, 148.0000, 1.894e-8
214.0000, 148.0000, 1.944e-8
216.0000, 148.0000, 1.935e-8
218.0000, 148.0000, 1.918e-8
220.0000, 148.0000, 1.975e-8
222.0000, 148.0000, 1.983e-8
224.0000, 148.0000, 1.952e-8
226.0000, 148.0000, 1.984e-8
228.0000, 148.0000, 2.059e-8
230.0000, 148.0000, 2.059e-8
232.0000, 148.0000, 2.025e-8
234.0000, 148.0000, 2.070e-8
236.0000, 148.0000, 2.122e-8
238.0000, 148.0000, 2.094e-8
240.0000, 148.0000, 2.052e-8
242.0000, 148.0000, 2.114e-8
244.0000, 148.0000, 2.183e-8
246.0000, 148.0000, 2.156e-8
248.0000, 148.0000, 2.102e-8
0.0000, 150.0000, 2.186e-8
2.0000, 150.0000, 2.185e-8
4.0000, 150.0000, 1.845e-8
6.0000, 150.0000, 1.849e-8
8.0000, 150.0000, 1.880e-8
10.0000, 150.0000, 1.666e-8
12.0000, 150.0000, 1.565e-8
14.0000, 150.0000, 1.546e-8
16.0000, 150.0000, 1.494e-8
18.0000, 150.0000, 1.441e-8
20.0000, 150.0000, 1.410e-8
22.0000, 150.0000, 1.351e-8
24.0000, 150.0000, 1.516e-8
26.0000, 150.0000, 1.494e-8
28.0000, 150.0000, 1.386e-8
30.0000, 150.0000, 1.586e-8
32.0000, 150.0000, 1.634e-8
34.0000, 150.0000, 1.450e-8
36.0000, 150.0000, 1.449e-8
38.0000, 150.0000, 1.554e-8
40.0000, 150.0000, 1.442e-8
42.0000, 150.0000, 1.399e-8
44.0000, 150.0000, 1.463e-8
46.0000, 150.0000, 1.433e-8
48.0000, 150.0000, 1.336e-8
50.0000, 150.0000, 1.298e-8
52.0000, 150.0000, 1.291e-8
54.0000, 150.0000, 1.405e-8
56.0000, 150.0000, 1.404e-8
58.0000, 150.0000, 1.398e-8
60.0000, 150.0000, 1.527e-8
62.0000, 150.0000, 1.587e-8
64.0000, 150.0000, 1.474e-8
66.0000, 150.0000, 1.482e-8
68.0000, 150.0000, 1.673e-8
70.0000, 150.0000, 1.640e-8
72.0000, 150.0000, 1.463e-8
74.0000, 150.0000, 1.541e-8
76.0000, 150.0000, 1.655e-8
78.0000, 150.0000, 1.523e-8
80.0000, 150.0000, 1.353e-8
82.0000, 150.0000, 1.318e-8
84.0000, 150.0000, 1.438e-8
86.0000, 150.0000, 1.462e-8
88.0000, 150.0000, 1.400e-8
90.0000, 150.0000, 1.410e-8
92.0000, 150.0000, 1.555e-8
94.0000, 150.0000, 1.524e-8
96.0000, 150.0000, 1.486e-8
98.0000, 150.0000, 1.597e-8
100.0000, 150.0000, 1.724e-8
102.0000, 150.0000, 1.625e-8
104.0000, 150.0000, 1.590e-8
106.0000, 150.0000, 1.675e-8
108.0000, 150.0000, 1.699e-8
110.0000, 150.0000, 1.653e-8
112.0000, 150.0000, 1.649e-8
114.0000, 150.0000, 1.771e-8
116.0000, 150.0000, 1.814e-8
118.0000, 150.0000, 1.753e-8
120.0000, 150.0000, 1.737e-8
122.0000, 150.0000, 1.845e-8
124.0000, 150.0000, 1.850e-8
126.0000, 150.0000, 1.758e-8
128.0000, 150.0000, 1.710e-8
130.0000, 150.0000, 1.767e-8
132.0000, 150.0000, 1.770e-8
134.0000, 150.0000, 1.776e-8
136.0000, 150.0000, 1.817e-8
138.0000, 150.0000, 1.833e-8
140.0000, 150.0000, 1.799e-8
142.0000, 150.0000, 1.823e-8
144.0000, 150.0000, 1.896e-8
146.0000, 150.0000, 1.871e-8
148.0000, 150.0000, 1.798e-8
150.0000, 150.0000, 1.807e-8
152.0000, 150.0000, 1.846e-8
154.0000, 150.0000, 1.860e-8
156.0000, 150.0000, 1.836e-8
158.0000, 150.0000, 1.820e-8
160.0000, 150.0000, 1.869e-8
162.0000, 150.0000, 1.925e-8
164.0000, 150.0000, 1.898e-8
166.0000, 150.0000, 1.883e-8
168.0000, 150.0000, 1.907e-8
170.0000, 150.0000, 1.827e-8
172.0000, 150.0000, 1.768e-8
174.0000, 150.0000, 1.857e-8
176.0000, 150.0000, 1.881e-8
178.0000, 150.0000, 1.803e-8
180.0000, 150.0000, 1.791e-8
182.0000, 150.0000, 1.834e-8
184.0000, 150.0000, 1.812e-8
186.0000, 150.0000, 1.781e-8
188.0000, 150.0000, 1.812e-8
190.0000, 150.0000, 1.855e-8
192.0000, 150.0000, 1.809e-8
194.0000, 150.0000, 1.782e-8
196.0000, 150.0000, 1.854e-8
198.0000, 150.0000, 1.889e-8
200.0000, 150.0000, 1.841e-8
202.0000, 150.0000, 1.825e-8
204.0000, 150.0000, 1.882e-8
206.0000, 150.0000, 1.887e-8
208.0000, 150.0000, 1.847e-8
210.0000, 150.0000, 1.862e-8
212.0000, 150.0000, 1.893e-8
214.0000, 150.0000, 1.879e-8
216.0000, 150.0000, 1.876e-8
218.0000, 150.0000, 1.903e-8
220.0000, 150.0000, 1.921e-8
222.0000, 150.0000, 1.931e-8
224.0000, 150.0000, 1.927e-8
226.0000, 150.0000, 1.935e-8
228.0000, 150.0000, 1.981e-8
230.0000, 150.0000, 2.018e-8
232.0000, 150.0000, 2.002e-8
234.0000, 150.0000, 1.991e-8
236.0000, 150.0000, 2.061e-8
238.0000, 150.0000, 2.131e-8
240.0000, 150.0000, 2.105e-8
242.0000, 150.0000, 2.071e-8
244.0000, 150.0000, 2.102e-8
246.0000, 150.0000, 2.152e-8
248.0000, 150.0000, 2.135e-8
0.0000, 152.0000, 2.204e-8
2.0000, 152.0000, 2.118e-8
4.0000, 152.0000, 1.787e-8
6.0000, 152.0000, 1.642e-8
8.0000, 152.0000, 1.615e-8
10.0000, 152.0000, 1.512e-8
12.0000, 152.0000, 1.455e-8
14.0000, 152.0000, 1.444e-8
16.0000, 152.0000, 1.401e-8
18.0000, 152.0000, 1.399e-8
20.0000, 152.0000, 1.429e-8
22.0000, 152.0000, 1.358e-8
24.0000, 152.0000, 1.515e-8
26.0000, 152.0000, 1.513e-8
28.0000, 152.0000, 1.364e-8
30.0000, 152.0000, 1.370e-8
32.0000, 152.0000, 1.523e-8
34.0000, 152.0000, 1.408e-8
36.0000, 152.0000, 1.358e-8
38.0000, 152.0000, 1.439e-8
40.0000, 152.0000, 1.421e-8
42.0000, 152.0000, 1.346e-8
44.0000, 152.0000, 1.330e-8
46.0000, 152.0000, 1.329e-8
48.0000, 152.0000, 1.319e-8
50.0000, 152.0000, 1.318e-8
52.0000, 152.0000, 1.300e-8
54.0000, 152.0000, 1.352e-8
56.0000, 152.0000, 1.362e-8
58.0000, 152.0000, 1.341e-8
60.0000, 152.0000, 1.395e-8
62.0000, 152.0000, 1.417e-8
64.0000, 152.0000, 1.328e-8
66.0000, 152.0000, 1.398e-8
68.0000, 152.0000, 1.594e-8
70.0000, 152.0000, 1.587e-8
72.0000, 152.0000, 1.426e-8
74.0000, 152.0000, 1.483e-8
76.0000, 152.0000, 1.596e-8
78.0000, 152.0000, 1.506e-8
80.0000, 152.0000, 1.377e-8
82.0000, 152.0000, 1.376e-8
84.0000, 152.0000, 1.349e-8
86.0000, 152.0000, 1.335e-8
88.0000, 152.0000, 1.375e-8
90.0000, 152.0000, 1.411e-8
92.0000, 152.0000, 1.428e-8
94.0000, 152.0000, 1.408e-8
96.0000, 152.0000, 1.406e-8
98.0000, 152.0000, 1.465e-8
100.0000, 152.0000, 1.546e-8
102.0000, 152.0000, 1.528e-8
104.0000, 152.0000, 1.524e-8
106.0000, 152.0000, 1.623e-8
108.0000, 152.0000, 1.739e-8
110.0000, 152.0000, 1.725e-8
112.0000, 152.0000, 1.656e-8
114.0000, 152.0000, 1.714e-8
116.0000, 152.0000, 1.810e-8
118.0000, 152.0000, 1.802e-8
120.0000, 152.0000, 1.745e-8
122.0000, 152.0000, 1.757e-8
124.0000, 152.0000, 1.868e-8
126.0000, 152.0000, 1.868e-8
128.0000, 152.0000, 1.779e-8
130.0000, 152.0000, 1.778e-8
132.0000, 152.0000, 1.892e-8
134.0000, 152.0000, 1.874e-8
136.0000, 152.0000, 1.833e-8
138.0000, 152.0000, 1.857e-8
140.0000, 152.0000, 1.880e-8
142.0000, 152.0000, 1.833e-8
144.0000, 152.0000, 1.846e-8
146.0000, 152.0000, 1.887e-8
148.0000, 152.0000, 1.856e-8
150.0000, 152.0000, 1.804e-8
152.0000, 152.0000, 1.835e-8
154.0000, 152.0000, 1.898e-8
156.0000, 152.0000, 1.862e-8
158.0000, 152.0000, 1.796e-8
160.0000, 152.0000, 1.869e-8
162.0000, 152.0000, 1.950e-8
164.0000, 152.0000, 1.884e-8
166.0000, 152.0000, 1.832e-8
168.0000, 152.0000, 1.898e-8
170.0000, 152.0000, 1.965e-8
172.0000, 152.0000, 1.900e-8
174.0000, 152.0000, 1.829e-8
176.0000, 152.0000, 1.851e-8
178.0000, 152.0000, 1.875e-8
180.0000, 152.0000, 1.831e-8
182.0000, 152.0000, 1.769e-8
184.0000, 152.0000, 1.773e-8
186.0000, 152.0000, 1.819e-8
188.0000, 152.0000, 1.826e-8
190.0000, 152.0000, 1.812e-8
192.0000, 152.0000, 1.794e-8
194.0000, 152.0000, 1.804e-8
196.0000, 152.0000, 1.829e-8
198.0000, 152.0000, 1.826e-8
200.0000, 152.0000, 1.839e-8
202.0000, 152.0000, 1.853e-8
204.0000, 152.0000, 1.853e-8
206.0000, 152.0000, 1.853e-8
208.0000, 152.0000, 1.873e-8
210.0000, 152.0000, 1.888e-8
212.0000, 152.0000, 1.872e-8
214.0000, 152.0000, 1.870e-8
216.0000, 152.0000, 1.917e-8
218.0000, 152.0000, 1.940e-8
220.0000, 152.0000, 1.930e-8
222.0000, 152.0000, 1.926e-8
224.0000, 152.0000, 1.941e-8
226.0000, 152.0000, 1.941e-8
228.0000, 152.0000, 1.949e-8
230.0000, 152.0000, 2.024e-8
232.0000, 152.0000, 2.054e-8
234.0000, 152.0000, 2.012e-8
236.0000, 152.0000, 2.028e-8
238.0000, 152.0000, 2.142e-8
240.0000, 152.0000, 2.171e-8
242.0000, 152.0000, 2.101e-8
244.0000, 152.0000, 2.102e-8
246.0000, 152.0000, 2.191e-8
248.0000, 152.0000, 2.195e-8
0.0000, 154.0000, 2.307e-8
2.0000, 154.0000, 2.288e-8
4.0000, 154.0000, 1.947e-8
6.0000, 154.0000, 1.821e-8
8.0000, 154.0000, 2.029e-8
10.0000, 154.0000, 1.958e-8
12.0000, 154.0000, 1.691e-8
14.0000, 154.0000, 1.688e-8
16.0000, 154.0000, 1.606e-8
18.0000, 154.0000, 1.473e-8
20.0000, 154.0000, 1.423e-8
22.0000, 154.0000, 1.409e-8
24.0000, 154.0000, 1.431e-8
26.0000, 154.0000, 1.420e-8
28.0000, 154.0000, 1.386e-8
30.0000, 154.0000, 1.374e-8
32.0000, 154.0000, 1.484e-8
34.0000, 154.0000, 1.406e-8
36.0000, 154.0000, 1.357e-8
38.0000, 154.0000, 1.435e-8
40.0000, 154.0000, 1.468e-8
42.0000, 154.0000, 1.365e-8
44.0000, 154.0000, 1.448e-8
46.0000, 154.0000, 1.471e-8
48.0000, 154.0000, 1.398e-8
50.0000, 154.0000, 1.388e-8
52.0000, 154.0000, 1.392e-8
54.0000, 154.0000, 1.424e-8
56.0000, 154.0000, 1.525e-8
58.0000, 154.0000, 1.560e-8
60.0000, 154.0000, 1.446e-8
62.0000, 154.0000, 1.523e-8
64.0000, 154.0000, 1.578e-8
66.0000, 154.0000, 1.501e-8
68.0000, 154.0000, 1.464e-8
70.0000, 154.0000, 1.700e-8
72.0000, 154.0000, 1.681e-8
74.0000, 154.0000, 1.605e-8
76.0000, 154.0000, 1.609e-8
78.0000, 154.0000, 1.600e-8
80.0000, 154.0000, 1.464e-8
82.0000, 154.0000, 1.416e-8
84.0000, 154.0000, 1.431e-8
86.0000, 154.0000, 1.410e-8
88.0000, 154.0000, 1.373e-8
90.0000, 154.0000, 1.368e-8
92.0000, 154.0000, 1.469e-8
94.0000, 154.0000, 1.594e-8
96.0000, 154.0000, 1.629e-8
98.0000, 154.0000, 1.653e-8
100.0000, 154.0000, 1.776e-8
102.0000, 154.0000, 1.713e-8
104.0000, 154.0000, 1.630e-8
106.0000, 154.0000, 1.667e-8
108.0000, 154.0000, 1.722e-8
110.0000, 154.0000, 1.673e-8
112.0000, 154.0000, 1.719e-8
114.0000, 154.0000, 1.856e-8
116.0000, 154.0000, 1.826e-8
118.0000, 154.0000, 1.751e-8
120.0000, 154.0000, 1.881e-8
122.0000, 154.0000, 1.913e-8
124.0000, 154.0000, 1.817e-8
126.0000, 154.0000, 1.804e-8
128.0000, 154.0000, 1.924e-8
130.0000, 154.0000, 1.938e-8
132.0000, 154.0000, 1.860e-8
134.0000, 154.0000, 1.868e-8
136.0000, 154.0000, 1.918e-8
138.0000, 154.0000, 1.906e-8
140.0000, 154.0000, 1.857e-8
142.0000, 154.0000, 1.841e-8
144.0000, 154.0000, 1.869e-8
146.0000, 154.0000, 1.856e-8
148.0000, 154.0000, 1.840e-8
150.0000, 154.0000, 1.913e-8
152.0000, 154.0000, 1.926e-8
154.0000, 154.0000, 1.865e-8
156.0000, 154.0000, 1.867e-8
158.0000, 154.0000, 1.937e-8
160.0000, 154.0000, 1.920e-8
162.0000, 154.0000, 1.858e-8
164.0000, 154.0000, 1.846e-8
166.0000, 154.0000, 1.869e-8
168.0000, 154.0000, 1.877e-8
170.0000, 154.0000, 1.869e-8
172.0000, 154.0000, 1.842e-8
174.0000, 154.0000, 1.858e-8
176.0000, 154.0000, 1.871e-8
178.0000, 154.0000, 1.835e-8
180.0000, 154.0000, 1.824e-8
182.0000, 154.0000, 1.868e-8
184.0000, 154.0000, 1.834e-8
186.0000, 154.0000, 1.790e-8
188.0000, 154.0000, 1.827e-8
190.0000, 154.0000, 1.869e-8
192.0000, 154.0000, 1.836e-8
194.0000, 154.0000, 1.823e-8
196.0000, 154.0000, 1.856e-8
198.0000, 154.0000, 1.885e-8
200.0000, 154.0000, 1.904e-8
202.0000, 154.0000, 1.903e-8
204.0000, 154.0000, 1.922e-8
206.0000, 154.0000, 1.912e-8
208.0000, 154.0000, 1.870e-8
210.0000, 154.0000, 1.891e-8
212.0000, 154.0000, 1.940e-8
214.0000, 154.0000, 1.918e-8
216.0000, 154.0000, 1.890e-8
218.0000, 154.0000, 1.932e-8
220.0000, 154.0000, 1.961e-8
222.0000, 154.0000, 1.939e-8
224.0000, 154.0000, 1.949e-8
226.0000, 154.0000, 1.994e-8
228.0000, 154.0000, 2.005e-8
230.0000, 154.0000, 2.007e-8
232.0000, 154.0000, 2.068e-8
234.0000, 154.0000, 2.098e-8
236.0000, 154.0000, 2.071e-8
238.0000, 154.0000, 2.079e-8
240.0000, 154.0000, 2.154e-8
242.0000, 154.0000, 2.160e-8
244.0000, 154.0000, 2.140e-8
246.0000, 154.0000, 2.149e-8
248.0000, 154.0000, 2.179e-8
0.0000, 156.0000, 2.775e-8
2.0000, 156.0000, 2.267e-8
4.0000, 156.0000, 2.175e-8
6.0000, 156.0000, 2.535e-8
8.0000, 156.0000, 2.323e-8
10.0000, 156.0000, 1.844e-8
12.0000, 156.0000, 1.964e-8
14.0000, 156.0000, 2.335e-8
16.0000, 156.0000, 2.056e-8
18.0000, 156.0000, 1.767e-8
20.0000, 156.0000, 2.158e-8
22.0000, 156.0000, 2.220e-8
24.0000, 156.0000, 1.887e-8
26.0000, 156.0000, 1.863e-8
28.0000, 156.0000, 2.046e-8
30.0000, 156.0000, 1.838e-8
32.0000, 156.0000, 1.570e-8
34.0000, 156.0000, 1.626e-8
36.0000, 156.0000, 1.606e-8
38.0000, 156.0000, 1.469e-8
40.0000, 156.0000, 1.368e-8
42.0000, 156.0000, 1.429e-8
44.0000, 156.0000, 1.399e-8
46.0000, 156.0000, 1.318e-8
48.0000, 156.0000, 1.335e-8
50.0000, 156.0000, 1.597e-8
52.0000, 156.0000, 1.665e-8
54.0000, 156.0000, 1.557e-8
56.0000, 156.0000, 1.529e-8
58.0000, 156.0000, 1.625e-8
60.0000, 156.0000, 1.559e-8
62.0000, 156.0000, 1.438e-8
64.0000, 156.0000, 1.485e-8
66.0000, 156.0000, 1.513e-8
68.0000, 156.0000, 1.476e-8
70.0000, 156.0000, 1.521e-8
72.0000, 156.0000, 1.465e-8
74.0000, 156.0000, 1.419e-8
76.0000, 156.0000, 1.517e-8
78.0000, 156.0000, 1.647e-8
80.0000, 156.0000, 1.556e-8
82.0000, 156.0000, 1.425e-8
84.0000, 156.0000, 1.447e-8
86.0000, 156.0000, 1.532e-8
88.0000, 156.0000, 1.497e-8
90.0000, 156.0000, 1.432e-8
92.0000, 156.0000, 1.467e-8
94.0000, 156.0000, 1.564e-8
96.0000, 156.0000, 1.583e-8
98.0000, 156.0000, 1.552e-8
100.0000, 156.0000, 1.599e-8
102.0000, 156.0000, 1.675e-8
104.0000, 156.0000, 1.649e-8
106.0000, 156.0000, 1.618e-8
108.0000, 156.0000, 1.671e-8
110.0000, 156.0000, 1.732e-8
112.0000, 156.0000, 1.752e-8
114.0000, 156.0000, 1.759e-8
116.0000, 156.0000, 1.759e-8
118.0000, 156.0000, 1.794e-8
120.0000, 156.0000, 1.863e-8
122.0000, 156.0000, 1.829e-8
124.0000, 156.0000, 1.800e-8
126.0000, 156.0000, 1.855e-8
128.0000, 156.0000, 1.871e-8
130.0000, 156.0000, 1.827e-8
132.0000, 156.0000, 1.875e-8
134.0000, 156.0000, 1.955e-8
136.0000, 156.0000, 1.927e-8
138.0000, 156.0000, 1.842e-8
140.0000, 156.0000, 1.821e-8
142.0000, 156.0000, 1.872e-8
144.0000, 156.0000, 1.877e-8
146.0000, 156.0000, 1.845e-8
148.0000, 156.0000, 1.856e-8
150.0000, 156.0000, 1.925e-8
152.0000, 156.0000, 1.939e-8
154.0000, 156.0000, 1.902e-8
156.0000, 156.0000, 1.874e-8
158.0000, 156.0000, 1.865e-8
160.0000, 156.0000, 1.868e-8
162.0000, 156.0000, 1.892e-8
164.0000, 156.0000, 1.906e-8
166.0000, 156.0000, 1.902e-8
168.0000, 156.0000, 1.907e-8
170.0000, 156.0000, 1.937e-8
172.0000, 156.0000, 1.928e-8
174.0000, 156.0000, 1.901e-8
176.0000, 156.0000, 1.883e-8
178.0000, 156.0000, 1.866e-8
180.0000, 156.0000, 1.861e-8
182.0000, 156.0000, 1.871e-8
184.0000, 156.0000, 1.873e-8
186.0000, 156.0000, 1.865e-8
188.0000, 156.0000, 1.838e-8
190.0000, 156.0000, 1.831e-8
192.0000, 156.0000, 1.855e-8
194.0000, 156.0000, 1.874e-8
196.0000, 156.0000, 1.876e-8
198.0000, 156.0000, 1.873e-8
200.0000, 156.0000, 1.866e-8
202.0000, 156.0000, 1.875e-8
204.0000, 156.0000, 1.903e-8
206.0000, 156.0000, 1.918e-8
208.0000, 156.0000, 1.909e-8
210.0000, 156.0000, 1.925e-8
212.0000, 156.0000, 1.954e-8
214.0000, 156.0000, 1.938e-8
216.0000, 156.0000, 1.935e-8
218.0000, 156.0000, 1.969e-8
220.0000, 156.0000, 1.976e-8
222.0000, 156.0000, 1.975e-8
224.0000, 156.0000, 1.999e-8
226.0000, 156.0000, 2.043e-8
228.0000, 156.0000, 2.063e-8
230.0000, 156.0000, 2.056e-8
232.0000, 156.0000, 2.095e-8
234.0000, 156.0000, 2.130e-8
236.0000, 156.0000, 2.137e-8
238.0000, 156.0000, 2.127e-8
240.0000, 156.0000, 2.123e-8
242.0000, 156.0000, 2.135e-8
244.0000, 156.0000, 2.166e-8
246.0000, 156.0000, 2.170e-8
248.0000, 156.0000, 2.153e-8
0.0000, 158.0000, 2.294e-8
2.0000, 158.0000, 2.134e-8
4.0000, 158.0000, 1.821e-8
6.0000, 158.0000, 1.707e-8
8.0000, 158.0000, 1.698e-8
10.0000, 158.0000, 1.681e-8
12.0000, 158.0000, 1.662e-8
14.0000, 158.0000, 1.491e-8
16.0000, 158.0000, 1.499e-8
18.0000, 158.0000, 1.718e-8
20.0000, 158.0000, 1.634e-8
22.0000, 158.0000, 1.401e-8
24.0000, 158.0000, 1.607e-8
26.0000, 158.0000, 1.688e-8
28.0000, 158.0000, 1.518e-8
30.0000, 158.0000, 1.463e-8
32.0000, 158.0000, 1.517e-8
34.0000, 158.0000, 1.422e-8
36.0000, 158.0000, 1.421e-8
38.0000, 158.0000, 1.482e-8
40.0000, 158.0000, 1.412e-8
42.0000, 158.0000, 1.416e-8
44.0000, 158.0000, 1.452e-8
46.0000, 158.0000, 1.397e-8
48.0000, 158.0000, 1.386e-8
50.0000, 158.0000, 1.602e-8
52.0000, 158.0000, 1.628e-8
54.0000, 158.0000, 1.591e-8
56.0000, 158.0000, 1.603e-8
58.0000, 158.0000, 1.582e-8
60.0000, 158.0000, 1.486e-8
62.0000, 158.0000, 1.538e-8
64.0000, 158.0000, 1.516e-8
66.0000, 158.0000, 1.511e-8
68.0000, 158.0000, 1.572e-8
70.0000, 158.0000, 1.554e-8
72.0000, 158.0000, 1.482e-8
74.0000, 158.0000, 1.611e-8
76.0000, 158.0000, 1.676e-8
78.0000, 158.0000, 1.621e-8
80.0000, 158.0000, 1.607e-8
82.0000, 158.0000, 1.737e-8
84.0000, 158.0000, 1.659e-8
86.0000, 158.0000, 1.528e-8
88.0000, 158.0000, 1.510e-8
90.0000, 158.0000, 1.590e-8
92.0000, 158.0000, 1.580e-8
94.0000, 158.0000, 1.522e-8
96.0000, 158.0000, 1.540e-8
98.0000, 158.0000, 1.648e-8
100.0000, 158.0000, 1.708e-8
102.0000, 158.0000, 1.635e-8
104.0000, 158.0000, 1.646e-8
106.0000, 158.0000, 1.762e-8
108.0000, 158.0000, 1.785e-8
110.0000, 158.0000, 1.736e-8
112.0000, 158.0000, 1.845e-8
114.0000, 158.0000, 1.866e-8
116.0000, 158.0000, 1.821e-8
118.0000, 158.0000, 1.869e-8
120.0000, 158.0000, 1.979e-8
122.0000, 158.0000, 1.901e-8
124.0000, 158.0000, 1.805e-8
126.0000, 158.0000, 1.822e-8
128.0000, 158.0000, 1.905e-8
130.0000, 158.0000, 1.888e-8
132.0000, 158.0000, 1.820e-8
134.0000, 158.0000, 1.828e-8
136.0000, 158.0000, 1.896e-8
138.0000, 158.0000, 1.880e-8
140.0000, 158.0000, 1.824e-8
142.0000, 158.0000, 1.934e-8
144.0000, 158.0000, 2.010e-8
146.0000, 158.0000, 1.955e-8
148.0000, 158.0000, 1.898e-8
150.0000, 158.0000, 2.004e-8
152.0000, 158.0000, 2.008e-8
154.0000, 158.0000, 1.917e-8
156.0000, 158.0000, 1.888e-8
158.0000, 158.0000, 1.935e-8
160.0000, 158.0000, 1.939e-8
162.0000, 158.0000, 1.888e-8
164.0000, 158.0000, 1.884e-8
166.0000, 158.0000, 1.948e-8
168.0000, 158.0000, 1.966e-8
170.0000, 158.0000, 1.894e-8
172.0000, 158.0000, 1.880e-8
174.0000, 158.0000, 1.955e-8
176.0000, 158.0000, 1.932e-8
178.0000, 158.0000, 1.849e-8
180.0000, 158.0000, 1.884e-8
182.0000, 158.0000, 1.953e-8
184.0000, 158.0000, 1.915e-8
186.0000, 158.0000, 1.871e-8
188.0000, 158.0000, 1.888e-8
190.0000, 158.0000, 1.875e-8
192.0000, 158.0000, 1.861e-8
194.0000, 158.0000, 1.880e-8
196.0000, 158.0000, 1.890e-8
198.0000, 158.0000, 1.876e-8
200.0000, 158.0000, 1.877e-8
202.0000, 158.0000, 1.898e-8
204.0000, 158.0000, 1.907e-8
206.0000, 158.0000, 1.899e-8
208.0000, 158.0000, 1.890e-8
210.0000, 158.0000, 1.919e-8
212.0000, 158.0000, 1.959e-8
214.0000, 158.0000, 1.939e-8
216.0000, 158.0000, 1.918e-8
218.0000, 158.0000, 1.956e-8
220.0000, 158.0000, 2.004e-8
222.0000, 158.0000, 1.990e-8
224.0000, 158.0000, 2.003e-8
226.0000, 158.0000, 2.059e-8
228.0000, 158.0000, 2.063e-8
230.0000, 158.0000, 2.030e-8
232.0000, 158.0000, 2.076e-8
234.0000, 158.0000, 2.144e-8
236.0000, 158.0000, 2.157e-8
238.0000, 158.0000, 2.126e-8
240.0000, 158.0000, 2.115e-8
242.0000, 158.0000, 2.153e-8
244.0000, 158.0000, 2.173e-8
246.0000, 158.0000, 2.163e-8
248.0000, 158.0000, 2.163e-8
0.0000, 160.0000, 2.287e-8
2.0000, 160.0000, 2.204e-8
4.0000, 160.0000, 1.856e-8
6.0000, 160.0000, 1.764e-8
8.0000, 160.0000, 1.720e-8
10.0000, 160.0000, 1.570e-8
12.0000, 160.0000, 1.492e-8
14.0000, 160.0000, 1.429e-8
16.0000, 160.0000, 1.503e-8
18.0000, 160.0000, 1.637e-8
20.0000, 160.0000, 1.537e-8
22.0000, 160.0000, 1.435e-8
24.0000, 160.0000, 1.658e-8
26.0000, 160.0000, 1.607e-8
28.0000, 160.0000, 1.452e-8
30.0000, 160.0000, 1.652e-8
32.0000, 160.0000, 1.748e-8
34.0000, 160.0000, 1.567e-8
36.0000, 160.0000, 1.590e-8
38.0000, 160.0000, 1.764e-8
40.0000, 160.0000, 1.642e-8
42.0000, 160.0000, 1.489e-8
44.0000, 160.0000, 1.499e-8
46.0000, 160.0000, 1.459e-8
48.0000, 160.0000, 1.400e-8
50.0000, 160.0000, 1.438e-8
52.0000, 160.0000, 1.487e-8
54.0000, 160.0000, 1.541e-8
56.0000, 160.0000, 1.513e-8
58.0000, 160.0000, 1.473e-8
60.0000, 160.0000, 1.496e-8
62.0000, 160.0000, 1.622e-8
64.0000, 160.0000, 1.558e-8
66.0000, 160.0000, 1.520e-8
68.0000, 160.0000, 1.590e-8
70.0000, 160.0000, 1.640e-8
72.0000, 160.0000, 1.578e-8
74.0000, 160.0000, 1.562e-8
76.0000, 160.0000, 1.543e-8
78.0000, 160.0000, 1.517e-8
80.0000, 160.0000, 1.556e-8
82.0000, 160.0000, 1.525e-8
84.0000, 160.0000, 1.488e-8
86.0000, 160.0000, 1.566e-8
88.0000, 160.0000, 1.631e-8
90.0000, 160.0000, 1.560e-8
92.0000, 160.0000, 1.571e-8
94.0000, 160.0000, 1.664e-8
96.0000, 160.0000, 1.654e-8
98.0000, 160.0000, 1.619e-8
100.0000, 160.0000, 1.728e-8
102.0000, 160.0000, 1.787e-8
104.0000, 160.0000, 1.741e-8
106.0000, 160.0000, 1.705e-8
108.0000, 160.0000, 1.756e-8
110.0000, 160.0000, 1.785e-8
112.0000, 160.0000, 1.758e-8
114.0000, 160.0000, 1.748e-8
116.0000, 160.0000, 1.826e-8
118.0000, 160.0000, 1.867e-8
120.0000, 160.0000, 1.816e-8
122.0000, 160.0000, 1.870e-8
124.0000, 160.0000, 2.013e-8
126.0000, 160.0000, 1.965e-8
128.0000, 160.0000, 1.855e-8
130.0000, 160.0000, 1.956e-8
132.0000, 160.0000, 2.016e-8
134.0000, 160.0000, 1.897e-8
136.0000, 160.0000, 1.830e-8
138.0000, 160.0000, 1.959e-8
140.0000, 160.0000, 2.032e-8
142.0000, 160.0000, 1.931e-8
144.0000, 160.0000, 1.866e-8
146.0000, 160.0000, 1.922e-8
148.0000, 160.0000, 1.972e-8
150.0000, 160.0000, 1.916e-8
152.0000, 160.0000, 1.852e-8
154.0000, 160.0000, 1.891e-8
156.0000, 160.0000, 1.967e-8
158.0000, 160.0000, 1.947e-8
160.0000, 160.0000, 1.883e-8
162.0000, 160.0000, 1.909e-8
164.0000, 160.0000, 1.932e-8
166.0000, 160.0000, 1.917e-8
168.0000, 160.0000, 1.923e-8
170.0000, 160.0000, 1.957e-8
172.0000, 160.0000, 1.903e-8
174.0000, 160.0000, 1.856e-8
176.0000, 160.0000, 1.901e-8
178.0000, 160.0000, 1.923e-8
180.0000, 160.0000, 1.875e-8
182.0000, 160.0000, 1.851e-8
184.0000, 160.0000, 1.886e-8
186.0000, 160.0000, 1.914e-8
188.0000, 160.0000, 1.887e-8
190.0000, 160.0000, 1.859e-8
192.0000, 160.0000, 1.866e-8
194.0000, 160.0000, 1.908e-8
196.0000, 160.0000, 1.904e-8
198.0000, 160.0000, 1.883e-8
200.0000, 160.0000, 1.906e-8
202.0000, 160.0000, 1.909e-8
204.0000, 160.0000, 1.887e-8
206.0000, 160.0000, 1.908e-8
208.0000, 160.0000, 1.953e-8
210.0000, 160.0000, 1.944e-8
212.0000, 160.0000, 1.918e-8
214.0000, 160.0000, 1.926e-8
216.0000, 160.0000, 1.962e-8
218.0000, 160.0000, 1.972e-8
220.0000, 160.0000, 1.959e-8
222.0000, 160.0000, 2.000e-8
224.0000, 160.0000, 2.035e-8
226.0000, 160.0000, 2.025e-8
228.0000, 160.0000, 2.014e-8
230.0000, 160.0000, 2.068e-8
232.0000, 160.0000, 2.096e-8
234.0000, 160.0000, 2.091e-8
236.0000, 160.0000, 2.135e-8
238.0000, 160.0000, 2.199e-8
240.0000, 160.0000, 2.188e-8
242.0000, 160.0000, 2.149e-8
244.0000, 160.0000, 2.157e-8
246.0000, 160.0000, 2.187e-8
248.0000, 160.0000, 2.192e-8
0.0000, 162.0000, 2.083e-8
2.0000, 162.0000, 1.948e-8
4.0000, 162.0000, 1.640e-8
6.0000, 162.0000, 1.536e-8
8.0000, 162.0000, 1.532e-8
10.0000, 162.0000, 1.491e-8
12.0000, 162.0000, 1.473e-8
14.0000, 162.0000, 1.386e-8
16.0000, 162.0000, 1.394e-8
18.0000, 162.0000, 1.550e-8
20.0000, 162.0000, 1.533e-8
22.0000, 162.0000, 1.337e-8
24.0000, 162.0000, 1.436e-8
26.0000, 162.0000, 1.525e-8
28.0000, 162.0000, 1.431e-8
30.0000, 162.0000, 1.386e-8
32.0000, 162.0000, 1.455e-8
34.0000, 162.0000, 1.353e-8
36.0000, 162.0000, 1.309e-8
38.0000, 162.0000, 1.391e-8
40.0000, 162.0000, 1.455e-8
42.0000, 162.0000, 1.412e-8
44.0000, 162.0000, 1.393e-8
46.0000, 162.0000, 1.374e-8
48.0000, 162.0000, 1.375e-8
50.0000, 162.0000, 1.422e-8
52.0000, 162.0000, 1.420e-8
54.0000, 162.0000, 1.473e-8
56.0000, 162.0000, 1.525e-8
58.0000, 162.0000, 1.512e-8
60.0000, 162.0000, 1.482e-8
62.0000, 162.0000, 1.556e-8
64.0000, 162.0000, 1.551e-8
66.0000, 162.0000, 1.525e-8
68.0000, 162.0000, 1.569e-8
70.0000, 162.0000, 1.632e-8
72.0000, 162.0000, 1.541e-8
74.0000, 162.0000, 1.529e-8
76.0000, 162.0000, 1.631e-8
78.0000, 162.0000, 1.654e-8
80.0000, 162.0000, 1.529e-8
82.0000, 162.0000, 1.467e-8
84.0000, 162.0000, 1.542e-8
86.0000, 162.0000, 1.584e-8
88.0000, 162.0000, 1.527e-8
90.0000, 162.0000, 1.490e-8
92.0000, 162.0000, 1.618e-8
94.0000, 162.0000, 1.637e-8
96.0000, 162.0000, 1.576e-8
98.0000, 162.0000, 1.581e-8
100.0000, 162.0000, 1.734e-8
102.0000, 162.0000, 1.738e-8
104.0000, 162.0000, 1.706e-8
106.0000, 162.0000, 1.792e-8
108.0000, 162.0000, 1.879e-8
110.0000, 162.0000, 1.791e-8
112.0000, 162.0000, 1.762e-8
114.0000, 162.0000, 1.927e-8
116.0000, 162.0000, 1.943e-8
118.0000, 162.0000, 1.860e-8
120.0000, 162.0000, 1.879e-8
122.0000, 162.0000, 1.935e-8
124.0000, 162.0000, 1.873e-8
126.0000, 162.0000, 1.791e-8
128.0000, 162.0000, 1.791e-8
130.0000, 162.0000, 1.869e-8
132.0000, 162.0000, 1.867e-8
134.0000, 162.0000, 1.844e-8
136.0000, 162.0000, 1.852e-8
138.0000, 162.0000, 1.841e-8
140.0000, 162.0000, 1.790e-8
142.0000, 162.0000, 1.809e-8
144.0000, 162.0000, 1.888e-8
146.0000, 162.0000, 1.886e-8
148.0000, 162.0000, 1.842e-8
150.0000, 162.0000, 1.880e-8
152.0000, 162.0000, 1.918e-8
154.0000, 162.0000, 1.900e-8
156.0000, 162.0000, 1.866e-8
158.0000, 162.0000, 1.856e-8
160.0000, 162.0000, 1.891e-8
162.0000, 162.0000, 1.919e-8
164.0000, 162.0000, 1.903e-8
166.0000, 162.0000, 1.900e-8
168.0000, 162.0000, 1.913e-8
170.0000, 162.0000, 1.900e-8
172.0000, 162.0000, 1.858e-8
174.0000, 162.0000, 1.867e-8
176.0000, 162.0000, 1.897e-8
178.0000, 162.0000, 1.870e-8
180.0000, 162.0000, 1.848e-8
182.0000, 162.0000, 1.874e-8
184.0000, 162.0000, 1.886e-8
186.0000, 162.0000, 1.877e-8
188.0000, 162.0000, 1.854e-8
190.0000, 162.0000, 1.848e-8
192.0000, 162.0000, 1.866e-8
194.0000, 162.0000, 1.859e-8
196.0000, 162.0000, 1.855e-8
198.0000, 162.0000, 1.875e-8
200.0000, 162.0000, 1.881e-8
202.0000, 162.0000, 1.856e-8
204.0000, 162.0000, 1.861e-8
206.0000, 162.0000, 1.894e-8
208.0000, 162.0000, 1.909e-8
210.0000, 162.0000, 1.900e-8
212.0000, 162.0000, 1.920e-8
214.0000, 162.0000, 1.936e-8
216.0000, 162.0000, 1.929e-8
218.0000, 162.0000, 1.938e-8
220.0000, 162.0000, 1.983e-8
222.0000, 162.0000, 1.991e-8
224.0000, 162.0000, 1.986e-8
226.0000, 162.0000, 2.019e-8
228.0000, 162.0000, 2.073e-8
230.0000, 162.0000, 2.064e-8
232.0000, 162.0000, 2.064e-8
234.0000, 162.0000, 2.130e-8
236.0000, 162.0000, 2.162e-8
238.0000, 162.0000, 2.127e-8
240.0000, 162.0000, 2.119e-8
242.0000, 162.0000, 2.166e-8
244.0000, 162.0000, 2.170e-8
246.0000, 162.0000, 2.146e-8
248.0000, 162.0000, 2.146e-8
0.0000, 164.0000, 2.384e-8
2.0000, 164.0000, 1.955e-8
4.0000, 164.0000, 1.989e-8
6.0000, 164.0000, 2.050e-8
8.0000, 164.0000, 1.776e-8
10.0000, 164.0000, 1.494e-8
12.0000, 164.0000, 1.573e-8
14.0000, 164.0000, 1.606e-8
16.0000, 164.0000, 1.462e-8
18.0000, 164.0000, 1.400e-8
20.0000, 164.0000, 1.539e-8
22.0000, 164.0000, 1.465e-8
24.0000, 164.0000, 1.295e-8
26.0000, 164.0000, 1.331e-8
28.0000, 164.0000, 1.441e-8
30.0000, 164.0000, 1.362e-8
32.0000, 164.0000, 1.322e-8
34.0000, 164.0000, 1.365e-8
36.0000, 164.0000, 1.327e-8
38.0000, 164.0000, 1.299e-8
40.0000, 164.0000, 1.376e-8
42.0000, 164.0000, 1.362e-8
44.0000, 164.0000, 1.345e-8
46.0000, 164.0000, 1.353e-8
48.0000, 164.0000, 1.343e-8
50.0000, 164.0000, 1.335e-8
52.0000, 164.0000, 1.391e-8
54.0000, 164.0000, 1.434e-8
56.0000, 164.0000, 1.437e-8
58.0000, 164.0000, 1.429e-8
60.0000, 164.0000, 1.452e-8
62.0000, 164.0000, 1.493e-8
64.0000, 164.0000, 1.514e-8
66.0000, 164.0000, 1.506e-8
68.0000, 164.0000, 1.507e-8
70.0000, 164.0000, 1.541e-8
72.0000, 164.0000, 1.523e-8
74.0000, 164.0000, 1.513e-8
76.0000, 164.0000, 1.555e-8
78.0000, 164.0000, 1.563e-8
80.0000, 164.0000, 1.492e-8
82.0000, 164.0000, 1.468e-8
84.0000, 164.0000, 1.525e-8
86.0000, 164.0000, 1.530e-8
88.0000, 164.0000, 1.488e-8
90.0000, 164.0000, 1.499e-8
92.0000, 164.0000, 1.527e-8
94.0000, 164.0000, 1.534e-8
96.0000, 164.0000, 1.564e-8
98.0000, 164.0000, 1.612e-8
100.0000, 164.0000, 1.634e-8
102.0000, 164.0000, 1.708e-8
104.0000, 164.0000, 1.753e-8
106.0000, 164.0000, 1.725e-8
108.0000, 164.0000, 1.747e-8
110.0000, 164.0000, 1.955e-8
112.0000, 164.0000, 1.976e-8
114.0000, 164.0000, 1.838e-8
116.0000, 164.0000, 1.821e-8
118.0000, 164.0000, 1.999e-8
120.0000, 164.0000, 1.990e-8
122.0000, 164.0000, 1.825e-8
124.0000, 164.0000, 1.812e-8
126.0000, 164.0000, 1.936e-8
128.0000, 164.0000, 1.941e-8
130.0000, 164.0000, 1.870e-8
132.0000, 164.0000, 1.933e-8
134.0000, 164.0000, 1.932e-8
136.0000, 164.0000, 1.837e-8
138.0000, 164.0000, 1.798e-8
140.0000, 164.0000, 1.969e-8
142.0000, 164.0000, 1.970e-8
144.0000, 164.0000, 1.842e-8
146.0000, 164.0000, 1.838e-8
148.0000, 164.0000, 1.928e-8
150.0000, 164.0000, 1.881e-8
152.0000, 164.0000, 1.833e-8
154.0000, 164.0000, 1.977e-8
156.0000, 164.0000, 2.054e-8
158.0000, 164.0000, 1.970e-8
160.0000, 164.0000, 1.881e-8
162.0000, 164.0000, 1.968e-8
164.0000, 164.0000, 1.996e-8
166.0000, 164.0000, 1.926e-8
168.0000, 164.0000, 1.928e-8
170.0000, 164.0000, 2.045e-8
172.0000, 164.0000, 2.013e-8
174.0000, 164.0000, 1.916e-8
176.0000, 164.0000, 1.934e-8
178.0000, 164.0000, 2.009e-8
180.0000, 164.0000, 1.949e-8
182.0000, 164.0000, 1.857e-8
184.0000, 164.0000, 1.905e-8
186.0000, 164.0000, 1.956e-8
188.0000, 164.0000, 1.895e-8
190.0000, 164.0000, 1.843e-8
192.0000, 164.0000, 1.913e-8
194.0000, 164.0000, 1.897e-8
196.0000, 164.0000, 1.824e-8
198.0000, 164.0000, 1.848e-8
200.0000, 164.0000, 1.924e-8
202.0000, 164.0000, 1.908e-8
204.0000, 164.0000, 1.889e-8
206.0000, 164.0000, 1.923e-8
208.0000, 164.0000, 1.932e-8
210.0000, 164.0000, 1.895e-8
212.0000, 164.0000, 1.904e-8
214.0000, 164.0000, 1.970e-8
216.0000, 164.0000, 1.992e-8
218.0000, 164.0000, 1.969e-8
220.0000, 164.0000, 1.988e-8
222.0000, 164.0000, 2.033e-8
224.0000, 164.0000, 2.033e-8
226.0000, 164.0000, 2.034e-8
228.0000, 164.0000, 2.071e-8
230.0000, 164.0000, 2.084e-8
232.0000, 164.0000, 2.063e-8
234.0000, 164.0000, 2.055e-8
236.0000, 164.0000, 2.088e-8
238.0000, 164.0000, 2.120e-8
240.0000, 164.0000, 2.116e-8
242.0000, 164.0000, 2.109e-8
244.0000, 164.0000, 2.139e-8
246.0000, 164.0000, 2.181e-8
248.0000, 164.0000, 2.197e-8
0.0000, 166.0000, 2.709e-8
2.0000, 166.0000, 2.167e-8
4.0000, 166.0000, 2.082e-8
6.0000, 166.0000, 2.185e-8
8.0000, 166.0000, 1.930e-8
10.0000, 166.0000, 1.602e-8
12.0000, 166.0000, 1.729e-8
14.0000, 166.0000, 1.932e-8
16.0000, 166.0000, 1.712e-8
18.0000, 166.0000, 1.515e-8
20.0000, 166.0000, 1.855e-8
22.0000, 166.0000, 1.916e-8
24.0000, 166.0000, 1.612e-8
26.0000, 166.0000, 1.620e-8
28.0000, 166.0000, 1.854e-8
30.0000, 166.0000, 1.676e-8
32.0000, 166.0000, 1.412e-8
34.0000, 166.0000, 1.495e-8
36.0000, 166.0000, 1.557e-8
38.0000, 166.0000, 1.439e-8
40.0000, 166.0000, 1.353e-8
42.0000, 166.0000, 1.424e-8
44.0000, 166.0000, 1.459e-8
46.0000, 166.0000, 1.358e-8
48.0000, 166.0000, 1.313e-8
50.0000, 166.0000, 1.472e-8
52.0000, 166.0000, 1.548e-8
54.0000, 166.0000, 1.486e-8
56.0000, 166.0000, 1.543e-8
58.0000, 166.0000, 1.715e-8
60.0000, 166.0000, 1.684e-8
62.0000, 166.0000, 1.574e-8
64.0000, 166.0000, 1.666e-8
66.0000, 166.0000, 1.703e-8
68.0000, 166.0000, 1.597e-8
70.0000, 166.0000, 1.539e-8
72.0000, 166.0000, 1.572e-8
74.0000, 166.0000, 1.542e-8
76.0000, 166.0000, 1.469e-8
78.0000, 166.0000, 1.448e-8
80.0000, 166.0000, 1.503e-8
82.0000, 166.0000, 1.504e-8
84.0000, 166.0000, 1.480e-8
86.0000, 166.0000, 1.503e-8
88.0000, 166.0000, 1.544e-8
90.0000, 166.0000, 1.547e-8
92.0000, 166.0000, 1.564e-8
94.0000, 166.0000, 1.634e-8
96.0000, 166.0000, 1.653e-8
98.0000, 166.0000, 1.634e-8
100.0000, 166.0000, 1.659e-8
102.0000, 166.0000, 1.712e-8
104.0000, 166.0000, 1.725e-8
106.0000, 166.0000, 1.729e-8
108.0000, 166.0000, 1.731e-8
110.0000, 166.0000, 1.695e-8
112.0000, 166.0000, 1.776e-8
114.0000, 166.0000, 1.845e-8
116.0000, 166.0000, 1.792e-8
118.0000, 166.0000, 1.719e-8
120.0000, 166.0000, 1.767e-8
122.0000, 166.0000, 1.813e-8
124.0000, 166.0000, 1.779e-8
126.0000, 166.0000, 1.761e-8
128.0000, 166.0000, 1.851e-8
130.0000, 166.0000, 1.899e-8
132.0000, 166.0000, 1.823e-8
134.0000, 166.0000, 1.835e-8
136.0000, 166.0000, 2.006e-8
138.0000, 166.0000, 2.123e-8
140.0000, 166.0000, 2.039e-8
142.0000, 166.0000, 1.992e-8
144.0000, 166.0000, 2.071e-8
146.0000, 166.0000, 2.029e-8
148.0000, 166.0000, 1.878e-8
150.0000, 166.0000, 1.848e-8
152.0000, 166.0000, 1.981e-8
154.0000, 166.0000, 1.930e-8
156.0000, 166.0000, 1.842e-8
158.0000, 166.0000, 1.899e-8
160.0000, 166.0000, 2.011e-8
162.0000, 166.0000, 1.942e-8
164.0000, 166.0000, 1.871e-8
166.0000, 166.0000, 1.930e-8
168.0000, 166.0000, 2.014e-8
170.0000, 166.0000, 1.962e-8
172.0000, 166.0000, 1.887e-8
174.0000, 166.0000, 1.926e-8
176.0000, 166.0000, 1.964e-8
178.0000, 166.0000, 1.907e-8
180.0000, 166.0000, 1.851e-8
182.0000, 166.0000, 1.887e-8
184.0000, 166.0000, 1.890e-8
186.0000, 166.0000, 1.854e-8
188.0000, 166.0000, 1.849e-8
190.0000, 166.0000, 1.859e-8
192.0000, 166.0000, 1.833e-8
194.0000, 166.0000, 1.817e-8
196.0000, 166.0000, 1.847e-8
198.0000, 166.0000, 1.891e-8
200.0000, 166.0000, 1.916e-8
202.0000, 166.0000, 1.893e-8
204.0000, 166.0000, 1.886e-8
206.0000, 166.0000, 1.911e-8
208.0000, 166.0000, 1.907e-8
210.0000, 166.0000, 1.890e-8
212.0000, 166.0000, 1.911e-8
214.0000, 166.0000, 1.951e-8
216.0000, 166.0000, 1.966e-8
218.0000, 166.0000, 1.970e-8
220.0000, 166.0000, 1.982e-8
222.0000, 166.0000, 1.994e-8
224.0000, 166.0000, 2.002e-8
226.0000, 166.0000, 2.039e-8
228.0000, 166.0000, 2.079e-8
230.0000, 166.0000, 2.091e-8
232.0000, 166.0000, 2.093e-8
234.0000, 166.0000, 2.109e-8
236.0000, 166.0000, 2.110e-8
238.0000, 166.0000, 2.097e-8
240.0000, 166.0000, 2.128e-8
242.0000, 166.0000, 2.163e-8
244.0000, 166.0000, 2.151e-8
246.0000, 166.0000, 2.146e-8
248.0000, 166.0000, 2.183e-8
0.0000, 168.0000, 2.398e-8
2.0000, 168.0000, 1.978e-8
4.0000, 168.0000, 1.925e-8
6.0000, 168.0000, 1.823e-8
8.0000, 168.0000, 1.629e-8
10.0000, 168.0000, 1.450e-8
12.0000, 168.0000, 1.669e-8
14.0000, 168.0000, 1.767e-8
16.0000, 168.0000, 1.519e-8
18.0000, 168.0000, 1.408e-8
20.0000, 168.0000, 1.627e-8
22.0000, 168.0000, 1.475e-8
24.0000, 168.0000, 1.367e-8
26.0000, 168.0000, 1.489e-8
28.0000, 168.0000, 1.477e-8
30.0000, 168.0000, 1.337e-8
32.0000, 168.0000, 1.360e-8
34.0000, 168.0000, 1.371e-8
36.0000, 168.0000, 1.315e-8
38.0000, 168.0000, 1.283e-8
40.0000, 168.0000, 1.317e-8
42.0000, 168.0000, 1.308e-8
44.0000, 168.0000, 1.380e-8
46.0000, 168.0000, 1.364e-8
48.0000, 168.0000, 1.335e-8
50.0000, 168.0000, 1.467e-8
52.0000, 168.0000, 1.533e-8
54.0000, 168.0000, 1.476e-8
56.0000, 168.0000, 1.571e-8
58.0000, 168.0000, 1.739e-8
60.0000, 168.0000, 1.670e-8
62.0000, 168.0000, 1.581e-8
64.0000, 168.0000, 1.664e-8
66.0000, 168.0000, 1.634e-8
68.0000, 168.0000, 1.544e-8
70.0000, 168.0000, 1.571e-8
72.0000, 168.0000, 1.587e-8
74.0000, 168.0000, 1.550e-8
76.0000, 168.0000, 1.509e-8
78.0000, 168.0000, 1.493e-8
80.0000, 168.0000, 1.510e-8
82.0000, 168.0000, 1.546e-8
84.0000, 168.0000, 1.511e-8
86.0000, 168.0000, 1.484e-8
88.0000, 168.0000, 1.507e-8
90.0000, 168.0000, 1.522e-8
92.0000, 168.0000, 1.526e-8
94.0000, 168.0000, 1.574e-8
96.0000, 168.0000, 1.611e-8
98.0000, 168.0000, 1.623e-8
100.0000, 168.0000, 1.644e-8
102.0000, 168.0000, 1.678e-8
104.0000, 168.0000, 1.672e-8
106.0000, 168.0000, 1.720e-8
108.0000, 168.0000, 1.817e-8
110.0000, 168.0000, 1.822e-8
112.0000, 168.0000, 1.829e-8
114.0000, 168.0000, 1.927e-8
116.0000, 168.0000, 1.918e-8
118.0000, 168.0000, 1.824e-8
120.0000, 168.0000, 1.808e-8
122.0000, 168.0000, 1.814e-8
124.0000, 168.0000, 1.791e-8
126.0000, 168.0000, 1.788e-8
128.0000, 168.0000, 1.815e-8
130.0000, 168.0000, 1.840e-8
132.0000, 168.0000, 1.854e-8
134.0000, 168.0000, 1.812e-8
136.0000, 168.0000, 1.796e-8
138.0000, 168.0000, 1.853e-8
140.0000, 168.0000, 1.894e-8
142.0000, 168.0000, 1.846e-8
144.0000, 168.0000, 1.861e-8
146.0000, 168.0000, 1.902e-8
148.0000, 168.0000, 1.903e-8
150.0000, 168.0000, 1.889e-8
152.0000, 168.0000, 1.886e-8
154.0000, 168.0000, 1.877e-8
156.0000, 168.0000, 1.896e-8
158.0000, 168.0000, 1.931e-8
160.0000, 168.0000, 1.902e-8
162.0000, 168.0000, 1.865e-8
164.0000, 168.0000, 1.867e-8
166.0000, 168.0000, 1.899e-8
168.0000, 168.0000, 1.944e-8
170.0000, 168.0000, 1.962e-8
172.0000, 168.0000, 1.933e-8
174.0000, 168.0000, 1.924e-8
176.0000, 168.0000, 1.926e-8
178.0000, 168.0000, 1.911e-8
180.0000, 168.0000, 1.909e-8
182.0000, 168.0000, 1.903e-8
184.0000, 168.0000, 1.872e-8
186.0000, 168.0000, 1.892e-8
188.0000, 168.0000, 1.929e-8
190.0000, 168.0000, 1.894e-8
192.0000, 168.0000, 1.865e-8
194.0000, 168.0000, 1.921e-8
196.0000, 168.0000, 1.931e-8
198.0000, 168.0000, 1.882e-8
200.0000, 168.0000, 1.922e-8
202.0000, 168.0000, 1.976e-8
204.0000, 168.0000, 1.944e-8
206.0000, 168.0000, 1.936e-8
208.0000, 168.0000, 1.984e-8
210.0000, 168.0000, 1.973e-8
212.0000, 168.0000, 1.945e-8
214.0000, 168.0000, 1.985e-8
216.0000, 168.0000, 2.022e-8
218.0000, 168.0000, 2.008e-8
220.0000, 168.0000, 2.008e-8
222.0000, 168.0000, 2.019e-8
224.0000, 168.0000, 2.034e-8
226.0000, 168.0000, 2.058e-8
228.0000, 168.0000, 2.084e-8
230.0000, 168.0000, 2.105e-8
232.0000, 168.0000, 2.128e-8
234.0000, 168.0000, 2.116e-8
236.0000, 168.0000, 2.106e-8
238.0000, 168.0000, 2.138e-8
240.0000, 168.0000, 2.174e-8
242.0000, 168.0000, 2.156e-8
244.0000, 168.0000, 2.164e-8
246.0000, 168.0000, 2.208e-8
248.0000, 168.0000, 2.230e-8
0.0000, 170.0000, 2.254e-8
2.0000, 170.0000, 2.166e-8
4.0000, 170.0000, 1.767e-8
6.0000, 170.0000, 1.632e-8
8.0000, 170.0000, 1.626e-8
10.0000, 170.0000, 1.513e-8
12.0000, 170.0000, 1.454e-8
14.0000, 170.0000, 1.440e-8
16.0000, 170.0000, 1.423e-8
18.0000, 170.0000, 1.423e-8
20.0000, 170.0000, 1.416e-8
22.0000, 170.0000, 1.342e-8
24.0000, 170.0000, 1.418e-8
26.0000, 170.0000, 1.420e-8
28.0000, 170.0000, 1.356e-8
30.0000, 170.0000, 1.400e-8
32.0000, 170.0000, 1.508e-8
34.0000, 170.0000, 1.364e-8
36.0000, 170.0000, 1.299e-8
38.0000, 170.0000, 1.402e-8
40.0000, 170.0000, 1.420e-8
42.0000, 170.0000, 1.374e-8
44.0000, 170.0000, 1.470e-8
46.0000, 170.0000, 1.450e-8
48.0000, 170.0000, 1.396e-8
50.0000, 170.0000, 1.518e-8
52.0000, 170.0000, 1.558e-8
54.0000, 170.0000, 1.483e-8
56.0000, 170.0000, 1.501e-8
58.0000, 170.0000, 1.597e-8
60.0000, 170.0000, 1.564e-8
62.0000, 170.0000, 1.529e-8
64.0000, 170.0000, 1.500e-8
66.0000, 170.0000, 1.534e-8
68.0000, 170.0000, 1.611e-8
70.0000, 170.0000, 1.620e-8
72.0000, 170.0000, 1.551e-8
74.0000, 170.0000, 1.583e-8
76.0000, 170.0000, 1.640e-8
78.0000, 170.0000, 1.621e-8
80.0000, 170.0000, 1.594e-8
82.0000, 170.0000, 1.614e-8
84.0000, 170.0000, 1.576e-8
86.0000, 170.0000, 1.527e-8
88.0000, 170.0000, 1.530e-8
90.0000, 170.0000, 1.566e-8
92.0000, 170.0000, 1.618e-8
94.0000, 170.0000, 1.690e-8
96.0000, 170.0000, 1.681e-8
98.0000, 170.0000, 1.662e-8
100.0000, 170.0000, 1.805e-8
102.0000, 170.0000, 1.890e-8
104.0000, 170.0000, 1.856e-8
106.0000, 170.0000, 1.851e-8
108.0000, 170.0000, 1.866e-8
110.0000, 170.0000, 1.792e-8
112.0000, 170.0000, 1.802e-8
114.0000, 170.0000, 1.902e-8
116.0000, 170.0000, 1.892e-8
118.0000, 170.0000, 1.797e-8
120.0000, 170.0000, 1.786e-8
122.0000, 170.0000, 1.856e-8
124.0000, 170.0000, 1.854e-8
126.0000, 170.0000, 1.823e-8
128.0000, 170.0000, 1.843e-8
130.0000, 170.0000, 1.861e-8
132.0000, 170.0000, 1.827e-8
134.0000, 170.0000, 1.825e-8
136.0000, 170.0000, 1.889e-8
138.0000, 170.0000, 1.917e-8
140.0000, 170.0000, 1.865e-8
142.0000, 170.0000, 1.852e-8
144.0000, 170.0000, 1.920e-8
146.0000, 170.0000, 1.903e-8
148.0000, 170.0000, 1.842e-8
150.0000, 170.0000, 1.886e-8
152.0000, 170.0000, 1.946e-8
154.0000, 170.0000, 1.901e-8
156.0000, 170.0000, 1.852e-8
158.0000, 170.0000, 1.884e-8
160.0000, 170.0000, 1.953e-8
162.0000, 170.0000, 1.965e-8
164.0000, 170.0000, 1.940e-8
166.0000, 170.0000, 1.939e-8
168.0000, 170.0000, 1.965e-8
170.0000, 170.0000, 1.986e-8
172.0000, 170.0000, 1.945e-8
174.0000, 170.0000, 1.925e-8
176.0000, 170.0000, 1.957e-8
178.0000, 170.0000, 1.958e-8
180.0000, 170.0000, 1.916e-8
182.0000, 170.0000, 1.910e-8
184.0000, 170.0000, 1.906e-8
186.0000, 170.0000, 1.886e-8
188.0000, 170.0000, 1.891e-8
190.0000, 170.0000, 1.913e-8
192.0000, 170.0000, 1.898e-8
194.0000, 170.0000, 1.878e-8
196.0000, 170.0000, 1.875e-8
198.0000, 170.0000, 1.900e-8
200.0000, 170.0000, 1.953e-8
202.0000, 170.0000, 1.953e-8
204.0000, 170.0000, 1.922e-8
206.0000, 170.0000, 1.939e-8
208.0000, 170.0000, 1.971e-8
210.0000, 170.0000, 1.967e-8
212.0000, 170.0000, 1.969e-8
214.0000, 170.0000, 1.995e-8
216.0000, 170.0000, 2.005e-8
218.0000, 170.0000, 2.017e-8
220.0000, 170.0000, 2.081e-8
222.0000, 170.0000, 2.099e-8
224.0000, 170.0000, 2.074e-8
226.0000, 170.0000, 2.096e-8
228.0000, 170.0000, 2.154e-8
230.0000, 170.0000, 2.132e-8
232.0000, 170.0000, 2.100e-8
234.0000, 170.0000, 2.140e-8
236.0000, 170.0000, 2.166e-8
238.0000, 170.0000, 2.144e-8
240.0000, 170.0000, 2.150e-8
242.0000, 170.0000, 2.180e-8
244.0000, 170.0000, 2.191e-8
246.0000, 170.0000, 2.190e-8
248.0000, 170.0000, 2.217e-8
0.0000, 172.0000, 2.466e-8
2.0000, 172.0000, 2.212e-8
4.0000, 172.0000, 1.973e-8
6.0000, 172.0000, 1.741e-8
8.0000, 172.0000, 1.599e-8
10.0000, 172.0000, 1.514e-8
12.0000, 172.0000, 1.819e-8
14.0000, 172.0000, 1.702e-8
16.0000, 172.0000, 1.477e-8
18.0000, 172.0000, 1.692e-8
20.0000, 172.0000, 1.870e-8
22.0000, 172.0000, 1.570e-8
24.0000, 172.0000, 1.579e-8
26.0000, 172.0000, 1.794e-8
28.0000, 172.0000, 1.671e-8
30.0000, 172.0000, 1.447e-8
32.0000, 172.0000, 1.570e-8
34.0000, 172.0000, 1.508e-8
36.0000, 172.0000, 1.418e-8
38.0000, 172.0000, 1.427e-8
40.0000, 172.0000, 1.415e-8
42.0000, 172.0000, 1.356e-8
44.0000, 172.0000, 1.413e-8
46.0000, 172.0000, 1.390e-8
48.0000, 172.0000, 1.398e-8
50.0000, 172.0000, 1.605e-8
52.0000, 172.0000, 1.671e-8
54.0000, 172.0000, 1.598e-8
56.0000, 172.0000, 1.605e-8
58.0000, 172.0000, 1.647e-8
60.0000, 172.0000, 1.551e-8
62.0000, 172.0000, 1.528e-8
64.0000, 172.0000, 1.582e-8
66.0000, 172.0000, 1.587e-8
68.0000, 172.0000, 1.558e-8
70.0000, 172.0000, 1.556e-8
72.0000, 172.0000, 1.569e-8
74.0000, 172.0000, 1.630e-8
76.0000, 172.0000, 1.625e-8
78.0000, 172.0000, 1.595e-8
80.0000, 172.0000, 1.622e-8
82.0000, 172.0000, 1.707e-8
84.0000, 172.0000, 1.642e-8
86.0000, 172.0000, 1.576e-8
88.0000, 172.0000, 1.615e-8
90.0000, 172.0000, 1.632e-8
92.0000, 172.0000, 1.582e-8
94.0000, 172.0000, 1.654e-8
96.0000, 172.0000, 1.732e-8
98.0000, 172.0000, 1.720e-8
100.0000, 172.0000, 1.742e-8
102.0000, 172.0000, 1.760e-8
104.0000, 172.0000, 1.767e-8
106.0000, 172.0000, 1.816e-8
108.0000, 172.0000, 1.866e-8
110.0000, 172.0000, 1.829e-8
112.0000, 172.0000, 1.787e-8
114.0000, 172.0000, 1.807e-8
116.0000, 172.0000, 1.848e-8
118.0000, 172.0000, 1.854e-8
120.0000, 172.0000, 1.831e-8
122.0000, 172.0000, 1.813e-8
124.0000, 172.0000, 1.844e-8
126.0000, 172.0000, 1.874e-8
128.0000, 172.0000, 1.865e-8
130.0000, 172.0000, 1.869e-8
132.0000, 172.0000, 1.911e-8
134.0000, 172.0000, 1.867e-8
136.0000, 172.0000, 1.869e-8
138.0000, 172.0000, 1.998e-8
140.0000, 172.0000, 2.009e-8
142.0000, 172.0000, 1.937e-8
144.0000, 172.0000, 2.017e-8
146.0000, 172.0000, 2.059e-8
148.0000, 172.0000, 1.967e-8
150.0000, 172.0000, 1.920e-8
152.0000, 172.0000, 2.008e-8
154.0000, 172.0000, 1.995e-8
156.0000, 172.0000, 1.927e-8
158.0000, 172.0000, 1.923e-8
160.0000, 172.0000, 1.978e-8
162.0000, 172.0000, 1.983e-8
164.0000, 172.0000, 1.942e-8
166.0000, 172.0000, 1.967e-8
168.0000, 172.0000, 2.032e-8
170.0000, 172.0000, 2.009e-8
172.0000, 172.0000, 1.942e-8
174.0000, 172.0000, 1.988e-8
176.0000, 172.0000, 2.048e-8
178.0000, 172.0000, 1.990e-8
180.0000, 172.0000, 1.928e-8
182.0000, 172.0000, 1.980e-8
184.0000, 172.0000, 1.969e-8
186.0000, 172.0000, 1.906e-8
188.0000, 172.0000, 1.900e-8
190.0000, 172.0000, 1.938e-8
192.0000, 172.0000, 1.923e-8
194.0000, 172.0000, 1.904e-8
196.0000, 172.0000, 1.931e-8
198.0000, 172.0000, 1.939e-8
200.0000, 172.0000, 1.921e-8
202.0000, 172.0000, 1.939e-8
204.0000, 172.0000, 1.958e-8
206.0000, 172.0000, 1.944e-8
208.0000, 172.0000, 1.940e-8
210.0000, 172.0000, 2.001e-8
212.0000, 172.0000, 2.017e-8
214.0000, 172.0000, 1.978e-8
216.0000, 172.0000, 2.001e-8
218.0000, 172.0000, 2.069e-8
220.0000, 172.0000, 2.073e-8
222.0000, 172.0000, 2.064e-8
224.0000, 172.0000, 2.088e-8
226.0000, 172.0000, 2.106e-8
228.0000, 172.0000, 2.108e-8
230.0000, 172.0000, 2.117e-8
232.0000, 172.0000, 2.126e-8
234.0000, 172.0000, 2.126e-8
236.0000, 172.0000, 2.149e-8
238.0000, 172.0000, 2.179e-8
240.0000, 172.0000, 2.180e-8
242.0000, 172.0000, 2.187e-8
244.0000, 172.0000, 2.201e-8
246.0000, 172.0000, 2.211e-8
248.0000, 172.0000, 2.218e-8
0.0000, 174.0000, 2.460e-8
2.0000, 174.0000, 2.281e-8
4.0000, 174.0000, 2.026e-8
6.0000, 174.0000, 1.756e-8
8.0000, 174.0000, 1.623e-8
10.0000, 174.0000, 1.624e-8
12.0000, 174.0000, 1.874e-8
14.0000, 174.0000, 1.675e-8
16.0000, 174.0000, 1.565e-8
18.0000, 174.0000, 1.915e-8
20.0000, 174.0000, 2.012e-8
22.0000, 174.0000, 1.723e-8
24.0000, 174.0000, 1.757e-8
26.0000, 174.0000, 1.953e-8
28.0000, 174.0000, 1.796e-8
30.0000, 174.0000, 1.562e-8
32.0000, 174.0000, 1.709e-8
34.0000, 174.0000, 1.642e-8
36.0000, 174.0000, 1.472e-8
38.0000, 174.0000, 1.396e-8
40.0000, 174.0000, 1.398e-8
42.0000, 174.0000, 1.397e-8
44.0000, 174.0000, 1.375e-8
46.0000, 174.0000, 1.385e-8
48.0000, 174.0000, 1.501e-8
50.0000, 174.0000, 1.617e-8
52.0000, 174.0000, 1.543e-8
54.0000, 174.0000, 1.635e-8
56.0000, 174.0000, 1.797e-8
58.0000, 174.0000, 1.766e-8
60.0000, 174.0000, 1.627e-8
62.0000, 174.0000, 1.751e-8
64.0000, 174.0000, 1.798e-8
66.0000, 174.0000, 1.729e-8
68.0000, 174.0000, 1.688e-8
70.0000, 174.0000, 1.745e-8
72.0000, 174.0000, 1.662e-8
74.0000, 174.0000, 1.675e-8
76.0000, 174.0000, 1.752e-8
78.0000, 174.0000, 1.727e-8
80.0000, 174.0000, 1.631e-8
82.0000, 174.0000, 1.597e-8
84.0000, 174.0000, 1.592e-8
86.0000, 174.0000, 1.620e-8
88.0000, 174.0000, 1.651e-8
90.0000, 174.0000, 1.649e-8
92.0000, 174.0000, 1.696e-8
94.0000, 174.0000, 1.761e-8
96.0000, 174.0000, 1.751e-8
98.0000, 174.0000, 1.716e-8
100.0000, 174.0000, 1.828e-8
102.0000, 174.0000, 1.876e-8
104.0000, 174.0000, 1.808e-8
106.0000, 174.0000, 1.817e-8
108.0000, 174.0000, 1.884e-8
110.0000, 174.0000, 1.864e-8
112.0000, 174.0000, 1.904e-8
114.0000, 174.0000, 1.913e-8
116.0000, 174.0000, 1.859e-8
118.0000, 174.0000, 1.833e-8
120.0000, 174.0000, 1.873e-8
122.0000, 174.0000, 1.862e-8
124.0000, 174.0000, 1.873e-8
126.0000, 174.0000, 1.890e-8
128.0000, 174.0000, 1.877e-8
130.0000, 174.0000, 1.868e-8
132.0000, 174.0000, 1.922e-8
134.0000, 174.0000, 1.925e-8
136.0000, 174.0000, 1.884e-8
138.0000, 174.0000, 1.853e-8
140.0000, 174.0000, 1.857e-8
142.0000, 174.0000, 1.891e-8
144.0000, 174.0000, 1.924e-8
146.0000, 174.0000, 1.922e-8
148.0000, 174.0000, 1.912e-8
150.0000, 174.0000, 1.924e-8
152.0000, 174.0000, 1.892e-8
154.0000, 174.0000, 1.904e-8
156.0000, 174.0000, 1.997e-8
158.0000, 174.0000, 2.034e-8
160.0000, 174.0000, 1.970e-8
162.0000, 174.0000, 1.972e-8
164.0000, 174.0000, 2.025e-8
166.0000, 174.0000, 2.008e-8
168.0000, 174.0000, 1.940e-8
170.0000, 174.0000, 1.949e-8
172.0000, 174.0000, 1.989e-8
174.0000, 174.0000, 1.982e-8
176.0000, 174.0000, 1.966e-8
178.0000, 174.0000, 1.951e-8
180.0000, 174.0000, 1.916e-8
182.0000, 174.0000, 1.910e-8
184.0000, 174.0000, 1.945e-8
186.0000, 174.0000, 1.953e-8
188.0000, 174.0000, 1.922e-8
190.0000, 174.0000, 1.908e-8
192.0000, 174.0000, 1.930e-8
194.0000, 174.0000, 1.922e-8
196.0000, 174.0000, 1.904e-8
198.0000, 174.0000, 1.936e-8
200.0000, 174.0000, 1.985e-8
202.0000, 174.0000, 1.974e-8
204.0000, 174.0000, 1.949e-8
206.0000, 174.0000, 1.959e-8
208.0000, 174.0000, 1.971e-8
210.0000, 174.0000, 1.980e-8
212.0000, 174.0000, 2.017e-8
214.0000, 174.0000, 2.017e-8
216.0000, 174.0000, 2.008e-8
218.0000, 174.0000, 2.052e-8
220.0000, 174.0000, 2.084e-8
222.0000, 174.0000, 2.072e-8
224.0000, 174.0000, 2.103e-8
226.0000, 174.0000, 2.162e-8
228.0000, 174.0000, 2.147e-8
230.0000, 174.0000, 2.125e-8
232.0000, 174.0000, 2.182e-8
234.0000, 174.0000, 2.198e-8
236.0000, 174.0000, 2.164e-8
238.0000, 174.0000, 2.162e-8
240.0000, 174.0000, 2.195e-8
242.0000, 174.0000, 2.209e-8
244.0000, 174.0000, 2.190e-8
246.0000, 174.0000, 2.195e-8
248.0000, 174.0000, 2.236e-8
0.0000, 176.0000, 2.117e-8
2.0000, 176.0000, 1.929e-8
4.0000, 176.0000, 1.661e-8
6.0000, 176.0000, 1.622e-8
8.0000, 176.0000, 1.655e-8
10.0000, 176.0000, 1.570e-8
12.0000, 176.0000, 1.451e-8
14.0000, 176.0000, 1.446e-8
16.0000, 176.0000, 1.399e-8
18.0000, 176.0000, 1.339e-8
20.0000, 176.0000, 1.371e-8
22.0000, 176.0000, 1.347e-8
24.0000, 176.0000, 1.300e-8
26.0000, 176.0000, 1.336e-8
28.0000, 176.0000, 1.365e-8
30.0000, 176.0000, 1.320e-8
32.0000, 176.0000, 1.325e-8
34.0000, 176.0000, 1.364e-8
36.0000, 176.0000, 1.382e-8
38.0000, 176.0000, 1.399e-8
40.0000, 176.0000, 1.430e-8
42.0000, 176.0000, 1.410e-8
44.0000, 176.0000, 1.405e-8
46.0000, 176.0000, 1.405e-8
48.0000, 176.0000, 1.412e-8
50.0000, 176.0000, 1.461e-8
52.0000, 176.0000, 1.507e-8
54.0000, 176.0000, 1.506e-8
56.0000, 176.0000, 1.538e-8
58.0000, 176.0000, 1.592e-8
60.0000, 176.0000, 1.608e-8
62.0000, 176.0000, 1.581e-8
64.0000, 176.0000, 1.647e-8
66.0000, 176.0000, 1.697e-8
68.0000, 176.0000, 1.664e-8
70.0000, 176.0000, 1.634e-8
72.0000, 176.0000, 1.621e-8
74.0000, 176.0000, 1.598e-8
76.0000, 176.0000, 1.608e-8
78.0000, 176.0000, 1.626e-8
80.0000, 176.0000, 1.616e-8
82.0000, 176.0000, 1.633e-8
84.0000, 176.0000, 1.642e-8
86.0000, 176.0000, 1.631e-8
88.0000, 176.0000, 1.629e-8
90.0000, 176.0000, 1.673e-8
92.0000, 176.0000, 1.684e-8
94.0000, 176.0000, 1.688e-8
96.0000, 176.0000, 1.686e-8
98.0000, 176.0000, 1.692e-8
100.0000, 176.0000, 1.748e-8
102.0000, 176.0000, 1.781e-8
104.0000, 176.0000, 1.762e-8
106.0000, 176.0000, 1.794e-8
108.0000, 176.0000, 1.905e-8
110.0000, 176.0000, 1.898e-8
112.0000, 176.0000, 1.865e-8
114.0000, 176.0000, 1.926e-8
116.0000, 176.0000, 1.936e-8
118.0000, 176.0000, 1.875e-8
120.0000, 176.0000, 1.867e-8
122.0000, 176.0000, 1.882e-8
124.0000, 176.0000, 1.902e-8
126.0000, 176.0000, 1.897e-8
128.0000, 176.0000, 1.872e-8
130.0000, 176.0000, 1.880e-8
132.0000, 176.0000, 1.911e-8
134.0000, 176.0000, 1.890e-8
136.0000, 176.0000, 1.871e-8
138.0000, 176.0000, 1.900e-8
140.0000, 176.0000, 1.962e-8
142.0000, 176.0000, 1.937e-8
144.0000, 176.0000, 1.892e-8
146.0000, 176.0000, 1.916e-8
148.0000, 176.0000, 1.982e-8
150.0000, 176.0000, 1.972e-8
152.0000, 176.0000, 1.919e-8
154.0000, 176.0000, 1.921e-8
156.0000, 176.0000, 1.961e-8
158.0000, 176.0000, 1.961e-8
160.0000, 176.0000, 1.952e-8
162.0000, 176.0000, 1.983e-8
164.0000, 176.0000, 1.993e-8
166.0000, 176.0000, 1.971e-8
168.0000, 176.0000, 1.961e-8
170.0000, 176.0000, 1.981e-8
172.0000, 176.0000, 1.966e-8
174.0000, 176.0000, 1.934e-8
176.0000, 176.0000, 1.944e-8
178.0000, 176.0000, 1.973e-8
180.0000, 176.0000, 1.959e-8
182.0000, 176.0000, 1.928e-8
184.0000, 176.0000, 1.926e-8
186.0000, 176.0000, 1.933e-8
188.0000, 176.0000, 1.904e-8
190.0000, 176.0000, 1.908e-8
192.0000, 176.0000, 1.975e-8
194.0000, 176.0000, 1.979e-8
196.0000, 176.0000, 1.941e-8
198.0000, 176.0000, 1.942e-8
200.0000, 176.0000, 1.979e-8
202.0000, 176.0000, 1.966e-8
204.0000, 176.0000, 1.942e-8
206.0000, 176.0000, 1.988e-8
208.0000, 176.0000, 2.032e-8
210.0000, 176.0000, 2.001e-8
212.0000, 176.0000, 1.986e-8
214.0000, 176.0000, 2.060e-8
216.0000, 176.0000, 2.100e-8
218.0000, 176.0000, 2.064e-8
220.0000, 176.0000, 2.057e-8
222.0000, 176.0000, 2.102e-8
224.0000, 176.0000, 2.109e-8
226.0000, 176.0000, 2.099e-8
228.0000, 176.0000, 2.142e-8
230.0000, 176.0000, 2.168e-8
232.0000, 176.0000, 2.150e-8
234.0000, 176.0000, 2.147e-8
236.0000, 176.0000, 2.172e-8
238.0000, 176.0000, 2.189e-8
240.0000, 176.0000, 2.190e-8
242.0000, 176.0000, 2.203e-8
244.0000, 176.0000, 2.267e-8
246.0000, 176.0000, 2.285e-8
248.0000, 176.0000, 2.242e-8
0.0000, 178.0000, 2.516e-8
2.0000, 178.0000, 2.352e-8
4.0000, 178.0000, 1.979e-8
6.0000, 178.0000, 1.756e-8
8.0000, 178.0000, 1.661e-8
10.0000, 178.0000, 1.709e-8
12.0000, 178.0000, 1.759e-8
14.0000, 178.0000, 1.556e-8
16.0000, 178.0000, 1.494e-8
18.0000, 178.0000, 1.824e-8
20.0000, 178.0000, 1.829e-8
22.0000, 178.0000, 1.571e-8
24.0000, 178.0000, 1.726e-8
26.0000, 178.0000, 1.850e-8
28.0000, 178.0000, 1.673e-8
30.0000, 178.0000, 1.589e-8
32.0000, 178.0000, 1.661e-8
34.0000, 178.0000, 1.495e-8
36.0000, 178.0000, 1.433e-8
38.0000, 178.0000, 1.509e-8
40.0000, 178.0000, 1.453e-8
42.0000, 178.0000, 1.396e-8
44.0000, 178.0000, 1.461e-8
46.0000, 178.0000, 1.448e-8
48.0000, 178.0000, 1.422e-8
50.0000, 178.0000, 1.522e-8
52.0000, 178.0000, 1.499e-8
54.0000, 178.0000, 1.529e-8
56.0000, 178.0000, 1.646e-8
58.0000, 178.0000, 1.702e-8
60.0000, 178.0000, 1.631e-8
62.0000, 178.0000, 1.644e-8
64.0000, 178.0000, 1.633e-8
66.0000, 178.0000, 1.589e-8
68.0000, 178.0000, 1.574e-8
70.0000, 178.0000, 1.588e-8
72.0000, 178.0000, 1.570e-8
74.0000, 178.0000, 1.634e-8
76.0000, 178.0000, 1.642e-8
78.0000, 178.0000, 1.623e-8
80.0000, 178.0000, 1.711e-8
82.0000, 178.0000, 1.769e-8
84.0000, 178.0000, 1.704e-8
86.0000, 178.0000, 1.689e-8
88.0000, 178.0000, 1.749e-8
90.0000, 178.0000, 1.705e-8
92.0000, 178.0000, 1.683e-8
94.0000, 178.0000, 1.847e-8
96.0000, 178.0000, 1.896e-8
98.0000, 178.0000, 1.825e-8
100.0000, 178.0000, 1.851e-8
102.0000, 178.0000, 1.959e-8
104.0000, 178.0000, 1.894e-8
106.0000, 178.0000, 1.787e-8
108.0000, 178.0000, 1.783e-8
110.0000, 178.0000, 1.847e-8
112.0000, 178.0000, 1.879e-8
114.0000, 178.0000, 1.841e-8
116.0000, 178.0000, 1.838e-8
118.0000, 178.0000, 1.878e-8
120.0000, 178.0000, 1.849e-8
122.0000, 178.0000, 1.835e-8
124.0000, 178.0000, 1.956e-8
126.0000, 178.0000, 1.997e-8
128.0000, 178.0000, 1.938e-8
130.0000, 178.0000, 1.935e-8
132.0000, 178.0000, 1.931e-8
134.0000, 178.0000, 1.888e-8
136.0000, 178.0000, 1.889e-8
138.0000, 178.0000, 1.928e-8
140.0000, 178.0000, 1.914e-8
142.0000, 178.0000, 1.890e-8
144.0000, 178.0000, 1.892e-8
146.0000, 178.0000, 1.887e-8
148.0000, 178.0000, 1.898e-8
150.0000, 178.0000, 1.970e-8
152.0000, 178.0000, 1.965e-8
154.0000, 178.0000, 1.930e-8
156.0000, 178.0000, 1.966e-8
158.0000, 178.0000, 2.030e-8
160.0000, 178.0000, 1.996e-8
162.0000, 178.0000, 1.945e-8
164.0000, 178.0000, 1.978e-8
166.0000, 178.0000, 2.012e-8
168.0000, 178.0000, 1.982e-8
170.0000, 178.0000, 1.957e-8
172.0000, 178.0000, 1.989e-8
174.0000, 178.0000, 2.014e-8
176.0000, 178.0000, 1.983e-8
178.0000, 178.0000, 1.955e-8
180.0000, 178.0000, 1.970e-8
182.0000, 178.0000, 1.959e-8
184.0000, 178.0000, 1.933e-8
186.0000, 178.0000, 1.949e-8
188.0000, 178.0000, 1.959e-8
190.0000, 178.0000, 1.923e-8
192.0000, 178.0000, 1.919e-8
194.0000, 178.0000, 1.936e-8
196.0000, 178.0000, 1.927e-8
198.0000, 178.0000, 1.931e-8
200.0000, 178.0000, 1.995e-8
202.0000, 178.0000, 2.015e-8
204.0000, 178.0000, 2.008e-8
206.0000, 178.0000, 2.058e-8
208.0000, 178.0000, 2.064e-8
210.0000, 178.0000, 1.994e-8
212.0000, 178.0000, 1.988e-8
214.0000, 178.0000, 2.053e-8
216.0000, 178.0000, 2.054e-8
218.0000, 178.0000, 2.017e-8
220.0000, 178.0000, 2.040e-8
222.0000, 178.0000, 2.090e-8
224.0000, 178.0000, 2.088e-8
226.0000, 178.0000, 2.079e-8
228.0000, 178.0000, 2.122e-8
230.0000, 178.0000, 2.152e-8
232.0000, 178.0000, 2.136e-8
234.0000, 178.0000, 2.137e-8
236.0000, 178.0000, 2.160e-8
238.0000, 178.0000, 2.164e-8
240.0000, 178.0000, 2.168e-8
242.0000, 178.0000, 2.194e-8
244.0000, 178.0000, 2.201e-8
246.0000, 178.0000, 2.201e-8
248.0000, 178.0000, 2.223e-8
0.0000, 180.0000, 2.204e-8
2.0000, 180.0000, 2.037e-8
4.0000, 180.0000, 1.717e-8
6.0000, 180.0000, 1.598e-8
8.0000, 180.0000, 1.586e-8
10.0000, 180.0000, 1.542e-8
12.0000, 180.0000, 1.509e-8
14.0000, 180.0000, 1.379e-8
16.0000, 180.0000, 1.320e-8
18.0000, 180.0000, 1.394e-8
20.0000, 180.0000, 1.461e-8
22.0000, 180.0000, 1.332e-8
24.0000, 180.0000, 1.344e-8
26.0000, 180.0000, 1.424e-8
28.0000, 180.0000, 1.374e-8
30.0000, 180.0000, 1.263e-8
32.0000, 180.0000, 1.310e-8
34.0000, 180.0000, 1.359e-8
36.0000, 180.0000, 1.351e-8
38.0000, 180.0000, 1.353e-8
40.0000, 180.0000, 1.387e-8
42.0000, 180.0000, 1.379e-8
44.0000, 180.0000, 1.376e-8
46.0000, 180.0000, 1.373e-8
48.0000, 180.0000, 1.386e-8
50.0000, 180.0000, 1.437e-8
52.0000, 180.0000, 1.441e-8
54.0000, 180.0000, 1.507e-8
56.0000, 180.0000, 1.618e-8
58.0000, 180.0000, 1.637e-8
60.0000, 180.0000, 1.563e-8
62.0000, 180.0000, 1.583e-8
64.0000, 180.0000, 1.630e-8
66.0000, 180.0000, 1.638e-8
68.0000, 180.0000, 1.628e-8
70.0000, 180.0000, 1.618e-8
72.0000, 180.0000, 1.574e-8
74.0000, 180.0000, 1.600e-8
76.0000, 180.0000, 1.626e-8
78.0000, 180.0000, 1.612e-8
80.0000, 180.0000, 1.632e-8
82.0000, 180.0000, 1.680e-8
84.0000, 180.0000, 1.651e-8
86.0000, 180.0000, 1.631e-8
88.0000, 180.0000, 1.670e-8
90.0000, 180.0000, 1.663e-8
92.0000, 180.0000, 1.634e-8
94.0000, 180.0000, 1.766e-8
96.0000, 180.0000, 1.857e-8
98.0000, 180.0000, 1.825e-8
100.0000, 180.0000, 1.809e-8
102.0000, 180.0000, 1.952e-8
104.0000, 180.0000, 1.926e-8
106.0000, 180.0000, 1.821e-8
108.0000, 180.0000, 1.794e-8
110.0000, 180.0000, 1.893e-8
112.0000, 180.0000, 1.916e-8
114.0000, 180.0000, 1.845e-8
116.0000, 180.0000, 1.820e-8
118.0000, 180.0000, 1.870e-8
120.0000, 180.0000, 1.862e-8
122.0000, 180.0000, 1.816e-8
124.0000, 180.0000, 1.865e-8
126.0000, 180.0000, 1.940e-8
128.0000, 180.0000, 1.927e-8
130.0000, 180.0000, 1.861e-8
132.0000, 180.0000, 1.895e-8
134.0000, 180.0000, 1.941e-8
136.0000, 180.0000, 1.906e-8
138.0000, 180.0000, 1.861e-8
140.0000, 180.0000, 1.890e-8
142.0000, 180.0000, 1.921e-8
144.0000, 180.0000, 1.894e-8
146.0000, 180.0000, 1.865e-8
148.0000, 180.0000, 1.875e-8
150.0000, 180.0000, 1.900e-8
152.0000, 180.0000, 1.890e-8
154.0000, 180.0000, 1.911e-8
156.0000, 180.0000, 1.966e-8
158.0000, 180.0000, 1.967e-8
160.0000, 180.0000, 1.920e-8
162.0000, 180.0000, 1.980e-8
164.0000, 180.0000, 2.041e-8
166.0000, 180.0000, 1.997e-8
168.0000, 180.0000, 1.936e-8
170.0000, 180.0000, 1.972e-8
172.0000, 180.0000, 1.986e-8
174.0000, 180.0000, 1.949e-8
176.0000, 180.0000, 1.969e-8
178.0000, 180.0000, 2.013e-8
180.0000, 180.0000, 1.973e-8
182.0000, 180.0000, 1.945e-8
184.0000, 180.0000, 2.015e-8
186.0000, 180.0000, 2.033e-8
188.0000, 180.0000, 1.929e-8
190.0000, 180.0000, 1.857e-8
192.0000, 180.0000, 1.995e-8
194.0000, 180.0000, 2.043e-8
196.0000, 180.0000, 1.960e-8
198.0000, 180.0000, 1.933e-8
200.0000, 180.0000, 2.044e-8
202.0000, 180.0000, 2.048e-8
204.0000, 180.0000, 1.970e-8
206.0000, 180.0000, 1.976e-8
208.0000, 180.0000, 2.040e-8
210.0000, 180.0000, 2.027e-8
212.0000, 180.0000, 1.988e-8
214.0000, 180.0000, 1.999e-8
216.0000, 180.0000, 2.030e-8
218.0000, 180.0000, 2.035e-8
220.0000, 180.0000, 2.041e-8
222.0000, 180.0000, 2.051e-8
224.0000, 180.0000, 2.085e-8
226.0000, 180.0000, 2.136e-8
228.0000, 180.0000, 2.143e-8
230.0000, 180.0000, 2.108e-8
232.0000, 180.0000, 2.148e-8
234.0000, 180.0000, 2.173e-8
236.0000, 180.0000, 2.143e-8
238.0000, 180.0000, 2.147e-8
240.0000, 180.0000, 2.204e-8
242.0000, 180.0000, 2.209e-8
244.0000, 180.0000, 2.169e-8
246.0000, 180.0000, 2.164e-8
248.0000, 180.0000, 2.229e-8
0.0000, 182.0000, 2.652e-8
2.0000, 182.0000, 2.162e-8
4.0000, 182.0000, 2.177e-8
6.0000, 182.0000, 2.295e-8
8.0000, 182.0000, 2.006e-8
10.0000, 182.0000, 1.652e-8
12.0000, 182.0000, 1.759e-8
14.0000, 182.0000, 1.896e-8
16.0000, 182.0000, 1.680e-8
18.0000, 182.0000, 1.502e-8
20.0000, 182.0000, 1.823e-8
22.0000, 182.0000, 1.860e-8
24.0000, 182.0000, 1.579e-8
26.0000, 182.0000, 1.586e-8
28.0000, 182.0000, 1.850e-8
30.0000, 182.0000, 1.695e-8
32.0000, 182.0000, 1.451e-8
34.0000, 182.0000, 1.621e-8
36.0000, 182.0000, 1.666e-8
38.0000, 182.0000, 1.495e-8
40.0000, 182.0000, 1.402e-8
42.0000, 182.0000, 1.477e-8
44.0000, 182.0000, 1.464e-8
46.0000, 182.0000, 1.350e-8
48.0000, 182.0000, 1.317e-8
50.0000, 182.0000, 1.479e-8
52.0000, 182.0000, 1.555e-8
54.0000, 182.0000, 1.494e-8
56.0000, 182.0000, 1.522e-8
58.0000, 182.0000, 1.633e-8
60.0000, 182.0000, 1.607e-8
62.0000, 182.0000, 1.541e-8
64.0000, 182.0000, 1.616e-8
66.0000, 182.0000, 1.663e-8
68.0000, 182.0000, 1.631e-8
70.0000, 182.0000, 1.637e-8
72.0000, 182.0000, 1.672e-8
74.0000, 182.0000, 1.607e-8
76.0000, 182.0000, 1.535e-8
78.0000, 182.0000, 1.530e-8
80.0000, 182.0000, 1.614e-8
82.0000, 182.0000, 1.664e-8
84.0000, 182.0000, 1.635e-8
86.0000, 182.0000, 1.613e-8
88.0000, 182.0000, 1.643e-8
90.0000, 182.0000, 1.666e-8
92.0000, 182.0000, 1.633e-8
94.0000, 182.0000, 1.651e-8
96.0000, 182.0000, 1.736e-8
98.0000, 182.0000, 1.761e-8
100.0000, 182.0000, 1.706e-8
102.0000, 182.0000, 1.791e-8
104.0000, 182.0000, 1.892e-8
106.0000, 182.0000, 1.841e-8
108.0000, 182.0000, 1.770e-8
110.0000, 182.0000, 1.829e-8
112.0000, 182.0000, 1.872e-8
114.0000, 182.0000, 1.822e-8
116.0000, 182.0000, 1.772e-8
118.0000, 182.0000, 1.781e-8
120.0000, 182.0000, 1.817e-8
122.0000, 182.0000, 1.819e-8
124.0000, 182.0000, 1.859e-8
126.0000, 182.0000, 1.925e-8
128.0000, 182.0000, 1.914e-8
130.0000, 182.0000, 1.846e-8
132.0000, 182.0000, 1.874e-8
134.0000, 182.0000, 1.897e-8
136.0000, 182.0000, 1.858e-8
138.0000, 182.0000, 1.836e-8
140.0000, 182.0000, 1.889e-8
142.0000, 182.0000, 1.904e-8
144.0000, 182.0000, 1.898e-8
146.0000, 182.0000, 1.900e-8
148.0000, 182.0000, 1.884e-8
150.0000, 182.0000, 1.852e-8
152.0000, 182.0000, 1.883e-8
154.0000, 182.0000, 1.938e-8
156.0000, 182.0000, 1.926e-8
158.0000, 182.0000, 1.883e-8
160.0000, 182.0000, 1.924e-8
162.0000, 182.0000, 1.967e-8
164.0000, 182.0000, 1.933e-8
166.0000, 182.0000, 1.907e-8
168.0000, 182.0000, 1.937e-8
170.0000, 182.0000, 1.955e-8
172.0000, 182.0000, 1.918e-8
174.0000, 182.0000, 1.904e-8
176.0000, 182.0000, 1.965e-8
178.0000, 182.0000, 1.981e-8
180.0000, 182.0000, 1.909e-8
182.0000, 182.0000, 1.870e-8
184.0000, 182.0000, 1.939e-8
186.0000, 182.0000, 1.951e-8
188.0000, 182.0000, 1.899e-8
190.0000, 182.0000, 1.913e-8
192.0000, 182.0000, 1.944e-8
194.0000, 182.0000, 1.912e-8
196.0000, 182.0000, 1.884e-8
198.0000, 182.0000, 1.915e-8
200.0000, 182.0000, 1.940e-8
202.0000, 182.0000, 1.929e-8
204.0000, 182.0000, 1.933e-8
206.0000, 182.0000, 1.947e-8
208.0000, 182.0000, 1.939e-8
210.0000, 182.0000, 1.948e-8
212.0000, 182.0000, 1.987e-8
214.0000, 182.0000, 1.987e-8
216.0000, 182.0000, 1.980e-8
218.0000, 182.0000, 2.031e-8
220.0000, 182.0000, 2.103e-8
222.0000, 182.0000, 2.077e-8
224.0000, 182.0000, 2.059e-8
226.0000, 182.0000, 2.146e-8
228.0000, 182.0000, 2.190e-8
230.0000, 182.0000, 2.127e-8
232.0000, 182.0000, 2.122e-8
234.0000, 182.0000, 2.167e-8
236.0000, 182.0000, 2.161e-8
238.0000, 182.0000, 2.141e-8
240.0000, 182.0000, 2.175e-8
242.0000, 182.0000, 2.206e-8
244.0000, 182.0000, 2.199e-8
246.0000, 182.0000, 2.179e-8
248.0000, 182.0000, 2.187e-8
0.0000, 184.0000, 2.473e-8
2.0000, 184.0000, 2.063e-8
4.0000, 184.0000, 1.979e-8
6.0000, 184.0000, 1.867e-8
8.0000, 184.0000, 1.701e-8
10.0000, 184.0000, 1.574e-8
12.0000, 184.0000, 1.934e-8
14.0000, 184.0000, 1.868e-8
16.0000, 184.0000, 1.598e-8
18.0000, 184.0000, 1.610e-8
20.0000, 184.0000, 1.781e-8
22.0000, 184.0000, 1.560e-8
24.0000, 184.0000, 1.526e-8
26.0000, 184.0000, 1.706e-8
28.0000, 184.0000, 1.652e-8
30.0000, 184.0000, 1.432e-8
32.0000, 184.0000, 1.433e-8
34.0000, 184.0000, 1.443e-8
36.0000, 184.0000, 1.370e-8
38.0000, 184.0000, 1.312e-8
40.0000, 184.0000, 1.346e-8
42.0000, 184.0000, 1.420e-8
44.0000, 184.0000, 1.427e-8
46.0000, 184.0000, 1.384e-8
48.0000, 184.0000, 1.411e-8
50.0000, 184.0000, 1.572e-8
52.0000, 184.0000, 1.582e-8
54.0000, 184.0000, 1.607e-8
56.0000, 184.0000, 1.701e-8
58.0000, 184.0000, 1.733e-8
60.0000, 184.0000, 1.643e-8
62.0000, 184.0000, 1.646e-8
64.0000, 184.0000, 1.712e-8
66.0000, 184.0000, 1.707e-8
68.0000, 184.0000, 1.656e-8
70.0000, 184.0000, 1.655e-8
72.0000, 184.0000, 1.664e-8
74.0000, 184.0000, 1.641e-8
76.0000, 184.0000, 1.614e-8
78.0000, 184.0000, 1.639e-8
80.0000, 184.0000, 1.762e-8
82.0000, 184.0000, 1.765e-8
84.0000, 184.0000, 1.731e-8
86.0000, 184.0000, 1.797e-8
88.0000, 184.0000, 1.898e-8
90.0000, 184.0000, 1.853e-8
92.0000, 184.0000, 1.798e-8
94.0000, 184.0000, 1.958e-8
96.0000, 184.0000, 2.016e-8
98.0000, 184.0000, 1.888e-8
100.0000, 184.0000, 1.776e-8
102.0000, 184.0000, 1.810e-8
104.0000, 184.0000, 1.837e-8
106.0000, 184.0000, 1.802e-8
108.0000, 184.0000, 1.760e-8
110.0000, 184.0000, 1.772e-8
112.0000, 184.0000, 1.829e-8
114.0000, 184.0000, 1.840e-8
116.0000, 184.0000, 1.854e-8
118.0000, 184.0000, 1.901e-8
120.0000, 184.0000, 1.900e-8
122.0000, 184.0000, 1.849e-8
124.0000, 184.0000, 1.880e-8
126.0000, 184.0000, 1.924e-8
128.0000, 184.0000, 1.901e-8
130.0000, 184.0000, 1.848e-8
132.0000, 184.0000, 1.869e-8
134.0000, 184.0000, 1.879e-8
136.0000, 184.0000, 1.878e-8
138.0000, 184.0000, 1.898e-8
140.0000, 184.0000, 1.910e-8
142.0000, 184.0000, 1.904e-8
144.0000, 184.0000, 1.900e-8
146.0000, 184.0000, 1.888e-8
148.0000, 184.0000, 1.875e-8
150.0000, 184.0000, 1.898e-8
152.0000, 184.0000, 1.912e-8
154.0000, 184.0000, 1.905e-8
156.0000, 184.0000, 1.946e-8
158.0000, 184.0000, 1.991e-8
160.0000, 184.0000, 1.956e-8
162.0000, 184.0000, 1.923e-8
164.0000, 184.0000, 1.928e-8
166.0000, 184.0000, 1.948e-8
168.0000, 184.0000, 1.958e-8
170.0000, 184.0000, 1.945e-8
172.0000, 184.0000, 1.900e-8
174.0000, 184.0000, 1.895e-8
176.0000, 184.0000, 1.935e-8
178.0000, 184.0000, 1.947e-8
180.0000, 184.0000, 1.929e-8
182.0000, 184.0000, 1.923e-8
184.0000, 184.0000, 1.930e-8
186.0000, 184.0000, 1.930e-8
188.0000, 184.0000, 1.905e-8
190.0000, 184.0000, 1.890e-8
192.0000, 184.0000, 1.915e-8
194.0000, 184.0000, 1.936e-8
196.0000, 184.0000, 1.928e-8
198.0000, 184.0000, 1.925e-8
200.0000, 184.0000, 1.953e-8
202.0000, 184.0000, 1.972e-8
204.0000, 184.0000, 1.956e-8
206.0000, 184.0000, 1.953e-8
208.0000, 184.0000, 1.979e-8
210.0000, 184.0000, 2.007e-8
212.0000, 184.0000, 2.008e-8
214.0000, 184.0000, 2.023e-8
216.0000, 184.0000, 2.043e-8
218.0000, 184.0000, 2.066e-8
220.0000, 184.0000, 2.070e-8
222.0000, 184.0000, 2.062e-8
224.0000, 184.0000, 2.061e-8
226.0000, 184.0000, 2.080e-8
228.0000, 184.0000, 2.119e-8
230.0000, 184.0000, 2.139e-8
232.0000, 184.0000, 2.132e-8
234.0000, 184.0000, 2.150e-8
236.0000, 184.0000, 2.172e-8
238.0000, 184.0000, 2.170e-8
240.0000, 184.0000, 2.187e-8
242.0000, 184.0000, 2.218e-8
244.0000, 184.0000, 2.229e-8
246.0000, 184.0000, 2.232e-8
248.0000, 184.0000, 2.242e-8
0.0000, 186.0000, 2.471e-8
2.0000, 186.0000, 2.181e-8
4.0000, 186.0000, 1.980e-8
6.0000, 186.0000, 1.753e-8
8.0000, 186.0000, 1.641e-8
10.0000, 186.0000, 1.668e-8
12.0000, 186.0000, 1.750e-8
14.0000, 186.0000, 1.558e-8
16.0000, 186.0000, 1.512e-8
18.0000, 186.0000, 1.745e-8
20.0000, 186.0000, 1.762e-8
22.0000, 186.0000, 1.504e-8
24.0000, 186.0000, 1.569e-8
26.0000, 186.0000, 1.721e-8
28.0000, 186.0000, 1.623e-8
30.0000, 186.0000, 1.497e-8
32.0000, 186.0000, 1.616e-8
34.0000, 186.0000, 1.530e-8
36.0000, 186.0000, 1.427e-8
38.0000, 186.0000, 1.425e-8
40.0000, 186.0000, 1.401e-8
42.0000, 186.0000, 1.370e-8
44.0000, 186.0000, 1.383e-8
46.0000, 186.0000, 1.384e-8
48.0000, 186.0000, 1.432e-8
50.0000, 186.0000, 1.571e-8
52.0000, 186.0000, 1.557e-8
54.0000, 186.0000, 1.559e-8
56.0000, 186.0000, 1.643e-8
58.0000, 186.0000, 1.713e-8
60.0000, 186.0000, 1.681e-8
62.0000, 186.0000, 1.666e-8
64.0000, 186.0000, 1.658e-8
66.0000, 186.0000, 1.655e-8
68.0000, 186.0000, 1.671e-8
70.0000, 186.0000, 1.663e-8
72.0000, 186.0000, 1.599e-8
74.0000, 186.0000, 1.674e-8
76.0000, 186.0000, 1.763e-8
78.0000, 186.0000, 1.740e-8
80.0000, 186.0000, 1.718e-8
82.0000, 186.0000, 1.784e-8
84.0000, 186.0000, 1.739e-8
86.0000, 186.0000, 1.670e-8
88.0000, 186.0000, 1.694e-8
90.0000, 186.0000, 1.782e-8
92.0000, 186.0000, 1.809e-8
94.0000, 186.0000, 1.760e-8
96.0000, 186.0000, 1.772e-8
98.0000, 186.0000, 1.887e-8
100.0000, 186.0000, 1.891e-8
102.0000, 186.0000, 1.786e-8
104.0000, 186.0000, 1.765e-8
106.0000, 186.0000, 1.864e-8
108.0000, 186.0000, 1.885e-8
110.0000, 186.0000, 1.828e-8
112.0000, 186.0000, 1.883e-8
114.0000, 186.0000, 1.959e-8
116.0000, 186.0000, 1.930e-8
118.0000, 186.0000, 1.881e-8
120.0000, 186.0000, 1.931e-8
122.0000, 186.0000, 1.968e-8
124.0000, 186.0000, 1.942e-8
126.0000, 186.0000, 1.918e-8
128.0000, 186.0000, 1.929e-8
130.0000, 186.0000, 1.900e-8
132.0000, 186.0000, 1.855e-8
134.0000, 186.0000, 1.882e-8
136.0000, 186.0000, 1.934e-8
138.0000, 186.0000, 1.935e-8
140.0000, 186.0000, 1.910e-8
142.0000, 186.0000, 1.900e-8
144.0000, 186.0000, 1.894e-8
146.0000, 186.0000, 1.891e-8
148.0000, 186.0000, 1.908e-8
150.0000, 186.0000, 1.933e-8
152.0000, 186.0000, 1.940e-8
154.0000, 186.0000, 1.937e-8
156.0000, 186.0000, 1.949e-8
158.0000, 186.0000, 1.964e-8
160.0000, 186.0000, 1.959e-8
162.0000, 186.0000, 1.952e-8
164.0000, 186.0000, 1.959e-8
166.0000, 186.0000, 1.963e-8
168.0000, 186.0000, 1.955e-8
170.0000, 186.0000, 1.963e-8
172.0000, 186.0000, 1.964e-8
174.0000, 186.0000, 1.943e-8
176.0000, 186.0000, 1.926e-8
178.0000, 186.0000, 1.948e-8
180.0000, 186.0000, 1.985e-8
182.0000, 186.0000, 1.969e-8
184.0000, 186.0000, 1.934e-8
186.0000, 186.0000, 1.965e-8
188.0000, 186.0000, 2.007e-8
190.0000, 186.0000, 1.965e-8
192.0000, 186.0000, 1.920e-8
194.0000, 186.0000, 1.939e-8
196.0000, 186.0000, 1.966e-8
198.0000, 186.0000, 1.959e-8
200.0000, 186.0000, 1.967e-8
202.0000, 186.0000, 1.991e-8
204.0000, 186.0000, 1.969e-8
206.0000, 186.0000, 1.959e-8
208.0000, 186.0000, 2.000e-8
210.0000, 186.0000, 2.024e-8
212.0000, 186.0000, 2.017e-8
214.0000, 186.0000, 2.053e-8
216.0000, 186.0000, 2.085e-8
218.0000, 186.0000, 2.071e-8
220.0000, 186.0000, 2.066e-8
222.0000, 186.0000, 2.101e-8
224.0000, 186.0000, 2.100e-8
226.0000, 186.0000, 2.089e-8
228.0000, 186.0000, 2.135e-8
230.0000, 186.0000, 2.188e-8
232.0000, 186.0000, 2.161e-8
234.0000, 186.0000, 2.153e-8
236.0000, 186.0000, 2.211e-8
238.0000, 186.0000, 2.247e-8
240.0000, 186.0000, 2.212e-8
242.0000, 186.0000, 2.180e-8
244.0000, 186.0000, 2.227e-8
246.0000, 186.0000, 2.273e-8
248.0000, 186.0000, 2.267e-8
0.0000, 188.0000, 2.429e-8
2.0000, 188.0000, 2.110e-8
4.0000, 188.0000, 2.076e-8
6.0000, 188.0000, 2.272e-8
8.0000, 188.0000, 2.052e-8
10.0000, 188.0000, 1.721e-8
12.0000, 188.0000, 1.720e-8
14.0000, 188.0000, 1.837e-8
16.0000, 188.0000, 1.642e-8
18.0000, 188.0000, 1.491e-8
20.0000, 188.0000, 1.686e-8
22.0000, 188.0000, 1.808e-8
24.0000, 188.0000, 1.571e-8
26.0000, 188.0000, 1.505e-8
28.0000, 188.0000, 1.704e-8
30.0000, 188.0000, 1.710e-8
32.0000, 188.0000, 1.489e-8
34.0000, 188.0000, 1.544e-8
36.0000, 188.0000, 1.701e-8
38.0000, 188.0000, 1.607e-8
40.0000, 188.0000, 1.445e-8
42.0000, 188.0000, 1.412e-8
44.0000, 188.0000, 1.462e-8
46.0000, 188.0000, 1.440e-8
48.0000, 188.0000, 1.406e-8
50.0000, 188.0000, 1.476e-8
52.0000, 188.0000, 1.618e-8
54.0000, 188.0000, 1.598e-8
56.0000, 188.0000, 1.553e-8
58.0000, 188.0000, 1.593e-8
60.0000, 188.0000, 1.701e-8
62.0000, 188.0000, 1.665e-8
64.0000, 188.0000, 1.629e-8
66.0000, 188.0000, 1.675e-8
68.0000, 188.0000, 1.706e-8
70.0000, 188.0000, 1.679e-8
72.0000, 188.0000, 1.647e-8
74.0000, 188.0000, 1.629e-8
76.0000, 188.0000, 1.647e-8
78.0000, 188.0000, 1.657e-8
80.0000, 188.0000, 1.645e-8
82.0000, 188.0000, 1.684e-8
84.0000, 188.0000, 1.704e-8
86.0000, 188.0000, 1.676e-8
88.0000, 188.0000, 1.688e-8
90.0000, 188.0000, 1.838e-8
92.0000, 188.0000, 1.831e-8
94.0000, 188.0000, 1.781e-8
96.0000, 188.0000, 1.846e-8
98.0000, 188.0000, 1.895e-8
100.0000, 188.0000, 1.816e-8
102.0000, 188.0000, 1.809e-8
104.0000, 188.0000, 1.867e-8
106.0000, 188.0000, 1.833e-8
108.0000, 188.0000, 1.788e-8
110.0000, 188.0000, 1.830e-8
112.0000, 188.0000, 1.889e-8
114.0000, 188.0000, 1.865e-8
116.0000, 188.0000, 1.850e-8
118.0000, 188.0000, 1.927e-8
120.0000, 188.0000, 1.973e-8
122.0000, 188.0000, 1.919e-8
124.0000, 188.0000, 1.893e-8
126.0000, 188.0000, 1.925e-8
128.0000, 188.0000, 1.957e-8
130.0000, 188.0000, 1.934e-8
132.0000, 188.0000, 1.907e-8
134.0000, 188.0000, 1.915e-8
136.0000, 188.0000, 1.909e-8
138.0000, 188.0000, 1.889e-8
140.0000, 188.0000, 1.908e-8
142.0000, 188.0000, 1.922e-8
144.0000, 188.0000, 1.904e-8
146.0000, 188.0000, 1.909e-8
148.0000, 188.0000, 1.947e-8
150.0000, 188.0000, 1.946e-8
152.0000, 188.0000, 1.943e-8
154.0000, 188.0000, 1.972e-8
156.0000, 188.0000, 1.985e-8
158.0000, 188.0000, 1.958e-8
160.0000, 188.0000, 1.936e-8
162.0000, 188.0000, 1.954e-8
164.0000, 188.0000, 1.977e-8
166.0000, 188.0000, 1.972e-8
168.0000, 188.0000, 1.964e-8
170.0000, 188.0000, 2.004e-8
172.0000, 188.0000, 1.999e-8
174.0000, 188.0000, 1.937e-8
176.0000, 188.0000, 1.924e-8
178.0000, 188.0000, 1.998e-8
180.0000, 188.0000, 2.017e-8
182.0000, 188.0000, 1.976e-8
184.0000, 188.0000, 1.967e-8
186.0000, 188.0000, 1.993e-8
188.0000, 188.0000, 1.979e-8
190.0000, 188.0000, 1.938e-8
192.0000, 188.0000, 1.934e-8
194.0000, 188.0000, 1.948e-8
196.0000, 188.0000, 1.951e-8
198.0000, 188.0000, 1.957e-8
200.0000, 188.0000, 1.974e-8
202.0000, 188.0000, 1.973e-8
204.0000, 188.0000, 1.955e-8
206.0000, 188.0000, 1.965e-8
208.0000, 188.0000, 2.015e-8
210.0000, 188.0000, 2.026e-8
212.0000, 188.0000, 2.003e-8
214.0000, 188.0000, 2.040e-8
216.0000, 188.0000, 2.085e-8
218.0000, 188.0000, 2.070e-8
220.0000, 188.0000, 2.071e-8
222.0000, 188.0000, 2.113e-8
224.0000, 188.0000, 2.111e-8
226.0000, 188.0000, 2.097e-8
228.0000, 188.0000, 2.140e-8
230.0000, 188.0000, 2.189e-8
232.0000, 188.0000, 2.171e-8
234.0000, 188.0000, 2.155e-8
236.0000, 188.0000, 2.198e-8
238.0000, 188.0000, 2.229e-8
240.0000, 188.0000, 2.201e-8
242.0000, 188.0000, 2.198e-8
244.0000, 188.0000, 2.240e-8
246.0000, 188.0000, 2.263e-8
248.0000, 188.0000, 2.252e-8
0.0000, 190.0000, 2.254e-8
2.0000, 190.0000, 1.950e-8
4.0000, 190.0000, 2.017e-8
6.0000, 190.0000, 1.989e-8
8.0000, 190.0000, 1.822e-8
10.0000, 190.0000, 1.629e-8
12.0000, 190.0000, 1.847e-8
14.0000, 190.0000, 1.760e-8
16.0000, 190.0000, 1.621e-8
18.0000, 190.0000, 1.624e-8
20.0000, 190.0000, 1.700e-8
22.0000, 190.0000, 1.514e-8
24.0000, 190.0000, 1.458e-8
26.0000, 190.0000, 1.513e-8
28.0000, 190.0000, 1.483e-8
30.0000, 190.0000, 1.396e-8
32.0000, 190.0000, 1.392e-8
34.0000, 190.0000, 1.401e-8
36.0000, 190.0000, 1.408e-8
38.0000, 190.0000, 1.431e-8
40.0000, 190.0000, 1.459e-8
42.0000, 190.0000, 1.470e-8
44.0000, 190.0000, 1.464e-8
46.0000, 190.0000, 1.437e-8
48.0000, 190.0000, 1.464e-8
50.0000, 190.0000, 1.577e-8
52.0000, 190.0000, 1.586e-8
54.0000, 190.0000, 1.612e-8
56.0000, 190.0000, 1.685e-8
58.0000, 190.0000, 1.707e-8
60.0000, 190.0000, 1.645e-8
62.0000, 190.0000, 1.677e-8
64.0000, 190.0000, 1.730e-8
66.0000, 190.0000, 1.709e-8
68.0000, 190.0000, 1.670e-8
70.0000, 190.0000, 1.699e-8
72.0000, 190.0000, 1.717e-8
74.0000, 190.0000, 1.658e-8
76.0000, 190.0000, 1.634e-8
78.0000, 190.0000, 1.696e-8
80.0000, 190.0000, 1.719e-8
82.0000, 190.0000, 1.659e-8
84.0000, 190.0000, 1.641e-8
86.0000, 190.0000, 1.701e-8
88.0000, 190.0000, 1.740e-8
90.0000, 190.0000, 1.733e-8
92.0000, 190.0000, 1.767e-8
94.0000, 190.0000, 1.789e-8
96.0000, 190.0000, 1.785e-8
98.0000, 190.0000, 1.801e-8
100.0000, 190.0000, 1.842e-8
102.0000, 190.0000, 1.831e-8
104.0000, 190.0000, 1.814e-8
106.0000, 190.0000, 1.842e-8
108.0000, 190.0000, 1.870e-8
110.0000, 190.0000, 1.871e-8
112.0000, 190.0000, 1.874e-8
114.0000, 190.0000, 1.868e-8
116.0000, 190.0000, 1.872e-8
118.0000, 190.0000, 1.915e-8
120.0000, 190.0000, 1.985e-8
122.0000, 190.0000, 1.975e-8
124.0000, 190.0000, 1.942e-8
126.0000, 190.0000, 1.930e-8
128.0000, 190.0000, 1.921e-8
130.0000, 190.0000, 1.909e-8
132.0000, 190.0000, 1.947e-8
134.0000, 190.0000, 1.948e-8
136.0000, 190.0000, 1.914e-8
138.0000, 190.0000, 1.902e-8
140.0000, 190.0000, 1.937e-8
142.0000, 190.0000, 1.948e-8
144.0000, 190.0000, 1.932e-8
146.0000, 190.0000, 1.933e-8
148.0000, 190.0000, 1.980e-8
150.0000, 190.0000, 2.012e-8
152.0000, 190.0000, 1.970e-8
154.0000, 190.0000, 1.941e-8
156.0000, 190.0000, 1.958e-8
158.0000, 190.0000, 1.971e-8
160.0000, 190.0000, 1.970e-8
162.0000, 190.0000, 2.003e-8
164.0000, 190.0000, 1.998e-8
166.0000, 190.0000, 1.952e-8
168.0000, 190.0000, 1.937e-8
170.0000, 190.0000, 2.012e-8
172.0000, 190.0000, 2.036e-8
174.0000, 190.0000, 1.979e-8
176.0000, 190.0000, 1.936e-8
178.0000, 190.0000, 1.938e-8
180.0000, 190.0000, 1.956e-8
182.0000, 190.0000, 1.960e-8
184.0000, 190.0000, 1.964e-8
186.0000, 190.0000, 1.984e-8
188.0000, 190.0000, 1.983e-8
190.0000, 190.0000, 1.962e-8
192.0000, 190.0000, 1.953e-8
194.0000, 190.0000, 1.959e-8
196.0000, 190.0000, 1.955e-8
198.0000, 190.0000, 1.951e-8
200.0000, 190.0000, 1.978e-8
202.0000, 190.0000, 1.997e-8
204.0000, 190.0000, 1.982e-8
206.0000, 190.0000, 1.984e-8
208.0000, 190.0000, 2.012e-8
210.0000, 190.0000, 2.019e-8
212.0000, 190.0000, 2.014e-8
214.0000, 190.0000, 2.036e-8
216.0000, 190.0000, 2.059e-8
218.0000, 190.0000, 2.061e-8
220.0000, 190.0000, 2.060e-8
222.0000, 190.0000, 2.097e-8
224.0000, 190.0000, 2.126e-8
226.0000, 190.0000, 2.115e-8
228.0000, 190.0000, 2.108e-8
230.0000, 190.0000, 2.146e-8
232.0000, 190.0000, 2.184e-8
234.0000, 190.0000, 2.174e-8
236.0000, 190.0000, 2.177e-8
238.0000, 190.0000, 2.235e-8
240.0000, 190.0000, 2.271e-8
242.0000, 190.0000, 2.244e-8
244.0000, 190.0000, 2.248e-8
246.0000, 190.0000, 2.294e-8
248.0000, 190.0000, 2.302e-8
0.0000, 192.0000, 2.470e-8
2.0000, 192.0000, 2.195e-8
4.0000, 192.0000, 1.952e-8
6.0000, 192.0000, 1.732e-8
8.0000, 192.0000, 1.592e-8
10.0000, 192.0000, 1.543e-8
12.0000, 192.0000, 1.551e-8
14.0000, 192.0000, 1.423e-8
16.0000, 192.0000, 1.419e-8
18.0000, 192.0000, 1.552e-8
20.0000, 192.0000, 1.565e-8
22.0000, 192.0000, 1.397e-8
24.0000, 192.0000, 1.467e-8
26.0000, 192.0000, 1.559e-8
28.0000, 192.0000, 1.479e-8
30.0000, 192.0000, 1.414e-8
32.0000, 192.0000, 1.430e-8
34.0000, 192.0000, 1.375e-8
36.0000, 192.0000, 1.424e-8
38.0000, 192.0000, 1.552e-8
40.0000, 192.0000, 1.534e-8
42.0000, 192.0000, 1.479e-8
44.0000, 192.0000, 1.531e-8
46.0000, 192.0000, 1.505e-8
48.0000, 192.0000, 1.460e-8
50.0000, 192.0000, 1.553e-8
52.0000, 192.0000, 1.625e-8
54.0000, 192.0000, 1.608e-8
56.0000, 192.0000, 1.615e-8
58.0000, 192.0000, 1.622e-8
60.0000, 192.0000, 1.599e-8
62.0000, 192.0000, 1.683e-8
64.0000, 192.0000, 1.693e-8
66.0000, 192.0000, 1.648e-8
68.0000, 192.0000, 1.664e-8
70.0000, 192.0000, 1.755e-8
72.0000, 192.0000, 1.695e-8
74.0000, 192.0000, 1.637e-8
76.0000, 192.0000, 1.662e-8
78.0000, 192.0000, 1.676e-8
80.0000, 192.0000, 1.662e-8
82.0000, 192.0000, 1.658e-8
84.0000, 192.0000, 1.637e-8
86.0000, 192.0000, 1.648e-8
88.0000, 192.0000, 1.712e-8
90.0000, 192.0000, 1.746e-8
92.0000, 192.0000, 1.717e-8
94.0000, 192.0000, 1.750e-8
96.0000, 192.0000, 1.823e-8
98.0000, 192.0000, 1.849e-8
100.0000, 192.0000, 1.817e-8
102.0000, 192.0000, 1.796e-8
104.0000, 192.0000, 1.882e-8
106.0000, 192.0000, 1.938e-8
108.0000, 192.0000, 1.910e-8
110.0000, 192.0000, 1.896e-8
112.0000, 192.0000, 2.043e-8
114.0000, 192.0000, 2.052e-8
116.0000, 192.0000, 2.000e-8
118.0000, 192.0000, 1.999e-8
120.0000, 192.0000, 2.089e-8
122.0000, 192.0000, 2.032e-8
124.0000, 192.0000, 1.982e-8
126.0000, 192.0000, 2.039e-8
128.0000, 192.0000, 2.083e-8
130.0000, 192.0000, 2.009e-8
132.0000, 192.0000, 1.932e-8
134.0000, 192.0000, 1.924e-8
136.0000, 192.0000, 1.951e-8
138.0000, 192.0000, 1.935e-8
140.0000, 192.0000, 1.919e-8
142.0000, 192.0000, 1.951e-8
144.0000, 192.0000, 1.975e-8
146.0000, 192.0000, 1.954e-8
148.0000, 192.0000, 1.934e-8
150.0000, 192.0000, 1.996e-8
152.0000, 192.0000, 2.049e-8
154.0000, 192.0000, 2.007e-8
156.0000, 192.0000, 1.966e-8
158.0000, 192.0000, 1.997e-8
160.0000, 192.0000, 2.012e-8
162.0000, 192.0000, 1.983e-8
164.0000, 192.0000, 1.950e-8
166.0000, 192.0000, 1.967e-8
168.0000, 192.0000, 2.001e-8
170.0000, 192.0000, 1.988e-8
172.0000, 192.0000, 1.968e-8
174.0000, 192.0000, 1.974e-8
176.0000, 192.0000, 1.961e-8
178.0000, 192.0000, 1.940e-8
180.0000, 192.0000, 1.982e-8
182.0000, 192.0000, 2.020e-8
184.0000, 192.0000, 1.981e-8
186.0000, 192.0000, 1.960e-8
188.0000, 192.0000, 1.998e-8
190.0000, 192.0000, 2.004e-8
192.0000, 192.0000, 1.972e-8
194.0000, 192.0000, 1.967e-8
196.0000, 192.0000, 1.979e-8
198.0000, 192.0000, 1.972e-8
200.0000, 192.0000, 1.978e-8
202.0000, 192.0000, 1.995e-8
204.0000, 192.0000, 2.002e-8
206.0000, 192.0000, 2.018e-8
208.0000, 192.0000, 2.024e-8
210.0000, 192.0000, 2.012e-8
212.0000, 192.0000, 2.020e-8
214.0000, 192.0000, 2.031e-8
216.0000, 192.0000, 2.030e-8
218.0000, 192.0000, 2.039e-8
220.0000, 192.0000, 2.093e-8
222.0000, 192.0000, 2.125e-8
224.0000, 192.0000, 2.107e-8
226.0000, 192.0000, 2.106e-8
228.0000, 192.0000, 2.161e-8
230.0000, 192.0000, 2.189e-8
232.0000, 192.0000, 2.176e-8
234.0000, 192.0000, 2.171e-8
236.0000, 192.0000, 2.201e-8
238.0000, 192.0000, 2.227e-8
240.0000, 192.0000, 2.227e-8
242.0000, 192.0000, 2.224e-8
244.0000, 192.0000, 2.249e-8
246.0000, 192.0000, 2.275e-8
248.0000, 192.0000, 2.281e-8
0.0000, 194.0000, 2.804e-8
2.0000, 194.0000, 2.411e-8
4.0000, 194.0000, 2.370e-8
6.0000, 194.0000, 2.458e-8
8.0000, 194.0000, 2.172e-8
10.0000, 194.0000, 1.843e-8
12.0000, 194.0000, 1.998e-8
14.0000, 194.0000, 2.174e-8
16.0000, 194.0000, 1.975e-8
18.0000, 194.0000, 1.762e-8
20.0000, 194.0000, 2.020e-8
22.0000, 194.0000, 2.071e-8
24.0000, 194.0000, 1.821e-8
26.0000, 194.0000, 1.756e-8
28.0000, 194.0000, 2.003e-8
30.0000, 194.0000, 1.919e-8
32.0000, 194.0000, 1.679e-8
34.0000, 194.0000, 1.721e-8
36.0000, 194.0000, 1.763e-8
38.0000, 194.0000, 1.621e-8
40.0000, 194.0000, 1.550e-8
42.0000, 194.0000, 1.632e-8
44.0000, 194.0000, 1.622e-8
46.0000, 194.0000, 1.507e-8
48.0000, 194.0000, 1.456e-8
50.0000, 194.0000, 1.588e-8
52.0000, 194.0000, 1.680e-8
54.0000, 194.0000, 1.602e-8
56.0000, 194.0000, 1.601e-8
58.0000, 194.0000, 1.726e-8
60.0000, 194.0000, 1.724e-8
62.0000, 194.0000, 1.615e-8
64.0000, 194.0000, 1.715e-8
66.0000, 194.0000, 1.821e-8
68.0000, 194.0000, 1.755e-8
70.0000, 194.0000, 1.700e-8
72.0000, 194.0000, 1.797e-8
74.0000, 194.0000, 1.790e-8
76.0000, 194.0000, 1.688e-8
78.0000, 194.0000, 1.645e-8
80.0000, 194.0000, 1.713e-8
82.0000, 194.0000, 1.715e-8
84.0000, 194.0000, 1.657e-8
86.0000, 194.0000, 1.668e-8
88.0000, 194.0000, 1.732e-8
90.0000, 194.0000, 1.746e-8
92.0000, 194.0000, 1.768e-8
94.0000, 194.0000, 1.863e-8
96.0000, 194.0000, 1.881e-8
98.0000, 194.0000, 1.832e-8
100.0000, 194.0000, 1.872e-8
102.0000, 194.0000, 2.006e-8
104.0000, 194.0000, 1.992e-8
106.0000, 194.0000, 1.919e-8
108.0000, 194.0000, 1.963e-8
110.0000, 194.0000, 2.081e-8
112.0000, 194.0000, 2.011e-8
114.0000, 194.0000, 1.956e-8
116.0000, 194.0000, 2.019e-8
118.0000, 194.0000, 2.058e-8
120.0000, 194.0000, 1.986e-8
122.0000, 194.0000, 1.942e-8
124.0000, 194.0000, 1.985e-8
126.0000, 194.0000, 2.035e-8
128.0000, 194.0000, 2.005e-8
130.0000, 194.0000, 1.962e-8
132.0000, 194.0000, 1.986e-8
134.0000, 194.0000, 2.001e-8
136.0000, 194.0000, 1.947e-8
138.0000, 194.0000, 1.913e-8
140.0000, 194.0000, 2.004e-8
142.0000, 194.0000, 2.030e-8
144.0000, 194.0000, 1.993e-8
146.0000, 194.0000, 1.982e-8
148.0000, 194.0000, 2.013e-8
150.0000, 194.0000, 2.016e-8
152.0000, 194.0000, 1.987e-8
154.0000, 194.0000, 1.996e-8
156.0000, 194.0000, 2.047e-8
158.0000, 194.0000, 2.052e-8
160.0000, 194.0000, 1.997e-8
162.0000, 194.0000, 2.009e-8
164.0000, 194.0000, 2.060e-8
166.0000, 194.0000, 2.044e-8
168.0000, 194.0000, 1.993e-8
170.0000, 194.0000, 2.021e-8
172.0000, 194.0000, 2.047e-8
174.0000, 194.0000, 2.009e-8
176.0000, 194.0000, 1.975e-8
178.0000, 194.0000, 1.982e-8
180.0000, 194.0000, 1.984e-8
182.0000, 194.0000, 1.984e-8
184.0000, 194.0000, 2.008e-8
186.0000, 194.0000, 2.026e-8
188.0000, 194.0000, 2.006e-8
190.0000, 194.0000, 1.997e-8
192.0000, 194.0000, 2.021e-8
194.0000, 194.0000, 2.013e-8
196.0000, 194.0000, 1.979e-8
198.0000, 194.0000, 1.980e-8
200.0000, 194.0000, 2.010e-8
202.0000, 194.0000, 2.019e-8
204.0000, 194.0000, 2.019e-8
206.0000, 194.0000, 2.041e-8
208.0000, 194.0000, 2.061e-8
210.0000, 194.0000, 2.052e-8
212.0000, 194.0000, 2.042e-8
214.0000, 194.0000, 2.059e-8
216.0000, 194.0000, 2.076e-8
218.0000, 194.0000, 2.086e-8
220.0000, 194.0000, 2.103e-8
222.0000, 194.0000, 2.115e-8
224.0000, 194.0000, 2.125e-8
226.0000, 194.0000, 2.152e-8
228.0000, 194.0000, 2.171e-8
230.0000, 194.0000, 2.169e-8
232.0000, 194.0000, 2.185e-8
234.0000, 194.0000, 2.226e-8
236.0000, 194.0000, 2.233e-8
238.0000, 194.0000, 2.231e-8
240.0000, 194.0000, 2.278e-8
242.0000, 194.0000, 2.302e-8
244.0000, 194.0000, 2.282e-8
246.0000, 194.0000, 2.274e-8
248.0000, 194.0000, 2.312e-8
0.0000, 196.0000, 2.443e-8
2.0000, 196.0000, 2.121e-8
4.0000, 196.0000, 2.037e-8
6.0000, 196.0000, 1.934e-8
8.0000, 196.0000, 1.796e-8
10.0000, 196.0000, 1.678e-8
12.0000, 196.0000, 1.834e-8
14.0000, 196.0000, 1.779e-8
16.0000, 196.0000, 1.620e-8
18.0000, 196.0000, 1.572e-8
20.0000, 196.0000, 1.684e-8
22.0000, 196.0000, 1.566e-8
24.0000, 196.0000, 1.487e-8
26.0000, 196.0000, 1.566e-8
28.0000, 196.0000, 1.598e-8
30.0000, 196.0000, 1.481e-8
32.0000, 196.0000, 1.443e-8
34.0000, 196.0000, 1.479e-8
36.0000, 196.0000, 1.483e-8
38.0000, 196.0000, 1.457e-8
40.0000, 196.0000, 1.478e-8
42.0000, 196.0000, 1.539e-8
44.0000, 196.0000, 1.549e-8
46.0000, 196.0000, 1.509e-8
48.0000, 196.0000, 1.503e-8
50.0000, 196.0000, 1.593e-8
52.0000, 196.0000, 1.615e-8
54.0000, 196.0000, 1.608e-8
56.0000, 196.0000, 1.647e-8
58.0000, 196.0000, 1.672e-8
60.0000, 196.0000, 1.631e-8
62.0000, 196.0000, 1.644e-8
64.0000, 196.0000, 1.721e-8
66.0000, 196.0000, 1.718e-8
68.0000, 196.0000, 1.679e-8
70.0000, 196.0000, 1.725e-8
72.0000, 196.0000, 1.754e-8
74.0000, 196.0000, 1.710e-8
76.0000, 196.0000, 1.675e-8
78.0000, 196.0000, 1.693e-8
80.0000, 196.0000, 1.712e-8
82.0000, 196.0000, 1.695e-8
84.0000, 196.0000, 1.681e-8
86.0000, 196.0000, 1.704e-8
88.0000, 196.0000, 1.744e-8
90.0000, 196.0000, 1.755e-8
92.0000, 196.0000, 1.755e-8
94.0000, 196.0000, 1.807e-8
96.0000, 196.0000, 1.876e-8
98.0000, 196.0000, 1.886e-8
100.0000, 196.0000, 1.866e-8
102.0000, 196.0000, 1.901e-8
104.0000, 196.0000, 1.968e-8
106.0000, 196.0000, 1.964e-8
108.0000, 196.0000, 1.906e-8
110.0000, 196.0000, 1.907e-8
112.0000, 196.0000, 1.971e-8
114.0000, 196.0000, 1.984e-8
116.0000, 196.0000, 1.970e-8
118.0000, 196.0000, 1.995e-8
120.0000, 196.0000, 2.062e-8
122.0000, 196.0000, 2.018e-8
124.0000, 196.0000, 1.991e-8
126.0000, 196.0000, 2.067e-8
128.0000, 196.0000, 2.114e-8
130.0000, 196.0000, 2.037e-8
132.0000, 196.0000, 2.018e-8
134.0000, 196.0000, 2.048e-8
136.0000, 196.0000, 2.015e-8
138.0000, 196.0000, 1.955e-8
140.0000, 196.0000, 1.980e-8
142.0000, 196.0000, 2.080e-8
144.0000, 196.0000, 2.067e-8
146.0000, 196.0000, 2.007e-8
148.0000, 196.0000, 2.008e-8
150.0000, 196.0000, 2.049e-8
152.0000, 196.0000, 2.027e-8
154.0000, 196.0000, 2.007e-8
156.0000, 196.0000, 2.032e-8
158.0000, 196.0000, 2.044e-8
160.0000, 196.0000, 2.025e-8
162.0000, 196.0000, 2.025e-8
164.0000, 196.0000, 2.038e-8
166.0000, 196.0000, 2.041e-8
168.0000, 196.0000, 2.030e-8
170.0000, 196.0000, 2.022e-8
172.0000, 196.0000, 1.994e-8
174.0000, 196.0000, 2.002e-8
176.0000, 196.0000, 2.072e-8
178.0000, 196.0000, 2.076e-8
180.0000, 196.0000, 2.002e-8
182.0000, 196.0000, 1.974e-8
184.0000, 196.0000, 2.047e-8
186.0000, 196.0000, 2.087e-8
188.0000, 196.0000, 2.041e-8
190.0000, 196.0000, 2.001e-8
192.0000, 196.0000, 2.034e-8
194.0000, 196.0000, 2.057e-8
196.0000, 196.0000, 2.027e-8
198.0000, 196.0000, 2.008e-8
200.0000, 196.0000, 2.052e-8
202.0000, 196.0000, 2.066e-8
204.0000, 196.0000, 2.049e-8
206.0000, 196.0000, 2.066e-8
208.0000, 196.0000, 2.101e-8
210.0000, 196.0000, 2.080e-8
212.0000, 196.0000, 2.059e-8
214.0000, 196.0000, 2.090e-8
216.0000, 196.0000, 2.115e-8
218.0000, 196.0000, 2.103e-8
220.0000, 196.0000, 2.110e-8
222.0000, 196.0000, 2.144e-8
224.0000, 196.0000, 2.156e-8
226.0000, 196.0000, 2.162e-8
228.0000, 196.0000, 2.181e-8
230.0000, 196.0000, 2.194e-8
232.0000, 196.0000, 2.193e-8
234.0000, 196.0000, 2.213e-8
236.0000, 196.0000, 2.256e-8
238.0000, 196.0000, 2.276e-8
240.0000, 196.0000, 2.271e-8
242.0000, 196.0000, 2.295e-8
244.0000, 196.0000, 2.326e-8
246.0000, 196.0000, 2.318e-8
248.0000, 196.0000, 2.307e-8
0.0000, 198.0000, 2.782e-8
2.0000, 198.0000, 2.472e-8
4.0000, 198.0000, 2.226e-8
6.0000, 198.0000, 1.938e-8
8.0000, 198.0000, 1.830e-8
10.0000, 198.0000, 1.841e-8
12.0000, 198.0000, 1.892e-8
14.0000, 198.0000, 1.695e-8
16.0000, 198.0000, 1.625e-8
18.0000, 198.0000, 1.760e-8
20.0000, 198.0000, 1.777e-8
22.0000, 198.0000, 1.563e-8
24.0000, 198.0000, 1.596e-8
26.0000, 198.0000, 1.755e-8
28.0000, 198.0000, 1.681e-8
30.0000, 198.0000, 1.509e-8
32.0000, 198.0000, 1.571e-8
34.0000, 198.0000, 1.611e-8
36.0000, 198.0000, 1.518e-8
38.0000, 198.0000, 1.443e-8
40.0000, 198.0000, 1.511e-8
42.0000, 198.0000, 1.579e-8
44.0000, 198.0000, 1.527e-8
46.0000, 198.0000, 1.473e-8
48.0000, 198.0000, 1.529e-8
50.0000, 198.0000, 1.674e-8
52.0000, 198.0000, 1.662e-8
54.0000, 198.0000, 1.662e-8
56.0000, 198.0000, 1.761e-8
58.0000, 198.0000, 1.774e-8
60.0000, 198.0000, 1.669e-8
62.0000, 198.0000, 1.664e-8
64.0000, 198.0000, 1.747e-8
66.0000, 198.0000, 1.725e-8
68.0000, 198.0000, 1.662e-8
70.0000, 198.0000, 1.733e-8
72.0000, 198.0000, 1.777e-8
74.0000, 198.0000, 1.715e-8
76.0000, 198.0000, 1.653e-8
78.0000, 198.0000, 1.679e-8
80.0000, 198.0000, 1.739e-8
82.0000, 198.0000, 1.721e-8
84.0000, 198.0000, 1.685e-8
86.0000, 198.0000, 1.727e-8
88.0000, 198.0000, 1.784e-8
90.0000, 198.0000, 1.740e-8
92.0000, 198.0000, 1.737e-8
94.0000, 198.0000, 1.836e-8
96.0000, 198.0000, 1.882e-8
98.0000, 198.0000, 1.872e-8
100.0000, 198.0000, 1.913e-8
102.0000, 198.0000, 1.946e-8
104.0000, 198.0000, 1.958e-8
106.0000, 198.0000, 1.940e-8
108.0000, 198.0000, 1.911e-8
110.0000, 198.0000, 1.918e-8
112.0000, 198.0000, 1.966e-8
114.0000, 198.0000, 1.984e-8
116.0000, 198.0000, 1.986e-8
118.0000, 198.0000, 2.001e-8
120.0000, 198.0000, 2.022e-8
122.0000, 198.0000, 1.995e-8
124.0000, 198.0000, 2.000e-8
126.0000, 198.0000, 2.040e-8
128.0000, 198.0000, 2.051e-8
130.0000, 198.0000, 2.012e-8
132.0000, 198.0000, 2.018e-8
134.0000, 198.0000, 2.022e-8
136.0000, 198.0000, 1.988e-8
138.0000, 198.0000, 1.965e-8
140.0000, 198.0000, 2.010e-8
142.0000, 198.0000, 2.063e-8
144.0000, 198.0000, 2.044e-8
146.0000, 198.0000, 2.006e-8
148.0000, 198.0000, 2.005e-8
150.0000, 198.0000, 2.032e-8
152.0000, 198.0000, 2.028e-8
154.0000, 198.0000, 2.024e-8
156.0000, 198.0000, 2.038e-8
158.0000, 198.0000, 2.039e-8
160.0000, 198.0000, 2.034e-8
162.0000, 198.0000, 2.052e-8
164.0000, 198.0000, 2.065e-8
166.0000, 198.0000, 2.062e-8
168.0000, 198.0000, 2.047e-8
170.0000, 198.0000, 2.031e-8
172.0000, 198.0000, 2.020e-8
174.0000, 198.0000, 2.019e-8
176.0000, 198.0000, 2.039e-8
178.0000, 198.0000, 2.048e-8
180.0000, 198.0000, 2.019e-8
182.0000, 198.0000, 1.991e-8
184.0000, 198.0000, 2.007e-8
186.0000, 198.0000, 2.066e-8
188.0000, 198.0000, 2.073e-8
190.0000, 198.0000, 2.026e-8
192.0000, 198.0000, 2.029e-8
194.0000, 198.0000, 2.084e-8
196.0000, 198.0000, 2.081e-8
198.0000, 198.0000, 2.034e-8
200.0000, 198.0000, 2.052e-8
202.0000, 198.0000, 2.092e-8
204.0000, 198.0000, 2.072e-8
206.0000, 198.0000, 2.070e-8
208.0000, 198.0000, 2.120e-8
210.0000, 198.0000, 2.121e-8
212.0000, 198.0000, 2.064e-8
214.0000, 198.0000, 2.036e-8
216.0000, 198.0000, 2.082e-8
218.0000, 198.0000, 2.127e-8
220.0000, 198.0000, 2.140e-8
222.0000, 198.0000, 2.145e-8
224.0000, 198.0000, 2.161e-8
226.0000, 198.0000, 2.179e-8
228.0000, 198.0000, 2.190e-8
230.0000, 198.0000, 2.187e-8
232.0000, 198.0000, 2.188e-8
234.0000, 198.0000, 2.202e-8
236.0000, 198.0000, 2.236e-8
238.0000, 198.0000, 2.269e-8
240.0000, 198.0000, 2.280e-8
242.0000, 198.0000, 2.288e-8
244.0000, 198.0000, 2.308e-8
246.0000, 198.0000, 2.318e-8
248.0000, 198.0000, 2.316e-8
0.0000, 200.0000, 2.868e-8
2.0000, 200.0000, 2.456e-8
4.0000, 200.0000, 2.461e-8
6.0000, 200.0000, 2.267e-8
8.0000, 200.0000, 2.076e-8
10.0000, 200.0000, 1.944e-8
12.0000, 200.0000, 2.147e-8
14.0000, 200.0000, 1.999e-8
16.0000, 200.0000, 1.821e-8
18.0000, 200.0000, 1.920e-8
20.0000, 200.0000, 2.070e-8
22.0000, 200.0000, 1.858e-8
24.0000, 200.0000, 1.808e-8
26.0000, 200.0000, 1.908e-8
28.0000, 200.0000, 1.794e-8
30.0000, 200.0000, 1.561e-8
32.0000, 200.0000, 1.559e-8
34.0000, 200.0000, 1.566e-8
36.0000, 200.0000, 1.498e-8
38.0000, 200.0000, 1.473e-8
40.0000, 200.0000, 1.534e-8
42.0000, 200.0000, 1.527e-8
44.0000, 200.0000, 1.493e-8
46.0000, 200.0000, 1.470e-8
48.0000, 200.0000, 1.507e-8
50.0000, 200.0000, 1.621e-8
52.0000, 200.0000, 1.640e-8
54.0000, 200.0000, 1.650e-8
56.0000, 200.0000, 1.702e-8
58.0000, 200.0000, 1.701e-8
60.0000, 200.0000, 1.646e-8
62.0000, 200.0000, 1.715e-8
64.0000, 200.0000, 1.729e-8
66.0000, 200.0000, 1.696e-8
68.0000, 200.0000, 1.734e-8
70.0000, 200.0000, 1.852e-8
72.0000, 200.0000, 1.782e-8
74.0000, 200.0000, 1.708e-8
76.0000, 200.0000, 1.767e-8
78.0000, 200.0000, 1.797e-8
80.0000, 200.0000, 1.714e-8
82.0000, 200.0000, 1.695e-8
84.0000, 200.0000, 1.783e-8
86.0000, 200.0000, 1.806e-8
88.0000, 200.0000, 1.749e-8
90.0000, 200.0000, 1.769e-8
92.0000, 200.0000, 1.891e-8
94.0000, 200.0000, 1.879e-8
96.0000, 200.0000, 1.819e-8
98.0000, 200.0000, 1.852e-8
100.0000, 200.0000, 1.981e-8
102.0000, 200.0000, 1.961e-8
104.0000, 200.0000, 1.920e-8
106.0000, 200.0000, 1.971e-8
108.0000, 200.0000, 2.017e-8
110.0000, 200.0000, 1.984e-8
112.0000, 200.0000, 2.052e-8
114.0000, 200.0000, 2.100e-8
116.0000, 200.0000, 2.055e-8
118.0000, 200.0000, 2.022e-8
120.0000, 200.0000, 2.077e-8
122.0000, 200.0000, 2.063e-8
124.0000, 200.0000, 2.007e-8
126.0000, 200.0000, 2.002e-8
128.0000, 200.0000, 2.062e-8
130.0000, 200.0000, 2.066e-8
132.0000, 200.0000, 2.011e-8
134.0000, 200.0000, 2.006e-8
136.0000, 200.0000, 2.035e-8
138.0000, 200.0000, 2.023e-8
140.0000, 200.0000, 2.004e-8
142.0000, 200.0000, 2.034e-8
144.0000, 200.0000, 2.048e-8
146.0000, 200.0000, 2.035e-8
148.0000, 200.0000, 2.032e-8
150.0000, 200.0000, 2.052e-8
152.0000, 200.0000, 2.048e-8
154.0000, 200.0000, 2.048e-8
156.0000, 200.0000, 2.053e-8
158.0000, 200.0000, 2.037e-8
160.0000, 200.0000, 2.035e-8
162.0000, 200.0000, 2.058e-8
164.0000, 200.0000, 2.083e-8
166.0000, 200.0000, 2.058e-8
168.0000, 200.0000, 2.011e-8
170.0000, 200.0000, 2.045e-8
172.0000, 200.0000, 2.089e-8
174.0000, 200.0000, 2.062e-8
176.0000, 200.0000, 2.026e-8
178.0000, 200.0000, 2.018e-8
180.0000, 200.0000, 2.010e-8
182.0000, 200.0000, 1.984e-8
184.0000, 200.0000, 2.028e-8
186.0000, 200.0000, 2.102e-8
188.0000, 200.0000, 2.077e-8
190.0000, 200.0000, 2.007e-8
192.0000, 200.0000, 2.013e-8
194.0000, 200.0000, 2.078e-8
196.0000, 200.0000, 2.071e-8
198.0000, 200.0000, 2.028e-8
200.0000, 200.0000, 2.057e-8
202.0000, 200.0000, 2.096e-8
204.0000, 200.0000, 2.075e-8
206.0000, 200.0000, 2.058e-8
208.0000, 200.0000, 2.086e-8
210.0000, 200.0000, 2.098e-8
212.0000, 200.0000, 2.078e-8
214.0000, 200.0000, 2.098e-8
216.0000, 200.0000, 2.125e-8
218.0000, 200.0000, 2.110e-8
220.0000, 200.0000, 2.097e-8
222.0000, 200.0000, 2.136e-8
224.0000, 200.0000, 2.162e-8
226.0000, 200.0000, 2.164e-8
228.0000, 200.0000, 2.192e-8
230.0000, 200.0000, 2.229e-8
232.0000, 200.0000, 2.221e-8
234.0000, 200.0000, 2.213e-8
236.0000, 200.0000, 2.256e-8
238.0000, 200.0000, 2.293e-8
240.0000, 200.0000, 2.275e-8
242.0000, 200.0000, 2.265e-8
244.0000, 200.0000, 2.300e-8
246.0000, 200.0000, 2.326e-8
248.0000, 200.0000, 2.327e-8
0.0000, 202.0000, 2.744e-8
2.0000, 202.0000, 2.518e-8
4.0000, 202.0000, 2.218e-8
6.0000, 202.0000, 1.915e-8
8.0000, 202.0000, 1.756e-8
10.0000, 202.0000, 1.844e-8
12.0000, 202.0000, 1.869e-8
14.0000, 202.0000, 1.664e-8
16.0000, 202.0000, 1.619e-8
18.0000, 202.0000, 1.822e-8
20.0000, 202.0000, 1.815e-8
22.0000, 202.0000, 1.598e-8
24.0000, 202.0000, 1.664e-8
26.0000, 202.0000, 1.778e-8
28.0000, 202.0000, 1.717e-8
30.0000, 202.0000, 1.607e-8
32.0000, 202.0000, 1.660e-8
34.0000, 202.0000, 1.573e-8
36.0000, 202.0000, 1.506e-8
38.0000, 202.0000, 1.563e-8
40.0000, 202.0000, 1.599e-8
42.0000, 202.0000, 1.542e-8
44.0000, 202.0000, 1.543e-8
46.0000, 202.0000, 1.563e-8
48.0000, 202.0000, 1.558e-8
50.0000, 202.0000, 1.579e-8
52.0000, 202.0000, 1.593e-8
54.0000, 202.0000, 1.604e-8
56.0000, 202.0000, 1.628e-8
58.0000, 202.0000, 1.631e-8
60.0000, 202.0000, 1.616e-8
62.0000, 202.0000, 1.673e-8
64.0000, 202.0000, 1.700e-8
66.0000, 202.0000, 1.716e-8
68.0000, 202.0000, 1.733e-8
70.0000, 202.0000, 1.692e-8
72.0000, 202.0000, 1.708e-8
74.0000, 202.0000, 1.842e-8
76.0000, 202.0000, 1.864e-8
78.0000, 202.0000, 1.775e-8
80.0000, 202.0000, 1.780e-8
82.0000, 202.0000, 1.915e-8
84.0000, 202.0000, 1.864e-8
86.0000, 202.0000, 1.760e-8
88.0000, 202.0000, 1.789e-8
90.0000, 202.0000, 1.885e-8
92.0000, 202.0000, 1.858e-8
94.0000, 202.0000, 1.793e-8
96.0000, 202.0000, 1.822e-8
98.0000, 202.0000, 1.963e-8
100.0000, 202.0000, 2.010e-8
102.0000, 202.0000, 1.937e-8
104.0000, 202.0000, 1.965e-8
106.0000, 202.0000, 2.099e-8
108.0000, 202.0000, 2.097e-8
110.0000, 202.0000, 1.988e-8
112.0000, 202.0000, 2.007e-8
114.0000, 202.0000, 2.062e-8
116.0000, 202.0000, 2.025e-8
118.0000, 202.0000, 1.979e-8
120.0000, 202.0000, 2.041e-8
122.0000, 202.0000, 2.045e-8
124.0000, 202.0000, 1.995e-8
126.0000, 202.0000, 1.968e-8
128.0000, 202.0000, 1.981e-8
130.0000, 202.0000, 1.991e-8
132.0000, 202.0000, 1.984e-8
134.0000, 202.0000, 1.974e-8
136.0000, 202.0000, 2.009e-8
138.0000, 202.0000, 2.035e-8
140.0000, 202.0000, 1.995e-8
142.0000, 202.0000, 1.976e-8
144.0000, 202.0000, 2.023e-8
146.0000, 202.0000, 2.052e-8
148.0000, 202.0000, 2.026e-8
150.0000, 202.0000, 1.997e-8
152.0000, 202.0000, 2.015e-8
154.0000, 202.0000, 2.024e-8
156.0000, 202.0000, 2.006e-8
158.0000, 202.0000, 2.009e-8
160.0000, 202.0000, 2.050e-8
162.0000, 202.0000, 2.053e-8
164.0000, 202.0000, 2.036e-8
166.0000, 202.0000, 2.060e-8
168.0000, 202.0000, 2.065e-8
170.0000, 202.0000, 2.024e-8
172.0000, 202.0000, 2.024e-8
174.0000, 202.0000, 2.067e-8
176.0000, 202.0000, 2.062e-8
178.0000, 202.0000, 2.011e-8
180.0000, 202.0000, 2.018e-8
182.0000, 202.0000, 2.067e-8
184.0000, 202.0000, 2.051e-8
186.0000, 202.0000, 2.022e-8
188.0000, 202.0000, 2.045e-8
190.0000, 202.0000, 2.069e-8
192.0000, 202.0000, 2.047e-8
194.0000, 202.0000, 2.040e-8
196.0000, 202.0000, 2.079e-8
198.0000, 202.0000, 2.080e-8
200.0000, 202.0000, 2.043e-8
202.0000, 202.0000, 2.044e-8
204.0000, 202.0000, 2.070e-8
206.0000, 202.0000, 2.061e-8
208.0000, 202.0000, 2.041e-8
210.0000, 202.0000, 2.072e-8
212.0000, 202.0000, 2.100e-8
214.0000, 202.0000, 2.084e-8
216.0000, 202.0000, 2.075e-8
218.0000, 202.0000, 2.093e-8
220.0000, 202.0000, 2.102e-8
222.0000, 202.0000, 2.123e-8
224.0000, 202.0000, 2.162e-8
226.0000, 202.0000, 2.169e-8
228.0000, 202.0000, 2.145e-8
230.0000, 202.0000, 2.157e-8
232.0000, 202.0000, 2.203e-8
234.0000, 202.0000, 2.213e-8
236.0000, 202.0000, 2.216e-8
238.0000, 202.0000, 2.255e-8
240.0000, 202.0000, 2.293e-8
242.0000, 202.0000, 2.280e-8
244.0000, 202.0000, 2.262e-8
246.0000, 202.0000, 2.288e-8
248.0000, 202.0000, 2.328e-8
0.0000, 204.0000, 2.612e-8
2.0000, 204.0000, 2.429e-8
4.0000, 204.0000, 2.139e-8
6.0000, 204.0000, 1.858e-8
8.0000, 204.0000, 1.733e-8
10.0000, 204.0000, 1.808e-8
12.0000, 204.0000, 1.757e-8
14.0000, 204.0000, 1.583e-8
16.0000, 204.0000, 1.570e-8
18.0000, 204.0000, 1.719e-8
20.0000, 204.0000, 1.672e-8
22.0000, 204.0000, 1.514e-8
24.0000, 204.0000, 1.607e-8
26.0000, 204.0000, 1.681e-8
28.0000, 204.0000, 1.622e-8
30.0000, 204.0000, 1.567e-8
32.0000, 204.0000, 1.645e-8
34.0000, 204.0000, 1.582e-8
36.0000, 204.0000, 1.516e-8
38.0000, 204.0000, 1.545e-8
40.0000, 204.0000, 1.570e-8
42.0000, 204.0000, 1.529e-8
44.0000, 204.0000, 1.544e-8
46.0000, 204.0000, 1.574e-8
48.0000, 204.0000, 1.566e-8
50.0000, 204.0000, 1.588e-8
52.0000, 204.0000, 1.609e-8
54.0000, 204.0000, 1.611e-8
56.0000, 204.0000, 1.610e-8
58.0000, 204.0000, 1.609e-8
60.0000, 204.0000, 1.618e-8
62.0000, 204.0000, 1.671e-8
64.0000, 204.0000, 1.686e-8
66.0000, 204.0000, 1.685e-8
68.0000, 204.0000, 1.707e-8
70.0000, 204.0000, 1.701e-8
72.0000, 204.0000, 1.709e-8
74.0000, 204.0000, 1.809e-8
76.0000, 204.0000, 1.815e-8
78.0000, 204.0000, 1.737e-8
80.0000, 204.0000, 1.752e-8
82.0000, 204.0000, 1.857e-8
84.0000, 204.0000, 1.803e-8
86.0000, 204.0000, 1.740e-8
88.0000, 204.0000, 1.817e-8
90.0000, 204.0000, 1.889e-8
92.0000, 204.0000, 1.816e-8
94.0000, 204.0000, 1.772e-8
96.0000, 204.0000, 1.854e-8
98.0000, 204.0000, 1.909e-8
100.0000, 204.0000, 1.872e-8
102.0000, 204.0000, 1.856e-8
104.0000, 204.0000, 1.949e-8
106.0000, 204.0000, 2.009e-8
108.0000, 204.0000, 1.962e-8
110.0000, 204.0000, 1.941e-8
112.0000, 204.0000, 2.018e-8
114.0000, 204.0000, 2.020e-8
116.0000, 204.0000, 1.983e-8
118.0000, 204.0000, 2.000e-8
120.0000, 204.0000, 2.061e-8
122.0000, 204.0000, 2.024e-8
124.0000, 204.0000, 1.982e-8
126.0000, 204.0000, 1.980e-8
128.0000, 204.0000, 1.980e-8
130.0000, 204.0000, 1.991e-8
132.0000, 204.0000, 2.030e-8
134.0000, 204.0000, 2.048e-8
136.0000, 204.0000, 2.037e-8
138.0000, 204.0000, 1.998e-8
140.0000, 204.0000, 1.956e-8
142.0000, 204.0000, 1.952e-8
144.0000, 204.0000, 2.004e-8
146.0000, 204.0000, 2.030e-8
148.0000, 204.0000, 2.020e-8
150.0000, 204.0000, 2.036e-8
152.0000, 204.0000, 2.063e-8
154.0000, 204.0000, 2.044e-8
156.0000, 204.0000, 2.030e-8
158.0000, 204.0000, 2.067e-8
160.0000, 204.0000, 2.085e-8
162.0000, 204.0000, 2.038e-8
164.0000, 204.0000, 2.016e-8
166.0000, 204.0000, 2.064e-8
168.0000, 204.0000, 2.086e-8
170.0000, 204.0000, 2.035e-8
172.0000, 204.0000, 2.007e-8
174.0000, 204.0000, 2.053e-8
176.0000, 204.0000, 2.056e-8
178.0000, 204.0000, 2.011e-8
180.0000, 204.0000, 2.026e-8
182.0000, 204.0000, 2.062e-8
184.0000, 204.0000, 2.025e-8
186.0000, 204.0000, 1.992e-8
188.0000, 204.0000, 2.047e-8
190.0000, 204.0000, 2.103e-8
192.0000, 204.0000, 2.062e-8
194.0000, 204.0000, 2.026e-8
196.0000, 204.0000, 2.070e-8
198.0000, 204.0000, 2.097e-8
200.0000, 204.0000, 2.056e-8
202.0000, 204.0000, 2.034e-8
204.0000, 204.0000, 2.074e-8
206.0000, 204.0000, 2.083e-8
208.0000, 204.0000, 2.053e-8
210.0000, 204.0000, 2.076e-8
212.0000, 204.0000, 2.134e-8
214.0000, 204.0000, 2.115e-8
216.0000, 204.0000, 2.081e-8
218.0000, 204.0000, 2.114e-8
220.0000, 204.0000, 2.147e-8
222.0000, 204.0000, 2.115e-8
224.0000, 204.0000, 2.124e-8
226.0000, 204.0000, 2.185e-8
228.0000, 204.0000, 2.194e-8
230.0000, 204.0000, 2.171e-8
232.0000, 204.0000, 2.194e-8
234.0000, 204.0000, 2.230e-8
236.0000, 204.0000, 2.241e-8
238.0000, 204.0000, 2.255e-8
240.0000, 204.0000, 2.288e-8
242.0000, 204.0000, 2.298e-8
244.0000, 204.0000, 2.287e-8
246.0000, 204.0000, 2.296e-8
248.0000, 204.0000, 2.334e-8
0.0000, 206.0000, 2.599e-8
2.0000, 206.0000, 2.319e-8
4.0000, 206.0000, 2.141e-8
6.0000, 206.0000, 1.874e-8
8.0000, 206.0000, 1.756e-8
10.0000, 206.0000, 1.774e-8
12.0000, 206.0000, 1.874e-8
14.0000, 206.0000, 1.698e-8
16.0000, 206.0000, 1.636e-8
18.0000, 206.0000, 1.733e-8
20.0000, 206.0000, 1.763e-8
22.0000, 206.0000, 1.562e-8
24.0000, 206.0000, 1.551e-8
26.0000, 206.0000, 1.649e-8
28.0000, 206.0000, 1.601e-8
30.0000, 206.0000, 1.474e-8
32.0000, 206.0000, 1.497e-8
34.0000, 206.0000, 1.521e-8
36.0000, 206.0000, 1.468e-8
38.0000, 206.0000, 1.445e-8
40.0000, 206.0000, 1.525e-8
42.0000, 206.0000, 1.589e-8
44.0000, 206.0000, 1.537e-8
46.0000, 206.0000, 1.504e-8
48.0000, 206.0000, 1.568e-8
50.0000, 206.0000, 1.624e-8
52.0000, 206.0000, 1.568e-8
54.0000, 206.0000, 1.614e-8
56.0000, 206.0000, 1.747e-8
58.0000, 206.0000, 1.743e-8
60.0000, 206.0000, 1.643e-8
62.0000, 206.0000, 1.671e-8
64.0000, 206.0000, 1.714e-8
66.0000, 206.0000, 1.707e-8
68.0000, 206.0000, 1.701e-8
70.0000, 206.0000, 1.746e-8
72.0000, 206.0000, 1.729e-8
74.0000, 206.0000, 1.681e-8
76.0000, 206.0000, 1.682e-8
78.0000, 206.0000, 1.717e-8
80.0000, 206.0000, 1.703e-8
82.0000, 206.0000, 1.690e-8
84.0000, 206.0000, 1.721e-8
86.0000, 206.0000, 1.757e-8
88.0000, 206.0000, 1.760e-8
90.0000, 206.0000, 1.757e-8
92.0000, 206.0000, 1.810e-8
94.0000, 206.0000, 1.822e-8
96.0000, 206.0000, 1.786e-8
98.0000, 206.0000, 1.793e-8
100.0000, 206.0000, 1.849e-8
102.0000, 206.0000, 1.825e-8
104.0000, 206.0000, 1.824e-8
106.0000, 206.0000, 1.872e-8
108.0000, 206.0000, 1.905e-8
110.0000, 206.0000, 1.927e-8
112.0000, 206.0000, 1.952e-8
114.0000, 206.0000, 1.977e-8
116.0000, 206.0000, 2.027e-8
118.0000, 206.0000, 2.085e-8
120.0000, 206.0000, 2.067e-8
122.0000, 206.0000, 1.999e-8
124.0000, 206.0000, 2.010e-8
126.0000, 206.0000, 2.056e-8
128.0000, 206.0000, 2.026e-8
130.0000, 206.0000, 1.988e-8
132.0000, 206.0000, 2.068e-8
134.0000, 206.0000, 2.091e-8
136.0000, 206.0000, 2.029e-8
138.0000, 206.0000, 1.981e-8
140.0000, 206.0000, 2.071e-8
142.0000, 206.0000, 2.113e-8
144.0000, 206.0000, 2.038e-8
146.0000, 206.0000, 2.016e-8
148.0000, 206.0000, 2.113e-8
150.0000, 206.0000, 2.133e-8
152.0000, 206.0000, 2.053e-8
154.0000, 206.0000, 2.042e-8
156.0000, 206.0000, 2.120e-8
158.0000, 206.0000, 2.125e-8
160.0000, 206.0000, 2.060e-8
162.0000, 206.0000, 2.079e-8
164.0000, 206.0000, 2.113e-8
166.0000, 206.0000, 2.067e-8
168.0000, 206.0000, 2.017e-8
170.0000, 206.0000, 2.030e-8
172.0000, 206.0000, 2.023e-8
174.0000, 206.0000, 2.003e-8
176.0000, 206.0000, 2.004e-8
178.0000, 206.0000, 2.007e-8
180.0000, 206.0000, 2.010e-8
182.0000, 206.0000, 2.012e-8
184.0000, 206.0000, 2.011e-8
186.0000, 206.0000, 1.998e-8
188.0000, 206.0000, 1.981e-8
190.0000, 206.0000, 2.003e-8
192.0000, 206.0000, 2.035e-8
194.0000, 206.0000, 2.031e-8
196.0000, 206.0000, 2.007e-8
198.0000, 206.0000, 2.001e-8
200.0000, 206.0000, 2.032e-8
202.0000, 206.0000, 2.037e-8
204.0000, 206.0000, 2.048e-8
206.0000, 206.0000, 2.094e-8
208.0000, 206.0000, 2.108e-8
210.0000, 206.0000, 2.077e-8
212.0000, 206.0000, 2.083e-8
214.0000, 206.0000, 2.125e-8
216.0000, 206.0000, 2.116e-8
218.0000, 206.0000, 2.090e-8
220.0000, 206.0000, 2.125e-8
222.0000, 206.0000, 2.149e-8
224.0000, 206.0000, 2.132e-8
226.0000, 206.0000, 2.136e-8
228.0000, 206.0000, 2.171e-8
230.0000, 206.0000, 2.176e-8
232.0000, 206.0000, 2.177e-8
234.0000, 206.0000, 2.213e-8
236.0000, 206.0000, 2.225e-8
238.0000, 206.0000, 2.203e-8
240.0000, 206.0000, 2.226e-8
242.0000, 206.0000, 2.268e-8
244.0000, 206.0000, 2.257e-8
246.0000, 206.0000, 2.243e-8
248.0000, 206.0000, 2.277e-8
0.0000, 208.0000, 2.630e-8
2.0000, 208.0000, 2.410e-8
4.0000, 208.0000, 2.321e-8
6.0000, 208.0000, 2.430e-8
8.0000, 208.0000, 2.182e-8
10.0000, 208.0000, 1.893e-8
12.0000, 208.0000, 1.934e-8
14.0000, 208.0000, 2.069e-8
16.0000, 208.0000, 1.861e-8
18.0000, 208.0000, 1.694e-8
20.0000, 208.0000, 1.794e-8
22.0000, 208.0000, 1.901e-8
24.0000, 208.0000, 1.685e-8
26.0000, 208.0000, 1.572e-8
28.0000, 208.0000, 1.693e-8
30.0000, 208.0000, 1.717e-8
32.0000, 208.0000, 1.548e-8
34.0000, 208.0000, 1.546e-8
36.0000, 208.0000, 1.665e-8
38.0000, 208.0000, 1.615e-8
40.0000, 208.0000, 1.498e-8
42.0000, 208.0000, 1.538e-8
44.0000, 208.0000, 1.679e-8
46.0000, 208.0000, 1.687e-8
48.0000, 208.0000, 1.595e-8
50.0000, 208.0000, 1.577e-8
52.0000, 208.0000, 1.684e-8
54.0000, 208.0000, 1.661e-8
56.0000, 208.0000, 1.609e-8
58.0000, 208.0000, 1.655e-8
60.0000, 208.0000, 1.831e-8
62.0000, 208.0000, 1.804e-8
64.0000, 208.0000, 1.786e-8
66.0000, 208.0000, 1.913e-8
68.0000, 208.0000, 1.970e-8
70.0000, 208.0000, 1.827e-8
72.0000, 208.0000, 1.743e-8
74.0000, 208.0000, 1.815e-8
76.0000, 208.0000, 1.821e-8
78.0000, 208.0000, 1.715e-8
80.0000, 208.0000, 1.663e-8
82.0000, 208.0000, 1.793e-8
84.0000, 208.0000, 1.823e-8
86.0000, 208.0000, 1.752e-8
88.0000, 208.0000, 1.765e-8
90.0000, 208.0000, 1.913e-8
92.0000, 208.0000, 1.883e-8
94.0000, 208.0000, 1.807e-8
96.0000, 208.0000, 1.858e-8
98.0000, 208.0000, 1.946e-8
100.0000, 208.0000, 1.900e-8
102.0000, 208.0000, 1.856e-8
104.0000, 208.0000, 1.943e-8
106.0000, 208.0000, 1.982e-8
108.0000, 208.0000, 1.944e-8
110.0000, 208.0000, 1.972e-8
112.0000, 208.0000, 2.025e-8
114.0000, 208.0000, 1.996e-8
116.0000, 208.0000, 1.946e-8
118.0000, 208.0000, 1.963e-8
120.0000, 208.0000, 1.997e-8
122.0000, 208.0000, 2.015e-8
124.0000, 208.0000, 1.987e-8
126.0000, 208.0000, 1.971e-8
128.0000, 208.0000, 2.001e-8
130.0000, 208.0000, 2.020e-8
132.0000, 208.0000, 2.011e-8
134.0000, 208.0000, 2.011e-8
136.0000, 208.0000, 2.028e-8
138.0000, 208.0000, 2.041e-8
140.0000, 208.0000, 2.029e-8
142.0000, 208.0000, 2.001e-8
144.0000, 208.0000, 2.017e-8
146.0000, 208.0000, 2.060e-8
148.0000, 208.0000, 2.066e-8
150.0000, 208.0000, 2.043e-8
152.0000, 208.0000, 2.066e-8
154.0000, 208.0000, 2.085e-8
156.0000, 208.0000, 2.060e-8
158.0000, 208.0000, 2.056e-8
160.0000, 208.0000, 2.097e-8
162.0000, 208.0000, 2.067e-8
164.0000, 208.0000, 2.025e-8
166.0000, 208.0000, 2.042e-8
168.0000, 208.0000, 2.055e-8
170.0000, 208.0000, 2.027e-8
172.0000, 208.0000, 1.989e-8
174.0000, 208.0000, 1.977e-8
176.0000, 208.0000, 1.994e-8
178.0000, 208.0000, 2.020e-8
180.0000, 208.0000, 2.026e-8
182.0000, 208.0000, 1.995e-8
184.0000, 208.0000, 1.981e-8
186.0000, 208.0000, 2.001e-8
188.0000, 208.0000, 2.009e-8
190.0000, 208.0000, 2.018e-8
192.0000, 208.0000, 2.019e-8
194.0000, 208.0000, 2.013e-8
196.0000, 208.0000, 2.035e-8
198.0000, 208.0000, 2.061e-8
200.0000, 208.0000, 2.051e-8
202.0000, 208.0000, 2.036e-8
204.0000, 208.0000, 2.048e-8
206.0000, 208.0000, 2.061e-8
208.0000, 208.0000, 2.057e-8
210.0000, 208.0000, 2.056e-8
212.0000, 208.0000, 2.073e-8
214.0000, 208.0000, 2.078e-8
216.0000, 208.0000, 2.073e-8
218.0000, 208.0000, 2.087e-8
220.0000, 208.0000, 2.122e-8
222.0000, 208.0000, 2.124e-8
224.0000, 208.0000, 2.118e-8
226.0000, 208.0000, 2.148e-8
228.0000, 208.0000, 2.181e-8
230.0000, 208.0000, 2.182e-8
232.0000, 208.0000, 2.176e-8
234.0000, 208.0000, 2.196e-8
236.0000, 208.0000, 2.236e-8
238.0000, 208.0000, 2.273e-8
240.0000, 208.0000, 2.288e-8
242.0000, 208.0000, 2.283e-8
244.0000, 208.0000, 2.297e-8
246.0000, 208.0000, 2.296e-8
248.0000, 208.0000, 2.290e-8
0.0000, 210.0000, 2.747e-8
2.0000, 210.0000, 2.533e-8
4.0000, 210.0000, 2.341e-8
6.0000, 210.0000, 1.996e-8
8.0000, 210.0000, 1.801e-8
10.0000, 210.0000, 1.947e-8
12.0000, 210.0000, 2.003e-8
14.0000, 210.0000, 1.754e-8
16.0000, 210.0000, 1.638e-8
18.0000, 210.0000, 1.750e-8
20.0000, 210.0000, 1.733e-8
22.0000, 210.0000, 1.548e-8
24.0000, 210.0000, 1.578e-8
26.0000, 210.0000, 1.696e-8
28.0000, 210.0000, 1.617e-8
30.0000, 210.0000, 1.496e-8
32.0000, 210.0000, 1.566e-8
34.0000, 210.0000, 1.563e-8
36.0000, 210.0000, 1.497e-8
38.0000, 210.0000, 1.480e-8
40.0000, 210.0000, 1.569e-8
42.0000, 210.0000, 1.616e-8
44.0000, 210.0000, 1.566e-8
46.0000, 210.0000, 1.533e-8
48.0000, 210.0000, 1.590e-8
50.0000, 210.0000, 1.651e-8
52.0000, 210.0000, 1.583e-8
54.0000, 210.0000, 1.605e-8
56.0000, 210.0000, 1.737e-8
58.0000, 210.0000, 1.760e-8
60.0000, 210.0000, 1.665e-8
62.0000, 210.0000, 1.672e-8
64.0000, 210.0000, 1.717e-8
66.0000, 210.0000, 1.703e-8
68.0000, 210.0000, 1.686e-8
70.0000, 210.0000, 1.731e-8
72.0000, 210.0000, 1.702e-8
74.0000, 210.0000, 1.671e-8
76.0000, 210.0000, 1.703e-8
78.0000, 210.0000, 1.746e-8
80.0000, 210.0000, 1.731e-8
82.0000, 210.0000, 1.696e-8
84.0000, 210.0000, 1.697e-8
86.0000, 210.0000, 1.726e-8
88.0000, 210.0000, 1.738e-8
90.0000, 210.0000, 1.738e-8
92.0000, 210.0000, 1.772e-8
94.0000, 210.0000, 1.801e-8
96.0000, 210.0000, 1.801e-8
98.0000, 210.0000, 1.852e-8
100.0000, 210.0000, 1.956e-8
102.0000, 210.0000, 1.936e-8
104.0000, 210.0000, 1.908e-8
106.0000, 210.0000, 1.975e-8
108.0000, 210.0000, 2.038e-8
110.0000, 210.0000, 1.987e-8
112.0000, 210.0000, 1.983e-8
114.0000, 210.0000, 2.052e-8
116.0000, 210.0000, 2.044e-8
118.0000, 210.0000, 1.973e-8
120.0000, 210.0000, 1.990e-8
122.0000, 210.0000, 2.043e-8
124.0000, 210.0000, 2.031e-8
126.0000, 210.0000, 2.000e-8
128.0000, 210.0000, 2.024e-8
130.0000, 210.0000, 2.053e-8
132.0000, 210.0000, 2.023e-8
134.0000, 210.0000, 2.016e-8
136.0000, 210.0000, 2.065e-8
138.0000, 210.0000, 2.086e-8
140.0000, 210.0000, 2.055e-8
142.0000, 210.0000, 2.048e-8
144.0000, 210.0000, 2.047e-8
146.0000, 210.0000, 2.036e-8
148.0000, 210.0000, 2.028e-8
150.0000, 210.0000, 2.040e-8
152.0000, 210.0000, 2.055e-8
154.0000, 210.0000, 2.042e-8
156.0000, 210.0000, 2.055e-8
158.0000, 210.0000, 2.072e-8
160.0000, 210.0000, 2.037e-8
162.0000, 210.0000, 2.059e-8
164.0000, 210.0000, 2.109e-8
166.0000, 210.0000, 2.082e-8
168.0000, 210.0000, 2.033e-8
170.0000, 210.0000, 2.061e-8
172.0000, 210.0000, 2.066e-8
174.0000, 210.0000, 2.020e-8
176.0000, 210.0000, 1.992e-8
178.0000, 210.0000, 2.013e-8
180.0000, 210.0000, 2.034e-8
182.0000, 210.0000, 2.026e-8
184.0000, 210.0000, 2.015e-8
186.0000, 210.0000, 2.034e-8
188.0000, 210.0000, 2.049e-8
190.0000, 210.0000, 2.028e-8
192.0000, 210.0000, 2.017e-8
194.0000, 210.0000, 2.087e-8
196.0000, 210.0000, 2.119e-8
198.0000, 210.0000, 2.075e-8
200.0000, 210.0000, 2.069e-8
202.0000, 210.0000, 2.143e-8
204.0000, 210.0000, 2.138e-8
206.0000, 210.0000, 2.076e-8
208.0000, 210.0000, 2.085e-8
210.0000, 210.0000, 2.143e-8
212.0000, 210.0000, 2.126e-8
214.0000, 210.0000, 2.097e-8
216.0000, 210.0000, 2.146e-8
218.0000, 210.0000, 2.181e-8
220.0000, 210.0000, 2.133e-8
222.0000, 210.0000, 2.111e-8
224.0000, 210.0000, 2.183e-8
226.0000, 210.0000, 2.208e-8
228.0000, 210.0000, 2.181e-8
230.0000, 210.0000, 2.214e-8
232.0000, 210.0000, 2.258e-8
234.0000, 210.0000, 2.233e-8
236.0000, 210.0000, 2.205e-8
238.0000, 210.0000, 2.262e-8
240.0000, 210.0000, 2.322e-8
242.0000, 210.0000, 2.311e-8
244.0000, 210.0000, 2.303e-8
246.0000, 210.0000, 2.330e-8
248.0000, 210.0000, 2.347e-8
0.0000, 212.0000, 2.831e-8
2.0000, 212.0000, 2.567e-8
4.0000, 212.0000, 2.356e-8
6.0000, 212.0000, 2.026e-8
8.0000, 212.0000, 1.868e-8
10.0000, 212.0000, 1.879e-8
12.0000, 212.0000, 1.959e-8
14.0000, 212.0000, 1.767e-8
16.0000, 212.0000, 1.731e-8
18.0000, 212.0000, 1.880e-8
20.0000, 212.0000, 1.868e-8
22.0000, 212.0000, 1.653e-8
24.0000, 212.0000, 1.696e-8
26.0000, 212.0000, 1.836e-8
28.0000, 212.0000, 1.740e-8
30.0000, 212.0000, 1.566e-8
32.0000, 212.0000, 1.640e-8
34.0000, 212.0000, 1.640e-8
36.0000, 212.0000, 1.533e-8
38.0000, 212.0000, 1.498e-8
40.0000, 212.0000, 1.572e-8
42.0000, 212.0000, 1.583e-8
44.0000, 212.0000, 1.584e-8
46.0000, 212.0000, 1.594e-8
48.0000, 212.0000, 1.605e-8
50.0000, 212.0000, 1.594e-8
52.0000, 212.0000, 1.557e-8
54.0000, 212.0000, 1.617e-8
56.0000, 212.0000, 1.682e-8
58.0000, 212.0000, 1.669e-8
60.0000, 212.0000, 1.643e-8
62.0000, 212.0000, 1.752e-8
64.0000, 212.0000, 1.778e-8
66.0000, 212.0000, 1.745e-8
68.0000, 212.0000, 1.776e-8
70.0000, 212.0000, 1.866e-8
72.0000, 212.0000, 1.796e-8
74.0000, 212.0000, 1.745e-8
76.0000, 212.0000, 1.803e-8
78.0000, 212.0000, 1.817e-8
80.0000, 212.0000, 1.729e-8
82.0000, 212.0000, 1.726e-8
84.0000, 212.0000, 1.786e-8
86.0000, 212.0000, 1.783e-8
88.0000, 212.0000, 1.739e-8
90.0000, 212.0000, 1.745e-8
92.0000, 212.0000, 1.785e-8
94.0000, 212.0000, 1.802e-8
96.0000, 212.0000, 1.784e-8
98.0000, 212.0000, 1.814e-8
100.0000, 212.0000, 1.955e-8
102.0000, 212.0000, 1.978e-8
104.0000, 212.0000, 1.951e-8
106.0000, 212.0000, 2.008e-8
108.0000, 212.0000, 2.106e-8
110.0000, 212.0000, 2.064e-8
112.0000, 212.0000, 1.995e-8
114.0000, 212.0000, 2.013e-8
116.0000, 212.0000, 2.038e-8
118.0000, 212.0000, 1.996e-8
120.0000, 212.0000, 1.947e-8
122.0000, 212.0000, 2.001e-8
124.0000, 212.0000, 2.083e-8
126.0000, 212.0000, 2.060e-8
128.0000, 212.0000, 2.002e-8
130.0000, 212.0000, 2.043e-8
132.0000, 212.0000, 2.111e-8
134.0000, 212.0000, 2.074e-8
136.0000, 212.0000, 2.054e-8
138.0000, 212.0000, 2.117e-8
140.0000, 212.0000, 2.121e-8
142.0000, 212.0000, 2.043e-8
144.0000, 212.0000, 2.035e-8
146.0000, 212.0000, 2.088e-8
148.0000, 212.0000, 2.090e-8
150.0000, 212.0000, 2.049e-8
152.0000, 212.0000, 2.042e-8
154.0000, 212.0000, 2.081e-8
156.0000, 212.0000, 2.091e-8
158.0000, 212.0000, 2.053e-8
160.0000, 212.0000, 2.036e-8
162.0000, 212.0000, 2.078e-8
164.0000, 212.0000, 2.069e-8
166.0000, 212.0000, 2.024e-8
168.0000, 212.0000, 2.037e-8
170.0000, 212.0000, 2.075e-8
172.0000, 212.0000, 2.033e-8
174.0000, 212.0000, 1.987e-8
176.0000, 212.0000, 2.029e-8
178.0000, 212.0000, 2.074e-8
180.0000, 212.0000, 2.037e-8
182.0000, 212.0000, 1.987e-8
184.0000, 212.0000, 1.994e-8
186.0000, 212.0000, 2.021e-8
188.0000, 212.0000, 2.016e-8
190.0000, 212.0000, 2.022e-8
192.0000, 212.0000, 2.041e-8
194.0000, 212.0000, 2.034e-8
196.0000, 212.0000, 2.034e-8
198.0000, 212.0000, 2.054e-8
200.0000, 212.0000, 2.055e-8
202.0000, 212.0000, 2.039e-8
204.0000, 212.0000, 2.041e-8
206.0000, 212.0000, 2.066e-8
208.0000, 212.0000, 2.079e-8
210.0000, 212.0000, 2.074e-8
212.0000, 212.0000, 2.091e-8
214.0000, 212.0000, 2.106e-8
216.0000, 212.0000, 2.095e-8
218.0000, 212.0000, 2.099e-8
220.0000, 212.0000, 2.145e-8
222.0000, 212.0000, 2.148e-8
224.0000, 212.0000, 2.129e-8
226.0000, 212.0000, 2.144e-8
228.0000, 212.0000, 2.174e-8
230.0000, 212.0000, 2.183e-8
232.0000, 212.0000, 2.180e-8
234.0000, 212.0000, 2.219e-8
236.0000, 212.0000, 2.272e-8
238.0000, 212.0000, 2.290e-8
240.0000, 212.0000, 2.279e-8
242.0000, 212.0000, 2.280e-8
244.0000, 212.0000, 2.305e-8
246.0000, 212.0000, 2.322e-8
248.0000, 212.0000, 2.315e-8
0.0000, 214.0000, 2.731e-8
2.0000, 214.0000, 2.431e-8
4.0000, 214.0000, 2.166e-8
6.0000, 214.0000, 1.911e-8
8.0000, 214.0000, 1.789e-8
10.0000, 214.0000, 1.798e-8
12.0000, 214.0000, 1.819e-8
14.0000, 214.0000, 1.681e-8
16.0000, 214.0000, 1.631e-8
18.0000, 214.0000, 1.710e-8
20.0000, 214.0000, 1.732e-8
22.0000, 214.0000, 1.592e-8
24.0000, 214.0000, 1.600e-8
26.0000, 214.0000, 1.690e-8
28.0000, 214.0000, 1.649e-8
30.0000, 214.0000, 1.552e-8
32.0000, 214.0000, 1.575e-8
34.0000, 214.0000, 1.552e-8
36.0000, 214.0000, 1.524e-8
38.0000, 214.0000, 1.552e-8
40.0000, 214.0000, 1.598e-8
42.0000, 214.0000, 1.586e-8
44.0000, 214.0000, 1.611e-8
46.0000, 214.0000, 1.658e-8
48.0000, 214.0000, 1.653e-8
50.0000, 214.0000, 1.632e-8
52.0000, 214.0000, 1.640e-8
54.0000, 214.0000, 1.656e-8
56.0000, 214.0000, 1.655e-8
58.0000, 214.0000, 1.657e-8
60.0000, 214.0000, 1.693e-8
62.0000, 214.0000, 1.714e-8
64.0000, 214.0000, 1.699e-8
66.0000, 214.0000, 1.697e-8
68.0000, 214.0000, 1.741e-8
70.0000, 214.0000, 1.782e-8
72.0000, 214.0000, 1.734e-8
74.0000, 214.0000, 1.723e-8
76.0000, 214.0000, 1.783e-8
78.0000, 214.0000, 1.803e-8
80.0000, 214.0000, 1.735e-8
82.0000, 214.0000, 1.700e-8
84.0000, 214.0000, 1.753e-8
86.0000, 214.0000, 1.788e-8
88.0000, 214.0000, 1.766e-8
90.0000, 214.0000, 1.762e-8
92.0000, 214.0000, 1.853e-8
94.0000, 214.0000, 1.906e-8
96.0000, 214.0000, 1.891e-8
98.0000, 214.0000, 1.903e-8
100.0000, 214.0000, 2.026e-8
102.0000, 214.0000, 2.040e-8
104.0000, 214.0000, 1.978e-8
106.0000, 214.0000, 1.986e-8
108.0000, 214.0000, 2.041e-8
110.0000, 214.0000, 2.010e-8
112.0000, 214.0000, 1.955e-8
114.0000, 214.0000, 1.966e-8
116.0000, 214.0000, 2.003e-8
118.0000, 214.0000, 2.005e-8
120.0000, 214.0000, 1.994e-8
122.0000, 214.0000, 2.037e-8
124.0000, 214.0000, 2.070e-8
126.0000, 214.0000, 2.036e-8
128.0000, 214.0000, 1.997e-8
130.0000, 214.0000, 2.046e-8
132.0000, 214.0000, 2.099e-8
134.0000, 214.0000, 2.066e-8
136.0000, 214.0000, 2.049e-8
138.0000, 214.0000, 2.113e-8
140.0000, 214.0000, 2.128e-8
142.0000, 214.0000, 2.055e-8
144.0000, 214.0000, 2.026e-8
146.0000, 214.0000, 2.070e-8
148.0000, 214.0000, 2.099e-8
150.0000, 214.0000, 2.102e-8
152.0000, 214.0000, 2.075e-8
154.0000, 214.0000, 2.093e-8
156.0000, 214.0000, 2.145e-8
158.0000, 214.0000, 2.136e-8
160.0000, 214.0000, 2.071e-8
162.0000, 214.0000, 2.053e-8
164.0000, 214.0000, 2.077e-8
166.0000, 214.0000, 2.069e-8
168.0000, 214.0000, 2.039e-8
170.0000, 214.0000, 2.064e-8
172.0000, 214.0000, 2.093e-8
174.0000, 214.0000, 2.056e-8
176.0000, 214.0000, 2.018e-8
178.0000, 214.0000, 2.043e-8
180.0000, 214.0000, 2.093e-8
182.0000, 214.0000, 2.073e-8
184.0000, 214.0000, 2.031e-8
186.0000, 214.0000, 2.038e-8
188.0000, 214.0000, 2.059e-8
190.0000, 214.0000, 2.065e-8
192.0000, 214.0000, 2.065e-8
194.0000, 214.0000, 2.072e-8
196.0000, 214.0000, 2.079e-8
198.0000, 214.0000, 2.086e-8
200.0000, 214.0000, 2.099e-8
202.0000, 214.0000, 2.087e-8
204.0000, 214.0000, 2.072e-8
206.0000, 214.0000, 2.084e-8
208.0000, 214.0000, 2.101e-8
210.0000, 214.0000, 2.103e-8
212.0000, 214.0000, 2.104e-8
214.0000, 214.0000, 2.110e-8
216.0000, 214.0000, 2.103e-8
218.0000, 214.0000, 2.089e-8
220.0000, 214.0000, 2.122e-8
222.0000, 214.0000, 2.169e-8
224.0000, 214.0000, 2.169e-8
226.0000, 214.0000, 2.178e-8
228.0000, 214.0000, 2.221e-8
230.0000, 214.0000, 2.225e-8
232.0000, 214.0000, 2.215e-8
234.0000, 214.0000, 2.233e-8
236.0000, 214.0000, 2.269e-8
238.0000, 214.0000, 2.290e-8
240.0000, 214.0000, 2.295e-8
242.0000, 214.0000, 2.307e-8
244.0000, 214.0000, 2.317e-8
246.0000, 214.0000, 2.314e-8
248.0000, 214.0000, 2.316e-8
0.0000, 216.0000, 2.908e-8
2.0000, 216.0000, 2.589e-8
4.0000, 216.0000, 2.551e-8
6.0000, 216.0000, 2.321e-8
8.0000, 216.0000, 2.197e-8
10.0000, 216.0000, 2.103e-8
12.0000, 216.0000, 2.219e-8
14.0000, 216.0000, 2.036e-8
16.0000, 216.0000, 1.986e-8
18.0000, 216.0000, 2.095e-8
20.0000, 216.0000, 2.151e-8
22.0000, 216.0000, 1.929e-8
24.0000, 216.0000, 1.880e-8
26.0000, 216.0000, 1.983e-8
28.0000, 216.0000, 1.882e-8
30.0000, 216.0000, 1.662e-8
32.0000, 216.0000, 1.673e-8
34.0000, 216.0000, 1.733e-8
36.0000, 216.0000, 1.655e-8
38.0000, 216.0000, 1.556e-8
40.0000, 216.0000, 1.580e-8
42.0000, 216.0000, 1.692e-8
44.0000, 216.0000, 1.694e-8
46.0000, 216.0000, 1.636e-8
48.0000, 216.0000, 1.659e-8
50.0000, 216.0000, 1.786e-8
52.0000, 216.0000, 1.743e-8
54.0000, 216.0000, 1.713e-8
56.0000, 216.0000, 1.791e-8
58.0000, 216.0000, 1.801e-8
60.0000, 216.0000, 1.697e-8
62.0000, 216.0000, 1.716e-8
64.0000, 216.0000, 1.819e-8
66.0000, 216.0000, 1.803e-8
68.0000, 216.0000, 1.733e-8
70.0000, 216.0000, 1.750e-8
72.0000, 216.0000, 1.768e-8
74.0000, 216.0000, 1.758e-8
76.0000, 216.0000, 1.715e-8
78.0000, 216.0000, 1.675e-8
80.0000, 216.0000, 1.747e-8
82.0000, 216.0000, 1.844e-8
84.0000, 216.0000, 1.800e-8
86.0000, 216.0000, 1.754e-8
88.0000, 216.0000, 1.822e-8
90.0000, 216.0000, 1.887e-8
92.0000, 216.0000, 1.852e-8
94.0000, 216.0000, 1.867e-8
96.0000, 216.0000, 1.949e-8
98.0000, 216.0000, 1.956e-8
100.0000, 216.0000, 1.927e-8
102.0000, 216.0000, 1.945e-8
104.0000, 216.0000, 1.992e-8
106.0000, 216.0000, 2.009e-8
108.0000, 216.0000, 1.996e-8
110.0000, 216.0000, 1.971e-8
112.0000, 216.0000, 2.003e-8
114.0000, 216.0000, 2.010e-8
116.0000, 216.0000, 1.999e-8
118.0000, 216.0000, 2.022e-8
120.0000, 216.0000, 2.050e-8
122.0000, 216.0000, 2.039e-8
124.0000, 216.0000, 2.090e-8
126.0000, 216.0000, 2.105e-8
128.0000, 216.0000, 2.065e-8
130.0000, 216.0000, 2.073e-8
132.0000, 216.0000, 2.146e-8
134.0000, 216.0000, 2.132e-8
136.0000, 216.0000, 2.099e-8
138.0000, 216.0000, 2.149e-8
140.0000, 216.0000, 2.162e-8
142.0000, 216.0000, 2.083e-8
144.0000, 216.0000, 2.041e-8
146.0000, 216.0000, 2.083e-8
148.0000, 216.0000, 2.125e-8
150.0000, 216.0000, 2.112e-8
152.0000, 216.0000, 2.090e-8
154.0000, 216.0000, 2.109e-8
156.0000, 216.0000, 2.129e-8
158.0000, 216.0000, 2.111e-8
160.0000, 216.0000, 2.095e-8
162.0000, 216.0000, 2.128e-8
164.0000, 216.0000, 2.124e-8
166.0000, 216.0000, 2.095e-8
168.0000, 216.0000, 2.108e-8
170.0000, 216.0000, 2.144e-8
172.0000, 216.0000, 2.110e-8
174.0000, 216.0000, 2.073e-8
176.0000, 216.0000, 2.087e-8
178.0000, 216.0000, 2.097e-8
180.0000, 216.0000, 2.081e-8
182.0000, 216.0000, 2.071e-8
184.0000, 216.0000, 2.086e-8
186.0000, 216.0000, 2.091e-8
188.0000, 216.0000, 2.070e-8
190.0000, 216.0000, 2.083e-8
192.0000, 216.0000, 2.135e-8
194.0000, 216.0000, 2.125e-8
196.0000, 216.0000, 2.083e-8
198.0000, 216.0000, 2.106e-8
200.0000, 216.0000, 2.165e-8
202.0000, 216.0000, 2.142e-8
204.0000, 216.0000, 2.089e-8
206.0000, 216.0000, 2.108e-8
208.0000, 216.0000, 2.159e-8
210.0000, 216.0000, 2.147e-8
212.0000, 216.0000, 2.128e-8
214.0000, 216.0000, 2.160e-8
216.0000, 216.0000, 2.184e-8
218.0000, 216.0000, 2.155e-8
220.0000, 216.0000, 2.146e-8
222.0000, 216.0000, 2.200e-8
224.0000, 216.0000, 2.213e-8
226.0000, 216.0000, 2.200e-8
228.0000, 216.0000, 2.224e-8
230.0000, 216.0000, 2.255e-8
232.0000, 216.0000, 2.251e-8
234.0000, 216.0000, 2.257e-8
236.0000, 216.0000, 2.301e-8
238.0000, 216.0000, 2.334e-8
240.0000, 216.0000, 2.330e-8
242.0000, 216.0000, 2.331e-8
244.0000, 216.0000, 2.347e-8
246.0000, 216.0000, 2.350e-8
248.0000, 216.0000, 2.346e-8
0.0000, 218.0000, 3.145e-8
2.0000, 218.0000, 2.828e-8
4.0000, 218.0000, 2.556e-8
6.0000, 218.0000, 2.228e-8
8.0000, 218.0000, 2.054e-8
10.0000, 218.0000, 2.020e-8
12.0000, 218.0000, 2.074e-8
14.0000, 218.0000, 1.890e-8
16.0000, 218.0000, 1.792e-8
18.0000, 218.0000, 1.884e-8
20.0000, 218.0000, 1.947e-8
22.0000, 218.0000, 1.757e-8
24.0000, 218.0000, 1.733e-8
26.0000, 218.0000, 1.848e-8
28.0000, 218.0000, 1.787e-8
30.0000, 218.0000, 1.633e-8
32.0000, 218.0000, 1.672e-8
34.0000, 218.0000, 1.700e-8
36.0000, 218.0000, 1.639e-8
38.0000, 218.0000, 1.585e-8
40.0000, 218.0000, 1.625e-8
42.0000, 218.0000, 1.663e-8
44.0000, 218.0000, 1.650e-8
46.0000, 218.0000, 1.623e-8
48.0000, 218.0000, 1.642e-8
50.0000, 218.0000, 1.702e-8
52.0000, 218.0000, 1.679e-8
54.0000, 218.0000, 1.665e-8
56.0000, 218.0000, 1.725e-8
58.0000, 218.0000, 1.745e-8
60.0000, 218.0000, 1.686e-8
62.0000, 218.0000, 1.702e-8
64.0000, 218.0000, 1.731e-8
66.0000, 218.0000, 1.735e-8
68.0000, 218.0000, 1.774e-8
70.0000, 218.0000, 1.866e-8
72.0000, 218.0000, 1.817e-8
74.0000, 218.0000, 1.771e-8
76.0000, 218.0000, 1.840e-8
78.0000, 218.0000, 1.880e-8
80.0000, 218.0000, 1.797e-8
82.0000, 218.0000, 1.753e-8
84.0000, 218.0000, 1.800e-8
86.0000, 218.0000, 1.833e-8
88.0000, 218.0000, 1.800e-8
90.0000, 218.0000, 1.772e-8
92.0000, 218.0000, 1.855e-8
94.0000, 218.0000, 1.924e-8
96.0000, 218.0000, 1.898e-8
98.0000, 218.0000, 1.880e-8
100.0000, 218.0000, 1.967e-8
102.0000, 218.0000, 1.992e-8
104.0000, 218.0000, 1.988e-8
106.0000, 218.0000, 2.035e-8
108.0000, 218.0000, 2.076e-8
110.0000, 218.0000, 2.037e-8
112.0000, 218.0000, 2.040e-8
114.0000, 218.0000, 2.082e-8
116.0000, 218.0000, 2.075e-8
118.0000, 218.0000, 2.041e-8
120.0000, 218.0000, 2.058e-8
122.0000, 218.0000, 2.083e-8
124.0000, 218.0000, 2.083e-8
126.0000, 218.0000, 2.075e-8
128.0000, 218.0000, 2.077e-8
130.0000, 218.0000, 2.084e-8
132.0000, 218.0000, 2.090e-8
134.0000, 218.0000, 2.086e-8
136.0000, 218.0000, 2.085e-8
138.0000, 218.0000, 2.099e-8
140.0000, 218.0000, 2.107e-8
142.0000, 218.0000, 2.091e-8
144.0000, 218.0000, 2.076e-8
146.0000, 218.0000, 2.079e-8
148.0000, 218.0000, 2.103e-8
150.0000, 218.0000, 2.129e-8
152.0000, 218.0000, 2.114e-8
154.0000, 218.0000, 2.117e-8
156.0000, 218.0000, 2.177e-8
158.0000, 218.0000, 2.193e-8
160.0000, 218.0000, 2.136e-8
162.0000, 218.0000, 2.129e-8
164.0000, 218.0000, 2.160e-8
166.0000, 218.0000, 2.147e-8
168.0000, 218.0000, 2.110e-8
170.0000, 218.0000, 2.123e-8
172.0000, 218.0000, 2.132e-8
174.0000, 218.0000, 2.107e-8
176.0000, 218.0000, 2.098e-8
178.0000, 218.0000, 2.095e-8
180.0000, 218.0000, 2.083e-8
182.0000, 218.0000, 2.079e-8
184.0000, 218.0000, 2.078e-8
186.0000, 218.0000, 2.083e-8
188.0000, 218.0000, 2.081e-8
190.0000, 218.0000, 2.071e-8
192.0000, 218.0000, 2.086e-8
194.0000, 218.0000, 2.119e-8
196.0000, 218.0000, 2.121e-8
198.0000, 218.0000, 2.111e-8
200.0000, 218.0000, 2.141e-8
202.0000, 218.0000, 2.152e-8
204.0000, 218.0000, 2.120e-8
206.0000, 218.0000, 2.122e-8
208.0000, 218.0000, 2.165e-8
210.0000, 218.0000, 2.159e-8
212.0000, 218.0000, 2.137e-8
214.0000, 218.0000, 2.167e-8
216.0000, 218.0000, 2.195e-8
218.0000, 218.0000, 2.168e-8
220.0000, 218.0000, 2.148e-8
222.0000, 218.0000, 2.203e-8
224.0000, 218.0000, 2.237e-8
226.0000, 218.0000, 2.218e-8
228.0000, 218.0000, 2.204e-8
230.0000, 218.0000, 2.246e-8
232.0000, 218.0000, 2.283e-8
234.0000, 218.0000, 2.273e-8
236.0000, 218.0000, 2.296e-8
238.0000, 218.0000, 2.367e-8
240.0000, 218.0000, 2.373e-8
242.0000, 218.0000, 2.337e-8
244.0000, 218.0000, 2.355e-8
246.0000, 218.0000, 2.395e-8
248.0000, 218.0000, 2.379e-8
0.0000, 220.0000, 2.975e-8
2.0000, 220.0000, 2.605e-8
4.0000, 220.0000, 2.371e-8
6.0000, 220.0000, 2.095e-8
8.0000, 220.0000, 1.935e-8
10.0000, 220.0000, 1.875e-8
12.0000, 220.0000, 1.905e-8
14.0000, 220.0000, 1.780e-8
16.0000, 220.0000, 1.705e-8
18.0000, 220.0000, 1.764e-8
20.0000, 220.0000, 1.797e-8
22.0000, 220.0000, 1.667e-8
24.0000, 220.0000, 1.630e-8
26.0000, 220.0000, 1.692e-8
28.0000, 220.0000, 1.675e-8
30.0000, 220.0000, 1.593e-8
32.0000, 220.0000, 1.631e-8
34.0000, 220.0000, 1.672e-8
36.0000, 220.0000, 1.623e-8
38.0000, 220.0000, 1.571e-8
40.0000, 220.0000, 1.606e-8
42.0000, 220.0000, 1.662e-8
44.0000, 220.0000, 1.694e-8
46.0000, 220.0000, 1.713e-8
48.0000, 220.0000, 1.714e-8
50.0000, 220.0000, 1.696e-8
52.0000, 220.0000, 1.676e-8
54.0000, 220.0000, 1.675e-8
56.0000, 220.0000, 1.683e-8
58.0000, 220.0000, 1.700e-8
60.0000, 220.0000, 1.740e-8
62.0000, 220.0000, 1.778e-8
64.0000, 220.0000, 1.775e-8
66.0000, 220.0000, 1.758e-8
68.0000, 220.0000, 1.774e-8
70.0000, 220.0000, 1.830e-8
72.0000, 220.0000, 1.794e-8
74.0000, 220.0000, 1.763e-8
76.0000, 220.0000, 1.826e-8
78.0000, 220.0000, 1.881e-8
80.0000, 220.0000, 1.828e-8
82.0000, 220.0000, 1.775e-8
84.0000, 220.0000, 1.834e-8
86.0000, 220.0000, 1.885e-8
88.0000, 220.0000, 1.838e-8
90.0000, 220.0000, 1.813e-8
92.0000, 220.0000, 1.899e-8
94.0000, 220.0000, 1.930e-8
96.0000, 220.0000, 1.897e-8
98.0000, 220.0000, 1.900e-8
100.0000, 220.0000, 1.987e-8
102.0000, 220.0000, 2.003e-8
104.0000, 220.0000, 1.991e-8
106.0000, 220.0000, 2.042e-8
108.0000, 220.0000, 2.099e-8
110.0000, 220.0000, 2.069e-8
112.0000, 220.0000, 2.023e-8
114.0000, 220.0000, 2.038e-8
116.0000, 220.0000, 2.069e-8
118.0000, 220.0000, 2.052e-8
120.0000, 220.0000, 2.025e-8
122.0000, 220.0000, 2.049e-8
124.0000, 220.0000, 2.089e-8
126.0000, 220.0000, 2.071e-8
128.0000, 220.0000, 2.046e-8
130.0000, 220.0000, 2.104e-8
132.0000, 220.0000, 2.144e-8
134.0000, 220.0000, 2.111e-8
136.0000, 220.0000, 2.086e-8
138.0000, 220.0000, 2.137e-8
140.0000, 220.0000, 2.153e-8
142.0000, 220.0000, 2.103e-8
144.0000, 220.0000, 2.095e-8
146.0000, 220.0000, 2.131e-8
148.0000, 220.0000, 2.133e-8
150.0000, 220.0000, 2.123e-8
152.0000, 220.0000, 2.135e-8
154.0000, 220.0000, 2.138e-8
156.0000, 220.0000, 2.131e-8
158.0000, 220.0000, 2.133e-8
160.0000, 220.0000, 2.137e-8
162.0000, 220.0000, 2.123e-8
164.0000, 220.0000, 2.111e-8
166.0000, 220.0000, 2.120e-8
168.0000, 220.0000, 2.126e-8
170.0000, 220.0000, 2.112e-8
172.0000, 220.0000, 2.091e-8
174.0000, 220.0000, 2.092e-8
176.0000, 220.0000, 2.100e-8
178.0000, 220.0000, 2.099e-8
180.0000, 220.0000, 2.098e-8
182.0000, 220.0000, 2.082e-8
184.0000, 220.0000, 2.084e-8
186.0000, 220.0000, 2.099e-8
188.0000, 220.0000, 2.089e-8
190.0000, 220.0000, 2.091e-8
192.0000, 220.0000, 2.117e-8
194.0000, 220.0000, 2.110e-8
196.0000, 220.0000, 2.089e-8
198.0000, 220.0000, 2.124e-8
200.0000, 220.0000, 2.199e-8
202.0000, 220.0000, 2.182e-8
204.0000, 220.0000, 2.139e-8
206.0000, 220.0000, 2.173e-8
208.0000, 220.0000, 2.208e-8
210.0000, 220.0000, 2.173e-8
212.0000, 220.0000, 2.159e-8
214.0000, 220.0000, 2.201e-8
216.0000, 220.0000, 2.204e-8
218.0000, 220.0000, 2.165e-8
220.0000, 220.0000, 2.191e-8
222.0000, 220.0000, 2.240e-8
224.0000, 220.0000, 2.221e-8
226.0000, 220.0000, 2.195e-8
228.0000, 220.0000, 2.241e-8
230.0000, 220.0000, 2.299e-8
232.0000, 220.0000, 2.290e-8
234.0000, 220.0000, 2.287e-8
236.0000, 220.0000, 2.349e-8
238.0000, 220.0000, 2.382e-8
240.0000, 220.0000, 2.346e-8
242.0000, 220.0000, 2.335e-8
244.0000, 220.0000, 2.385e-8
246.0000, 220.0000, 2.401e-8
248.0000, 220.0000, 2.369e-8
0.0000, 222.0000, 3.222e-8
2.0000, 222.0000, 3.004e-8
4.0000, 222.0000, 2.788e-8
6.0000, 222.0000, 2.420e-8
8.0000, 222.0000, 2.223e-8
10.0000, 222.0000, 2.252e-8
12.0000, 222.0000, 2.300e-8
14.0000, 222.0000, 2.088e-8
16.0000, 222.0000, 2.039e-8
18.0000, 222.0000, 2.222e-8
20.0000, 222.0000, 2.201e-8
22.0000, 222.0000, 1.931e-8
24.0000, 222.0000, 1.951e-8
26.0000, 222.0000, 2.091e-8
28.0000, 222.0000, 1.971e-8
30.0000, 222.0000, 1.785e-8
32.0000, 222.0000, 1.882e-8
34.0000, 222.0000, 1.848e-8
36.0000, 222.0000, 1.731e-8
38.0000, 222.0000, 1.717e-8
40.0000, 222.0000, 1.789e-8
42.0000, 222.0000, 1.735e-8
44.0000, 222.0000, 1.646e-8
46.0000, 222.0000, 1.613e-8
48.0000, 222.0000, 1.682e-8
50.0000, 222.0000, 1.767e-8
52.0000, 222.0000, 1.730e-8
54.0000, 222.0000, 1.747e-8
56.0000, 222.0000, 1.836e-8
58.0000, 222.0000, 1.839e-8
60.0000, 222.0000, 1.743e-8
62.0000, 222.0000, 1.782e-8
64.0000, 222.0000, 1.855e-8
66.0000, 222.0000, 1.822e-8
68.0000, 222.0000, 1.787e-8
70.0000, 222.0000, 1.852e-8
72.0000, 222.0000, 1.826e-8
74.0000, 222.0000, 1.782e-8
76.0000, 222.0000, 1.806e-8
78.0000, 222.0000, 1.855e-8
80.0000, 222.0000, 1.832e-8
82.0000, 222.0000, 1.773e-8
84.0000, 222.0000, 1.753e-8
86.0000, 222.0000, 1.810e-8
88.0000, 222.0000, 1.856e-8
90.0000, 222.0000, 1.823e-8
92.0000, 222.0000, 1.840e-8
94.0000, 222.0000, 1.956e-8
96.0000, 222.0000, 1.988e-8
98.0000, 222.0000, 1.941e-8
100.0000, 222.0000, 1.967e-8
102.0000, 222.0000, 2.037e-8
104.0000, 222.0000, 2.058e-8
106.0000, 222.0000, 2.038e-8
108.0000, 222.0000, 2.010e-8
110.0000, 222.0000, 2.014e-8
112.0000, 222.0000, 2.063e-8
114.0000, 222.0000, 2.056e-8
116.0000, 222.0000, 2.028e-8
118.0000, 222.0000, 2.050e-8
120.0000, 222.0000, 2.134e-8
122.0000, 222.0000, 2.124e-8
124.0000, 222.0000, 2.101e-8
126.0000, 222.0000, 2.132e-8
128.0000, 222.0000, 2.155e-8
130.0000, 222.0000, 2.119e-8
132.0000, 222.0000, 2.112e-8
134.0000, 222.0000, 2.133e-8
136.0000, 222.0000, 2.135e-8
138.0000, 222.0000, 2.111e-8
140.0000, 222.0000, 2.104e-8
142.0000, 222.0000, 2.110e-8
144.0000, 222.0000, 2.115e-8
146.0000, 222.0000, 2.120e-8
148.0000, 222.0000, 2.136e-8
150.0000, 222.0000, 2.152e-8
152.0000, 222.0000, 2.151e-8
154.0000, 222.0000, 2.136e-8
156.0000, 222.0000, 2.158e-8
158.0000, 222.0000, 2.186e-8
160.0000, 222.0000, 2.153e-8
162.0000, 222.0000, 2.129e-8
164.0000, 222.0000, 2.145e-8
166.0000, 222.0000, 2.143e-8
168.0000, 222.0000, 2.114e-8
170.0000, 222.0000, 2.117e-8
172.0000, 222.0000, 2.121e-8
174.0000, 222.0000, 2.108e-8
176.0000, 222.0000, 2.098e-8
178.0000, 222.0000, 2.099e-8
180.0000, 222.0000, 2.105e-8
182.0000, 222.0000, 2.109e-8
184.0000, 222.0000, 2.094e-8
186.0000, 222.0000, 2.106e-8
188.0000, 222.0000, 2.134e-8
190.0000, 222.0000, 2.112e-8
192.0000, 222.0000, 2.104e-8
194.0000, 222.0000, 2.173e-8
196.0000, 222.0000, 2.192e-8
198.0000, 222.0000, 2.145e-8
200.0000, 222.0000, 2.155e-8
202.0000, 222.0000, 2.228e-8
204.0000, 222.0000, 2.206e-8
206.0000, 222.0000, 2.148e-8
208.0000, 222.0000, 2.183e-8
210.0000, 222.0000, 2.227e-8
212.0000, 222.0000, 2.191e-8
214.0000, 222.0000, 2.165e-8
216.0000, 222.0000, 2.202e-8
218.0000, 222.0000, 2.221e-8
220.0000, 222.0000, 2.186e-8
222.0000, 222.0000, 2.189e-8
224.0000, 222.0000, 2.242e-8
226.0000, 222.0000, 2.251e-8
228.0000, 222.0000, 2.230e-8
230.0000, 222.0000, 2.254e-8
232.0000, 222.0000, 2.296e-8
234.0000, 222.0000, 2.292e-8
236.0000, 222.0000, 2.301e-8
238.0000, 222.0000, 2.363e-8
240.0000, 222.0000, 2.392e-8
242.0000, 222.0000, 2.364e-8
244.0000, 222.0000, 2.354e-8
246.0000, 222.0000, 2.384e-8
248.0000, 222.0000, 2.402e-8
0.0000, 224.0000, 3.234e-8
2.0000, 224.0000, 3.031e-8
4.0000, 224.0000, 2.685e-8
6.0000, 224.0000, 2.329e-8
8.0000, 224.0000, 2.093e-8
10.0000, 224.0000, 2.134e-8
12.0000, 224.0000, 2.109e-8
14.0000, 224.0000, 1.941e-8
16.0000, 224.0000, 1.902e-8
18.0000, 224.0000, 2.112e-8
20.0000, 224.0000, 2.063e-8
22.0000, 224.0000, 1.850e-8
24.0000, 224.0000, 1.956e-8
26.0000, 224.0000, 2.082e-8
28.0000, 224.0000, 1.962e-8
30.0000, 224.0000, 1.810e-8
32.0000, 224.0000, 1.861e-8
34.0000, 224.0000, 1.785e-8
36.0000, 224.0000, 1.695e-8
38.0000, 224.0000, 1.721e-8
40.0000, 224.0000, 1.766e-8
42.0000, 224.0000, 1.725e-8
44.0000, 224.0000, 1.662e-8
46.0000, 224.0000, 1.634e-8
48.0000, 224.0000, 1.681e-8
50.0000, 224.0000, 1.756e-8
52.0000, 224.0000, 1.732e-8
54.0000, 224.0000, 1.776e-8
56.0000, 224.0000, 1.866e-8
58.0000, 224.0000, 1.857e-8
60.0000, 224.0000, 1.762e-8
62.0000, 224.0000, 1.801e-8
64.0000, 224.0000, 1.835e-8
66.0000, 224.0000, 1.806e-8
68.0000, 224.0000, 1.789e-8
70.0000, 224.0000, 1.827e-8
72.0000, 224.0000, 1.828e-8
74.0000, 224.0000, 1.806e-8
76.0000, 224.0000, 1.778e-8
78.0000, 224.0000, 1.778e-8
80.0000, 224.0000, 1.853e-8
82.0000, 224.0000, 1.891e-8
84.0000, 224.0000, 1.851e-8
86.0000, 224.0000, 1.854e-8
88.0000, 224.0000, 1.932e-8
90.0000, 224.0000, 1.898e-8
92.0000, 224.0000, 1.848e-8
94.0000, 224.0000, 1.913e-8
96.0000, 224.0000, 1.973e-8
98.0000, 224.0000, 1.966e-8
100.0000, 224.0000, 1.961e-8
102.0000, 224.0000, 1.978e-8
104.0000, 224.0000, 2.008e-8
106.0000, 224.0000, 2.054e-8
108.0000, 224.0000, 2.076e-8
110.0000, 224.0000, 2.052e-8
112.0000, 224.0000, 2.057e-8
114.0000, 224.0000, 2.082e-8
116.0000, 224.0000, 2.071e-8
118.0000, 224.0000, 2.054e-8
120.0000, 224.0000, 2.116e-8
122.0000, 224.0000, 2.147e-8
124.0000, 224.0000, 2.119e-8
126.0000, 224.0000, 2.098e-8
128.0000, 224.0000, 2.115e-8
130.0000, 224.0000, 2.125e-8
132.0000, 224.0000, 2.093e-8
134.0000, 224.0000, 2.071e-8
136.0000, 224.0000, 2.122e-8
138.0000, 224.0000, 2.180e-8
140.0000, 224.0000, 2.163e-8
142.0000, 224.0000, 2.152e-8
144.0000, 224.0000, 2.181e-8
146.0000, 224.0000, 2.182e-8
148.0000, 224.0000, 2.150e-8
150.0000, 224.0000, 2.151e-8
152.0000, 224.0000, 2.167e-8
154.0000, 224.0000, 2.163e-8
156.0000, 224.0000, 2.152e-8
158.0000, 224.0000, 2.159e-8
160.0000, 224.0000, 2.161e-8
162.0000, 224.0000, 2.149e-8
164.0000, 224.0000, 2.143e-8
166.0000, 224.0000, 2.136e-8
168.0000, 224.0000, 2.124e-8
170.0000, 224.0000, 2.124e-8
172.0000, 224.0000, 2.125e-8
174.0000, 224.0000, 2.114e-8
176.0000, 224.0000, 2.104e-8
178.0000, 224.0000, 2.110e-8
180.0000, 224.0000, 2.131e-8
182.0000, 224.0000, 2.133e-8
184.0000, 224.0000, 2.110e-8
186.0000, 224.0000, 2.109e-8
188.0000, 224.0000, 2.137e-8
190.0000, 224.0000, 2.129e-8
192.0000, 224.0000, 2.104e-8
194.0000, 224.0000, 2.144e-8
196.0000, 224.0000, 2.199e-8
198.0000, 224.0000, 2.175e-8
200.0000, 224.0000, 2.140e-8
202.0000, 224.0000, 2.192e-8
204.0000, 224.0000, 2.221e-8
206.0000, 224.0000, 2.175e-8
208.0000, 224.0000, 2.155e-8
210.0000, 224.0000, 2.234e-8
212.0000, 224.0000, 2.253e-8
214.0000, 224.0000, 2.203e-8
216.0000, 224.0000, 2.194e-8
218.0000, 224.0000, 2.246e-8
220.0000, 224.0000, 2.241e-8
222.0000, 224.0000, 2.204e-8
224.0000, 224.0000, 2.237e-8
226.0000, 224.0000, 2.277e-8
228.0000, 224.0000, 2.266e-8
230.0000, 224.0000, 2.258e-8
232.0000, 224.0000, 2.283e-8
234.0000, 224.0000, 2.291e-8
236.0000, 224.0000, 2.297e-8
238.0000, 224.0000, 2.349e-8
240.0000, 224.0000, 2.393e-8
242.0000, 224.0000, 2.375e-8
244.0000, 224.0000, 2.365e-8
246.0000, 224.0000, 2.402e-8
248.0000, 224.0000, 2.421e-8
0.0000, 226.0000, 2.748e-8
2.0000, 226.0000, 2.626e-8
4.0000, 226.0000, 2.372e-8
6.0000, 226.0000, 2.091e-8
8.0000, 226.0000, 1.945e-8
10.0000, 226.0000, 1.961e-8
12.0000, 226.0000, 1.888e-8
14.0000, 226.0000, 1.775e-8
16.0000, 226.0000, 1.752e-8
18.0000, 226.0000, 1.783e-8
20.0000, 226.0000, 1.728e-8
22.0000, 226.0000, 1.654e-8
24.0000, 226.0000, 1.667e-8
26.0000, 226.0000, 1.679e-8
28.0000, 226.0000, 1.654e-8
30.0000, 226.0000, 1.657e-8
32.0000, 226.0000, 1.666e-8
34.0000, 226.0000, 1.640e-8
36.0000, 226.0000, 1.631e-8
38.0000, 226.0000, 1.664e-8
40.0000, 226.0000, 1.705e-8
42.0000, 226.0000, 1.724e-8
44.0000, 226.0000, 1.712e-8
46.0000, 226.0000, 1.691e-8
48.0000, 226.0000, 1.710e-8
50.0000, 226.0000, 1.735e-8
52.0000, 226.0000, 1.689e-8
54.0000, 226.0000, 1.699e-8
56.0000, 226.0000, 1.777e-8
58.0000, 226.0000, 1.805e-8
60.0000, 226.0000, 1.780e-8
62.0000, 226.0000, 1.822e-8
64.0000, 226.0000, 1.836e-8
66.0000, 226.0000, 1.828e-8
68.0000, 226.0000, 1.830e-8
70.0000, 226.0000, 1.850e-8
72.0000, 226.0000, 1.863e-8
74.0000, 226.0000, 1.830e-8
76.0000, 226.0000, 1.814e-8
78.0000, 226.0000, 1.869e-8
80.0000, 226.0000, 1.894e-8
82.0000, 226.0000, 1.842e-8
84.0000, 226.0000, 1.816e-8
86.0000, 226.0000, 1.851e-8
88.0000, 226.0000, 1.860e-8
90.0000, 226.0000, 1.863e-8
92.0000, 226.0000, 1.916e-8
94.0000, 226.0000, 1.932e-8
96.0000, 226.0000, 1.892e-8
98.0000, 226.0000, 1.872e-8
100.0000, 226.0000, 1.937e-8
102.0000, 226.0000, 1.994e-8
104.0000, 226.0000, 2.001e-8
106.0000, 226.0000, 2.010e-8
108.0000, 226.0000, 2.040e-8
110.0000, 226.0000, 2.054e-8
112.0000, 226.0000, 2.105e-8
114.0000, 226.0000, 2.139e-8
116.0000, 226.0000, 2.117e-8
118.0000, 226.0000, 2.096e-8
120.0000, 226.0000, 2.168e-8
122.0000, 226.0000, 2.198e-8
124.0000, 226.0000, 2.136e-8
126.0000, 226.0000, 2.093e-8
128.0000, 226.0000, 2.135e-8
130.0000, 226.0000, 2.151e-8
132.0000, 226.0000, 2.118e-8
134.0000, 226.0000, 2.142e-8
136.0000, 226.0000, 2.197e-8
138.0000, 226.0000, 2.195e-8
140.0000, 226.0000, 2.149e-8
142.0000, 226.0000, 2.148e-8
144.0000, 226.0000, 2.183e-8
146.0000, 226.0000, 2.183e-8
148.0000, 226.0000, 2.160e-8
150.0000, 226.0000, 2.166e-8
152.0000, 226.0000, 2.192e-8
154.0000, 226.0000, 2.186e-8
156.0000, 226.0000, 2.171e-8
158.0000, 226.0000, 2.176e-8
160.0000, 226.0000, 2.173e-8
162.0000, 226.0000, 2.151e-8
164.0000, 226.0000, 2.131e-8
166.0000, 226.0000, 2.128e-8
168.0000, 226.0000, 2.121e-8
170.0000, 226.0000, 2.113e-8
172.0000, 226.0000, 2.120e-8
174.0000, 226.0000, 2.106e-8
176.0000, 226.0000, 2.094e-8
178.0000, 226.0000, 2.117e-8
180.0000, 226.0000, 2.133e-8
182.0000, 226.0000, 2.114e-8
184.0000, 226.0000, 2.115e-8
186.0000, 226.0000, 2.154e-8
188.0000, 226.0000, 2.145e-8
190.0000, 226.0000, 2.097e-8
192.0000, 226.0000, 2.122e-8
194.0000, 226.0000, 2.181e-8
196.0000, 226.0000, 2.176e-8
198.0000, 226.0000, 2.142e-8
200.0000, 226.0000, 2.173e-8
202.0000, 226.0000, 2.215e-8
204.0000, 226.0000, 2.182e-8
206.0000, 226.0000, 2.151e-8
208.0000, 226.0000, 2.205e-8
210.0000, 226.0000, 2.242e-8
212.0000, 226.0000, 2.210e-8
214.0000, 226.0000, 2.200e-8
216.0000, 226.0000, 2.236e-8
218.0000, 226.0000, 2.230e-8
220.0000, 226.0000, 2.196e-8
222.0000, 226.0000, 2.237e-8
224.0000, 226.0000, 2.282e-8
226.0000, 226.0000, 2.270e-8
228.0000, 226.0000, 2.248e-8
230.0000, 226.0000, 2.263e-8
232.0000, 226.0000, 2.286e-8
234.0000, 226.0000, 2.294e-8
236.0000, 226.0000, 2.328e-8
238.0000, 226.0000, 2.375e-8
240.0000, 226.0000, 2.378e-8
242.0000, 226.0000, 2.361e-8
244.0000, 226.0000, 2.361e-8
246.0000, 226.0000, 2.383e-8
248.0000, 226.0000, 2.398e-8
0.0000, 228.0000, 3.260e-8
2.0000, 228.0000, 3.025e-8
4.0000, 228.0000, 2.737e-8
6.0000, 228.0000, 2.397e-8
8.0000, 228.0000, 2.207e-8
10.0000, 228.0000, 2.300e-8
12.0000, 228.0000, 2.289e-8
14.0000, 228.0000, 2.090e-8
16.0000, 228.0000, 2.025e-8
18.0000, 228.0000, 2.236e-8
20.0000, 228.0000, 2.197e-8
22.0000, 228.0000, 1.981e-8
24.0000, 228.0000, 2.021e-8
26.0000, 228.0000, 2.135e-8
28.0000, 228.0000, 2.017e-8
30.0000, 228.0000, 1.842e-8
32.0000, 228.0000, 1.875e-8
34.0000, 228.0000, 1.852e-8
36.0000, 228.0000, 1.757e-8
38.0000, 228.0000, 1.733e-8
40.0000, 228.0000, 1.789e-8
42.0000, 228.0000, 1.759e-8
44.0000, 228.0000, 1.695e-8
46.0000, 228.0000, 1.682e-8
48.0000, 228.0000, 1.726e-8
50.0000, 228.0000, 1.758e-8
52.0000, 228.0000, 1.723e-8
54.0000, 228.0000, 1.766e-8
56.0000, 228.0000, 1.843e-8
58.0000, 228.0000, 1.844e-8
60.0000, 228.0000, 1.798e-8
62.0000, 228.0000, 1.855e-8
64.0000, 228.0000, 1.858e-8
66.0000, 228.0000, 1.827e-8
68.0000, 228.0000, 1.857e-8
70.0000, 228.0000, 1.908e-8
72.0000, 228.0000, 1.860e-8
74.0000, 228.0000, 1.845e-8
76.0000, 228.0000, 1.871e-8
78.0000, 228.0000, 1.862e-8
80.0000, 228.0000, 1.841e-8
82.0000, 228.0000, 1.832e-8
84.0000, 228.0000, 1.836e-8
86.0000, 228.0000, 1.846e-8
88.0000, 228.0000, 1.849e-8
90.0000, 228.0000, 1.854e-8
92.0000, 228.0000, 1.889e-8
94.0000, 228.0000, 1.909e-8
96.0000, 228.0000, 1.900e-8
98.0000, 228.0000, 1.922e-8
100.0000, 228.0000, 2.009e-8
102.0000, 228.0000, 2.015e-8
104.0000, 228.0000, 2.003e-8
106.0000, 228.0000, 2.065e-8
108.0000, 228.0000, 2.163e-8
110.0000, 228.0000, 2.148e-8
112.0000, 228.0000, 2.056e-8
114.0000, 228.0000, 2.020e-8
116.0000, 228.0000, 2.077e-8
118.0000, 228.0000, 2.126e-8
120.0000, 228.0000, 2.122e-8
122.0000, 228.0000, 2.146e-8
124.0000, 228.0000, 2.169e-8
126.0000, 228.0000, 2.147e-8
128.0000, 228.0000, 2.123e-8
130.0000, 228.0000, 2.148e-8
132.0000, 228.0000, 2.159e-8
134.0000, 228.0000, 2.149e-8
136.0000, 228.0000, 2.154e-8
138.0000, 228.0000, 2.172e-8
140.0000, 228.0000, 2.175e-8
142.0000, 228.0000, 2.185e-8
144.0000, 228.0000, 2.202e-8
146.0000, 228.0000, 2.190e-8
148.0000, 228.0000, 2.168e-8
150.0000, 228.0000, 2.190e-8
152.0000, 228.0000, 2.202e-8
154.0000, 228.0000, 2.186e-8
156.0000, 228.0000, 2.177e-8
158.0000, 228.0000, 2.190e-8
160.0000, 228.0000, 2.184e-8
162.0000, 228.0000, 2.151e-8
164.0000, 228.0000, 2.145e-8
166.0000, 228.0000, 2.168e-8
168.0000, 228.0000, 2.164e-8
170.0000, 228.0000, 2.136e-8
172.0000, 228.0000, 2.128e-8
174.0000, 228.0000, 2.168e-8
176.0000, 228.0000, 2.172e-8
178.0000, 228.0000, 2.129e-8
180.0000, 228.0000, 2.132e-8
182.0000, 228.0000, 2.186e-8
184.0000, 228.0000, 2.176e-8
186.0000, 228.0000, 2.133e-8
188.0000, 228.0000, 2.151e-8
190.0000, 228.0000, 2.192e-8
192.0000, 228.0000, 2.164e-8
194.0000, 228.0000, 2.139e-8
196.0000, 228.0000, 2.182e-8
198.0000, 228.0000, 2.216e-8
200.0000, 228.0000, 2.184e-8
202.0000, 228.0000, 2.166e-8
204.0000, 228.0000, 2.216e-8
206.0000, 228.0000, 2.228e-8
208.0000, 228.0000, 2.184e-8
210.0000, 228.0000, 2.203e-8
212.0000, 228.0000, 2.274e-8
214.0000, 228.0000, 2.263e-8
216.0000, 228.0000, 2.219e-8
218.0000, 228.0000, 2.240e-8
220.0000, 228.0000, 2.281e-8
222.0000, 228.0000, 2.259e-8
224.0000, 228.0000, 2.245e-8
226.0000, 228.0000, 2.281e-8
228.0000, 228.0000, 2.298e-8
230.0000, 228.0000, 2.282e-8
232.0000, 228.0000, 2.276e-8
234.0000, 228.0000, 2.305e-8
236.0000, 228.0000, 2.341e-8
238.0000, 228.0000, 2.364e-8
240.0000, 228.0000, 2.392e-8
242.0000, 228.0000, 2.412e-8
244.0000, 228.0000, 2.408e-8
246.0000, 228.0000, 2.395e-8
248.0000, 228.0000, 2.408e-8
0.0000, 230.0000, 3.249e-8
2.0000, 230.0000, 3.001e-8
4.0000, 230.0000, 2.691e-8
6.0000, 230.0000, 2.364e-8
8.0000, 230.0000, 2.153e-8
10.0000, 230.0000, 2.179e-8
12.0000, 230.0000, 2.106e-8
14.0000, 230.0000, 1.940e-8
16.0000, 230.0000, 1.864e-8
18.0000, 230.0000, 1.971e-8
20.0000, 230.0000, 1.951e-8
22.0000, 230.0000, 1.798e-8
24.0000, 230.0000, 1.810e-8
26.0000, 230.0000, 1.889e-8
28.0000, 230.0000, 1.843e-8
30.0000, 230.0000, 1.775e-8
32.0000, 230.0000, 1.832e-8
34.0000, 230.0000, 1.810e-8
36.0000, 230.0000, 1.739e-8
38.0000, 230.0000, 1.706e-8
40.0000, 230.0000, 1.736e-8
42.0000, 230.0000, 1.737e-8
44.0000, 230.0000, 1.713e-8
46.0000, 230.0000, 1.705e-8
48.0000, 230.0000, 1.720e-8
50.0000, 230.0000, 1.748e-8
52.0000, 230.0000, 1.745e-8
54.0000, 230.0000, 1.766e-8
56.0000, 230.0000, 1.787e-8
58.0000, 230.0000, 1.790e-8
60.0000, 230.0000, 1.828e-8
62.0000, 230.0000, 1.877e-8
64.0000, 230.0000, 1.833e-8
66.0000, 230.0000, 1.810e-8
68.0000, 230.0000, 1.885e-8
70.0000, 230.0000, 1.911e-8
72.0000, 230.0000, 1.838e-8
74.0000, 230.0000, 1.821e-8
76.0000, 230.0000, 1.865e-8
78.0000, 230.0000, 1.865e-8
80.0000, 230.0000, 1.830e-8
82.0000, 230.0000, 1.852e-8
84.0000, 230.0000, 1.883e-8
86.0000, 230.0000, 1.871e-8
88.0000, 230.0000, 1.845e-8
90.0000, 230.0000, 1.868e-8
92.0000, 230.0000, 1.905e-8
94.0000, 230.0000, 1.889e-8
96.0000, 230.0000, 1.854e-8
98.0000, 230.0000, 1.879e-8
100.0000, 230.0000, 1.968e-8
102.0000, 230.0000, 2.001e-8
104.0000, 230.0000, 2.021e-8
106.0000, 230.0000, 2.080e-8
108.0000, 230.0000, 2.128e-8
110.0000, 230.0000, 2.107e-8
112.0000, 230.0000, 2.073e-8
114.0000, 230.0000, 2.073e-8
116.0000, 230.0000, 2.093e-8
118.0000, 230.0000, 2.107e-8
120.0000, 230.0000, 2.126e-8
122.0000, 230.0000, 2.145e-8
124.0000, 230.0000, 2.152e-8
126.0000, 230.0000, 2.147e-8
128.0000, 230.0000, 2.143e-8
130.0000, 230.0000, 2.157e-8
132.0000, 230.0000, 2.174e-8
134.0000, 230.0000, 2.153e-8
136.0000, 230.0000, 2.139e-8
138.0000, 230.0000, 2.179e-8
140.0000, 230.0000, 2.226e-8
142.0000, 230.0000, 2.211e-8
144.0000, 230.0000, 2.204e-8
146.0000, 230.0000, 2.217e-8
148.0000, 230.0000, 2.203e-8
150.0000, 230.0000, 2.169e-8
152.0000, 230.0000, 2.165e-8
154.0000, 230.0000, 2.210e-8
156.0000, 230.0000, 2.228e-8
158.0000, 230.0000, 2.192e-8
160.0000, 230.0000, 2.188e-8
162.0000, 230.0000, 2.230e-8
164.0000, 230.0000, 2.209e-8
166.0000, 230.0000, 2.158e-8
168.0000, 230.0000, 2.160e-8
170.0000, 230.0000, 2.182e-8
172.0000, 230.0000, 2.156e-8
174.0000, 230.0000, 2.145e-8
176.0000, 230.0000, 2.179e-8
178.0000, 230.0000, 2.184e-8
180.0000, 230.0000, 2.150e-8
182.0000, 230.0000, 2.158e-8
184.0000, 230.0000, 2.179e-8
186.0000, 230.0000, 2.162e-8
188.0000, 230.0000, 2.139e-8
190.0000, 230.0000, 2.172e-8
192.0000, 230.0000, 2.199e-8
194.0000, 230.0000, 2.164e-8
196.0000, 230.0000, 2.155e-8
198.0000, 230.0000, 2.223e-8
200.0000, 230.0000, 2.245e-8
202.0000, 230.0000, 2.201e-8
204.0000, 230.0000, 2.202e-8
206.0000, 230.0000, 2.261e-8
208.0000, 230.0000, 2.254e-8
210.0000, 230.0000, 2.206e-8
212.0000, 230.0000, 2.241e-8
214.0000, 230.0000, 2.289e-8
216.0000, 230.0000, 2.270e-8
218.0000, 230.0000, 2.241e-8
220.0000, 230.0000, 2.269e-8
222.0000, 230.0000, 2.282e-8
224.0000, 230.0000, 2.258e-8
226.0000, 230.0000, 2.268e-8
228.0000, 230.0000, 2.315e-8
230.0000, 230.0000, 2.312e-8
232.0000, 230.0000, 2.283e-8
234.0000, 230.0000, 2.291e-8
236.0000, 230.0000, 2.344e-8
238.0000, 230.0000, 2.379e-8
240.0000, 230.0000, 2.388e-8
242.0000, 230.0000, 2.416e-8
244.0000, 230.0000, 2.445e-8
246.0000, 230.0000, 2.441e-8
248.0000, 230.0000, 2.421e-8
0.0000, 232.0000, 3.242e-8
2.0000, 232.0000, 2.902e-8
4.0000, 232.0000, 2.646e-8
6.0000, 232.0000, 2.346e-8
8.0000, 232.0000, 2.193e-8
10.0000, 232.0000, 2.283e-8
12.0000, 232.0000, 2.300e-8
14.0000, 232.0000, 2.100e-8
16.0000, 232.0000, 1.997e-8
18.0000, 232.0000, 2.096e-8
20.0000, 232.0000, 2.067e-8
22.0000, 232.0000, 1.882e-8
24.0000, 232.0000, 1.869e-8
26.0000, 232.0000, 1.943e-8
28.0000, 232.0000, 1.893e-8
30.0000, 232.0000, 1.778e-8
32.0000, 232.0000, 1.837e-8
34.0000, 232.0000, 1.869e-8
36.0000, 232.0000, 1.794e-8
38.0000, 232.0000, 1.734e-8
40.0000, 232.0000, 1.779e-8
42.0000, 232.0000, 1.793e-8
44.0000, 232.0000, 1.749e-8
46.0000, 232.0000, 1.707e-8
48.0000, 232.0000, 1.718e-8
50.0000, 232.0000, 1.770e-8
52.0000, 232.0000, 1.762e-8
54.0000, 232.0000, 1.773e-8
56.0000, 232.0000, 1.820e-8
58.0000, 232.0000, 1.828e-8
60.0000, 232.0000, 1.786e-8
62.0000, 232.0000, 1.801e-8
64.0000, 232.0000, 1.854e-8
66.0000, 232.0000, 1.872e-8
68.0000, 232.0000, 1.875e-8
70.0000, 232.0000, 1.911e-8
72.0000, 232.0000, 1.894e-8
74.0000, 232.0000, 1.841e-8
76.0000, 232.0000, 1.820e-8
78.0000, 232.0000, 1.828e-8
80.0000, 232.0000, 1.813e-8
82.0000, 232.0000, 1.805e-8
84.0000, 232.0000, 1.836e-8
86.0000, 232.0000, 1.858e-8
88.0000, 232.0000, 1.848e-8
90.0000, 232.0000, 1.850e-8
92.0000, 232.0000, 1.939e-8
94.0000, 232.0000, 1.986e-8
96.0000, 232.0000, 1.945e-8
98.0000, 232.0000, 1.945e-8
100.0000, 232.0000, 2.074e-8
102.0000, 232.0000, 2.090e-8
104.0000, 232.0000, 2.051e-8
106.0000, 232.0000, 2.101e-8
108.0000, 232.0000, 2.196e-8
110.0000, 232.0000, 2.157e-8
112.0000, 232.0000, 2.090e-8
114.0000, 232.0000, 2.106e-8
116.0000, 232.0000, 2.136e-8
118.0000, 232.0000, 2.129e-8
120.0000, 232.0000, 2.132e-8
122.0000, 232.0000, 2.176e-8
124.0000, 232.0000, 2.180e-8
126.0000, 232.0000, 2.151e-8
128.0000, 232.0000, 2.148e-8
130.0000, 232.0000, 2.168e-8
132.0000, 232.0000, 2.172e-8
134.0000, 232.0000, 2.156e-8
136.0000, 232.0000, 2.151e-8
138.0000, 232.0000, 2.179e-8
140.0000, 232.0000, 2.208e-8
142.0000, 232.0000, 2.191e-8
144.0000, 232.0000, 2.179e-8
146.0000, 232.0000, 2.200e-8
148.0000, 232.0000, 2.204e-8
150.0000, 232.0000, 2.182e-8
152.0000, 232.0000, 2.194e-8
154.0000, 232.0000, 2.215e-8
156.0000, 232.0000, 2.201e-8
158.0000, 232.0000, 2.176e-8
160.0000, 232.0000, 2.189e-8
162.0000, 232.0000, 2.208e-8
164.0000, 232.0000, 2.186e-8
166.0000, 232.0000, 2.161e-8
168.0000, 232.0000, 2.171e-8
170.0000, 232.0000, 2.177e-8
172.0000, 232.0000, 2.152e-8
174.0000, 232.0000, 2.150e-8
176.0000, 232.0000, 2.170e-8
178.0000, 232.0000, 2.167e-8
180.0000, 232.0000, 2.143e-8
182.0000, 232.0000, 2.142e-8
184.0000, 232.0000, 2.159e-8
186.0000, 232.0000, 2.162e-8
188.0000, 232.0000, 2.154e-8
190.0000, 232.0000, 2.170e-8
192.0000, 232.0000, 2.190e-8
194.0000, 232.0000, 2.169e-8
196.0000, 232.0000, 2.146e-8
198.0000, 232.0000, 2.187e-8
200.0000, 232.0000, 2.229e-8
202.0000, 232.0000, 2.210e-8
204.0000, 232.0000, 2.188e-8
206.0000, 232.0000, 2.224e-8
208.0000, 232.0000, 2.254e-8
210.0000, 232.0000, 2.220e-8
212.0000, 232.0000, 2.199e-8
214.0000, 232.0000, 2.245e-8
216.0000, 232.0000, 2.278e-8
218.0000, 232.0000, 2.267e-8
220.0000, 232.0000, 2.268e-8
222.0000, 232.0000, 2.276e-8
224.0000, 232.0000, 2.265e-8
226.0000, 232.0000, 2.259e-8
228.0000, 232.0000, 2.291e-8
230.0000, 232.0000, 2.314e-8
232.0000, 232.0000, 2.298e-8
234.0000, 232.0000, 2.313e-8
236.0000, 232.0000, 2.362e-8
238.0000, 232.0000, 2.372e-8
240.0000, 232.0000, 2.369e-8
242.0000, 232.0000, 2.427e-8
244.0000, 232.0000, 2.470e-8
246.0000, 232.0000, 2.458e-8
248.0000, 232.0000, 2.440e-8
0.0000, 234.0000, 3.281e-8
2.0000, 234.0000, 3.285e-8
4.0000, 234.0000, 3.155e-8
6.0000, 234.0000, 3.055e-8
8.0000, 234.0000, 2.782e-8
10.0000, 234.0000, 2.538e-8
12.0000, 234.0000, 2.542e-8
14.0000, 234.0000, 2.605e-8
16.0000, 234.0000, 2.400e-8
18.0000, 234.0000, 2.213e-8
20.0000, 234.0000, 2.287e-8
22.0000, 234.0000, 2.326e-8
24.0000, 234.0000, 2.117e-8
26.0000, 234.0000, 1.997e-8
28.0000, 234.0000, 2.105e-8
30.0000, 234.0000, 2.096e-8
32.0000, 234.0000, 1.905e-8
34.0000, 234.0000, 1.860e-8
36.0000, 234.0000, 1.961e-8
38.0000, 234.0000, 1.906e-8
40.0000, 234.0000, 1.780e-8
42.0000, 234.0000, 1.760e-8
44.0000, 234.0000, 1.808e-8
46.0000, 234.0000, 1.811e-8
48.0000, 234.0000, 1.782e-8
50.0000, 234.0000, 1.801e-8
52.0000, 234.0000, 1.858e-8
54.0000, 234.0000, 1.826e-8
56.0000, 234.0000, 1.801e-8
58.0000, 234.0000, 1.868e-8
60.0000, 234.0000, 1.883e-8
62.0000, 234.0000, 1.801e-8
64.0000, 234.0000, 1.796e-8
66.0000, 234.0000, 1.891e-8
68.0000, 234.0000, 1.907e-8
70.0000, 234.0000, 1.858e-8
72.0000, 234.0000, 1.894e-8
74.0000, 234.0000, 1.926e-8
76.0000, 234.0000, 1.885e-8
78.0000, 234.0000, 1.837e-8
80.0000, 234.0000, 1.869e-8
82.0000, 234.0000, 1.886e-8
84.0000, 234.0000, 1.861e-8
86.0000, 234.0000, 1.874e-8
88.0000, 234.0000, 1.956e-8
90.0000, 234.0000, 1.984e-8
92.0000, 234.0000, 1.921e-8
94.0000, 234.0000, 1.919e-8
96.0000, 234.0000, 2.001e-8
98.0000, 234.0000, 2.001e-8
100.0000, 234.0000, 1.961e-8
102.0000, 234.0000, 2.023e-8
104.0000, 234.0000, 2.087e-8
106.0000, 234.0000, 2.080e-8
108.0000, 234.0000, 2.066e-8
110.0000, 234.0000, 2.124e-8
112.0000, 234.0000, 2.143e-8
114.0000, 234.0000, 2.131e-8
116.0000, 234.0000, 2.144e-8
118.0000, 234.0000, 2.181e-8
120.0000, 234.0000, 2.181e-8
122.0000, 234.0000, 2.157e-8
124.0000, 234.0000, 2.172e-8
126.0000, 234.0000, 2.193e-8
128.0000, 234.0000, 2.174e-8
130.0000, 234.0000, 2.162e-8
132.0000, 234.0000, 2.184e-8
134.0000, 234.0000, 2.198e-8
136.0000, 234.0000, 2.190e-8
138.0000, 234.0000, 2.174e-8
140.0000, 234.0000, 2.177e-8
142.0000, 234.0000, 2.201e-8
144.0000, 234.0000, 2.216e-8
146.0000, 234.0000, 2.214e-8
148.0000, 234.0000, 2.222e-8
150.0000, 234.0000, 2.241e-8
152.0000, 234.0000, 2.229e-8
154.0000, 234.0000, 2.210e-8
156.0000, 234.0000, 2.215e-8
158.0000, 234.0000, 2.223e-8
160.0000, 234.0000, 2.212e-8
162.0000, 234.0000, 2.194e-8
164.0000, 234.0000, 2.186e-8
166.0000, 234.0000, 2.175e-8
168.0000, 234.0000, 2.161e-8
170.0000, 234.0000, 2.165e-8
172.0000, 234.0000, 2.171e-8
174.0000, 234.0000, 2.163e-8
176.0000, 234.0000, 2.159e-8
178.0000, 234.0000, 2.172e-8
180.0000, 234.0000, 2.179e-8
182.0000, 234.0000, 2.166e-8
184.0000, 234.0000, 2.163e-8
186.0000, 234.0000, 2.182e-8
188.0000, 234.0000, 2.190e-8
190.0000, 234.0000, 2.175e-8
192.0000, 234.0000, 2.172e-8
194.0000, 234.0000, 2.193e-8
196.0000, 234.0000, 2.194e-8
198.0000, 234.0000, 2.176e-8
200.0000, 234.0000, 2.207e-8
202.0000, 234.0000, 2.242e-8
204.0000, 234.0000, 2.235e-8
206.0000, 234.0000, 2.227e-8
208.0000, 234.0000, 2.253e-8
210.0000, 234.0000, 2.266e-8
212.0000, 234.0000, 2.239e-8
214.0000, 234.0000, 2.236e-8
216.0000, 234.0000, 2.281e-8
218.0000, 234.0000, 2.295e-8
220.0000, 234.0000, 2.278e-8
222.0000, 234.0000, 2.288e-8
224.0000, 234.0000, 2.301e-8
226.0000, 234.0000, 2.291e-8
228.0000, 234.0000, 2.288e-8
230.0000, 234.0000, 2.318e-8
232.0000, 234.0000, 2.333e-8
234.0000, 234.0000, 2.330e-8
236.0000, 234.0000, 2.360e-8
238.0000, 234.0000, 2.401e-8
240.0000, 234.0000, 2.401e-8
242.0000, 234.0000, 2.390e-8
244.0000, 234.0000, 2.423e-8
246.0000, 234.0000, 2.468e-8
248.0000, 234.0000, 2.472e-8
0.0000, 236.0000, 3.493e-8
2.0000, 236.0000, 3.210e-8
4.0000, 236.0000, 2.973e-8
6.0000, 236.0000, 2.631e-8
8.0000, 236.0000, 2.388e-8
10.0000, 236.0000, 2.464e-8
12.0000, 236.0000, 2.456e-8
14.0000, 236.0000, 2.300e-8
16.0000, 236.0000, 2.250e-8
18.0000, 236.0000, 2.406e-8
20.0000, 236.0000, 2.363e-8
22.0000, 236.0000, 2.181e-8
24.0000, 236.0000, 2.193e-8
26.0000, 236.0000, 2.234e-8
28.0000, 236.0000, 2.135e-8
30.0000, 236.0000, 2.036e-8
32.0000, 236.0000, 2.124e-8
34.0000, 236.0000, 2.061e-8
36.0000, 236.0000, 1.933e-8
38.0000, 236.0000, 1.890e-8
40.0000, 236.0000, 1.937e-8
42.0000, 236.0000, 1.870e-8
44.0000, 236.0000, 1.793e-8
46.0000, 236.0000, 1.812e-8
48.0000, 236.0000, 1.868e-8
50.0000, 236.0000, 1.861e-8
52.0000, 236.0000, 1.811e-8
54.0000, 236.0000, 1.838e-8
56.0000, 236.0000, 1.917e-8
58.0000, 236.0000, 1.915e-8
60.0000, 236.0000, 1.854e-8
62.0000, 236.0000, 1.911e-8
64.0000, 236.0000, 1.943e-8
66.0000, 236.0000, 1.911e-8
68.0000, 236.0000, 1.894e-8
70.0000, 236.0000, 1.946e-8
72.0000, 236.0000, 1.949e-8
74.0000, 236.0000, 1.922e-8
76.0000, 236.0000, 1.905e-8
78.0000, 236.0000, 1.911e-8
80.0000, 236.0000, 1.923e-8
82.0000, 236.0000, 1.912e-8
84.0000, 236.0000, 1.905e-8
86.0000, 236.0000, 1.947e-8
88.0000, 236.0000, 1.987e-8
90.0000, 236.0000, 1.974e-8
92.0000, 236.0000, 1.962e-8
94.0000, 236.0000, 1.984e-8
96.0000, 236.0000, 2.000e-8
98.0000, 236.0000, 1.992e-8
100.0000, 236.0000, 2.002e-8
102.0000, 236.0000, 2.024e-8
104.0000, 236.0000, 2.075e-8
106.0000, 236.0000, 2.128e-8
108.0000, 236.0000, 2.140e-8
110.0000, 236.0000, 2.128e-8
112.0000, 236.0000, 2.143e-8
114.0000, 236.0000, 2.149e-8
116.0000, 236.0000, 2.149e-8
118.0000, 236.0000, 2.178e-8
120.0000, 236.0000, 2.212e-8
122.0000, 236.0000, 2.203e-8
124.0000, 236.0000, 2.198e-8
126.0000, 236.0000, 2.210e-8
128.0000, 236.0000, 2.214e-8
130.0000, 236.0000, 2.193e-8
132.0000, 236.0000, 2.167e-8
134.0000, 236.0000, 2.164e-8
136.0000, 236.0000, 2.187e-8
138.0000, 236.0000, 2.191e-8
140.0000, 236.0000, 2.175e-8
142.0000, 236.0000, 2.231e-8
144.0000, 236.0000, 2.330e-8
146.0000, 236.0000, 2.334e-8
148.0000, 236.0000, 2.283e-8
150.0000, 236.0000, 2.303e-8
152.0000, 236.0000, 2.326e-8
154.0000, 236.0000, 2.282e-8
156.0000, 236.0000, 2.244e-8
158.0000, 236.0000, 2.278e-8
160.0000, 236.0000, 2.288e-8
162.0000, 236.0000, 2.232e-8
164.0000, 236.0000, 2.205e-8
166.0000, 236.0000, 2.248e-8
168.0000, 236.0000, 2.257e-8
170.0000, 236.0000, 2.207e-8
172.0000, 236.0000, 2.191e-8
174.0000, 236.0000, 2.235e-8
176.0000, 236.0000, 2.237e-8
178.0000, 236.0000, 2.201e-8
180.0000, 236.0000, 2.209e-8
182.0000, 236.0000, 2.221e-8
184.0000, 236.0000, 2.199e-8
186.0000, 236.0000, 2.197e-8
188.0000, 236.0000, 2.230e-8
190.0000, 236.0000, 2.231e-8
192.0000, 236.0000, 2.209e-8
194.0000, 236.0000, 2.216e-8
196.0000, 236.0000, 2.223e-8
198.0000, 236.0000, 2.212e-8
200.0000, 236.0000, 2.231e-8
202.0000, 236.0000, 2.262e-8
204.0000, 236.0000, 2.258e-8
206.0000, 236.0000, 2.246e-8
208.0000, 236.0000, 2.265e-8
210.0000, 236.0000, 2.277e-8
212.0000, 236.0000, 2.251e-8
214.0000, 236.0000, 2.251e-8
216.0000, 236.0000, 2.304e-8
218.0000, 236.0000, 2.326e-8
220.0000, 236.0000, 2.303e-8
222.0000, 236.0000, 2.297e-8
224.0000, 236.0000, 2.315e-8
226.0000, 236.0000, 2.318e-8
228.0000, 236.0000, 2.312e-8
230.0000, 236.0000, 2.335e-8
232.0000, 236.0000, 2.351e-8
234.0000, 236.0000, 2.375e-8
236.0000, 236.0000, 2.427e-8
238.0000, 236.0000, 2.451e-8
240.0000, 236.0000, 2.430e-8
242.0000, 236.0000, 2.441e-8
244.0000, 236.0000, 2.483e-8
246.0000, 236.0000, 2.492e-8
248.0000, 236.0000, 2.474e-8
0.0000, 238.0000, 3.287e-8
2.0000, 238.0000, 3.026e-8
4.0000, 238.0000, 2.808e-8
6.0000, 238.0000, 2.515e-8
8.0000, 238.0000, 2.315e-8
10.0000, 238.0000, 2.331e-8
12.0000, 238.0000, 2.308e-8
14.0000, 238.0000, 2.141e-8
16.0000, 238.0000, 2.050e-8
18.0000, 238.0000, 2.104e-8
20.0000, 238.0000, 2.057e-8
22.0000, 238.0000, 1.939e-8
24.0000, 238.0000, 1.958e-8
26.0000, 238.0000, 1.997e-8
28.0000, 238.0000, 1.943e-8
30.0000, 238.0000, 1.880e-8
32.0000, 238.0000, 1.914e-8
34.0000, 238.0000, 1.908e-8
36.0000, 238.0000, 1.842e-8
38.0000, 238.0000, 1.800e-8
40.0000, 238.0000, 1.835e-8
42.0000, 238.0000, 1.839e-8
44.0000, 238.0000, 1.811e-8
46.0000, 238.0000, 1.804e-8
48.0000, 238.0000, 1.827e-8
50.0000, 238.0000, 1.841e-8
52.0000, 238.0000, 1.814e-8
54.0000, 238.0000, 1.832e-8
56.0000, 238.0000, 1.895e-8
58.0000, 238.0000, 1.900e-8
60.0000, 238.0000, 1.863e-8
62.0000, 238.0000, 1.882e-8
64.0000, 238.0000, 1.912e-8
66.0000, 238.0000, 1.906e-8
68.0000, 238.0000, 1.884e-8
70.0000, 238.0000, 1.911e-8
72.0000, 238.0000, 1.957e-8
74.0000, 238.0000, 1.936e-8
76.0000, 238.0000, 1.899e-8
78.0000, 238.0000, 1.902e-8
80.0000, 238.0000, 1.937e-8
82.0000, 238.0000, 1.937e-8
84.0000, 238.0000, 1.920e-8
86.0000, 238.0000, 1.947e-8
88.0000, 238.0000, 1.994e-8
90.0000, 238.0000, 1.970e-8
92.0000, 238.0000, 1.935e-8
94.0000, 238.0000, 1.974e-8
96.0000, 238.0000, 2.018e-8
98.0000, 238.0000, 1.997e-8
100.0000, 238.0000, 1.976e-8
102.0000, 238.0000, 2.074e-8
104.0000, 238.0000, 2.166e-8
106.0000, 238.0000, 2.159e-8
108.0000, 238.0000, 2.139e-8
110.0000, 238.0000, 2.222e-8
112.0000, 238.0000, 2.262e-8
114.0000, 238.0000, 2.212e-8
116.0000, 238.0000, 2.197e-8
118.0000, 238.0000, 2.280e-8
120.0000, 238.0000, 2.278e-8
122.0000, 238.0000, 2.224e-8
124.0000, 238.0000, 2.226e-8
126.0000, 238.0000, 2.256e-8
128.0000, 238.0000, 2.237e-8
130.0000, 238.0000, 2.185e-8
132.0000, 238.0000, 2.203e-8
134.0000, 238.0000, 2.251e-8
136.0000, 238.0000, 2.230e-8
138.0000, 238.0000, 2.187e-8
140.0000, 238.0000, 2.211e-8
142.0000, 238.0000, 2.264e-8
144.0000, 238.0000, 2.274e-8
146.0000, 238.0000, 2.277e-8
148.0000, 238.0000, 2.319e-8
150.0000, 238.0000, 2.330e-8
152.0000, 238.0000, 2.294e-8
154.0000, 238.0000, 2.275e-8
156.0000, 238.0000, 2.291e-8
158.0000, 238.0000, 2.294e-8
160.0000, 238.0000, 2.269e-8
162.0000, 238.0000, 2.245e-8
164.0000, 238.0000, 2.234e-8
166.0000, 238.0000, 2.236e-8
168.0000, 238.0000, 2.233e-8
170.0000, 238.0000, 2.215e-8
172.0000, 238.0000, 2.211e-8
174.0000, 238.0000, 2.217e-8
176.0000, 238.0000, 2.217e-8
178.0000, 238.0000, 2.206e-8
180.0000, 238.0000, 2.204e-8
182.0000, 238.0000, 2.207e-8
184.0000, 238.0000, 2.221e-8
186.0000, 238.0000, 2.235e-8
188.0000, 238.0000, 2.230e-8
190.0000, 238.0000, 2.221e-8
192.0000, 238.0000, 2.226e-8
194.0000, 238.0000, 2.237e-8
196.0000, 238.0000, 2.231e-8
198.0000, 238.0000, 2.219e-8
200.0000, 238.0000, 2.244e-8
202.0000, 238.0000, 2.274e-8
204.0000, 238.0000, 2.263e-8
206.0000, 238.0000, 2.248e-8
208.0000, 238.0000, 2.285e-8
210.0000, 238.0000, 2.314e-8
212.0000, 238.0000, 2.286e-8
214.0000, 238.0000, 2.275e-8
216.0000, 238.0000, 2.324e-8
218.0000, 238.0000, 2.343e-8
220.0000, 238.0000, 2.321e-8
222.0000, 238.0000, 2.329e-8
224.0000, 238.0000, 2.352e-8
226.0000, 238.0000, 2.345e-8
228.0000, 238.0000, 2.332e-8
230.0000, 238.0000, 2.354e-8
232.0000, 238.0000, 2.382e-8
234.0000, 238.0000, 2.383e-8
236.0000, 238.0000, 2.411e-8
238.0000, 238.0000, 2.455e-8
240.0000, 238.0000, 2.450e-8
242.0000, 238.0000, 2.442e-8
244.0000, 238.0000, 2.478e-8
246.0000, 238.0000, 2.511e-8
248.0000, 238.0000, 2.507e-8
0.0000, 240.0000, 3.352e-8
2.0000, 240.0000, 3.386e-8
4.0000, 240.0000, 3.259e-8
6.0000, 240.0000, 3.132e-8
8.0000, 240.0000, 2.880e-8
10.0000, 240.0000, 2.596e-8
12.0000, 240.0000, 2.653e-8
14.0000, 240.0000, 2.708e-8
16.0000, 240.0000, 2.511e-8
18.0000, 240.0000, 2.286e-8
20.0000, 240.0000, 2.380e-8
22.0000, 240.0000, 2.344e-8
24.0000, 240.0000, 2.136e-8
26.0000, 240.0000, 2.070e-8
28.0000, 240.0000, 2.187e-8
30.0000, 240.0000, 2.135e-8
32.0000, 240.0000, 1.966e-8
34.0000, 240.0000, 1.931e-8
36.0000, 240.0000, 1.983e-8
38.0000, 240.0000, 1.922e-8
40.0000, 240.0000, 1.835e-8
42.0000, 240.0000, 1.863e-8
44.0000, 240.0000, 1.904e-8
46.0000, 240.0000, 1.866e-8
48.0000, 240.0000, 1.828e-8
50.0000, 240.0000, 1.903e-8
52.0000, 240.0000, 1.923e-8
54.0000, 240.0000, 1.870e-8
56.0000, 240.0000, 1.876e-8
58.0000, 240.0000, 1.951e-8
60.0000, 240.0000, 1.951e-8
62.0000, 240.0000, 1.889e-8
64.0000, 240.0000, 1.914e-8
66.0000, 240.0000, 1.972e-8
68.0000, 240.0000, 1.951e-8
70.0000, 240.0000, 1.916e-8
72.0000, 240.0000, 1.974e-8
74.0000, 240.0000, 2.004e-8
76.0000, 240.0000, 1.952e-8
78.0000, 240.0000, 1.887e-8
80.0000, 240.0000, 1.909e-8
82.0000, 240.0000, 1.972e-8
84.0000, 240.0000, 1.966e-8
86.0000, 240.0000, 1.942e-8
88.0000, 240.0000, 1.966e-8
90.0000, 240.0000, 1.992e-8
92.0000, 240.0000, 1.967e-8
94.0000, 240.0000, 1.958e-8
96.0000, 240.0000, 1.999e-8
98.0000, 240.0000, 2.031e-8
100.0000, 240.0000, 2.031e-8
102.0000, 240.0000, 2.051e-8
104.0000, 240.0000, 2.100e-8
106.0000, 240.0000, 2.140e-8
108.0000, 240.0000, 2.152e-8
110.0000, 240.0000, 2.143e-8
112.0000, 240.0000, 2.152e-8
114.0000, 240.0000, 2.173e-8
116.0000, 240.0000, 2.185e-8
118.0000, 240.0000, 2.196e-8
120.0000, 240.0000, 2.214e-8
122.0000, 240.0000, 2.223e-8
124.0000, 240.0000, 2.218e-8
126.0000, 240.0000, 2.215e-8
128.0000, 240.0000, 2.216e-8
130.0000, 240.0000, 2.202e-8
132.0000, 240.0000, 2.194e-8
134.0000, 240.0000, 2.211e-8
136.0000, 240.0000, 2.222e-8
138.0000, 240.0000, 2.217e-8
140.0000, 240.0000, 2.242e-8
142.0000, 240.0000, 2.286e-8
144.0000, 240.0000, 2.289e-8
146.0000, 240.0000, 2.271e-8
148.0000, 240.0000, 2.284e-8
150.0000, 240.0000, 2.311e-8
152.0000, 240.0000, 2.300e-8
154.0000, 240.0000, 2.280e-8
156.0000, 240.0000, 2.277e-8
158.0000, 240.0000, 2.277e-8
160.0000, 240.0000, 2.268e-8
162.0000, 240.0000, 2.250e-8
164.0000, 240.0000, 2.236e-8
166.0000, 240.0000, 2.244e-8
168.0000, 240.0000, 2.237e-8
170.0000, 240.0000, 2.212e-8
172.0000, 240.0000, 2.206e-8
174.0000, 240.0000, 2.213e-8
176.0000, 240.0000, 2.211e-8
178.0000, 240.0000, 2.202e-8
180.0000, 240.0000, 2.219e-8
182.0000, 240.0000, 2.232e-8
184.0000, 240.0000, 2.225e-8
186.0000, 240.0000, 2.222e-8
188.0000, 240.0000, 2.240e-8
190.0000, 240.0000, 2.238e-8
192.0000, 240.0000, 2.221e-8
194.0000, 240.0000, 2.225e-8
196.0000, 240.0000, 2.244e-8
198.0000, 240.0000, 2.247e-8
200.0000, 240.0000, 2.253e-8
202.0000, 240.0000, 2.265e-8
204.0000, 240.0000, 2.267e-8
206.0000, 240.0000, 2.269e-8
208.0000, 240.0000, 2.285e-8
210.0000, 240.0000, 2.300e-8
212.0000, 240.0000, 2.291e-8
214.0000, 240.0000, 2.279e-8
216.0000, 240.0000, 2.295e-8
218.0000, 240.0000, 2.319e-8
220.0000, 240.0000, 2.330e-8
222.0000, 240.0000, 2.327e-8
224.0000, 240.0000, 2.323e-8
226.0000, 240.0000, 2.334e-8
228.0000, 240.0000, 2.350e-8
230.0000, 240.0000, 2.359e-8
232.0000, 240.0000, 2.364e-8
234.0000, 240.0000, 2.388e-8
236.0000, 240.0000, 2.428e-8
238.0000, 240.0000, 2.444e-8
240.0000, 240.0000, 2.437e-8
242.0000, 240.0000, 2.450e-8
244.0000, 240.0000, 2.481e-8
246.0000, 240.0000, 2.498e-8
248.0000, 240.0000, 2.499e-8
0.0000, 242.0000, 3.019e-8
2.0000, 242.0000, 2.733e-8
4.0000, 242.0000, 2.602e-8
6.0000, 242.0000, 2.418e-8
8.0000, 242.0000, 2.277e-8
10.0000, 242.0000, 2.205e-8
12.0000, 242.0000, 2.204e-8
14.0000, 242.0000, 2.123e-8
16.0000, 242.0000, 2.039e-8
18.0000, 242.0000, 2.006e-8
20.0000, 242.0000, 2.017e-8
22.0000, 242.0000, 1.960e-8
24.0000, 242.0000, 1.904e-8
26.0000, 242.0000, 1.911e-8
28.0000, 242.0000, 1.948e-8
30.0000, 242.0000, 1.925e-8
32.0000, 242.0000, 1.884e-8
34.0000, 242.0000, 1.866e-8
36.0000, 242.0000, 1.844e-8
38.0000, 242.0000, 1.810e-8
40.0000, 242.0000, 1.810e-8
42.0000, 242.0000, 1.848e-8
44.0000, 242.0000, 1.838e-8
46.0000, 242.0000, 1.823e-8
48.0000, 242.0000, 1.840e-8
50.0000, 242.0000, 1.859e-8
52.0000, 242.0000, 1.861e-8
54.0000, 242.0000, 1.859e-8
56.0000, 242.0000, 1.874e-8
58.0000, 242.0000, 1.906e-8
60.0000, 242.0000, 1.918e-8
62.0000, 242.0000, 1.896e-8
64.0000, 242.0000, 1.896e-8
66.0000, 242.0000, 1.912e-8
68.0000, 242.0000, 1.906e-8
70.0000, 242.0000, 1.903e-8
72.0000, 242.0000, 1.928e-8
74.0000, 242.0000, 1.939e-8
76.0000, 242.0000, 1.905e-8
78.0000, 242.0000, 1.869e-8
80.0000, 242.0000, 1.904e-8
82.0000, 242.0000, 1.970e-8
84.0000, 242.0000, 1.965e-8
86.0000, 242.0000, 1.929e-8
88.0000, 242.0000, 1.944e-8
90.0000, 242.0000, 2.005e-8
92.0000, 242.0000, 1.998e-8
94.0000, 242.0000, 1.967e-8
96.0000, 242.0000, 2.003e-8
98.0000, 242.0000, 2.070e-8
100.0000, 242.0000, 2.067e-8
102.0000, 242.0000, 2.041e-8
104.0000, 242.0000, 2.121e-8
106.0000, 242.0000, 2.239e-8
108.0000, 242.0000, 2.224e-8
110.0000, 242.0000, 2.140e-8
112.0000, 242.0000, 2.183e-8
114.0000, 242.0000, 2.271e-8
116.0000, 242.0000, 2.251e-8
118.0000, 242.0000, 2.198e-8
120.0000, 242.0000, 2.254e-8
122.0000, 242.0000, 2.287e-8
124.0000, 242.0000, 2.236e-8
126.0000, 242.0000, 2.199e-8
128.0000, 242.0000, 2.228e-8
130.0000, 242.0000, 2.235e-8
132.0000, 242.0000, 2.198e-8
134.0000, 242.0000, 2.187e-8
136.0000, 242.0000, 2.215e-8
138.0000, 242.0000, 2.231e-8
140.0000, 242.0000, 2.224e-8
142.0000, 242.0000, 2.243e-8
144.0000, 242.0000, 2.279e-8
146.0000, 242.0000, 2.289e-8
148.0000, 242.0000, 2.278e-8
150.0000, 242.0000, 2.277e-8
152.0000, 242.0000, 2.273e-8
154.0000, 242.0000, 2.264e-8
156.0000, 242.0000, 2.275e-8
158.0000, 242.0000, 2.288e-8
160.0000, 242.0000, 2.260e-8
162.0000, 242.0000, 2.230e-8
164.0000, 242.0000, 2.246e-8
166.0000, 242.0000, 2.257e-8
168.0000, 242.0000, 2.230e-8
170.0000, 242.0000, 2.229e-8
172.0000, 242.0000, 2.241e-8
174.0000, 242.0000, 2.230e-8
176.0000, 242.0000, 2.215e-8
178.0000, 242.0000, 2.217e-8
180.0000, 242.0000, 2.231e-8
182.0000, 242.0000, 2.232e-8
184.0000, 242.0000, 2.217e-8
186.0000, 242.0000, 2.216e-8
188.0000, 242.0000, 2.233e-8
190.0000, 242.0000, 2.241e-8
192.0000, 242.0000, 2.220e-8
194.0000, 242.0000, 2.208e-8
196.0000, 242.0000, 2.235e-8
198.0000, 242.0000, 2.264e-8
200.0000, 242.0000, 2.258e-8
202.0000, 242.0000, 2.236e-8
204.0000, 242.0000, 2.244e-8
206.0000, 242.0000, 2.270e-8
208.0000, 242.0000, 2.270e-8
210.0000, 242.0000, 2.284e-8
212.0000, 242.0000, 2.314e-8
214.0000, 242.0000, 2.301e-8
216.0000, 242.0000, 2.277e-8
218.0000, 242.0000, 2.307e-8
220.0000, 242.0000, 2.347e-8
222.0000, 242.0000, 2.337e-8
224.0000, 242.0000, 2.324e-8
226.0000, 242.0000, 2.347e-8
228.0000, 242.0000, 2.361e-8
230.0000, 242.0000, 2.350e-8
232.0000, 242.0000, 2.370e-8
234.0000, 242.0000, 2.408e-8
236.0000, 242.0000, 2.420e-8
238.0000, 242.0000, 2.424e-8
240.0000, 242.0000, 2.444e-8
242.0000, 242.0000, 2.463e-8
244.0000, 242.0000, 2.470e-8
246.0000, 242.0000, 2.478e-8
248.0000, 242.0000, 2.499e-8
0.0000, 244.0000, 3.432e-8
2.0000, 244.0000, 3.463e-8
4.0000, 244.0000, 3.296e-8
6.0000, 244.0000, 3.184e-8
8.0000, 244.0000, 2.917e-8
10.0000, 244.0000, 2.672e-8
12.0000, 244.0000, 2.633e-8
14.0000, 244.0000, 2.669e-8
16.0000, 244.0000, 2.479e-8
18.0000, 244.0000, 2.308e-8
20.0000, 244.0000, 2.348e-8
22.0000, 244.0000, 2.377e-8
24.0000, 244.0000, 2.189e-8
26.0000, 244.0000, 2.067e-8
28.0000, 244.0000, 2.155e-8
30.0000, 244.0000, 2.139e-8
32.0000, 244.0000, 1.979e-8
34.0000, 244.0000, 1.960e-8
36.0000, 244.0000, 2.011e-8
38.0000, 244.0000, 1.939e-8
40.0000, 244.0000, 1.845e-8
42.0000, 244.0000, 1.869e-8
44.0000, 244.0000, 1.889e-8
46.0000, 244.0000, 1.844e-8
48.0000, 244.0000, 1.813e-8
50.0000, 244.0000, 1.874e-8
52.0000, 244.0000, 1.902e-8
54.0000, 244.0000, 1.871e-8
56.0000, 244.0000, 1.886e-8
58.0000, 244.0000, 1.944e-8
60.0000, 244.0000, 1.922e-8
62.0000, 244.0000, 1.868e-8
64.0000, 244.0000, 1.901e-8
66.0000, 244.0000, 1.947e-8
68.0000, 244.0000, 1.930e-8
70.0000, 244.0000, 1.901e-8
72.0000, 244.0000, 1.951e-8
74.0000, 244.0000, 1.978e-8
76.0000, 244.0000, 1.937e-8
78.0000, 244.0000, 1.893e-8
80.0000, 244.0000, 1.931e-8
82.0000, 244.0000, 1.976e-8
84.0000, 244.0000, 1.945e-8
86.0000, 244.0000, 1.919e-8
88.0000, 244.0000, 1.964e-8
90.0000, 244.0000, 1.993e-8
92.0000, 244.0000, 1.968e-8
94.0000, 244.0000, 1.987e-8
96.0000, 244.0000, 2.053e-8
98.0000, 244.0000, 2.058e-8
100.0000, 244.0000, 2.021e-8
102.0000, 244.0000, 2.082e-8
104.0000, 244.0000, 2.191e-8
106.0000, 244.0000, 2.202e-8
108.0000, 244.0000, 2.150e-8
110.0000, 244.0000, 2.164e-8
112.0000, 244.0000, 2.209e-8
114.0000, 244.0000, 2.189e-8
116.0000, 244.0000, 2.172e-8
118.0000, 244.0000, 2.224e-8
120.0000, 244.0000, 2.263e-8
122.0000, 244.0000, 2.229e-8
124.0000, 244.0000, 2.200e-8
126.0000, 244.0000, 2.232e-8
128.0000, 244.0000, 2.257e-8
130.0000, 244.0000, 2.221e-8
132.0000, 244.0000, 2.211e-8
134.0000, 244.0000, 2.242e-8
136.0000, 244.0000, 2.239e-8
138.0000, 244.0000, 2.205e-8
140.0000, 244.0000, 2.227e-8
142.0000, 244.0000, 2.286e-8
144.0000, 244.0000, 2.299e-8
146.0000, 244.0000, 2.287e-8
148.0000, 244.0000, 2.291e-8
150.0000, 244.0000, 2.297e-8
152.0000, 244.0000, 2.275e-8
154.0000, 244.0000, 2.255e-8
156.0000, 244.0000, 2.255e-8
158.0000, 244.0000, 2.262e-8
160.0000, 244.0000, 2.256e-8
162.0000, 244.0000, 2.240e-8
164.0000, 244.0000, 2.244e-8
166.0000, 244.0000, 2.264e-8
168.0000, 244.0000, 2.255e-8
170.0000, 244.0000, 2.210e-8
172.0000, 244.0000, 2.207e-8
174.0000, 244.0000, 2.226e-8
176.0000, 244.0000, 2.219e-8
178.0000, 244.0000, 2.208e-8
180.0000, 244.0000, 2.221e-8
182.0000, 244.0000, 2.228e-8
184.0000, 244.0000, 2.222e-8
186.0000, 244.0000, 2.224e-8
188.0000, 244.0000, 2.238e-8
190.0000, 244.0000, 2.237e-8
192.0000, 244.0000, 2.225e-8
194.0000, 244.0000, 2.217e-8
196.0000, 244.0000, 2.223e-8
198.0000, 244.0000, 2.235e-8
200.0000, 244.0000, 2.246e-8
202.0000, 244.0000, 2.257e-8
204.0000, 244.0000, 2.266e-8
206.0000, 244.0000, 2.269e-8
208.0000, 244.0000, 2.276e-8
210.0000, 244.0000, 2.289e-8
212.0000, 244.0000, 2.277e-8
214.0000, 244.0000, 2.278e-8
216.0000, 244.0000, 2.311e-8
218.0000, 244.0000, 2.327e-8
220.0000, 244.0000, 2.317e-8
222.0000, 244.0000, 2.318e-8
224.0000, 244.0000, 2.325e-8
226.0000, 244.0000, 2.321e-8
228.0000, 244.0000, 2.328e-8
230.0000, 244.0000, 2.371e-8
232.0000, 244.0000, 2.398e-8
234.0000, 244.0000, 2.400e-8
236.0000, 244.0000, 2.412e-8
238.0000, 244.0000, 2.442e-8
240.0000, 244.0000, 2.457e-8
242.0000, 244.0000, 2.455e-8
244.0000, 244.0000, 2.471e-8
246.0000, 244.0000, 2.497e-8
248.0000, 244.0000, 2.504e-8
0.0000, 246.0000, 3.120e-8
2.0000, 246.0000, 3.211e-8
4.0000, 246.0000, 3.076e-8
6.0000, 246.0000, 2.964e-8
8.0000, 246.0000, 2.746e-8
10.0000, 246.0000, 2.519e-8
12.0000, 246.0000, 2.535e-8
14.0000, 246.0000, 2.588e-8
16.0000, 246.0000, 2.431e-8
18.0000, 246.0000, 2.261e-8
20.0000, 246.0000, 2.308e-8
22.0000, 246.0000, 2.289e-8
24.0000, 246.0000, 2.131e-8
26.0000, 246.0000, 2.066e-8
28.0000, 246.0000, 2.154e-8
30.0000, 246.0000, 2.094e-8
32.0000, 246.0000, 1.949e-8
34.0000, 246.0000, 1.911e-8
36.0000, 246.0000, 1.951e-8
38.0000, 246.0000, 1.904e-8
40.0000, 246.0000, 1.835e-8
42.0000, 246.0000, 1.883e-8
44.0000, 246.0000, 1.920e-8
46.0000, 246.0000, 1.878e-8
48.0000, 246.0000, 1.850e-8
50.0000, 246.0000, 1.917e-8
52.0000, 246.0000, 1.910e-8
54.0000, 246.0000, 1.851e-8
56.0000, 246.0000, 1.863e-8
58.0000, 246.0000, 1.957e-8
60.0000, 246.0000, 1.959e-8
62.0000, 246.0000, 1.883e-8
64.0000, 246.0000, 1.907e-8
66.0000, 246.0000, 2.011e-8
68.0000, 246.0000, 2.007e-8
70.0000, 246.0000, 1.927e-8
72.0000, 246.0000, 1.970e-8
74.0000, 246.0000, 2.044e-8
76.0000, 246.0000, 2.011e-8
78.0000, 246.0000, 1.938e-8
80.0000, 246.0000, 1.961e-8
82.0000, 246.0000, 2.005e-8
84.0000, 246.0000, 1.969e-8
86.0000, 246.0000, 1.916e-8
88.0000, 246.0000, 1.926e-8
90.0000, 246.0000, 1.991e-8
92.0000, 246.0000, 2.039e-8
94.0000, 246.0000, 2.030e-8
96.0000, 246.0000, 2.021e-8
98.0000, 246.0000, 2.052e-8
100.0000, 246.0000, 2.068e-8
102.0000, 246.0000, 2.066e-8
104.0000, 246.0000, 2.101e-8
106.0000, 246.0000, 2.161e-8
108.0000, 246.0000, 2.168e-8
110.0000, 246.0000, 2.134e-8
112.0000, 246.0000, 2.153e-8
114.0000, 246.0000, 2.205e-8
116.0000, 246.0000, 2.207e-8
118.0000, 246.0000, 2.194e-8
120.0000, 246.0000, 2.242e-8
122.0000, 246.0000, 2.250e-8
124.0000, 246.0000, 2.216e-8
126.0000, 246.0000, 2.206e-8
128.0000, 246.0000, 2.231e-8
130.0000, 246.0000, 2.222e-8
132.0000, 246.0000, 2.202e-8
134.0000, 246.0000, 2.242e-8
136.0000, 246.0000, 2.291e-8
138.0000, 246.0000, 2.274e-8
140.0000, 246.0000, 2.255e-8
142.0000, 246.0000, 2.315e-8
144.0000, 246.0000, 2.329e-8
146.0000, 246.0000, 2.281e-8
148.0000, 246.0000, 2.259e-8
150.0000, 246.0000, 2.300e-8
152.0000, 246.0000, 2.287e-8
154.0000, 246.0000, 2.250e-8
156.0000, 246.0000, 2.258e-8
158.0000, 246.0000, 2.286e-8
160.0000, 246.0000, 2.273e-8
162.0000, 246.0000, 2.242e-8
164.0000, 246.0000, 2.246e-8
166.0000, 246.0000, 2.258e-8
168.0000, 246.0000, 2.240e-8
170.0000, 246.0000, 2.222e-8
172.0000, 246.0000, 2.216e-8
174.0000, 246.0000, 2.208e-8
176.0000, 246.0000, 2.212e-8
178.0000, 246.0000, 2.228e-8
180.0000, 246.0000, 2.236e-8
182.0000, 246.0000, 2.222e-8
184.0000, 246.0000, 2.218e-8
186.0000, 246.0000, 2.228e-8
188.0000, 246.0000, 2.236e-8
190.0000, 246.0000, 2.228e-8
192.0000, 246.0000, 2.220e-8
194.0000, 246.0000, 2.216e-8
196.0000, 246.0000, 2.218e-8
198.0000, 246.0000, 2.231e-8
200.0000, 246.0000, 2.249e-8
202.0000, 246.0000, 2.260e-8
204.0000, 246.0000, 2.265e-8
206.0000, 246.0000, 2.273e-8
208.0000, 246.0000, 2.287e-8
210.0000, 246.0000, 2.294e-8
212.0000, 246.0000, 2.274e-8
214.0000, 246.0000, 2.272e-8
216.0000, 246.0000, 2.308e-8
218.0000, 246.0000, 2.329e-8
220.0000, 246.0000, 2.319e-8
222.0000, 246.0000, 2.317e-8
224.0000, 246.0000, 2.324e-8
226.0000, 246.0000, 2.331e-8
228.0000, 246.0000, 2.348e-8
230.0000, 246.0000, 2.379e-8
232.0000, 246.0000, 2.396e-8
234.0000, 246.0000, 2.400e-8
236.0000, 246.0000, 2.416e-8
238.0000, 246.0000, 2.442e-8
240.0000, 246.0000, 2.455e-8
242.0000, 246.0000, 2.461e-8
244.0000, 246.0000, 2.478e-8
246.0000, 246.0000, 2.495e-8
248.0000, 246.0000, 2.498e-8
0.0000, 248.0000, 3.699e-8
2.0000, 248.0000, 3.376e-8
4.0000, 248.0000, 3.078e-8
6.0000, 248.0000, 2.772e-8
8.0000, 248.0000, 2.598e-8
10.0000, 248.0000, 2.558e-8
12.0000, 248.0000, 2.529e-8
14.0000, 248.0000, 2.361e-8
16.0000, 248.0000, 2.264e-8
18.0000, 248.0000, 2.374e-8
20.0000, 248.0000, 2.370e-8
22.0000, 248.0000, 2.185e-8
24.0000, 248.0000, 2.164e-8
26.0000, 248.0000, 2.220e-8
28.0000, 248.0000, 2.114e-8
30.0000, 248.0000, 1.970e-8
32.0000, 248.0000, 2.015e-8
34.0000, 248.0000, 2.037e-8
36.0000, 248.0000, 1.970e-8
38.0000, 248.0000, 1.925e-8
40.0000, 248.0000, 1.986e-8
42.0000, 248.0000, 1.972e-8
44.0000, 248.0000, 1.883e-8
46.0000, 248.0000, 1.845e-8
48.0000, 248.0000, 1.914e-8
50.0000, 248.0000, 1.950e-8
52.0000, 248.0000, 1.889e-8
54.0000, 248.0000, 1.894e-8
56.0000, 248.0000, 1.967e-8
58.0000, 248.0000, 1.967e-8
60.0000, 248.0000, 1.912e-8
62.0000, 248.0000, 1.953e-8
64.0000, 248.0000, 1.999e-8
66.0000, 248.0000, 1.980e-8
68.0000, 248.0000, 1.952e-8
70.0000, 248.0000, 2.002e-8
72.0000, 248.0000, 2.018e-8
74.0000, 248.0000, 2.001e-8
76.0000, 248.0000, 1.991e-8
78.0000, 248.0000, 1.993e-8
80.0000, 248.0000, 1.991e-8
82.0000, 248.0000, 1.997e-8
84.0000, 248.0000, 2.012e-8
86.0000, 248.0000, 2.000e-8
88.0000, 248.0000, 1.975e-8
90.0000, 248.0000, 1.996e-8
92.0000, 248.0000, 2.029e-8
94.0000, 248.0000, 2.034e-8
96.0000, 248.0000, 2.022e-8
98.0000, 248.0000, 2.030e-8
100.0000, 248.0000, 2.076e-8
102.0000, 248.0000, 2.106e-8
104.0000, 248.0000, 2.123e-8
106.0000, 248.0000, 2.157e-8
108.0000, 248.0000, 2.204e-8
110.0000, 248.0000, 2.226e-8
112.0000, 248.0000, 2.250e-8
114.0000, 248.0000, 2.253e-8
116.0000, 248.0000, 2.248e-8
118.0000, 248.0000, 2.240e-8
120.0000, 248.0000, 2.233e-8
122.0000, 248.0000, 2.236e-8
124.0000, 248.0000, 2.247e-8
126.0000, 248.0000, 2.240e-8
128.0000, 248.0000, 2.228e-8
130.0000, 248.0000, 2.248e-8
132.0000, 248.0000, 2.257e-8
134.0000, 248.0000, 2.246e-8
136.0000, 248.0000, 2.254e-8
138.0000, 248.0000, 2.265e-8
140.0000, 248.0000, 2.251e-8
142.0000, 248.0000, 2.253e-8
144.0000, 248.0000, 2.270e-8
146.0000, 248.0000, 2.273e-8
148.0000, 248.0000, 2.270e-8
150.0000, 248.0000, 2.283e-8
152.0000, 248.0000, 2.295e-8
154.0000, 248.0000, 2.285e-8
156.0000, 248.0000, 2.280e-8
158.0000, 248.0000, 2.292e-8
160.0000, 248.0000, 2.285e-8
162.0000, 248.0000, 2.266e-8
164.0000, 248.0000, 2.259e-8
166.0000, 248.0000, 2.261e-8
168.0000, 248.0000, 2.248e-8
170.0000, 248.0000, 2.236e-8
172.0000, 248.0000, 2.237e-8
174.0000, 248.0000, 2.232e-8
176.0000, 248.0000, 2.218e-8
178.0000, 248.0000, 2.213e-8
180.0000, 248.0000, 2.230e-8
182.0000, 248.0000, 2.241e-8
184.0000, 248.0000, 2.239e-8
186.0000, 248.0000, 2.239e-8
188.0000, 248.0000, 2.246e-8
190.0000, 248.0000, 2.236e-8
192.0000, 248.0000, 2.226e-8
194.0000, 248.0000, 2.240e-8
196.0000, 248.0000, 2.255e-8
198.0000, 248.0000, 2.247e-8
200.0000, 248.0000, 2.239e-8
202.0000, 248.0000, 2.255e-8
204.0000, 248.0000, 2.284e-8
206.0000, 248.0000, 2.282e-8
208.0000, 248.0000, 2.257e-8
210.0000, 248.0000, 2.275e-8
212.0000, 248.0000, 2.325e-8
214.0000, 248.0000, 2.324e-8
216.0000, 248.0000, 2.304e-8
218.0000, 248.0000, 2.322e-8
220.0000, 248.0000, 2.329e-8
222.0000, 248.0000, 2.314e-8
224.0000, 248.0000, 2.329e-8
226.0000, 248.0000, 2.369e-8
228.0000, 248.0000, 2.389e-8
230.0000, 248.0000, 2.391e-8
232.0000, 248.0000, 2.390e-8
234.0000, 248.0000, 2.388e-8
236.0000, 248.0000, 2.404e-8
238.0000, 248.0000, 2.433e-8
240.0000, 248.0000, 2.446e-8
242.0000, 248.0000, 2.452e-8
244.0000, 248.0000, 2.471e-8
246.0000, 248.0000, 2.485e-8
248.0000, 248.0000, 2.490e-8
